model_type,n_train,n_test,mse_train,rmse_train,r2_train,mse_test,rmse_test,r2_test,y_test_mean,bias,Game of season_weight,Game for player_weight,Age (days)_weight,Home?_weight,Game Started?_weight,Year_weight,Month of Season_weight
Linreg,188,48,24.727555860295475,4.9726809529966305,0.3799550386184004,26.11304244214225,5.110092214641752,0.11104536367175322,8.0,10.189902758004697,7.705672716588361,1.298882120007129,-5.5121064583020924,-1.814972386315918,7.505414254142768,0.10111559126941282,-6.760013093451995
Lasso (lambda=0.05),188,48,25.044093583785042,5.0044074158470595,0.3720178360236204,26.085000019358446,5.107347650136854,0.11199999934098903,8.0,8.827815163201304,0.0,3.5244520838524074,-2.8998957636697003,-1.7394351760960125,6.950858192823547,-0.178248651210792,-0.0
"Random Forest (500 estimators, 5 depth)",188,48,13.611980023937408,3.689441695424581,0.658678776181783,22.474391972506666,4.740716398658189,0.23491431582956035,8.0,,0.08834679984047991,0.13967444522565955,0.29523483376711984,0.029924005098944356,0.4182447545394598,0.00841263439657083,0.020162527131765723
"Random Forest (100 estimators, 5 depth)",188,48,13.813677967986543,3.7166756608542726,0.653621188014345,22.781196876556525,4.772965207976748,0.22446989356403313,8.0,,0.08358121821717314,0.1597638561920915,0.2886645437812884,0.026705300777333924,0.4071551607245196,0.009378548150892863,0.02475137215670061
Ridge (lambda=2.0),188,48,24.927458902148945,4.992740620355613,0.37494245773226764,25.803924491866308,5.079756341781199,0.12156852793646611,8.0,8.80736254945958,1.6500692904808842,3.3841933385964027,-2.252092981330278,-1.8567273390377372,6.834419733729572,-1.447603411838955,-1.1047306464199562
