model_type,n_train,n_test,mse_train,rmse_train,r2_train,mse_test,rmse_test,r2_test,y_test_mean,bias,Game of season_weight,Game for player_weight,Age (days)_weight,Home?_weight,Game Started?_weight,Year_weight,Month of Season_weight
Linreg,359,90,25.920994953593528,5.091266537276705,0.2031468996215797,25.59453018726659,5.059103694061488,0.2368672532361322,7.488888888888889,5.134127754039316,-1.000371916232237,-1.0090792507945003,1.269315099788435,0.6796366045028129,5.234472492984114,0.0973987525509239,1.406974918604975
Lasso (lambda=0.05),359,90,26.02421773971417,5.101393705617531,0.1999736650564254,25.76110438046296,5.075539811730666,0.2319006365151437,7.488888888888889,5.27247576643412,-0.3669762346121346,-0.0,0.9272367346367136,0.46708405597967,4.921032241605655,0.0,-0.0
"Random Forest (500 estimators, 5 depth)",359,90,16.05687178311928,4.007102666905264,0.5063859205379939,26.843769741086312,5.181097349122704,0.1996196223908978,7.488888888888889,,0.1185354321815649,0.1835481974616665,0.2688825641712435,0.0343476984529838,0.3475355159345082,0.0278712349339641,0.0192793568640689
"Random Forest (100 estimators, 5 depth)",359,90,16.004948950420783,4.000618570973842,0.5079821119762588,27.403218612206366,5.234808364420456,0.1829389585706181,7.488888888888889,,0.1246790312407929,0.1823082150950799,0.2589036054754066,0.0364916429144055,0.3570307853810535,0.0257491494375761,0.0148375704556853
Ridge (lambda=2.0),359,90,25.93080962146554,5.092230318972772,0.2028451809361281,25.68576505309108,5.0681125730483805,0.2341469722523493,7.488888888888889,5.172277402025859,-0.7472994618834952,-0.7319860868236685,0.8803876162780103,0.6598190852594035,5.08321587312157,0.5409798831461754,0.6060427445098422
SVM (linear kernel),359,90,26.226848469517673,5.121215526563755,0.19374447032200504,26.268718854167613,5.125301830543018,0.2167654797148033,7.488888888888889,,,,,,,,
"Feedforward NN (3 layers, [[16, 4, 1]] activations)",359,90,26.59527893276514,5.157061075143976,0.18241832495458354,26.08414226876842,5.107263677231519,0.2222688601470042,7.488888888888889,,,,,,,,
