model_type,n_train,n_test,mse_train,rmse_train,r2_train,mse_test,rmse_test,r2_test,y_test_mean,bias,Game of season_weight,Game for player_weight,Age (days)_weight,Home?_weight,Game Started?_weight,Year_weight,Month of Season_weight
Linreg,359,90,25.920994953593528,5.091266537276705,0.20314689962157972,25.59453018726659,5.059103694061488,0.23686725323613222,7.488888888888889,5.134127754039316,-1.000371916232237,-1.0090792507945003,1.269315099788435,0.6796366045028129,5.234472492984114,0.09739875255092394,1.406974918604975
Lasso (lambda=0.05),359,90,26.02421773971417,5.101393705617531,0.19997366505642544,25.76110438046296,5.075539811730666,0.2319006365151437,7.488888888888889,5.27247576643412,-0.36697623461213463,-0.0,0.9272367346367135,0.46708405597967,4.921032241605655,0.0,-0.0
"Random Forest (500 estimators, 5 depth)",359,90,16.05687178311928,4.007102666905264,0.5063859205379939,26.843769741086312,5.181097349122704,0.1996196223908978,7.488888888888889,,0.1185354321815649,0.18354819746166656,0.2688825641712435,0.03434769845298383,0.3475355159345082,0.027871234933964182,0.019279356864068904
"Random Forest (100 estimators, 5 depth)",359,90,16.004948950420783,4.000618570973842,0.5079821119762588,27.403218612206366,5.234808364420456,0.18293895857061815,7.488888888888889,,0.12467903124079298,0.18230821509507994,0.2589036054754066,0.03649164291440557,0.35703078538105354,0.025749149437576144,0.014837570455685378
Ridge (lambda=2.0),359,90,25.93080962146554,5.092230318972772,0.20284518093612813,25.685765053091078,5.0681125730483805,0.23414697225234937,7.488888888888889,5.172277402025859,-0.7472994618834952,-0.7319860868236685,0.8803876162780103,0.6598190852594035,5.08321587312157,0.5409798831461754,0.6060427445098422
