model_type,n_train,n_test,mse_train,rmse_train,r2_train,mse_test,rmse_test,r2_test,y_test_mean,bias,Game of season_weight,Game for player_weight,Age (days)_weight,Home?_weight,Game Started?_weight,Year_weight,Month of Season_weight
Linreg,184,46,18.040231556114325,4.247379375110531,0.30678755020724013,19.19025458468992,4.380668280603991,0.28721622810293534,6.108695652173913,2.5317517258100466,-70.55288898352431,76.10568589633908,19.247100174176563,0.055484698478970085,5.065748996721753,-15.643259111379473,-3.2032987367366133
Lasso (lambda=0.05),184,46,20.805532177310017,4.561308165133114,0.20052833662287772,20.101728677176595,4.483495140755323,0.2533613389579301,6.108695652173913,4.438746031697688,0.0,0.7612712395949544,-0.0,0.0158260089788142,5.808804440692124,-0.8441111195109491,0.0
"Random Forest (500 estimators, 5 depth)",184,46,9.635178638270451,3.1040584141202063,0.6297594203682737,17.23034961465273,4.150945628968504,0.36001299330152914,6.108695652173913,,0.09725643537976765,0.13624527539183404,0.40179066709441646,0.024115998258738666,0.27026541708887136,0.011894649283076996,0.05843155750329486
"Random Forest (100 estimators, 5 depth)",184,46,9.76860413139521,3.1254766246758603,0.6246324233745753,17.60695998034194,4.196064820798404,0.3460245516262608,6.108695652173913,,0.1073486844629827,0.1198892912946463,0.41369087491570494,0.02230669673196296,0.2740373262254533,0.01110610570602291,0.05162102066322699
Ridge (lambda=2.0),184,46,20.66403027232248,4.545770591695371,0.2059656771526619,20.075783978858635,4.4806008502050965,0.25432500308475003,6.108695652173913,4.3346276899802145,-0.7780099090269841,2.0920103374418226,0.6063197892563787,0.2130705309433568,5.71942554780369,-1.7571195458060387,-0.10887660327351766
