model_type,n_train,n_test,mse_train,rmse_train,r2_train,mse_test,rmse_test,r2_test,y_test_mean,bias,Game of season_weight,Game for player_weight,Age (days)_weight,Home?_weight,Game Started?_weight,Year_weight,Month of Season_weight
Linreg,184,46,18.040231556114325,4.247379375110531,0.3067875502072401,19.19025458468992,4.380668280603991,0.2872162281029353,6.108695652173913,2.5317517258100466,-70.55288898352431,76.10568589633908,19.247100174176563,0.05548469847897,5.065748996721753,-15.643259111379471,-3.2032987367366133
Lasso (lambda=0.05),184,46,20.805532177310017,4.561308165133114,0.2005283366228777,20.101728677176595,4.483495140755323,0.2533613389579301,6.108695652173913,4.438746031697688,0.0,0.7612712395949544,-0.0,0.0158260089788142,5.808804440692124,-0.8441111195109491,0.0
"Random Forest (500 estimators, 5 depth)",184,46,9.635178638270451,3.1040584141202063,0.6297594203682737,17.23034961465273,4.150945628968504,0.3600129933015291,6.108695652173913,,0.0972564353797676,0.136245275391834,0.4017906670944164,0.0241159982587386,0.2702654170888713,0.0118946492830769,0.0584315575032948
"Random Forest (100 estimators, 5 depth)",184,46,9.76860413139521,3.1254766246758603,0.6246324233745753,17.60695998034194,4.196064820798404,0.3460245516262608,6.108695652173913,,0.1073486844629827,0.1198892912946463,0.4136908749157049,0.0223066967319629,0.2740373262254533,0.0111061057060229,0.0516210206632269
Ridge (lambda=2.0),184,46,20.66403027232248,4.545770591695371,0.2059656771526619,20.075783978858635,4.4806008502050965,0.25432500308475,6.108695652173913,4.334627689980215,-0.7780099090269841,2.092010337441822,0.6063197892563787,0.2130705309433568,5.71942554780369,-1.757119545806039,-0.1088766032735176
SVM (linear kernel),184,46,20.29304926434457,4.504780712126237,0.22022096276621017,19.672519083028753,4.435371357961896,0.2693034741756245,6.108695652173913,,,,,,,,
"Feedforward NN (3 layers, [[16, 4, 1]] activations)",184,46,22.471172088871505,4.740376787647951,0.13652459476542933,23.21319972532217,4.818007858578291,0.13779194616753465,6.108695652173913,,,,,,,,
