model_type,n_train,n_test,mse_train,rmse_train,r2_train,mse_test,rmse_test,r2_test,y_test_mean,bias,Game of season_weight,Game for player_weight,Age (days)_weight,Home?_weight,Game Started?_weight,Year_weight,Month of Season_weight
Linreg,440,111,46.58158036611631,6.8250699898328016,0.24937932722261358,40.348353763811765,6.352035403224054,0.2688718222405041,13.144144144144144,7.578025923133009,-22.607885999481734,22.04796378172349,-6.4853893093592925,-0.21490879158042597,7.378083404492881,4.9905429899308995,3.5412054910707624
Lasso (lambda=0.05),440,111,47.23868709281826,6.873040600259703,0.23879063767178965,40.70628927906696,6.380148060904775,0.26238588869893165,13.144144144144144,8.281907604597514,0.0,0.6655112321156027,-2.0097804959224663,-0.0,7.6816026551695495,-0.0,0.15154490433934162
"Random Forest (500 estimators, 5 depth)",440,111,31.362794723514924,5.6002495233261635,0.4946165009749628,39.670655225156445,6.298464513288651,0.28115198862691404,13.144144144144144,,0.10909379431011997,0.08388845048748979,0.3313219738745533,0.020715236472255736,0.4352951566254642,0.009494558973732192,0.010190829256384853
"Random Forest (100 estimators, 5 depth)",440,111,31.224694951625242,5.587906133036349,0.4968418557798341,39.58852566257606,6.291941327013155,0.2826402088844512,13.144144144144144,,0.10737046467484508,0.0902145922136609,0.31924437444438375,0.023562968333191988,0.44009914239468095,0.009897006075955884,0.009611451863281491
Ridge (lambda=2.0),440,111,47.074424648862944,6.86108042868344,0.24143758063131804,40.82341311309314,6.389320238733784,0.2602635583593833,13.144144144144144,8.153338157808548,-2.2327031610174366,2.7728270621435267,-2.2635794156650215,-0.15461942815215493,7.685733827632115,-0.06729697421014008,1.0575284017003972
