model_type,n_train,n_test,mse_train,rmse_train,r2_train,mse_test,rmse_test,r2_test,y_test_mean,bias,Game of season_weight,Game for player_weight,Age (days)_weight,Home?_weight,Game Started?_weight,Year_weight,Month of Season_weight
Linreg,440,111,46.58158036611631,6.8250699898328016,0.2493793272226135,40.348353763811765,6.352035403224054,0.2688718222405041,13.144144144144144,7.578025923133009,-22.60788599948173,22.04796378172349,-6.4853893093592925,-0.2149087915804259,7.378083404492881,4.9905429899309,3.5412054910707624
Lasso (lambda=0.05),440,111,47.23868709281826,6.873040600259703,0.2387906376717896,40.70628927906696,6.380148060904775,0.2623858886989316,13.144144144144144,8.281907604597514,0.0,0.6655112321156027,-2.0097804959224663,-0.0,7.681602655169549,-0.0,0.1515449043393416
"Random Forest (500 estimators, 5 depth)",440,111,31.362794723514924,5.600249523326164,0.4946165009749628,39.670655225156445,6.298464513288651,0.281151988626914,13.144144144144144,,0.1090937943101199,0.0838884504874897,0.3313219738745533,0.0207152364722557,0.4352951566254642,0.0094945589737321,0.0101908292563848
"Random Forest (100 estimators, 5 depth)",440,111,31.22469495162524,5.587906133036349,0.4968418557798341,39.58852566257606,6.291941327013155,0.2826402088844512,13.144144144144144,,0.107370464674845,0.0902145922136609,0.3192443744443837,0.0235629683331919,0.4400991423946809,0.0098970060759558,0.0096114518632814
Ridge (lambda=2.0),440,111,47.074424648862944,6.86108042868344,0.241437580631318,40.82341311309314,6.389320238733784,0.2602635583593833,13.144144144144144,8.153338157808548,-2.2327031610174366,2.7728270621435267,-2.263579415665021,-0.1546194281521549,7.685733827632115,-0.06729697421014,1.0575284017003972
SVM (linear kernel),440,111,46.90656211398529,6.848836551852094,0.24414253584910273,40.77189944323676,6.385287733785907,0.26119700649439936,13.144144144144144,,,,,,,,
"Feedforward NN (3 layers, [[16, 4, 1]] activations)",440,111,55.93619974794884,7.479050725055209,0.09863796896944488,52.284812918690676,7.230823806364713,0.052578446756259556,13.144144144144144,,,,,,,,
