model_type,n_train,n_test,mse_train,rmse_train,r2_train,mse_test,rmse_test,r2_test,y_test_mean,bias,Game of season_weight,Game for player_weight,Age (days)_weight,Home?_weight,Game Started?_weight,Year_weight,Month of Season_weight
Linreg,118,30,8.422298581532377,2.902119670436141,0.2099272026971488,9.822350672528785,3.1340629656292456,0.0077320007547534,3.033333333333333,4.012572754104611,-6.253611684673529,5.232338536041259,5.259698735062489,-0.1655064100810734,5.776022454019071,-8.317060017441458,0.7651182380756811
Lasso (lambda=0.05),118,30,8.675451807127159,2.945411992765555,0.1861795909073612,8.724256859351037,2.9536853013398425,0.1186630179126804,3.033333333333333,3.981346723909605,-0.0650804255068526,-0.0,-0.0,-0.1288046233926306,3.827550558229284,-2.813217610471763,-0.0
"Random Forest (500 estimators, 5 depth)",118,30,4.096547667601675,2.02399300087764,0.6157140662142548,9.722710551638189,3.118126128244043,0.017797789148685,3.033333333333333,,0.1278673521388588,0.1400754415320962,0.5426091474498614,0.0230258224628005,0.1143384938693592,0.0251264464215219,0.0269572961255017
"Random Forest (100 estimators, 5 depth)",118,30,4.289647973149583,2.071146535894933,0.5975998546261265,9.48746043745838,3.080172144127399,0.0415630942066966,3.033333333333333,,0.1166338813057825,0.1257174825155914,0.5583656642854341,0.0278142558249419,0.1094029090226451,0.0313425448181009,0.0307232622275039
Ridge (lambda=2.0),118,30,8.66450921287606,2.9435538406620085,0.1872060857491225,8.714016240075862,2.951951259773078,0.119697540008051,3.033333333333333,4.330366276220942,-0.7855846332546588,0.0284024837191556,-1.3695831127642797,-0.3338327785598139,3.4153695894929124,-1.6198840798087788,0.108821428597245
SVM (linear kernel),118,30,8.887595711315795,2.9812070896393283,0.16627895140966165,9.66603356852674,3.1090245364948053,0.02352337954045758,3.033333333333333,,,,,,,,
"Feedforward NN (3 layers, [[16, 4, 1]] activations)",118,30,21.02345369802861,4.585133989103111,-0.9721526981469653,19.42983599987332,4.407928765290261,-0.962829992129979,3.033333333333333,,,,,,,,
