model_type,n_train,n_test,mse_train,rmse_train,r2_train,mse_test,rmse_test,r2_test,y_test_mean,bias,Game of season_weight,Game for player_weight,Age (days)_weight,Home?_weight,Game Started?_weight,Year_weight,Month of Season_weight
Linreg,118,30,8.422298581532377,2.902119670436141,0.20992720269714882,9.822350672528783,3.1340629656292456,0.007732000754753443,3.033333333333333,4.012572754104611,-6.253611684673529,5.232338536041259,5.259698735062489,-0.16550641008107345,5.776022454019071,-8.317060017441458,0.7651182380756811
Lasso (lambda=0.05),118,30,8.675451807127159,2.945411992765555,0.18617959090736125,8.724256859351037,2.9536853013398425,0.11866301791268041,3.033333333333333,3.9813467239096054,-0.06508042550685261,-0.0,-0.0,-0.12880462339263063,3.8275505582292837,-2.813217610471763,-0.0
"Random Forest (500 estimators, 5 depth)",118,30,4.096547667601675,2.02399300087764,0.6157140662142548,9.722710551638187,3.118126128244043,0.017797789148685017,3.033333333333333,,0.12786735213885886,0.14007544153209622,0.5426091474498614,0.02302582246280054,0.1143384938693592,0.0251264464215219,0.02695729612550175
"Random Forest (100 estimators, 5 depth)",118,30,4.289647973149583,2.0711465358949335,0.5975998546261265,9.48746043745838,3.080172144127399,0.04156309420669668,3.033333333333333,,0.11663388130578256,0.1257174825155914,0.5583656642854341,0.027814255824941913,0.10940290902264518,0.031342544818100976,0.030723262227503906
Ridge (lambda=2.0),118,30,8.66450921287606,2.9435538406620085,0.18720608574912256,8.714016240075862,2.951951259773078,0.119697540008051,3.033333333333333,4.330366276220942,-0.7855846332546588,0.028402483719155606,-1.3695831127642797,-0.33383277855981397,3.4153695894929124,-1.6198840798087788,0.10882142859724506
