model_type,n_train,n_test,mse_train,rmse_train,r2_train,mse_test,rmse_test,r2_test,y_test_mean,bias,Game of season_weight,Game for player_weight,Age (days)_weight,Home?_weight,Game Started?_weight,Year_weight,Month of Season_weight
Linreg,320,81,28.210375847552587,5.311344071659507,0.2757704213743776,29.188261538045403,5.4026161753399995,0.27963157081606416,9.11111111111111,4.6384943428737095,-12.367069097128207,14.615807092755599,3.975916406002809,-0.33816220685983045,5.290073534062276,-0.498407768554364,0.32041894533012893
Lasso (lambda=0.05),320,81,29.110595604643812,5.395423579724191,0.25265957099536007,30.476216944366772,5.5205268719902785,0.247844737204842,9.11111111111111,4.6145745085784595,-0.0,1.583975006817712,2.0291266696740022,-0.19086729490813245,5.612862078523469,1.123079051744458,-0.0
"Random Forest (500 estimators, 5 depth)",320,81,18.88778776303556,4.346008256208858,0.5151041359138726,28.81690699786559,5.368138131406977,0.28879662802342687,9.11111111111111,,0.0895054645612591,0.10201524261313272,0.4373167663113682,0.022576607503868654,0.32212419336683057,0.010305393981842133,0.016156331661698633
"Random Forest (100 estimators, 5 depth)",320,81,18.964430632088835,4.354816945876007,0.5131365253772718,28.903941504921082,5.376238601933612,0.2866486100247996,9.11111111111111,,0.08822421537886019,0.09083279077133707,0.4541700086865569,0.019327362690334284,0.3249120329751508,0.007146074777219916,0.01538751472054074
Ridge (lambda=2.0),320,81,28.677536613395535,5.3551411385131145,0.2637772580636444,29.534159720163704,5.434533992916385,0.27109477838718465,9.11111111111111,4.556498056992623,-2.9776950192711324,5.063201336272633,1.8859650530963301,-0.37714332694207586,5.541222811355055,1.730314772949994,-0.3729052422460918
