model_type,n_train,n_test,mse_train,rmse_train,r2_train,mse_test,rmse_test,r2_test,y_test_mean,bias,Game of season_weight,Game for player_weight,Age (days)_weight,Home?_weight,Game Started?_weight,Year_weight,Month of Season_weight
Linreg,373,94,18.53574830306514,4.305316283743291,0.2781033928301476,19.31204416807737,4.394547094761572,0.2451006557582263,6.946808510638298,7.889352871633914,2.13835211191919,2.459329189092006,-13.816791551285627,0.4816975123300436,2.195314561017392,8.423583933345009,-5.511851315931117
Lasso (lambda=0.05),373,94,18.867795297904426,4.343707552069364,0.2651714304903384,19.034443917432338,4.362848142834259,0.2559519279150958,6.946808510638298,8.200164907026345,0.0,1.2807712557972977,-6.195916715833737,0.3575792659692168,2.0167720968517053,-0.0,-0.0
"Random Forest (500 estimators, 5 depth)",373,94,11.513208351538571,3.393111897880553,0.5516045044029375,19.341956997284317,4.397949180843762,0.2439313763719427,6.946808510638298,,0.1297524818634296,0.1515349354690225,0.6379290562773263,0.020765465655479,0.035102434165362,0.0068088847906309,0.0181067417787497
"Random Forest (100 estimators, 5 depth)",373,94,11.504674719613806,3.391854171336646,0.5519368567759089,19.384062438352096,4.402733518889384,0.2422854931306636,6.946808510638298,,0.1286329856724671,0.1513345364934482,0.6277666699802263,0.0234867316847099,0.0379059733949246,0.0091429887886892,0.0217301139855346
Ridge (lambda=2.0),373,94,18.695738008546165,4.323856844131887,0.2718724048128061,19.160333224945795,4.377251789073345,0.2510309700474636,6.946808510638298,7.867520521711261,1.7435173690209385,1.9278029469636415,-4.252165746839547,0.5047127412769873,2.158467417689885,-1.948008992978235,-2.68913896654178
SVM (linear kernel),373,94,18.659305725994603,4.319641851588463,0.27329130308092087,19.13290727599976,4.374117885471282,0.25210303837406745,6.946808510638298,,,,,,,,
"Feedforward NN (3 layers, [[16, 4, 1]] activations)",373,94,17.50900401974857,4.184376180477631,0.3180911614617872,19.02052057311763,4.361252179491301,0.2564961853433281,6.946808510638298,,,,,,,,
