model_type,n_train,n_test,mse_train,rmse_train,r2_train,mse_test,rmse_test,r2_test,y_test_mean,bias,Game of season_weight,Game for player_weight,Age (days)_weight,Home?_weight,Game Started?_weight,Year_weight,Month of Season_weight
Linreg,373,94,26.44904360568888,5.142863366422335,0.1172819782304211,18.149523867996333,4.26022580011862,0.2000140029550514,4.159574468085107,2.918083096840021,-14.133665167439124,9.486419587459036,-16.79057262368551,0.4363952862235302,1.602684208000481,15.998959933711369,8.784472847812616
Lasso (lambda=0.05),373,94,27.9222516879035,5.284150990263573,0.06811470612128,21.10414654738597,4.593924961009482,0.0697815634015791,4.159574468085107,3.3339968011118906,-2.275745119242089,5.296472845612329,0.0,0.1075980462874762,0.0,0.0,1.331695826182366
"Random Forest (500 estimators, 5 depth)",373,94,13.929214950130923,3.732186349866647,0.5351223564492827,16.691408811844163,4.085512062378982,0.2642840981644924,4.159574468085107,,0.1232314346002949,0.2465548106153114,0.5535972741031179,0.0254089217400672,0.0065378899746946,0.0239165773910927,0.0207530915754212
"Random Forest (100 estimators, 5 depth)",373,94,13.959301163426003,3.736214817623045,0.5341182504756112,16.978444794902146,4.12049084392893,0.251632263947545,4.159574468085107,,0.1206280845978974,0.2331981682453173,0.55406036715669,0.0289584415731141,0.0058532712691667,0.0284259335691139,0.0288757335887002
Ridge (lambda=2.0),373,94,27.10919174591563,5.206648801860524,0.0952500034980535,19.86576718209693,4.457103003307971,0.1243662543535853,4.159574468085107,2.957652989328784,-6.631279402597991,6.444954278908399,-1.1713413189883397,0.3682766098572463,1.2065685976416676,1.061275394380133,4.814265947467149
SVM (linear kernel),373,94,27.782158882294205,5.270878378628576,0.07279020388502488,19.834534656059876,4.45359794503948,0.12574290663734267,4.159574468085107,,,,,,,,
"Feedforward NN (3 layers, [[16, 4, 1]] activations)",373,94,29.471218493731833,5.428740046615958,0.016419040485436742,22.546360076000877,4.748300756691901,0.006212368086480069,4.159574468085107,,,,,,,,
