model_type,n_train,n_test,mse_train,rmse_train,r2_train,mse_test,rmse_test,r2_test,y_test_mean,bias,Game of season_weight,Game for player_weight,Age (days)_weight,Home?_weight,Game Started?_weight,Year_weight,Month of Season_weight
Linreg,232,58,27.16545281902652,5.212048812034143,0.2353890256200003,28.42368950660254,5.3313872028396645,-0.1181739580434435,10.551724137931034,0.1908005471171492,-0.7539820229586655,-12.131905419913878,21.30996054909859,-0.0636337839470195,5.341175150138997,-10.892642219793029,20.637464776888628
Lasso (lambda=0.05),232,58,29.04817007073017,5.389635430224401,0.182397224529944,27.311119883316103,5.226004198555154,-0.0744060165529443,10.551724137931034,4.763285160857633,-1.5417762321115236,-0.556271157338757,6.259294880802792,0.0,5.2267292761614526,0.0,5.455702030732591
"Random Forest (500 estimators, 5 depth)",232,58,16.89323027410195,4.110137500632059,0.5245155916834198,24.53632965017445,4.953415957717912,0.0347528657593451,10.551724137931034,,0.1605884478274986,0.1480887339267657,0.4232722860517417,0.0324380834622158,0.16350490488747,0.0122362872393291,0.0598712566049788
"Random Forest (100 estimators, 5 depth)",232,58,16.804159629980067,4.099287697878751,0.5270226138355771,25.431711737119542,5.0429863907331285,-0.0004710249283159,10.551724137931034,,0.1620506042792862,0.1515014570264352,0.4224520979257659,0.036763333373696,0.1650599514914054,0.0130147290304966,0.0491578268729143
Ridge (lambda=2.0),232,58,28.75748990193263,5.362601038855364,0.1905788384562011,27.03252731105101,5.199281422567066,-0.0634463218539576,10.551724137931034,4.317348217318711,-2.0271846363395247,-1.9636382720409007,5.762360473491424,-0.0131410181079472,5.197628681831246,1.5026072761668807,7.017495186980113
SVM (linear kernel),232,58,27.758697706041357,5.268652361471704,0.21869128992870834,26.30454465812436,5.128795634271691,-0.03480784252421132,10.551724137931034,,,,,,,,
"Feedforward NN (3 layers, [[16, 4, 1]] activations)",232,58,29.806376011367227,5.459521591803372,0.16105642130780284,26.081456494466714,5.107000733744486,-0.026031663946417316,10.551724137931034,,,,,,,,
