model_type,n_train,n_test,mse_train,rmse_train,r2_train,mse_test,rmse_test,r2_test,y_test_mean,bias,Game of season_weight,Game for player_weight,Age (days)_weight,Home?_weight,Game Started?_weight,Year_weight,Month of Season_weight
Linreg,784,197,50.44675493390631,7.102587903990088,0.2020901740282712,50.111492659144695,7.078947143406617,0.1954935360692945,13.3502538071066,10.340555687227935,-9.760651477340213,13.818960763174651,-12.376433771553083,0.0870632231209983,4.656089401030565,20.358116301054757,-7.945037757562703
Lasso (lambda=0.05),784,197,51.38361928391701,7.168236832298233,0.1872719112588314,51.82305988949572,7.198823507316714,0.1680154701167312,13.3502538071066,10.097058367221411,-1.9246242107948248,5.99226393884408,0.0,0.0,4.693499504670193,6.475577294436598,-7.08487486905327
"Random Forest (500 estimators, 5 depth)",784,197,37.36956287518533,6.113064933009082,0.4089304366664481,43.08067302101858,6.563586902069522,0.3083686380758837,13.3502538071066,,0.0675970661379111,0.0542750393030783,0.7777018432048283,0.0066488278595514,0.0606795026894608,0.0137345008327759,0.0193632199723937
"Random Forest (100 estimators, 5 depth)",784,197,37.334159217370285,6.110168509736068,0.4094904117626259,42.964652315518194,6.554742734502873,0.3102312728243585,13.3502538071066,,0.0623540400346118,0.052812347058739,0.781203283228792,0.0077211033276615,0.0657164463334554,0.0101675999134334,0.0200251801033066
Ridge (lambda=2.0),784,197,50.67374982385421,7.118549699472092,0.1984998250876486,50.76973559078422,7.1252884566720684,0.1849258865094872,13.3502538071066,9.57062465167353,-6.601564235626144,10.587505730513891,3.029506616503693,0.1060626407230718,4.695489811669603,4.681071306060897,-6.869555848979139
SVM (linear kernel),784,197,50.842057291463206,7.130361652220959,0.19583772754806283,50.72216056083959,7.121949210773662,0.1856896717627523,13.350253807106599,,,,,,,,
"Feedforward NN (3 layers, [[16, 4, 1]] activations)",784,197,51.581495860901356,7.182025888348033,0.18414212292433274,51.10075154375781,7.148478967148033,0.1796116470067285,13.350253807106599,,,,,,,,
