model_type,n_train,n_test,mse_train,rmse_train,r2_train,mse_test,rmse_test,r2_test,y_test_mean,bias,Game of season_weight,Game for player_weight,Age (days)_weight,Home?_weight,Game Started?_weight,Year_weight,Month of Season_weight
Linreg,165,42,26.85489048321432,5.182170441351222,0.13102486747054798,29.77191127697119,5.456364291079838,0.13961907777560323,8.666666666666666,3.99039465254074,6.410869828861898,6.410869828861895,3.5745042605714437,0.7868718033379132,1.6813354608924547,1.069950739508219,-8.031801610052474
Lasso (lambda=0.05),165,42,27.733762161480794,5.266285423472677,0.10258618761164662,32.01405164737974,5.65809611507084,0.07482327808031031,8.666666666666666,4.183411809040509,5.942030926366674,8.324446443188635e-15,0.0,0.48137384916557147,2.4036237353703607,0.0,-0.978157468774138
"Random Forest (500 estimators, 5 depth)",165,42,14.34630473427958,3.7876516120519295,0.5357798213487128,29.948604223663544,5.472531792841732,0.13451281371981494,8.666666666666666,,0.20855325601241834,0.20041419000998562,0.46808660762300747,0.03426989896471431,0.015150257908806976,0.04282982830748312,0.030695961173584092
"Random Forest (100 estimators, 5 depth)",165,42,14.61659471061166,3.823165535340009,0.5270337321344836,28.690005403523408,5.356305200744577,0.17088516494404826,8.666666666666666,,0.19737632507637817,0.22529569751019288,0.453250904816015,0.028263206205389392,0.017769176356449555,0.04967731649563295,0.02836737353994217
Ridge (lambda=2.0),165,42,27.297525083187693,5.224703348821605,0.11670202149154829,31.12232875917199,5.5787389936411245,0.10059325145512132,8.666666666666666,4.001717567606043,3.8881384888988495,3.8881384888988544,1.1815673731664986,0.6891145172358576,2.2485933820978388,0.41018194851147377,-2.958811699961853
