model_type,n_train,n_test,mse_train,rmse_train,r2_train,mse_test,rmse_test,r2_test,y_test_mean,bias,Game of season_weight,Game for player_weight,Age (days)_weight,Home?_weight,Game Started?_weight,Year_weight,Month of Season_weight
Linreg,885,222,66.52594865796726,8.15634407427539,0.2345530820902637,72.77080927886621,8.530580828927548,0.2423539423114851,18.3018018018018,12.726303106056765,-161.1857968644351,165.71574357158806,-3.518480126948627,1.0471537452601958,7.683219152847515,-0.7824268277033308,-0.8835610658484967
Lasso (lambda=0.05),885,222,67.46771317531369,8.213873213978513,0.2237171487177714,75.22453911106697,8.673208121051113,0.2168071777169691,18.3018018018018,12.992882567293671,0.0,3.514504114153796,-2.0762881431470395,0.8212003779122786,7.457020779294692,-2.3362361511635448,-0.0
"Random Forest (500 estimators, 5 depth)",885,222,44.64869302057023,6.6819677506382975,0.4862725725715685,64.79177134815704,8.04933359652568,0.3254269037400531,18.3018018018018,,0.0505650768270582,0.048278067204299,0.8726408044581696,0.013479286615714,0.0020637800668962,0.0070745104950469,0.0058984743328157
"Random Forest (100 estimators, 5 depth)",885,222,44.8364047909072,6.695999163000784,0.4841127627686518,64.59014975875505,8.036799721204645,0.3275260669054636,18.3018018018018,,0.0481657326532204,0.0455131180835712,0.8793686781111496,0.0147757245148506,0.0018573167359747,0.0037504545087991,0.0065689753924342
Ridge (lambda=2.0),885,222,67.11363726366953,8.192291331713584,0.2277911427117172,74.48708351212561,8.630589986329186,0.2244851234866408,18.3018018018018,13.218559642257562,3.1830586043265434,4.966236361609435,-2.3235480620669997,1.02150532238758,7.501612949418127,-2.2675330228489345,-4.449872889815117
SVM (linear kernel),885,222,67.10724676308624,8.191901291097583,0.22786467174924407,74.25988963351912,8.617417805440278,0.22685053000283784,18.3018018018018,,,,,,,,
"Feedforward NN (3 layers, [[16, 4, 1]] activations)",885,222,63.5979226892011,7.974830574325771,0.26824292039493436,70.40394444731623,8.390705837253279,0.2669963205738115,18.3018018018018,,,,,,,,
