model_type,n_train,n_test,mse_train,rmse_train,r2_train,mse_test,rmse_test,r2_test,y_test_mean,bias,Game of season_weight,Game for player_weight,Age (days)_weight,Home?_weight,Game Started?_weight,Year_weight,Month of Season_weight
Linreg,264,66,24.714042317867847,4.971321988955035,0.1919353061311637,19.391661495258557,4.4035964273828,0.1039463930523686,5.681818181818182,4.408031182555273,11.180941331168906,-8.417559188205376,4.884603830712528,-0.7359990120075891,3.49257237892526,-0.9199515367473008,-5.0786374731749335
Lasso (lambda=0.05),264,66,24.959978013250293,4.99599619828221,0.1838940496728078,18.988200094745125,4.357545191360053,0.122589614690834,5.681818181818182,4.080104787248553,-0.0,-0.0,4.087031229938023,-0.4126927961317035,3.395743621740272,0.0,-0.2984081754433194
"Random Forest (500 estimators, 5 depth)",264,66,15.10047698921536,3.885933219860496,0.5062660264710418,19.321248365049644,4.395594199314769,0.107200056453805,5.681818181818182,,0.1450229027573903,0.1288600776652643,0.511432676695235,0.0232537932288322,0.1592733767397333,0.0120949563360254,0.0200622165775192
"Random Forest (100 estimators, 5 depth)",264,66,15.10946891455658,3.887090031701939,0.5059720212530896,19.547215439568248,4.42122329673228,0.0967585266125736,5.681818181818182,,0.1488666657794525,0.1339054035480888,0.5000846042260786,0.0231046941987448,0.1617287369732343,0.011968349146453,0.0203415461279475
Ridge (lambda=2.0),264,66,24.813220023090423,4.98128698461456,0.1886925342293225,19.083879616558686,4.368509999594677,0.1181684370288256,5.681818181818182,4.307592588932344,0.6527812175259297,0.3050665173701249,2.883116485796626,-0.6361204903128744,3.430582157191077,1.4943841233522173,-2.455293194573271
SVM (linear kernel),264,66,25.44057579586687,5.0438651643225825,0.16818014520144864,17.65605734598955,4.201911153985713,0.18414552186688649,5.681818181818182,,,,,,,,
"Feedforward NN (3 layers, [[16, 4, 1]] activations)",264,66,25.016129895563015,5.001612729466668,0.18205807508768768,18.394543868603236,4.2888860871563415,0.15002139524514202,5.681818181818182,,,,,,,,
