model_type,n_train,n_test,mse_train,rmse_train,r2_train,mse_test,rmse_test,r2_test,y_test_mean,bias,Game of season_weight,Game for player_weight,Age (days)_weight,Home?_weight,Game Started?_weight,Year_weight,Month of Season_weight
Linreg,455,114,28.21780935413243,5.312043801977957,0.2057382517217866,27.843521853962415,5.2766961115798985,0.207365247131905,9.06140350877193,8.483281728571463,6.024195591312295,6.024195591312297,7.48514882468599,0.6634943414299048,4.645449062762838,-9.600021897736644,-9.322162458273874
Lasso (lambda=0.05),455,114,28.985919658356764,5.3838573215081365,0.1841178408157789,28.629591873254785,5.350662750842626,0.1849878187754361,9.06140350877193,8.973728407513363,1.9774467952226016,7.632681044442082e-15,-0.0,0.4422771985071824,4.469574909348535,-3.5375779727877608,-0.0
"Random Forest (500 estimators, 5 depth)",455,114,19.549683496516824,4.421502402636103,0.449724619039032,26.562474989059325,5.153879605603853,0.2438334162988887,9.06140350877193,,0.0928698290220258,0.095863565788069,0.4895131837617468,0.0230909741381233,0.268916083487517,0.0179477751031057,0.0117985886994122
"Random Forest (100 estimators, 5 depth)",455,114,19.51693487570158,4.417797514112839,0.4506464119569719,26.484868769785475,5.146345185642475,0.2460426693796517,9.06140350877193,,0.0866326213856169,0.0960135632606292,0.480606145179876,0.0222282081194914,0.2862881430932499,0.0179625726062224,0.010268746354914
Ridge (lambda=2.0),455,114,28.46226617154114,5.335003858624765,0.1988573951415739,27.863825877279616,5.278619694321577,0.2067872428625937,9.06140350877193,8.84128334706352,3.3886953973796925,3.388695397379704,-0.3086313071929289,0.6487663910006239,4.572888758268324,-2.581368102715352,-4.826177257063441
SVM (linear kernel),455,114,28.5933464476598,5.34727467479087,0.19516780861243566,27.82537395671699,5.27497620437448,0.2078818719369011,9.06140350877193,,,,,,,,
"Feedforward NN (3 layers, [[16, 4, 1]] activations)",455,114,29.530769840090183,5.434222100732558,0.1687816517990397,31.76391492663211,5.635948449607405,0.09576155667206787,9.06140350877193,,,,,,,,
