model_type,n_train,n_test,mse_train,rmse_train,r2_train,mse_test,rmse_test,r2_test,y_test_mean,bias,Game of season_weight,Game for player_weight,Age (days)_weight,Home?_weight,Game Started?_weight,Year_weight,Month of Season_weight
Linreg,455,114,28.21780935413243,5.312043801977957,0.2057382517217866,27.843521853962418,5.2766961115798985,0.20736524713190507,9.06140350877193,8.483281728571463,6.024195591312295,6.024195591312297,7.48514882468599,0.6634943414299048,4.645449062762838,-9.600021897736644,-9.322162458273874
Lasso (lambda=0.05),455,114,28.985919658356764,5.3838573215081365,0.18411784081577898,28.629591873254782,5.350662750842626,0.18498781877543613,9.06140350877193,8.973728407513363,1.9774467952226016,7.632681044442082e-15,-0.0,0.44227719850718245,4.469574909348535,-3.5375779727877608,-0.0
"Random Forest (500 estimators, 5 depth)",455,114,19.549683496516824,4.4215024026361025,0.44972461903903205,26.562474989059325,5.153879605603853,0.24383341629888877,9.06140350877193,,0.09286982902202587,0.09586356578806907,0.48951318376174685,0.023090974138123364,0.268916083487517,0.0179477751031057,0.011798588699412204
"Random Forest (100 estimators, 5 depth)",455,114,19.51693487570158,4.417797514112839,0.45064641195697197,26.484868769785475,5.146345185642475,0.2460426693796517,9.06140350877193,,0.0866326213856169,0.09601356326062922,0.48060614517987604,0.02222820811949142,0.28628814309324996,0.01796257260622241,0.010268746354914019
Ridge (lambda=2.0),455,114,28.46226617154114,5.3350038586247654,0.19885739514157397,27.863825877279616,5.278619694321577,0.20678724286259376,9.06140350877193,8.84128334706352,3.3886953973796925,3.388695397379704,-0.3086313071929289,0.6487663910006239,4.5728887582683235,-2.5813681027153517,-4.826177257063441
