model_type,n_train,n_test,mse_train,rmse_train,r2_train,mse_test,rmse_test,r2_test,y_test_mean,bias,Game of season_weight,Game for player_weight,Age (days)_weight,Home?_weight,Game Started?_weight,Year_weight,Month of Season_weight
Linreg,597,150,34.93533220375025,5.910611829899698,0.31720873413363193,30.983845464723252,5.566313453689367,0.2900531969291157,11.746666666666666,9.310013712679007,-5.920996045056637,8.58340034071562,-8.60056769252724,0.8973037855832362,4.93511953262562,3.3983532581215687,-1.0999629973346767
Lasso (lambda=0.05),597,150,35.155423545138376,5.929200919612893,0.3129071736184439,30.823961215932812,5.551933106219203,0.29371669671707457,11.746666666666666,9.479832977131725,0.0,1.5357958127912028,-5.678086105457289,0.6878307440162291,5.124361078536622,-0.0,0.0
"Random Forest (500 estimators, 5 depth)",597,150,24.18810832006606,4.918140738131236,0.527257133195435,31.319121370665563,5.596348932175831,0.28237086912247067,11.746666666666666,,0.07099386398560321,0.07074902578774564,0.6575788301947801,0.014127831690281003,0.1628254673386696,0.008988178483577832,0.014736802519342469
"Random Forest (100 estimators, 5 depth)",597,150,24.361996765492282,4.935787350108621,0.5238585820930826,31.45911987002049,5.608843006362408,0.2791630204658243,11.746666666666666,,0.07986362390945913,0.07722152944680385,0.6256725411323422,0.010744189772335959,0.1841130701846766,0.007160489869172159,0.015224555685210155
Ridge (lambda=2.0),597,150,35.029317871940506,5.918557076850785,0.31537183752183917,30.73060657041918,5.543519330751827,0.2958557737470604,11.746666666666666,9.363312567804176,-1.5945056133673245,3.9165487889294646,-3.45113171714979,0.8619926165529326,5.064784900761127,-2.466699842288061,-0.23046655781979367
