model_type,n_train,n_test,mse_train,rmse_train,r2_train,mse_test,rmse_test,r2_test,y_test_mean,bias,Game of season_weight,Game for player_weight,Age (days)_weight,Home?_weight,Game Started?_weight,Year_weight,Month of Season_weight
Linreg,284,71,20.36587000153646,4.512856080303965,0.1392923257426261,23.041695559611966,4.800176617543563,0.0762284487107801,7.605633802816901,5.130270553933698,-10.564781983314417,7.606103652520165,-4.425104765845715,-0.272822189892421,2.271739532798317,7.274107780567649,5.381790492379911
Lasso (lambda=0.05),284,71,21.434246951000475,4.629713484763444,0.0941403023164731,23.96881809369287,4.895795961199044,0.0390589001709446,7.605633802816901,6.457053054572137,-0.5973122207252959,2.849173720448623,-0.0,-0.0841243090385237,1.9333921341036069,0.0,0.0
"Random Forest (500 estimators, 5 depth)",284,71,12.681962920355277,3.561174373764261,0.4640315975024024,22.60321155106825,4.754283495025118,0.0938078430630752,7.605633802816901,,0.1639128719732608,0.211000151168631,0.5380281885014199,0.019131014787211,0.0346629971114833,0.0101421096047007,0.0231226668532931
"Random Forest (100 estimators, 5 depth)",284,71,12.770627356550134,3.573601454632306,0.4602844381293502,22.72251707883211,4.766814143516832,0.0890247292434057,7.605633802816901,,0.1591543874632472,0.2175640780187371,0.5310493970273809,0.01849167764782,0.0437107252278189,0.0095362728901355,0.02049346172486
Ridge (lambda=2.0),284,71,20.7816509597452,4.558689609936741,0.1217204831690781,23.38029565546153,4.835317534088277,0.0626535303632827,7.605633802816901,5.985668645658574,-4.582979667277367,4.364107795852477,-0.5238365658798334,-0.2924194490533804,2.204757125613874,1.363432577111208,2.6054416215237475
SVM (linear kernel),284,71,20.569862021942217,4.535400976974607,0.1306711621273593,22.901721492628273,4.785574311681752,0.08184019115669794,7.605633802816901,,,,,,,,
"Feedforward NN (3 layers, [[16, 4, 1]] activations)",284,71,20.236846201553757,4.498538229420059,0.14474516300411233,24.937017292684047,4.993697757442279,0.00024253469579393894,7.605633802816901,,,,,,,,
