model_type,n_train,n_test,mse_train,rmse_train,r2_train,mse_test,rmse_test,r2_test,y_test_mean,bias,Game of season_weight,Game for player_weight,Age (days)_weight,Home?_weight,Game Started?_weight,Year_weight,Month of Season_weight
Linreg,191,48,45.830493246336154,6.769822246288019,0.41029167441346703,31.978842459886796,5.654983860267578,0.4558079278865872,17.833333333333332,14.662805680425283,2.9938910576012563,12.41184791798652,5.195295677745817,-1.6212434263298743,-0.8695308392109925,10.208073078978279,-19.989027516378723
Lasso (lambda=0.05),191,48,46.65987026617516,6.830803046946615,0.39961994694546066,28.16006317372028,5.306605616938221,0.5207930634583171,17.833333333333332,12.694247700227496,0.0,7.580248882162791,9.760908097019827,-1.4814450012357867,1.150440215988518,4.004454441682047,-10.29832633744888
"Random Forest (500 estimators, 5 depth)",191,48,26.57082257950737,5.154689377596615,0.658108953604361,24.018898851925346,4.900907961992894,0.5912643069395829,17.833333333333332,,0.10801489349114135,0.09323517238092163,0.7244399135572192,0.03036559450839707,0.0057418695319624985,0.002121334473028366,0.03608122205733
"Random Forest (100 estimators, 5 depth)",191,48,26.890740002654965,5.1856282167790395,0.6539925246818901,24.290633828882957,4.928552914282544,0.5866401239235233,17.833333333333332,,0.10914032322422992,0.0911997647452055,0.7281999225634418,0.02716454711585579,0.00625963115698253,0.0009141823813821257,0.03712162881290232
Ridge (lambda=2.0),191,48,47.2143974168828,6.871273347559591,0.39248475693608387,27.393119889678406,5.23384370130389,0.5338443318230098,17.833333333333332,11.994733892718902,1.1556166143308901,4.31151457298597,7.84510202403847,-1.6212020857664509,2.2360875157264504,5.340579133498859,-8.251134630415283
