model_type,n_train,n_test,mse_train,rmse_train,r2_train,mse_test,rmse_test,r2_test,y_test_mean,bias,Game of season_weight,Game for player_weight,Age (days)_weight,Home?_weight,Game Started?_weight,Year_weight,Month of Season_weight
Linreg,405,102,41.19852174514672,6.4186074615251805,0.24870917186113028,47.85171366349509,6.917493307802697,0.21580763361297228,13.803921568627452,8.12662604952408,13.068180201479116,17.29426315673581,12.037944310384594,1.5205233477407833,6.124466618348113,-2.8767967562474976,-29.21302925247399
Lasso (lambda=0.05),405,102,43.462045143265975,6.592575000958728,0.2074318566505413,47.88313724581485,6.919764247849406,0.21529266494219534,13.803921568627452,8.03061276424933,1.7812524419108995,8.364202287740614,4.279099848349756,1.2456512999862344,6.439163086130488,0.0,-9.631814531314957
"Random Forest (500 estimators, 5 depth)",405,102,26.05225546509401,5.104141011482149,0.5249144931866009,39.23188526339012,6.263536162854823,0.3570691081437196,13.803921568627452,,0.10238052179218886,0.09205959166049839,0.6073847291155146,0.023585985354018513,0.15001724297922597,0.01319496603907764,0.01137696305947603
"Random Forest (100 estimators, 5 depth)",405,102,26.13563283655138,5.112302107324193,0.5233940343983525,39.30303687174521,6.269213417307247,0.3559030778418457,13.803921568627452,,0.09898075562405108,0.09345384424407994,0.5897182710882959,0.020679938123850397,0.17040299733349856,0.014647566210295174,0.012116627375929081
Ridge (lambda=2.0),405,102,42.911628551345636,6.550696798917321,0.2174691812837709,47.65498198819453,6.903258794815281,0.2190316660704541,13.803921568627452,7.61554925962034,4.75428422560599,8.160774856308674,3.93400049166196,1.4304423919646836,6.542840734374323,1.170457137179637,-12.360542763957676
