model_type,n_train,n_test,mse_train,rmse_train,r2_train,mse_test,rmse_test,r2_test,y_test_mean,bias,Game of season_weight,Game for player_weight,Age (days)_weight,Home?_weight,Game Started?_weight,Year_weight,Month of Season_weight
Linreg,632,158,38.69247482698943,6.220327549815156,0.1635051606690689,34.89444586339784,5.907152094148063,0.0864247680848655,10.329113924050631,10.236227127420158,-5.394822675611983,-1.034959276411941,-10.181623944572316,-0.3717577094035192,3.731809995926639,4.245780720256948,7.211555103467885
Lasso (lambda=0.05),632,158,39.40399843312525,6.277260424191851,0.1481226908928118,33.89882597165212,5.82226982985606,0.1124911993175509,10.329113924050631,10.04796582532153,-0.1052268692030567,-0.0,-4.197770943984687,-0.1826193983156242,3.667993279946739,-0.0,1.045587826473736
"Random Forest (500 estimators, 5 depth)",632,158,29.261145849760265,5.4093572492265904,0.3674016044287587,30.44719077552747,5.517897314695832,0.2028588308062533,10.329113924050631,,0.1241277677079361,0.1084672774397728,0.6380746645779865,0.0125974973953857,0.0850729655624359,0.0096550425312462,0.0220047847852365
"Random Forest (100 estimators, 5 depth)",632,158,29.18334795941341,5.402161415527438,0.369083521496017,30.46552147586651,5.519558087009005,0.2023789127734822,10.329113924050631,,0.1272870563016057,0.1016623598168353,0.6492070823890052,0.0129573660838007,0.0786244109483962,0.0063955257167885,0.0238661987435683
Ridge (lambda=2.0),632,158,38.76692240786981,6.226308891138458,0.1618956741349152,34.50583317888333,5.874166594410081,0.0965990784828683,10.329113924050631,10.22310140829191,-3.859482019340143,-0.6806574681218291,-3.418563446548608,-0.380199054309406,3.691733509402218,-2.2452258751662764,5.687577681650862
SVM (linear kernel),632,158,38.86849976535388,6.234460663550126,0.159699667399543,34.6996525242852,5.890641096203808,0.09152467340080073,10.329113924050633,,,,,,,,
"Feedforward NN (3 layers, [[16, 4, 1]] activations)",632,158,37.261310443848,6.1042043252047185,0.1944455858056119,34.32197364021208,5.858495851343763,0.10141272479606511,10.329113924050633,,,,,,,,
