model_type,n_train,n_test,mse_train,rmse_train,r2_train,mse_test,rmse_test,r2_test,y_test_mean,bias,Game of season_weight,Game for player_weight,Age (days)_weight,Home?_weight,Game Started?_weight,Year_weight,Month of Season_weight
Linreg,240,60,24.016900716335776,4.900704104140116,0.33798953355413175,19.337403175450675,4.39743142930628,0.21196908046612584,5.166666666666667,5.428670679525559,-5.310550099012838,8.64690519942371,-5.324190667540883,0.061086611618467845,7.53082314513912,4.75995568521795,-2.884812532378114
Lasso (lambda=0.05),240,60,24.5033097431295,4.950081791559559,0.32458198065984123,19.435911447526603,4.4086178613627425,0.20795470668897686,5.166666666666667,4.506048685950028,-0.0,0.0,-0.3414901706434797,0.0,8.251372848405197,-0.0,-0.0
"Random Forest (500 estimators, 5 depth)",240,60,9.76142741211424,3.124328313752292,0.7309325132915336,19.127786622999576,4.373532510797145,0.2205112990400896,5.166666666666667,,0.08632083851824912,0.11205570273725086,0.32397043863332237,0.014578597691763768,0.43461691846598965,0.014470332242796046,0.013987171710628112
"Random Forest (100 estimators, 5 depth)",240,60,9.88967531631109,3.1447854165763185,0.7273974420564548,18.957701617061534,4.354044282854911,0.2274425422071369,5.166666666666667,,0.08529505821388965,0.10537885873748239,0.3380447893622707,0.013007608220382428,0.42779967650056977,0.01684965817623236,0.01362435078917281
Ridge (lambda=2.0),240,60,24.2392317074419,4.9233354250387915,0.3318611223629482,19.454265550236407,4.410698986582105,0.20720674687739327,5.166666666666667,4.979806550306625,-1.785813681019521,3.228373117618659,-0.7689863977357099,0.08332626334000565,7.7505193997227115,-0.14269900955520948,-0.9066305163830426
