model_type,n_train,n_test,mse_train,rmse_train,r2_train,mse_test,rmse_test,r2_test,y_test_mean,bias,Game of season_weight,Game for player_weight,Age (days)_weight,Home?_weight,Game Started?_weight,Year_weight,Month of Season_weight
Linreg,379,95,5.905558112727495,2.430135410368627,0.17534125229886144,6.20001960370937,2.489983856114206,-0.10417509123603019,1.7578947368421052,1.9785573597510682,-0.5066359033359288,-1.3416274062990927,-6.10399264983331,-0.15017343545707376,3.0065130448364674,6.828840318272229,-0.14088901648613006
Lasso (lambda=0.05),379,95,6.030612927461071,2.4557306300694037,0.1578784579374054,6.142898047364336,2.478487048052569,-0.09400218796793625,1.7578947368421052,1.768630393441852,-0.0,-0.0,0.0,-0.0,2.3451614890811494,0.0,-0.03723724768692649
"Random Forest (500 estimators, 5 depth)",379,95,3.7046095945380153,1.924736240251639,0.4826841679249235,6.00152853773362,2.4498017343723184,-0.06882538189766207,1.7578947368421052,,0.12266269992499552,0.18454282282214857,0.28079179527238307,0.05531886091560723,0.29461581890685873,0.028152775820482562,0.0339152263375242
"Random Forest (100 estimators, 5 depth)",379,95,3.6766891749648876,1.917469471716535,0.4865830065784359,5.989751699690129,2.447396923200266,-0.06672801897749259,1.7578947368421052,,0.11867475366082525,0.1776122480032554,0.27572151567634007,0.058555564944448815,0.29632542879394613,0.037598857328154635,0.03551163159302981
Ridge (lambda=2.0),379,95,5.932775501648853,2.4357289466705554,0.17154058563279162,6.172228687489255,2.4843970470698227,-0.09922574600581213,1.7578947368421052,1.9536776919760637,-0.4765316920457292,-0.8310571669364119,-0.15231184694786096,-0.14574296334474013,2.867521665772223,0.545185905425232,0.061478622672174174
