model_type,n_train,n_test,mse_train,rmse_train,r2_train,mse_test,rmse_test,r2_test,y_test_mean,bias,Game of season_weight,Game for player_weight,Age (days)_weight,Home?_weight,Game Started?_weight,Year_weight,Month of Season_weight
Linreg,527,132,36.23964338903512,6.019937158229737,0.4995443889435679,36.25064848852423,6.020851143195971,0.3431509520885371,12.090909090909092,3.458666217703424,-5.436163908260604,-3.781089556148472,18.108933600439396,-0.05329012994284835,4.479153643742219,-4.44345295689437,16.477072113459897
Lasso (lambda=0.05),527,132,37.21767327176334,6.10062892428013,0.4860381704265201,34.20763353182691,5.848729223671318,0.38016966720477363,12.090909090909092,3.6290293735754915,-0.0,-1.6793392724609537,13.786568936877654,0.0,4.597894613053444,0.0,4.136697236022193
"Random Forest (500 estimators, 5 depth)",527,132,25.028377322177544,5.002836927402046,0.6543676842495882,35.70624634539575,5.975470386956641,0.35301532815640513,12.090909090909092,,0.07282460648980296,0.052354829127557456,0.8163460483274342,0.01034499628437416,0.028210351477685157,0.003356042092832905,0.016563126200313194
"Random Forest (100 estimators, 5 depth)",527,132,25.475747028891753,5.047350495942575,0.6481896797494242,36.43716644741065,6.036320605088057,0.3397713120318434,12.090909090909092,,0.07499860435514097,0.04575674085610689,0.8253340056932149,0.010272446480878467,0.02356861433096768,0.002536437953615397,0.017533150330075666
Ridge (lambda=2.0),527,132,36.60259650044072,6.0500079752377784,0.4945321453294854,34.25475987841653,5.852756605089309,0.3793157543182569,12.090909090909092,3.692442710964219,-2.754894624406448,-3.051589102661948,8.259733023952617,-0.0006489387783406926,4.623667276441096,5.9343509325711015,9.21124863074054
