model_type,n_train,n_test,mse_train,rmse_train,r2_train,mse_test,rmse_test,r2_test,y_test_mean,bias,Game of season_weight,Game for player_weight,Age (days)_weight,Home?_weight,Game Started?_weight,Year_weight,Month of Season_weight
Linreg,527,132,36.23964338903512,6.019937158229737,0.4995443889435679,36.25064848852423,6.020851143195971,0.3431509520885371,12.090909090909092,3.458666217703424,-5.436163908260604,-3.781089556148472,18.1089336004394,-0.0532901299428483,4.479153643742219,-4.44345295689437,16.477072113459897
Lasso (lambda=0.05),527,132,37.21767327176334,6.10062892428013,0.4860381704265201,34.20763353182691,5.848729223671318,0.3801696672047736,12.090909090909092,3.629029373575492,-0.0,-1.6793392724609535,13.786568936877654,0.0,4.597894613053444,0.0,4.136697236022193
"Random Forest (500 estimators, 5 depth)",527,132,25.028377322177544,5.002836927402046,0.6543676842495882,35.70624634539575,5.975470386956641,0.3530153281564051,12.090909090909092,,0.0728246064898029,0.0523548291275574,0.8163460483274342,0.0103449962843741,0.0282103514776851,0.0033560420928329,0.0165631262003131
"Random Forest (100 estimators, 5 depth)",527,132,25.475747028891757,5.047350495942575,0.6481896797494242,36.43716644741065,6.036320605088057,0.3397713120318434,12.090909090909092,,0.0749986043551409,0.0457567408561068,0.8253340056932149,0.0102724464808784,0.0235686143309676,0.0025364379536153,0.0175331503300756
Ridge (lambda=2.0),527,132,36.60259650044072,6.050007975237778,0.4945321453294854,34.25475987841653,5.852756605089309,0.3793157543182569,12.090909090909092,3.692442710964219,-2.754894624406448,-3.051589102661948,8.259733023952617,-0.0006489387783406,4.623667276441096,5.9343509325711015,9.21124863074054
SVM (linear kernel),527,132,36.544122088379545,6.045173453953124,0.49533965458958196,34.8428948729657,5.902787042826947,0.36865895430720796,12.090909090909092,,,,,,,,
"Feedforward NN (3 layers, [[16, 4, 1]] activations)",527,132,38.31611761304576,6.190001422701433,0.4708690743036177,34.01394196323839,5.832147285797778,0.38367929055554273,12.090909090909092,,,,,,,,
