model_type,n_train,n_test,mse_train,rmse_train,r2_train,mse_test,rmse_test,r2_test,y_test_mean,bias,Game of season_weight,Game for player_weight,Age (days)_weight,Home?_weight,Game Started?_weight,Year_weight,Month of Season_weight
Linreg,714,179,54.97856180953653,7.414752983716755,0.04943797072395539,52.75391758833681,7.2631892160632034,0.023331873329893615,18.88268156424581,10.20876702899559,21.96808314102916,-19.714054779905517,-23.527048872040353,1.3223569049979853,9.7255286481309,25.637020298507274,-7.0904002227887535
Lasso (lambda=0.05),714,179,56.18781089330186,7.4958529129980835,0.028530434674789662,54.44975399518035,7.379007656533523,-0.008064266375511497,18.88268156424581,13.05298499312546,-0.0,-0.0,0.0,1.1880225807502969,5.968368287984555,0.23032406976397446,-0.5775914164817165
"Random Forest (500 estimators, 5 depth)",714,179,38.592162212345336,6.212259026501176,0.3327536621673858,40.53063668691493,6.366367621094067,0.24962954761661904,18.88268156424581,,0.09660217841703322,0.07438903344789258,0.7237277953023096,0.014319747552946033,0.0006211958505528294,0.08116953832020266,0.00917051110906299
"Random Forest (100 estimators, 5 depth)",714,179,38.56285663964412,6.20989988966361,0.3332603462955097,40.186420517594975,6.339276024720408,0.25600224895574386,18.88268156424581,,0.10085435627138091,0.07332840360855748,0.7077287149366525,0.015052845690459072,0.0008996877656069318,0.09240526813868856,0.009730723588654634
Ridge (lambda=2.0),714,179,55.67820293090417,7.461782825230453,0.03734139594638752,54.260849446757,7.366196402944806,-0.004566951676197251,18.88268156424581,11.213135120150218,4.703104850098608,-3.736969363938036,-1.423035655623149,1.36631875454172,8.013461570906843,2.2206177859609717,-2.6426248870845157
