model_type,n_train,n_test,mse_train,rmse_train,r2_train,mse_test,rmse_test,r2_test,y_test_mean,bias,Game of season_weight,Game for player_weight,Age (days)_weight,Home?_weight,Game Started?_weight,Year_weight,Month of Season_weight
Linreg,714,179,54.97856180953653,7.414752983716755,0.0494379707239553,52.75391758833681,7.2631892160632034,0.0233318733298936,18.88268156424581,10.20876702899559,21.96808314102916,-19.71405477990552,-23.527048872040357,1.3223569049979853,9.7255286481309,25.637020298507277,-7.0904002227887535
Lasso (lambda=0.05),714,179,56.18781089330186,7.4958529129980835,0.0285304346747896,54.44975399518035,7.379007656533523,-0.0080642663755114,18.88268156424581,13.05298499312546,-0.0,-0.0,0.0,1.1880225807502969,5.968368287984555,0.2303240697639744,-0.5775914164817165
"Random Forest (500 estimators, 5 depth)",714,179,38.592162212345336,6.212259026501176,0.3327536621673858,40.53063668691493,6.366367621094067,0.249629547616619,18.88268156424581,,0.0966021784170332,0.0743890334478925,0.7237277953023096,0.014319747552946,0.0006211958505528,0.0811695383202026,0.0091705111090629
"Random Forest (100 estimators, 5 depth)",714,179,38.56285663964412,6.20989988966361,0.3332603462955097,40.186420517594975,6.339276024720408,0.2560022489557438,18.88268156424581,,0.1008543562713809,0.0733284036085574,0.7077287149366525,0.015052845690459,0.0008996877656069,0.0924052681386885,0.0097307235886546
Ridge (lambda=2.0),714,179,55.67820293090417,7.461782825230453,0.0373413959463875,54.260849446757,7.366196402944806,-0.0045669516761972,18.88268156424581,11.213135120150218,4.703104850098608,-3.736969363938036,-1.423035655623149,1.36631875454172,8.013461570906843,2.220617785960972,-2.642624887084516
SVM (linear kernel),714,179,55.236499995316265,7.432126209592802,0.044978300677438465,53.55854084826281,7.31837009505961,0.008435351367686694,18.88268156424581,,,,,,,,
"Feedforward NN (3 layers, [[16, 4, 1]] activations)",714,179,53.551858647764995,7.3179135447041865,0.07410521933853909,53.25316951947665,7.297476928327807,0.014088892512283513,18.88268156424581,,,,,,,,
