model_type,n_train,n_test,mse_train,rmse_train,r2_train,mse_test,rmse_test,r2_test,y_test_mean,bias,Game of season_weight,Game for player_weight,Age (days)_weight,Home?_weight,Game Started?_weight,Year_weight,Month of Season_weight
Linreg,112,28,23.68336880270825,4.866556154274628,0.1310889072336903,16.852329182245622,4.105158849818801,-0.0147639077481236,3.5,2.966099114419389,3.0461991168473137,-4.646806242347979,24.815971993749613,-1.0419498397425877,1.7854524813511408,-31.02006646101322,7.928090456603124
Lasso (lambda=0.05),112,28,26.45441925273402,5.143385971588563,0.0294227762579685,17.80518773365414,4.219619382557405,-0.0721403366501418,3.5,3.5196318825160064,1.186309753565026,0.0,0.640517703569237,-1.1951440617992106,0.0,-0.0,0.0
"Random Forest (500 estimators, 5 depth)",112,28,9.371606491341211,3.0613079706787447,0.6561683050581912,14.346513098791004,3.7876791177172073,0.1361239424383912,3.5,,0.2862737105704472,0.2025165879466619,0.3479609486691077,0.0506193699512915,0.0015823076377861,0.0175160306323274,0.093531044592378
"Random Forest (100 estimators, 5 depth)",112,28,8.790514425998754,2.964880170596909,0.6774877949373849,14.17339442909498,3.76475688844512,0.1465482924415926,3.5,,0.2723928166460391,0.2003635856080861,0.387697228690057,0.0408073156467136,0.0005657830069115,0.0173457127556691,0.0808275576465233
Ridge (lambda=2.0),112,28,25.99598206349644,5.0986255072810005,0.0462422229500113,16.88135154340859,4.1086921938018905,-0.0165114907858936,3.5,3.379923664048732,1.4433368079189384,-0.6675443031814727,2.3005308278176724,-1.2715868564821422,0.9302533972839724,-2.265726720291698,1.0267664545313335
SVM (linear kernel),112,28,25.87443861924582,5.086692306326953,0.05070148919047579,16.682393756521776,4.084408617722005,-0.0045312369518488715,3.5,,,,,,,,
"Feedforward NN (3 layers, [[16, 4, 1]] activations)",112,28,27.7856394583962,5.271208538693589,-0.019417910776480918,15.162601995572233,3.893918591287218,0.0869831056429623,3.5,,,,,,,,
