model_type,n_train,n_test,mse_train,rmse_train,r2_train,mse_test,rmse_test,r2_test,y_test_mean,bias,Game of season_weight,Game for player_weight,Age (days)_weight,Home?_weight,Game Started?_weight,Year_weight,Month of Season_weight
Linreg,519,130,36.13869117662869,6.011546487937084,0.35144370190868224,35.11810419103078,5.926053002718654,0.31623392582508114,9.669230769230769,3.9923026639789896,-20.890810151538336,27.81229166926874,7.2174040753954305,0.3967755621257527,8.057938556965226,-5.913417130956379,-3.410768433944085
Lasso (lambda=0.05),519,130,36.857512479060375,6.071038830304117,0.33854350913148046,35.750657487436634,5.979185353159462,0.30391781440183707,9.669230769230769,4.8274935186368255,0.0,2.0512793863658296,0.2533356423684523,0.16290096448026292,8.351040836504195,0.0,-0.0
"Random Forest (500 estimators, 5 depth)",519,130,22.424317178188225,4.735432100472799,0.5975661634996703,30.579367492499877,5.529861435198885,0.40460527289969717,9.669230769230769,,0.06350480689603887,0.06634304338544159,0.287110099739762,0.02416506928237837,0.5395627686774419,0.013002268577487578,0.0063119434414496715
"Random Forest (100 estimators, 5 depth)",519,130,22.744034272786113,4.769070587943327,0.5918284201404692,30.558670419591667,5.527989726798673,0.405008254684032,9.669230769230769,,0.06835006789731213,0.05653332947777911,0.28964614505329017,0.024420004339657707,0.541528076292935,0.012649794216961819,0.0068725827220641016
Ridge (lambda=2.0),519,130,36.47275859507313,6.039268051268558,0.3454484231322509,34.89534495260884,5.90722819540678,0.32057115340187237,9.669230769230769,4.4477313732685175,1.4087091780500978,4.693797762023799,1.0517137950275623,0.37315900908796795,8.13006773725202,-0.5629002555803767,-3.2009055665317683
