model_type,n_train,n_test,mse_train,rmse_train,r2_train,mse_test,rmse_test,r2_test,y_test_mean,bias,Game of season_weight,Game for player_weight,Age (days)_weight,Home?_weight,Game Started?_weight,Year_weight,Month of Season_weight
Linreg,344,87,19.643668492552354,4.432117833784697,0.1972030514445956,20.34489818107295,4.510531917753487,0.12153994196934803,5.0344827586206895,2.692841567920591,-22.52241381267032,23.23984091818112,11.523824593118562,0.2508992127055738,4.1241166128066915,-7.165985991459304,-0.7118486428773814
Lasso (lambda=0.05),344,87,20.447808724295,4.521925333781508,0.1643394687335359,21.417910600590744,4.6279488545781,0.07520898745053295,5.0344827586206895,3.3183465796382112,-0.0,0.0,2.7478574389236883,0.012078309417173087,4.329940102939118,0.0,-0.07924316654287913
"Random Forest (500 estimators, 5 depth)",344,87,11.985743630469324,3.462043273916333,0.5101669315812242,25.535730128316754,5.053289040646375,-0.10259185230255996,5.0344827586206895,,0.11932639259987321,0.12699777400504955,0.37752033173531113,0.044727902626022734,0.22534597840669168,0.020325089362643257,0.08575653126440844
"Random Forest (100 estimators, 5 depth)",344,87,11.958606021103986,3.458121747582636,0.5112759907163772,25.595555944997223,5.059205070462871,-0.10517503507030401,5.0344827586206895,,0.14027692711319664,0.12465995487692352,0.36816573390672164,0.05054217764188154,0.22687182608670536,0.014239677411216362,0.07524370296335497
Ridge (lambda=2.0),344,87,20.197480366481344,4.4941606965574055,0.1745698817475756,20.699496427867093,4.54966992515579,0.10622895866120141,5.0344827586206895,3.189907804934985,-1.6341896934334728,2.422369016414238,2.5036813066437227,0.2256863722674332,4.305745380426548,1.1445710865817373,-1.6708931665252995
