model_type,n_train,n_test,mse_train,rmse_train,r2_train,mse_test,rmse_test,r2_test,y_test_mean,bias,Game of season_weight,Game for player_weight,Age (days)_weight,Home?_weight,Game Started?_weight,Year_weight,Month of Season_weight
Linreg,344,87,19.643668492552354,4.432117833784697,0.1972030514445956,20.34489818107295,4.510531917753487,0.121539941969348,5.0344827586206895,2.692841567920591,-22.52241381267032,23.23984091818112,11.523824593118562,0.2508992127055738,4.124116612806692,-7.165985991459304,-0.7118486428773814
Lasso (lambda=0.05),344,87,20.447808724295,4.521925333781508,0.1643394687335359,21.417910600590744,4.6279488545781,0.0752089874505329,5.0344827586206895,3.3183465796382112,-0.0,0.0,2.7478574389236883,0.012078309417173,4.329940102939118,0.0,-0.0792431665428791
"Random Forest (500 estimators, 5 depth)",344,87,11.985743630469324,3.462043273916333,0.5101669315812242,25.535730128316757,5.053289040646375,-0.1025918523025599,5.0344827586206895,,0.1193263925998732,0.1269977740050495,0.3775203317353111,0.0447279026260227,0.2253459784066916,0.0203250893626432,0.0857565312644084
"Random Forest (100 estimators, 5 depth)",344,87,11.958606021103986,3.458121747582636,0.5112759907163772,25.595555944997223,5.059205070462871,-0.105175035070304,5.0344827586206895,,0.1402769271131966,0.1246599548769235,0.3681657339067216,0.0505421776418815,0.2268718260867053,0.0142396774112163,0.0752437029633549
Ridge (lambda=2.0),344,87,20.197480366481344,4.4941606965574055,0.1745698817475756,20.699496427867093,4.54966992515579,0.1062289586612014,5.0344827586206895,3.189907804934985,-1.6341896934334728,2.422369016414238,2.5036813066437227,0.2256863722674332,4.305745380426548,1.1445710865817371,-1.6708931665252995
SVM (linear kernel),344,87,19.961646572234418,4.467845853678752,0.1842079313033118,20.328377561809024,4.508700207577459,0.12225327580017509,5.0344827586206895,,,,,,,,
"Feedforward NN (3 layers, [[16, 4, 1]] activations)",344,87,19.70335193092604,4.438845788144261,0.19476391019031025,24.558599979018798,4.9556634247110445,-0.06040094035912569,5.0344827586206895,,,,,,,,
