model_type,n_train,n_test,mse_train,rmse_train,r2_train,mse_test,rmse_test,r2_test,y_test_mean,bias,Game of season_weight,Game for player_weight,Age (days)_weight,Home?_weight,Game Started?_weight,Year_weight,Month of Season_weight
Linreg,276,69,34.35471210786795,5.861289287167794,0.1068033515024931,25.741809364911038,5.073638671102923,0.055803124912623736,8.53623188405797,5.992526611013148,3.1333227714538023,-1.7667849622595053,16.663878516859025,0.26006769390345474,-0.2791536554082661,-11.275882524205912,-1.642302929552573
Lasso (lambda=0.05),276,69,34.757462195098206,5.8955459624277555,0.09633215247260052,23.97537222418063,4.896465278563776,0.12059516826406791,8.53623188405797,6.372588946713149,-0.2903346117902189,-0.0,5.837658585599636,0.011061141676405102,0.0,0.0,-0.29059520939258987
"Random Forest (500 estimators, 5 depth)",276,69,21.451859904301347,4.631615258665312,0.44226779399581095,19.090184756825114,4.369231597984377,0.29978143584557504,8.53623188405797,,0.2002167191689542,0.19688443101175726,0.4953238918860175,0.04116493642669971,0.014544509226216194,0.008421802851841726,0.04344370942851344
"Random Forest (100 estimators, 5 depth)",276,69,21.216641517913992,4.606152572148907,0.4483832949415476,19.388809490722906,4.40327258873703,0.28882802784798345,8.53623188405797,,0.20774905136906127,0.19840925073773255,0.4851584631727608,0.03592567323833238,0.015073021162080869,0.012850389644697398,0.0448341506753348
Ridge (lambda=2.0),276,69,34.720618926091134,5.892420464129417,0.097290049726796,23.76148858290144,4.874575733630716,0.1284403147673826,8.53623188405797,6.6241643506337144,-0.5095183586999129,0.21022816027609945,5.291410201063645,0.1918343064309448,-0.05410512781238239,0.6560910788648994,-1.3508964555287195
