model_type,n_train,n_test,mse_train,rmse_train,r2_train,mse_test,rmse_test,r2_test,y_test_mean,bias,Game of season_weight,Game for player_weight,Age (days)_weight,Home?_weight,Game Started?_weight,Year_weight,Month of Season_weight
Linreg,679,170,43.63560588797928,6.605725235580064,0.0799637499888019,46.991826271193226,6.855058444039207,0.0694088493571929,9.717647058823529,5.408987511637093,-6.859097975263082,8.254426938124599,26.626567378429584,0.5564807210678933,2.002755826183159,-21.43997653736121,2.5871408991406364
Lasso (lambda=0.05),679,170,44.18088057713007,6.646869983468164,0.0684668893397211,47.30625885017415,6.8779545542387925,0.0631820606006806,9.717647058823529,5.785345751772019,-0.0,1.52569254650188,4.8445177522417495,0.3038816673201364,2.150377285112193,0.0,0.0
"Random Forest (500 estimators, 5 depth)",679,170,32.90611493356666,5.736385180021183,0.3061900260159732,39.49839450421341,6.284774817303592,0.217803194579138,9.717647058823529,,0.1285844866679306,0.107137117548,0.6938519630691092,0.0203020613396158,0.0251322901452373,0.0179406704344927,0.007051410795614
"Random Forest (100 estimators, 5 depth)",679,170,32.71474142916995,5.719680185916862,0.3102250464483389,39.51585130969509,6.286163480987039,0.2174574929967822,9.717647058823529,,0.1300728032723957,0.1169054845249162,0.6792477699443359,0.0229136673517622,0.0220947523979744,0.0242276055029575,0.004537917005658
Ridge (lambda=2.0),679,170,43.84618574789071,6.621645244793072,0.0755237725736112,46.74956629676409,6.837365449993446,0.0742063855724839,9.717647058823529,5.532071475374087,-3.414793375267014,5.240032563495021,3.5063542574878395,0.4986096866704323,2.17495657180742,1.618329818622919,0.223704026320684
SVM (linear kernel),679,170,44.250263278134945,6.652087136992039,0.06700398768523164,47.37961307613583,6.883285049751741,0.06172940810855909,9.717647058823529,,,,,,,,
"Feedforward NN (3 layers, [[16, 4, 1]] activations)",679,170,43.18456181986398,6.57149616296502,0.08947380226317436,46.88981939761573,6.847614139071778,0.0714289175560352,9.717647058823529,,,,,,,,
