model_type,n_train,n_test,mse_train,rmse_train,r2_train,mse_test,rmse_test,r2_test,y_test_mean,bias,Game of season_weight,Game for player_weight,Age (days)_weight,Home?_weight,Game Started?_weight,Year_weight,Month of Season_weight
Linreg,515,129,18.34391883585854,4.282980134889554,0.18084754945531778,17.199614108086102,4.147241747003194,0.19666455683980133,5.550387596899225,3.4533300297632645,-18.969669352493355,8.758223988453254,-7.220877604111119,0.24135357443349265,3.2842239361941474,6.681421159982204,10.549410544892366
Lasso (lambda=0.05),515,129,19.052849989982256,4.36495704331466,0.14919004500579292,17.807495445544387,4.219892823940484,0.16827248824180407,5.550387596899225,4.537751853514973,-0.0,0.0,-1.8458799203959928,0.1539451518208141,3.2147210322729793,-0.0,-0.0
"Random Forest (500 estimators, 5 depth)",515,129,11.168596227055572,3.341944976664872,0.5012634404676551,15.852025501277566,3.981460222239771,0.25960583469900766,5.550387596899225,,0.0925208198338888,0.1208355267255741,0.5573631394803434,0.010769885189508232,0.19626234958155078,0.014896875696306388,0.007351403492828154
"Random Forest (100 estimators, 5 depth)",515,129,11.177315407896483,3.3432492291028026,0.5008740831871044,15.67951606815182,3.9597368685497045,0.2676631632552474,5.550387596899225,,0.09977507111459309,0.12674304521012142,0.5738952150274771,0.009209361219146062,0.1715037447325184,0.013725471370097005,0.005148091326046866
Ridge (lambda=2.0),515,129,18.755739059443385,4.330789657723333,0.16245761062316633,17.486114941206985,4.1816402213972195,0.1832830779127408,5.550387596899225,4.404901707678986,-4.352747407851984,2.1893352931206835,-1.8853141510275477,0.31321621973424263,3.3074429700621577,-0.08411826613443882,2.245698709225664
