model_type,n_train,n_test,mse_train,rmse_train,r2_train,mse_test,rmse_test,r2_test,y_test_mean,bias,Game of season_weight,Game for player_weight,Age (days)_weight,Home?_weight,Game Started?_weight,Year_weight,Month of Season_weight
Linreg,515,129,18.34391883585854,4.282980134889554,0.1808475494553177,17.199614108086102,4.147241747003194,0.1966645568398013,5.550387596899225,3.4533300297632645,-18.969669352493355,8.758223988453254,-7.220877604111119,0.2413535744334926,3.2842239361941474,6.681421159982204,10.549410544892366
Lasso (lambda=0.05),515,129,19.052849989982256,4.36495704331466,0.1491900450057929,17.807495445544387,4.219892823940484,0.168272488241804,5.550387596899225,4.537751853514973,-0.0,0.0,-1.8458799203959928,0.1539451518208141,3.21472103227298,-0.0,-0.0
"Random Forest (500 estimators, 5 depth)",515,129,11.168596227055572,3.341944976664872,0.5012634404676551,15.852025501277566,3.981460222239771,0.2596058346990076,5.550387596899225,,0.0925208198338888,0.1208355267255741,0.5573631394803434,0.0107698851895082,0.1962623495815507,0.0148968756963063,0.0073514034928281
"Random Forest (100 estimators, 5 depth)",515,129,11.177315407896485,3.343249229102802,0.5008740831871044,15.67951606815182,3.959736868549705,0.2676631632552474,5.550387596899225,,0.099775071114593,0.1267430452101214,0.5738952150274771,0.009209361219146,0.1715037447325184,0.013725471370097,0.0051480913260468
Ridge (lambda=2.0),515,129,18.755739059443385,4.330789657723333,0.1624576106231663,17.486114941206985,4.18164022139722,0.1832830779127408,5.550387596899225,4.404901707678986,-4.352747407851984,2.1893352931206835,-1.885314151027548,0.3132162197342426,3.3074429700621577,-0.0841182661344388,2.245698709225664
SVM (linear kernel),515,129,18.81004851876305,4.337055281958376,0.16003240763968518,17.197915621861327,4.147036968952812,0.1967438873512598,5.550387596899225,,,,,,,,
"Feedforward NN (3 layers, [[16, 4, 1]] activations)",515,129,18.913407614672106,4.348954772663439,0.15541688042014257,17.385408505612233,4.169581334572121,0.18798673280634437,5.550387596899225,,,,,,,,
