model_type,n_train,n_test,mse_train,rmse_train,r2_train,mse_test,rmse_test,r2_test,y_test_mean,bias,Game of season_weight,Game for player_weight,Age (days)_weight,Home?_weight,Game Started?_weight,Year_weight,Month of Season_weight
Linreg,401,101,21.344015425894654,4.619958379238351,0.1366070270852696,25.93879776088335,5.093014604424707,0.1939560000281136,8.326732673267326,3.8203834786793713,-4.50826264180476,3.3111150745128253,13.972613625738587,0.6303726496767958,1.9666898563659967,-11.526829912451676,6.574332331348304
Lasso (lambda=0.05),401,101,21.840887604439278,4.6734235421625625,0.1165079061451771,25.966126289053346,5.095696840379473,0.1931067703775125,8.326732673267326,4.7043991855150615,0.0,0.1630106688630369,3.0700573337943315,0.4453072526709748,1.8854773179978312,0.0,0.9198236741044212
"Random Forest (500 estimators, 5 depth)",401,101,14.041768457352449,3.747234774784261,0.4319923420470614,26.38026787367769,5.136172492593847,0.1802373867421342,8.326732673267326,,0.1300954955616164,0.1699831856177062,0.5728690309453492,0.0259764161395975,0.0207993103813424,0.009426029788116,0.0708505315662719
"Random Forest (100 estimators, 5 depth)",401,101,14.206201275392624,3.769111470279517,0.4253408223222295,26.43530011750338,5.141527021955966,0.1785272685497025,8.326732673267326,,0.1328065801832975,0.1818102012624076,0.5576984305803143,0.0238422384585415,0.0190450980545666,0.0092050303675591,0.0755924210933132
Ridge (lambda=2.0),401,101,21.60107670132442,4.647695848624823,0.126208566702539,25.89589818949633,5.088801252701497,0.1952890973611759,8.326732673267326,4.093200126927098,-2.177878658893983,1.6485079889587415,3.229231884470105,0.6029718637102641,2.011681568306895,0.140674647553889,3.045604655908708
SVM (linear kernel),401,101,21.556067019016805,4.642851173472698,0.1280292664463356,26.305267794226527,5.128866131439436,0.18256800223928682,8.326732673267326,,,,,,,,
"Feedforward NN (3 layers, [[16, 4, 1]] activations)",401,101,22.129224131681763,4.704170929258605,0.10484432145933686,26.997510719638516,5.195912886070985,0.16105666383050488,8.326732673267326,,,,,,,,
