model_type,n_train,n_test,mse_train,rmse_train,r2_train,mse_test,rmse_test,r2_test,y_test_mean,bias,Game of season_weight,Game for player_weight,Age (days)_weight,Home?_weight,Game Started?_weight,Year_weight,Month of Season_weight
Linreg,414,104,11.158185486644852,3.340387026475353,0.1806669504202204,9.726972702988764,3.118809500913572,0.1907905673666547,3.3653846153846154,2.918361992094065,-1.7615074422144363,3.6206981514414975,4.94138827189963,-0.1162553805686725,3.9089493456925952,-5.832489178698489,0.129896078648021
Lasso (lambda=0.05),414,104,11.353543178052163,3.369501918392712,0.1663220541777984,9.892612848296103,3.1452524299801605,0.1770105792759848,3.3653846153846154,3.0639627454802847,0.0,0.7148105998960915,-0.0,-0.0,3.7040135516849815,-0.2168405556708321,-0.0
"Random Forest (500 estimators, 5 depth)",414,104,7.133966225115756,2.670948562798572,0.4761608587866558,9.068316099221772,3.0113644912600286,0.2455857387842454,3.3653846153846154,,0.1548652154661399,0.1732338210229195,0.2812824325499178,0.0212274559838248,0.308019121262922,0.0253673491989471,0.0360046045153287
"Random Forest (100 estimators, 5 depth)",414,104,7.069260279641867,2.6588080561864307,0.4809121438136451,9.077146409715134,3.012830298857726,0.2448511247617227,3.3653846153846154,,0.152112386327714,0.1678679432382628,0.2805776694641602,0.024500669879497,0.3130970148016252,0.0278330341381407,0.0340112821505999
Ridge (lambda=2.0),414,104,11.196517693223216,3.346119796603704,0.1778522594697461,9.612642354656666,3.1004261569430525,0.2003019743718541,3.3653846153846154,3.337438224504308,-0.6505598211567171,2.52270912892278,0.0444070215949768,-0.0845593747280409,3.861455612002509,-0.911785688664162,-0.6075538668140039
SVM (linear kernel),414,104,11.384450801354767,3.37408517991985,0.1640525420527228,9.44459809500343,3.0732064842772004,0.2142819663142087,3.3653846153846154,,,,,,,,
"Feedforward NN (3 layers, [[16, 4, 1]] activations)",414,104,11.547071780833324,3.398098259443556,0.15211146586239677,10.000423681344644,3.162344649361395,0.1680415458771215,3.3653846153846154,,,,,,,,
