model_type,n_train,n_test,mse_train,rmse_train,r2_train,mse_test,rmse_test,r2_test,y_test_mean,bias,Game of season_weight,Game for player_weight,Age (days)_weight,Home?_weight,Game Started?_weight,Year_weight,Month of Season_weight
Linreg,577,145,41.64662877001487,6.453419928225256,0.2466299493148845,40.30210318750535,6.348393748619043,0.1282784323371165,14.558620689655172,8.621494115090666,-0.9750411666599472,-1.0015787264586682,-36.74751075294261,0.1039537762651325,9.016096703562836,36.73735800652143,-0.1281729902505611
Lasso (lambda=0.05),577,145,42.38449954681897,6.5103378980525255,0.2332821763753325,40.77956910301473,6.385888278306686,0.11795099770084,14.558620689655172,9.04089000050524,0.0,0.0,-1.224455737369848,-0.0,8.512021949033503,-0.0,0.2407564867434505
"Random Forest (500 estimators, 5 depth)",577,145,30.429052581710074,5.516253491429675,0.4495511986725744,36.67910242419487,6.056327470026276,0.2066427770052619,14.558620689655172,,0.0827182603642216,0.0844451183315409,0.2997849305347129,0.0086454717210686,0.4839007636829892,0.0268150675470648,0.0136903878184018
"Random Forest (100 estimators, 5 depth)",577,145,30.305188085672587,5.505014812484394,0.4517918554655448,36.242912667483225,6.020208689695335,0.2160774215633913,14.558620689655172,,0.082141093120898,0.0857710462012332,0.3072116976122585,0.008141300061982,0.472403223844442,0.0278646590836929,0.0164669800754932
Ridge (lambda=2.0),577,145,42.23672867588187,6.498979048733876,0.2359552894655288,40.39259634322222,6.355517000466778,0.1263210943987646,14.558620689655172,8.702964532224222,-0.540564861305064,-0.3733405109867549,-3.2679895829937173,-0.0431266796846663,8.71775325618807,1.7219275848808278,1.5261955776434877
SVM (linear kernel),577,145,42.06555552747218,6.485796445115447,0.23905173994188011,40.212770571641784,6.341354001444943,0.130210668170609,14.558620689655172,,,,,,,,
"Feedforward NN (3 layers, [[16, 4, 1]] activations)",577,145,43.14517104518793,6.568498385870847,0.2195219479437448,40.29915199647426,6.348161308321824,0.128342265652716,14.558620689655172,,,,,,,,
