model_type,n_train,n_test,mse_train,rmse_train,r2_train,mse_test,rmse_test,r2_test,y_test_mean,bias,Game of season_weight,Game for player_weight,Age (days)_weight,Home?_weight,Game Started?_weight,Year_weight,Month of Season_weight
Linreg,577,145,41.64662877001487,6.453419928225256,0.24662994931488458,40.302103187505345,6.348393748619043,0.12827843233711655,14.558620689655172,8.621494115090666,-0.9750411666599472,-1.0015787264586682,-36.74751075294261,0.10395377626513252,9.016096703562836,36.737358006521426,-0.12817299025056111
Lasso (lambda=0.05),577,145,42.38449954681897,6.5103378980525255,0.23328217637533255,40.77956910301473,6.385888278306686,0.11795099770084005,14.558620689655172,9.040890000505241,0.0,0.0,-1.224455737369848,-0.0,8.512021949033503,-0.0,0.24075648674345054
"Random Forest (500 estimators, 5 depth)",577,145,30.429052581710074,5.516253491429675,0.4495511986725744,36.67910242419487,6.056327470026276,0.2066427770052619,14.558620689655172,,0.08271826036422163,0.08444511833154097,0.2997849305347129,0.008645471721068622,0.4839007636829892,0.026815067547064874,0.013690387818401808
"Random Forest (100 estimators, 5 depth)",577,145,30.305188085672587,5.505014812484394,0.4517918554655448,36.242912667483225,6.020208689695335,0.21607742156339138,14.558620689655172,,0.082141093120898,0.0857710462012332,0.3072116976122585,0.008141300061982042,0.472403223844442,0.027864659083692924,0.016466980075493253
Ridge (lambda=2.0),577,145,42.23672867588187,6.498979048733876,0.2359552894655288,40.39259634322222,6.355517000466778,0.1263210943987646,14.558620689655172,8.702964532224222,-0.540564861305064,-0.37334051098675497,-3.2679895829937173,-0.04312667968466639,8.71775325618807,1.7219275848808278,1.5261955776434877
