model_type,n_train,n_test,mse_train,rmse_train,r2_train,mse_test,rmse_test,r2_test,y_test_mean,bias,Game of season_weight,Game for player_weight,Age (days)_weight,Home?_weight,Game Started?_weight,Year_weight,Month of Season_weight
Linreg,589,148,21.322557126351484,4.617635447537135,0.1975795575506529,20.779960665262635,4.558504213583951,0.1853737723951878,5.608108108108108,2.5485242306267697,-5.547621705045657,14.823854102042096,-3.95298961446918,0.3707294777952415,3.1233901580790597,6.923857440191977,-7.027568453426856
Lasso (lambda=0.05),589,148,22.03826414794204,4.694492959622162,0.1706457361742732,21.41688175415036,4.627837697472801,0.1604048789366979,5.608108108108108,3.4503811217085314,0.0,3.893440874279343,0.8633006810349437,0.2197745703954328,3.3555051423324267,0.0,-2.473430466795727
"Random Forest (500 estimators, 5 depth)",589,148,13.011861532989876,3.6071957990924015,0.5103315410754423,17.877027879834824,4.228123446617285,0.2991759697177543,5.608108108108108,,0.0660434324336026,0.0598242002492142,0.5610209662868345,0.0140626253143697,0.2572967930434886,0.0307847448495553,0.0109672378229349
"Random Forest (100 estimators, 5 depth)",589,148,13.04103648576373,3.611237528294661,0.50923361560738,17.74732742759867,4.212757698657575,0.3042605505707105,5.608108108108108,,0.074194990262164,0.0653916289886127,0.5688634539036285,0.0135315330024244,0.2485830590531259,0.0199645303913574,0.0094708043986868
Ridge (lambda=2.0),589,148,21.531196162440157,4.640171997075125,0.1897279557630053,20.9542146136241,4.577577373854439,0.1785425834971145,5.608108108108108,2.837193931291244,0.7879810837414153,6.850976849536497,0.6867538144606273,0.4193809676443246,3.269878516346694,1.2470233445647616,-5.495078321814179
SVM (linear kernel),589,148,21.59432406200782,4.646969341625552,0.18735229712122914,21.136348749485144,4.59742849313452,0.17140247161699085,5.608108108108108,,,,,,,,
"Feedforward NN (3 layers, [[16, 4, 1]] activations)",589,148,22.066601964375703,4.697510187788389,0.16957931421249806,22.526374038653,4.74619574381978,0.11691001728414785,5.608108108108108,,,,,,,,
