model_type,n_train,n_test,mse_train,rmse_train,r2_train,mse_test,rmse_test,r2_test,y_test_mean,bias,Game of season_weight,Game for player_weight,Age (days)_weight,Home?_weight,Game Started?_weight,Year_weight,Month of Season_weight
Linreg,235,59,30.166828603272403,5.492433759570742,0.222719892272135,33.917910368543,5.823908513064315,0.1688378481619534,8.271186440677965,5.441560449210338,8.316710894942368,-4.575481435934691,19.96755136337236,-0.3941895270056215,5.222369251070704,-20.452328491610757,-0.3226647658626995
Lasso (lambda=0.05),235,59,31.36993283636209,5.600886790175471,0.1917206447144267,34.48470640771258,5.872368040893944,0.1549484484185546,8.271186440677965,6.233832286165072,0.1415966312560818,0.0,0.0,-0.2594747184885007,5.404406592357703,-0.0,0.0
"Random Forest (500 estimators, 5 depth)",235,59,16.39005847081756,4.048463717364596,0.5776928830867849,34.95779045496653,5.912511349246319,0.143355471420758,8.271186440677965,,0.1669513974387896,0.1586154021654971,0.1919202726885898,0.0550289892526834,0.30808700028113,0.0273509189511623,0.0920460192221475
"Random Forest (100 estimators, 5 depth)",235,59,16.486805922579148,4.060394798856282,0.5752000831071582,34.13492330757074,5.8425100177552745,0.1635199220450697,8.271186440677965,,0.1647399949477249,0.1486017150430539,0.2014384545993174,0.0535007337710452,0.3158716280108706,0.0268370802407304,0.0890103933872572
Ridge (lambda=2.0),235,59,31.01285871944904,5.568918990203488,0.2009210353723594,34.449612651198095,5.869379238999478,0.1558084248104878,8.271186440677965,6.2492254409561205,2.478969951831511,-1.0385420876935585,2.220144502061036,-0.4338051454103536,5.339592109289522,-2.367105930219399,-0.7363731483177675
SVM (linear kernel),235,59,30.710982126990825,5.541749013352267,0.20869920368405892,35.177265759969,5.931042552533998,0.13797720475282216,8.271186440677965,,,,,,,,
"Feedforward NN (3 layers, [[16, 4, 1]] activations)",235,59,35.522412816943046,5.960068188950781,0.08472762502744358,40.29652756788509,6.347954597182079,0.012529126912623423,8.271186440677965,,,,,,,,
