model_type,n_train,n_test,mse_train,rmse_train,r2_train,mse_test,rmse_test,r2_test,y_test_mean,bias,Game of season_weight,Game for player_weight,Age (days)_weight,Home?_weight,Game Started?_weight,Year_weight,Month of Season_weight
Linreg,519,130,35.05441231469647,5.920676677094981,0.2133442786768932,25.61700771959644,5.061324700075707,0.13691391922476737,10.507692307692308,9.295896077376288,33.27750716443589,-19.285038571664177,-12.99174017866299,1.5354851231313347,4.760869758676389,13.391091432744318,-17.778941123937138
Lasso (lambda=0.05),519,130,36.48114557624492,6.039962382022335,0.18132697161371014,24.789288665941765,4.978884279227803,0.16480136032723858,10.507692307692308,7.343037309043261,4.966175542544063,0.0,0.0,1.2692659755063815,4.525077212314627,1.7642341113959739,-4.515819548616494
"Random Forest (500 estimators, 5 depth)",519,130,24.25506338639254,4.9249429830600615,0.4556923615586932,23.815150639654426,4.880076909194611,0.19762193720512644,10.507692307692308,,0.10243034409267973,0.0854250041091937,0.4662240029257027,0.02555044151984385,0.25842300563981746,0.035312426557614865,0.026634775155147446
"Random Forest (100 estimators, 5 depth)",519,130,24.242917352856754,4.92370971451981,0.45596493057758103,23.202813113767835,4.816929843143642,0.2182527618944896,10.507692307692308,,0.11729639507584552,0.08211298759089976,0.4629576061988866,0.02191702502956293,0.259107779451879,0.028581150559615857,0.028027056093310423
Ridge (lambda=2.0),519,130,36.00997192220935,6.000830935979563,0.19190057494091228,24.886348725410794,4.988621926485389,0.16153122092438976,10.507692307692308,7.446535557312392,6.512305735657446,1.3645597507287683,-0.015404269500663257,1.429224897475839,4.554631559472517,1.969892265986874,-7.904501315207064
