model_type,n_train,n_test,mse_train,rmse_train,r2_train,mse_test,rmse_test,r2_test,y_test_mean,bias,Game of season_weight,Game for player_weight,Age (days)_weight,Home?_weight,Game Started?_weight,Year_weight,Month of Season_weight
Linreg,189,48,19.174230536321957,4.378838948433929,0.0786396644148544,26.19209991131264,5.117821793625941,0.070088632473005,6.479166666666667,6.148174429703169,-1.0436195652876377,2.3694707460619093,3.662697377379003,-1.0400287335134442,2.3717068147417137,-4.466979965831144,1.335548263002641
Lasso (lambda=0.05),189,48,19.29751435924433,4.392893620296801,0.0727156288064992,26.65888043263358,5.163223841035132,0.0535162875909118,6.479166666666667,6.7832657389479705,0.0,0.7657115318155199,-0.0,-0.7926913908082176,2.2382685255103656,-0.5207433863323888,0.2328847882522958
"Random Forest (500 estimators, 5 depth)",189,48,10.709574219420368,3.2725485816745894,0.4853834223966748,27.929901397732845,5.284874775974625,0.0083905875587259,6.479166666666667,,0.2445353035150283,0.2205700107380838,0.2898201119611371,0.0692907509543143,0.1045417489728373,0.0225321194317828,0.048709954426816
"Random Forest (100 estimators, 5 depth)",189,48,10.975271968066483,3.312894801841206,0.4726161112707828,27.336438680208914,5.228426023212809,0.0294605945111126,6.479166666666667,,0.2374419448700288,0.244339973099422,0.2831557601304492,0.0684358755020402,0.0933548145505454,0.0279031145833509,0.0453685172641632
Ridge (lambda=2.0),189,48,19.21685754431319,4.383703633266418,0.0765913509603252,26.446640981515,5.142629772938647,0.0610515321456112,6.479166666666667,6.808984987505222,0.2408028488734352,0.8826200148959911,-0.1399277510391714,-1.0331616356499862,2.3224399653809638,-0.8288256416426277,0.5080286921475908
SVM (linear kernel),189,48,19.428365144443625,4.407761920118149,0.06642798544399675,26.70688477979627,5.167870429857571,0.051811964979572966,6.479166666666667,,,,,,,,
"Feedforward NN (3 layers, [[16, 4, 1]] activations)",189,48,18.646955061741767,4.318212021397486,0.10397631129018758,28.087791942010437,5.299791688548752,0.002784919725833279,6.479166666666667,,,,,,,,
