model_type,n_train,n_test,mse_train,rmse_train,r2_train,mse_test,rmse_test,r2_test,y_test_mean,bias,Game of season_weight,Game for player_weight,Age (days)_weight,Home?_weight,Game Started?_weight,Year_weight,Month of Season_weight
Linreg,189,48,19.174230536321954,4.378838948433929,0.07863966441485448,26.192099911312642,5.117821793625941,0.07008863247300501,6.479166666666667,6.148174429703169,-1.0436195652876377,2.3694707460619093,3.662697377379003,-1.0400287335134442,2.3717068147417137,-4.466979965831144,1.335548263002641
Lasso (lambda=0.05),189,48,19.297514359244335,4.392893620296801,0.07271562880649929,26.65888043263358,5.163223841035132,0.05351628759091187,6.479166666666667,6.7832657389479705,0.0,0.7657115318155199,-0.0,-0.7926913908082176,2.2382685255103656,-0.5207433863323888,0.23288478825229583
"Random Forest (500 estimators, 5 depth)",189,48,10.709574219420368,3.2725485816745894,0.48538342239667487,27.929901397732845,5.284874775974625,0.008390587558725904,6.479166666666667,,0.24453530351502836,0.22057001073808383,0.28982011196113716,0.06929075095431438,0.10454174897283738,0.02253211943178287,0.04870995442681607
"Random Forest (100 estimators, 5 depth)",189,48,10.975271968066483,3.312894801841206,0.47261611127078285,27.336438680208914,5.228426023212809,0.029460594511112603,6.479166666666667,,0.2374419448700288,0.24433997309942207,0.28315576013044924,0.06843587550204021,0.09335481455054545,0.027903114583350944,0.04536851726416323
Ridge (lambda=2.0),189,48,19.21685754431319,4.383703633266418,0.07659135096032521,26.446640981515,5.142629772938647,0.06105153214561121,6.479166666666667,6.808984987505222,0.2408028488734352,0.8826200148959911,-0.13992775103917143,-1.0331616356499862,2.3224399653809633,-0.8288256416426277,0.5080286921475908
