model_type,n_train,n_test,mse_train,rmse_train,r2_train,mse_test,rmse_test,r2_test,y_test_mean,bias,Game of season_weight,Game for player_weight,Age (days)_weight,Home?_weight,Game Started?_weight,Year_weight,Month of Season_weight
Linreg,128,33,37.75863329050873,6.144805390775914,0.4116143979002629,39.65015224375063,6.296836685491424,0.2800137431894145,9.666666666666666,1.461566561062032,-1.9472085214415729,3.705193520457472,22.48422945831487,2.156531106612536,4.703050843266591,-16.4422818822996,6.9517685299666425
Lasso (lambda=0.05),128,33,39.405088589485175,6.277347257360005,0.3859579980786606,35.56393284331485,5.963550355561262,0.3542132517446495,9.666666666666666,2.8265354639305293,0.0,1.0885724513193826,9.797259369223353,2.2088336273423748,5.299257131231142,-1.512288532547711,1.889347863514107
"Random Forest (500 estimators, 5 depth)",128,33,18.878761403174085,4.344969666542458,0.7058158511818795,33.23779796115547,5.765223149294004,0.3964523114170228,9.666666666666666,,0.0975066805490987,0.2115151246835349,0.5918954597099543,0.026538776405958,0.0584780144324915,0.0020921741928997,0.0119737700260627
"Random Forest (100 estimators, 5 depth)",128,33,19.228178823644583,4.384994734733963,0.7003709459665376,32.822906941057184,5.729127938967429,0.4039860991994385,9.666666666666666,,0.0965062342372886,0.2086308307147764,0.6016255229832995,0.025543641536383,0.0533836344702583,0.0031196429665245,0.0111904930914694
Ridge (lambda=2.0),128,33,39.763037628007694,6.305793972848122,0.3803801462816508,35.778906492788785,5.981547165473895,0.3503096583297708,9.666666666666666,3.0204207376228585,0.8039838213422137,0.9620628964434988,8.03589973294645,2.2737413481477726,5.340233706689828,-0.4931347888500226,1.3479178712679096
SVM (linear kernel),128,33,38.48613750235329,6.203719650528487,0.4002778381147727,36.19733143036489,6.0164218128689155,0.34271169999887674,9.666666666666666,,,,,,,,
"Feedforward NN (3 layers, [[16, 4, 1]] activations)",128,33,41.41944211426048,6.435793821608992,0.35456871016673375,38.719871464558864,6.2225293462191775,0.2969062224887514,9.666666666666666,,,,,,,,
