model_type,n_train,n_test,mse_train,rmse_train,r2_train,mse_test,rmse_test,r2_test,y_test_mean,bias,Game of season_weight,Game for player_weight,Age (days)_weight,Home?_weight,Game Started?_weight,Year_weight,Month of Season_weight
Linreg,527,132,29.68771215896304,5.44864314843274,0.1676848490706746,25.469121229204745,5.046694089124557,0.1754417195637584,6.742424242424242,7.457294882167078,-1.0769730627809446,9.37508653812584,-1.112039100741559,0.3266576375376228,5.018331056133825,-2.785820624776385,-5.709296569296135
Lasso (lambda=0.05),527,132,30.11614653719933,5.487818012397946,0.1556734006210375,25.63023549966093,5.062631282214904,0.1702256736466044,6.742424242424242,6.906787215021957,-0.0,5.314030706409338,-0.2351679299854249,0.1100362337523475,4.803890602533846,-3.093907180860905,-2.5886316543771657
"Random Forest (500 estimators, 5 depth)",527,132,20.724362048078323,4.55240178895474,0.4189784502894889,25.03017571093066,5.003016661068665,0.1896525028293487,6.742424242424242,,0.0959191080972242,0.1316293948739161,0.5694219690792595,0.0112168552108454,0.1678985332547224,0.01117682050659,0.0127373189774421
"Random Forest (100 estimators, 5 depth)",527,132,20.75604302232881,4.555880049159417,0.4180902526835671,25.014819875213664,5.001481767957738,0.1901496452858755,6.742424242424242,,0.0908920148681073,0.1321318766455458,0.572202487764302,0.0098230817008305,0.1716249157892532,0.0119220338817404,0.0114035893502204
Ridge (lambda=2.0),527,132,29.76674566062117,5.455890913555839,0.165469091234273,25.53568780048857,5.0532848524982805,0.1732866386303264,6.742424242424242,7.361229517172721,-0.2871036581967915,7.32866963890953,-1.7891927221332948,0.3104143885650353,4.962711240982217,-2.0775216481745886,-4.612201208943877
SVM (linear kernel),527,132,30.228634043380225,5.498057297207826,0.1525197370721828,25.28805975460967,5.028723471678441,0.18130355267538423,6.742424242424242,,,,,,,,
"Feedforward NN (3 layers, [[16, 4, 1]] activations)",527,132,29.651216357021415,5.4452930460188655,0.16870803363736286,24.997823844313274,4.999782379695468,0.190699888770421,6.742424242424242,,,,,,,,
