model_type,n_train,n_test,mse_train,rmse_train,r2_train,mse_test,rmse_test,r2_test,y_test_mean,bias,Game of season_weight,Game for player_weight,Age (days)_weight,Home?_weight,Game Started?_weight,Year_weight,Month of Season_weight
Linreg,527,132,29.68771215896304,5.44864314843274,0.1676848490706746,25.469121229204745,5.046694089124557,0.17544171956375842,6.742424242424242,7.457294882167078,-1.0769730627809446,9.375086538125839,-1.1120391007415593,0.32665763753762284,5.018331056133825,-2.7858206247763855,-5.709296569296135
Lasso (lambda=0.05),527,132,30.116146537199334,5.487818012397946,0.15567340062103752,25.63023549966093,5.062631282214904,0.17022567364660446,6.742424242424242,6.906787215021957,-0.0,5.314030706409338,-0.23516792998542493,0.11003623375234757,4.803890602533846,-3.093907180860905,-2.5886316543771657
"Random Forest (500 estimators, 5 depth)",527,132,20.724362048078323,4.55240178895474,0.4189784502894889,25.03017571093066,5.003016661068665,0.18965250282934876,6.742424242424242,,0.09591910809722422,0.13162939487391614,0.5694219690792595,0.011216855210845426,0.16789853325472248,0.011176820506590055,0.012737318977442158
"Random Forest (100 estimators, 5 depth)",527,132,20.75604302232881,4.555880049159417,0.41809025268356714,25.014819875213664,5.001481767957738,0.19014964528587552,6.742424242424242,,0.09089201486810736,0.13213187664554585,0.572202487764302,0.009823081700830556,0.17162491578925326,0.011922033881740419,0.011403589350220468
Ridge (lambda=2.0),527,132,29.766745660621172,5.455890913555839,0.165469091234273,25.53568780048857,5.0532848524982805,0.17328663863032645,6.742424242424242,7.361229517172721,-0.2871036581967915,7.32866963890953,-1.7891927221332948,0.3104143885650353,4.962711240982217,-2.0775216481745886,-4.612201208943877
