model_type,n_train,n_test,mse_train,rmse_train,r2_train,mse_test,rmse_test,r2_test,y_test_mean,bias,Game of season_weight,Game for player_weight,Age (days)_weight,Home?_weight,Game Started?_weight,Year_weight,Month of Season_weight
Linreg,605,152,60.88540157854464,7.802909814841168,0.1140838321345661,71.59209508563913,8.46121120677407,0.0971538710035416,20.25657894736842,5.863368940100649,0.5084404243083996,-1.204990173464368,-9.478184086970566,1.4108081591642694,11.0132922343676,12.91614036959707,2.11277199058371
Lasso (lambda=0.05),605,152,61.06705100947955,7.814540998003629,0.1114407327449498,71.16718583116665,8.43606459382375,0.1025123910345081,20.25657894736842,8.340774628059082,1.827160509786195,0.0,0.0,1.2079051671348295,9.084917314195328,2.3105901154349,0.0
"Random Forest (500 estimators, 5 depth)",605,152,47.75576542929634,6.9105546397735935,0.3051272783669784,65.90545878268931,8.118217709737113,0.1688678998636756,20.25657894736842,,0.0980788955768121,0.1776244768163369,0.6508237496181055,0.0429349273018347,0.0068982843983398,0.0093124269664959,0.0143272393220746
"Random Forest (100 estimators, 5 depth)",605,152,48.33829407937853,6.952574636735554,0.296651165276275,66.35498357464913,8.145856834897673,0.1631989539022064,20.25657894736842,,0.0889388553875576,0.1818090231635398,0.6589440346771526,0.0452597618210344,0.0076154459710068,0.0047987972239859,0.0126340817557226
Ridge (lambda=2.0),605,152,60.97226608125014,7.808473991840541,0.1128199057192804,71.41460576851838,8.450716287304786,0.0993921843635432,20.25657894736842,7.38192942869321,1.743379817005056,-0.516969426613199,0.8414121336695348,1.3739316407881392,9.489454654019694,1.9220318563964467,1.0910751263715452
SVM (linear kernel),605,152,60.97047934868119,7.808359581159233,0.11284590366344194,71.60208492984711,8.461801517989365,0.0970278893269102,20.25657894736842,,,,,,,,
"Feedforward NN (3 layers, [[16, 4, 1]] activations)",605,152,65.6739092695793,8.103944056419646,0.044408404635530196,79.14420616230504,8.89630294910785,0.0019143862089863184,20.25657894736842,,,,,,,,
