model_type,n_train,n_test,mse_train,rmse_train,r2_train,mse_test,rmse_test,r2_test,y_test_mean,bias,Game of season_weight,Game for player_weight,Age (days)_weight,Home?_weight,Game Started?_weight,Year_weight,Month of Season_weight
Linreg,233,59,23.40698322772143,4.838076397466397,0.2338246178294265,27.38176143889195,5.232758492314733,0.2367644248359848,7.762711864406779,3.2432638489758423,0.0634711369384166,13.23007191936484,3.4485090729065937,-0.303852727161657,2.5766584910023527,0.1241548716419959,-6.4670011963897815
Lasso (lambda=0.05),233,59,24.17957151796105,4.917272772377088,0.2085356635555666,27.717201580958708,5.264712867855065,0.2274144109468205,7.762711864406779,3.984644607891212,-0.0,6.598074222531476,0.507090786774056,-0.1723590776161944,2.5802797432420226,0.0,-0.7598090535117866
"Random Forest (500 estimators, 5 depth)",233,59,13.212972002334366,3.634965199604305,0.5675028355850582,26.72585958612941,5.169705947743005,0.255046945811181,7.762711864406779,,0.1375248334169002,0.4439761686538532,0.2547715724989544,0.0326955856979912,0.0891649363360976,0.0110450668875884,0.0308218365086149
"Random Forest (100 estimators, 5 depth)",233,59,13.42479298191467,3.6639859418281984,0.5605693483260303,26.552862996683945,5.152947020558619,0.259869029727933,7.762711864406779,,0.137229475489764,0.4483962442436301,0.261166495456839,0.0301578326769083,0.0815146634865826,0.0119104778547232,0.0296248107915524
Ridge (lambda=2.0),233,59,23.866851463417632,4.885371169462729,0.2187718569586724,27.354720695844925,5.230174059803835,0.2375181549098669,7.762711864406779,3.693933321992186,0.1624413549926304,7.559964705194821,1.1808572651722782,-0.3447788149783975,2.9314131385739923,0.6724555368358942,-2.24071027372847
SVM (linear kernel),233,59,23.763140581390424,4.874745181175158,0.22216660133471555,28.18550824281922,5.309002565719782,0.21436089336301123,7.762711864406779,,,,,,,,
"Feedforward NN (3 layers, [[16, 4, 1]] activations)",233,59,22.726151346542945,4.767195333374011,0.2561101307330309,25.7759364974439,5.0770007383733855,0.2815249755965358,7.762711864406779,,,,,,,,
