model_type,n_train,n_test,mse_train,rmse_train,r2_train,mse_test,rmse_test,r2_test,y_test_mean,bias,Game of season_weight,Game for player_weight,Age (days)_weight,Home?_weight,Game Started?_weight,Year_weight,Month of Season_weight
Linreg,299,75,16.85831132701753,4.1058873982389645,0.07427319495286777,15.402334134352156,3.924580759055947,0.023245439619719477,4.266666666666667,5.371137739045156,1.6117712850864416,1.6117712850864363,-7.0539026498482205,-0.5533970959272323,2.70746674133855,7.15801275159327,-4.475255634612324
Lasso (lambda=0.05),299,75,17.08097750007191,4.132913923622401,0.06204610761444873,15.229363325804266,3.9024816880805817,0.03421455797464468,4.266666666666667,5.0963593189202765,-0.0,-0.0,-1.54958504949003,-0.24585940085276103,2.1461224801937155,-0.0,-0.05185819164015554
"Random Forest (500 estimators, 5 depth)",299,75,9.606970866522074,3.0995113915780457,0.4724601845385584,14.188151096771191,3.76671622195928,0.10024408208187185,4.266666666666667,,0.1702374817666255,0.180632387903541,0.49286530141734053,0.031617784719561615,0.07450407820435144,0.0264705583225585,0.023672407666021546
"Random Forest (100 estimators, 5 depth)",299,75,9.836424852682319,3.1363075188320293,0.45986036351300674,14.500937709348017,3.808009678210918,0.08040840343762556,4.266666666666667,,0.18621991822586118,0.1584402305365152,0.49874091519192976,0.030597959121727393,0.07946397593035238,0.024510299392113546,0.022026701601500588
Ridge (lambda=2.0),299,75,16.965902965367466,4.118968677395771,0.06836510239914617,15.272603746623478,3.908017879516863,0.03147242305798115,4.266666666666667,5.353840086785807,0.6427551992757585,0.6427551992757589,-1.473182975251041,-0.47292189146276475,2.5274082941394864,0.2199215255031449,-1.598796783527365
