model_type,n_train,n_test,mse_train,rmse_train,r2_train,mse_test,rmse_test,r2_test,y_test_mean,bias,Game of season_weight,Game for player_weight,Age (days)_weight,Home?_weight,Game Started?_weight,Year_weight,Month of Season_weight
Linreg,308,78,6.8335451728702425,2.614105042432351,0.030756144660267215,6.190754646247361,2.4881227152709653,-0.014560695716219874,2.358974358974359,2.9415569586155894,1.2788810449650316,1.2788810449650316,-5.4873776783925035,0.07813578005400225,1.5847390681393008,6.575007944120159,-4.3251249825863365
Lasso (lambda=0.05),308,78,6.996847994750386,2.6451555709920704,0.0075938983206432775,6.069785020587539,2.463693369838775,0.005264193910823334,2.358974358974359,2.559907075791308,-0.0,-0.0,0.0,0.0,0.0,0.0,-0.40893156519214013
"Random Forest (500 estimators, 5 depth)",308,78,4.499758957617875,2.1212635285644907,0.3617714363700949,6.165681609550625,2.4830790582562257,-0.010451646172449314,2.358974358974359,,0.15844740041500663,0.15716941452432995,0.5432330409615442,0.0277824636253427,0.0056492154220012985,0.02496950453661932,0.08274896051515614
"Random Forest (100 estimators, 5 depth)",308,78,4.46607864347311,2.1133098787146927,0.3665485230366653,6.165266236507494,2.48299541612696,-0.010383573508016442,2.358974358974359,,0.14833728379915,0.1450446133455661,0.576099034087987,0.028950520400255846,0.005815410414121057,0.019140062078122706,0.0766130758747974
Ridge (lambda=2.0),308,78,6.907935812651299,2.6282952293551993,0.020204861442175037,6.02466880889571,2.454520077101776,0.012657983155869412,2.358974358974359,2.6878628452256086,0.3299129380777573,0.3299129380777559,-0.3253213695052825,0.09165696191270258,0.9265629164914366,0.7065753359482841,-1.6323823438895495
