model_type,n_train,n_test,mse_train,rmse_train,r2_train,mse_test,rmse_test,r2_test,y_test_mean,bias,Game of season_weight,Game for player_weight,Age (days)_weight,Home?_weight,Game Started?_weight,Year_weight,Month of Season_weight
Linreg,254,64,20.235868617343712,4.498429572344521,0.20527232435130227,32.25754863802178,5.679572927432289,0.061965004995653605,7.953125,9.522766684993416,1.0473846961025677,1.0473846961025672,-15.590198357444182,-0.831931556412577,2.4159621194165823,9.503162733800862,-3.9239705560299916
Lasso (lambda=0.05),254,64,20.62708443591276,4.5417050141893585,0.18990802030052834,31.91959073655246,5.649742537191625,0.07179266865273592,7.953125,9.604982266074973,0.0,0.0,-6.849025493592801,-0.6529413931150795,2.2717956612267063,-0.0,-0.9384388273673588
"Random Forest (500 estimators, 5 depth)",254,64,10.753305234694338,3.279223266978682,0.5776831014120608,28.931470169640576,5.378798208674553,0.1586858697607625,7.953125,,0.12566693537423987,0.12696156177442036,0.5523139251074478,0.06688964464000978,0.0852706425821336,0.013964159875580803,0.028933130646167655
"Random Forest (100 estimators, 5 depth)",254,64,10.756907740697297,3.2797725135590268,0.5775416194091687,28.579326165803874,5.345963539513141,0.16892605888940637,7.953125,,0.129851191432319,0.1309684790839655,0.5547400893052636,0.05889121570843883,0.08349835090129237,0.010142199114896047,0.03190847445382486
Ridge (lambda=2.0),254,64,20.548109058267645,4.533002212471073,0.1930096375078859,32.02131497092863,5.658737930928471,0.06883457370399582,7.953125,9.724550688985317,0.8463513665861709,0.8463513665861689,-5.17050108317266,-0.7843910450287025,2.4005243158636773,-1.6451834925800282,-2.3407595328160617
