model_type,n_train,n_test,mse_train,rmse_train,r2_train,mse_test,rmse_test,r2_test,y_test_mean,bias,Game of season_weight,Game for player_weight,Age (days)_weight,Home?_weight,Game Started?_weight,Year_weight,Month of Season_weight
Linreg,136,34,10.579187244294035,3.252566255173603,0.284065964156355,8.96610201232181,2.994345005559949,0.30442158739386527,4.147058823529412,1.2520111857380574,-12.48923288107283,3.8910174787556473,13.835844863355694,-0.6693470475146274,1.0680544829177983,-9.815143756798332,10.806475885862142
Lasso (lambda=0.05),136,34,11.194642689675232,3.345839609078001,0.24241574181707626,9.060039589596,3.009989965032442,0.29713403358345236,4.147058823529412,2.7742544594494216,-1.541280975654615,-0.0,4.299662608007518,-0.27997817611713327,0.7082696116064635,0.0,-0.0
"Random Forest (500 estimators, 5 depth)",136,34,3.9104031772924976,1.9774739384610098,0.7353680709257877,8.90565432129899,2.9842342939687208,0.3091110398348009,4.147058823529412,,0.1695949664597878,0.21364197747291566,0.5349829326670211,0.0459514919811099,0.015615214044366573,0.00625357134476757,0.013959846030031265
"Random Forest (100 estimators, 5 depth)",136,34,3.94394369115377,1.9859364771194898,0.7330982561566124,8.82546427025973,2.9707682962930195,0.31533207862423673,4.147058823529412,,0.16435057585808546,0.21343709628925378,0.542078960605546,0.04457899035976311,0.01846787290388275,0.00564405968082059,0.01144244430264838
Ridge (lambda=2.0),136,34,11.222152956647724,3.3499482020842835,0.2405540169032483,9.248971264089413,3.0412121373046985,0.282476962533564,4.147058823529412,2.943760912952877,-1.5017652053403587,-0.1203024724954863,3.706287502945468,-0.4350997602744,0.827976219203367,0.657070563195252,-0.2936124935587585
