model_type,n_train,n_test,mse_train,rmse_train,r2_train,mse_test,rmse_test,r2_test,y_test_mean,bias,Game of season_weight,Game for player_weight,Age (days)_weight,Home?_weight,Game Started?_weight,Year_weight,Month of Season_weight
Linreg,696,174,52.55146757200226,7.249239102968136,0.3363090486011905,58.34281515817632,7.6382468641813555,0.3621235433426408,16.275862068965516,19.75144541458668,-53.75077893805523,46.97993464230123,-16.38308130558781,2.48865539527304,1.3668875734733437,0.6583920887987508,6.866118688286054
Lasso (lambda=0.05),696,174,53.05842442385852,7.284121389972748,0.3299065123662961,58.18358881584071,7.627816779121055,0.3638644044029133,16.275862068965516,20.22155252113003,-0.0,-0.0,-15.507155783321076,2.299546949325164,1.434457722924088,-0.0,-0.0
"Random Forest (500 estimators, 5 depth)",696,174,36.24053307223102,6.020011052500736,0.5423055723238559,57.38440630750059,7.575249587142366,0.372602064820232,16.275862068965516,,0.0508373029968696,0.0525941645537108,0.8338703822440942,0.0372148403504539,0.0160668045353678,0.0046191912257785,0.0047973140937248
"Random Forest (100 estimators, 5 depth)",696,174,36.20611074617503,6.017151381357713,0.5427403039761767,57.48372393765664,7.581802156325146,0.3715162005568125,16.275862068965516,,0.0526007910209422,0.0512320118416644,0.8270881699853386,0.0396315932943704,0.0186173485730061,0.0058150389259839,0.005015046358694
Ridge (lambda=2.0),696,174,53.00312001392911,7.280324169563407,0.3306049711941548,58.00531629066841,7.616122129448057,0.3658135021001699,16.275862068965516,20.088499165755596,-1.9720388174936647,0.8280428025974776,-9.017789798188389,2.4645863726234856,1.5431297793361476,-7.274835537425078,1.5812078608930118
SVM (linear kernel),696,174,52.91370891515098,7.27418097899351,0.3317341753811238,58.00331973893301,7.61599105428394,0.365835330895079,16.275862068965516,,,,,,,,
"Feedforward NN (3 layers, [[16, 4, 1]] activations)",696,174,55.093082682676844,7.4224714672861385,0.30421009820400124,62.375393554887296,7.897809414950914,0.3180343643766764,16.275862068965516,,,,,,,,
