model_type,n_train,n_test,mse_train,rmse_train,r2_train,mse_test,rmse_test,r2_test,y_test_mean,bias,Game of season_weight,Game for player_weight,Age (days)_weight,Home?_weight,Game Started?_weight,Year_weight,Month of Season_weight
Linreg,184,46,21.03526587184237,4.586421902948133,0.2504223668611084,24.241749217409794,4.92359108958185,0.26015690444609185,7.195652173913044,5.2777193277810746,2.575712462658511,5.413890892688257,-15.35026995590051,0.07669937851658257,5.286057858434698,14.782943257379431,-6.622032676525487
Lasso (lambda=0.05),184,46,21.778876588097184,4.6667843948587535,0.22392429623709398,26.293277133934616,5.127697059493142,0.1975455495160221,7.195652173913044,5.043142898082673,0.0,3.411535197825821,-0.9805911423047627,0.0,5.494588337511265,-0.0,-1.2624145178550765
"Random Forest (500 estimators, 5 depth)",184,46,10.945041728818213,3.3083291445710494,0.609980756902342,23.71769284829576,4.870081400582105,0.276150778604794,7.195652173913044,,0.1475852109656297,0.16683951798193758,0.2917977435439724,0.0320104262505225,0.2914754150739775,0.03589030490276376,0.0344013812811966
"Random Forest (100 estimators, 5 depth)",184,46,11.090534617142366,3.3302454289650134,0.6047962151174652,23.491003529932197,4.8467518535543155,0.2830691954864708,7.195652173913044,,0.1554280111643751,0.18340483673791985,0.28253712625754795,0.03431005555826436,0.27850349133920216,0.023250687977775016,0.04256579096491566
Ridge (lambda=2.0),184,46,21.55325394416858,4.6425482166767615,0.23196420828046516,26.022076497426536,5.101183832937854,0.20582242411904073,7.195652173913044,5.207797827865576,1.281082201922073,3.796109707323132,-1.7382913333852894,0.13985330235967733,5.294388566372881,0.3924401870046036,-2.7078686933798886
