model_type,n_train,n_test,mse_train,rmse_train,r2_train,mse_test,rmse_test,r2_test,y_test_mean,bias,Game of season_weight,Game for player_weight,Age (days)_weight,Home?_weight,Game Started?_weight,Year_weight,Month of Season_weight
Linreg,199,50,39.32828655013966,6.271226877584613,0.25097966737295474,33.574346242164026,5.794337429090924,0.2241378983453185,9.92,4.710355236389418,-12.229437758557602,14.973320867897135,6.581114151674996,0.3508457684598323,3.7587741900817018,-0.4743517347285118,2.806607622732452
Lasso (lambda=0.05),199,50,39.69872922220478,6.300692757324768,0.24392446314747374,32.89480576796578,5.735399355578108,0.23984124805965334,9.92,5.172361851187562,-6.701190377956441,11.822340546220126,5.481055504226945,0.11683938629615309,3.7151188364383145,0.0,-0.0
"Random Forest (500 estimators, 5 depth)",199,50,19.52122127387437,4.41828261588984,0.6282118308611742,39.481382088199894,6.283421208879753,0.08763352047900108,9.92,,0.10882378934999716,0.25809369855881537,0.5395773572568148,0.03376939569043318,0.039003339186586626,0.00796318005919357,0.01276923989815937
"Random Forest (100 estimators, 5 depth)",199,50,19.351576027521602,4.399042626245125,0.6314427811516158,39.872479310541806,6.31446587690058,0.0785957417330242,9.92,,0.10245212410201583,0.2511369921239902,0.5565146914958199,0.03165071979955823,0.039483902077959966,0.005898207191311495,0.01286336320934434
Ridge (lambda=2.0),199,50,40.06671296927233,6.329827246400358,0.23691608996857905,32.635092687532286,5.712713250945849,0.24584289988509656,9.92,5.4123196433780025,-3.705525934088371,10.250406341951978,4.144341245618419,0.26189272703612604,3.9027393484866613,1.5662841602669808,-2.4512055822715744
