model_type,n_train,n_test,mse_train,rmse_train,r2_train,mse_test,rmse_test,r2_test,y_test_mean,bias,Game of season_weight,Game for player_weight,Age (days)_weight,Home?_weight,Game Started?_weight,Year_weight,Month of Season_weight
Linreg,138,35,15.680055831440432,3.959805024422343,0.2831311964403911,19.15197090337871,4.37629648257276,0.2855048009307186,4.628571428571429,4.349849405246439,-12.35454395676009,10.790792254134052,0.2227165407179042,-0.7118382384771783,4.392313471480216,-2.7158532549514347,3.732297138139498
Lasso (lambda=0.05),138,35,15.84680399195073,3.98080444030484,0.2755077188452987,18.70872810769297,4.32535872589696,0.3020406891240136,4.628571428571429,4.492112945404903,0.0,1.8560259925995084,-2.018103312607997,-0.3726436272751628,3.9013973202571433,-1.5192137066369114,0.0
"Random Forest (500 estimators, 5 depth)",138,35,6.8941521509967485,2.625671752332486,0.6848096296868266,19.91178347923932,4.462262148197853,0.2571587659255642,4.628571428571429,,0.258754705638423,0.3188843456076448,0.2276150077557126,0.035188589483406,0.1232441155806237,0.0115534294144505,0.0247598065197392
"Random Forest (100 estimators, 5 depth)",138,35,6.894346653441227,2.6257087906775243,0.6848007373246972,19.73188125789132,4.442058223154141,0.2638703087794838,4.628571428571429,,0.2651574145516442,0.3286871801513782,0.20921931823572,0.0353042309805024,0.1300661001862144,0.0114719639325741,0.0200937919619666
Ridge (lambda=2.0),138,35,15.812222291611702,3.976458511239832,0.2770887426894478,18.872478017214064,4.344246541946493,0.2959317343437924,4.628571428571429,4.58876778868025,0.4442357136065925,1.368070022183924,-1.817070331374748,-0.5366133062000016,3.730082448449096,-2.130763897179423,0.5728006107137158
SVM (linear kernel),138,35,16.27202557838067,4.033859885814166,0.2560672211080054,18.870468331112097,4.344015231454891,0.2960067089288487,4.628571428571429,,,,,,,,
"Feedforward NN (3 layers, [[16, 4, 1]] activations)",138,35,15.944112649311315,3.9930079701036556,0.27105891193236653,19.44803006041425,4.4099920703346225,0.2744598360333944,4.628571428571429,,,,,,,,
