model_type,n_train,n_test,mse_train,rmse_train,r2_train,mse_test,rmse_test,r2_test,y_test_mean,bias,Game of season_weight,Game for player_weight,Age (days)_weight,Home?_weight,Game Started?_weight,Year_weight,Month of Season_weight
Linreg,138,35,15.680055831440432,3.959805024422343,0.2831311964403911,19.15197090337871,4.3762964825727595,0.2855048009307186,4.628571428571429,4.349849405246439,-12.35454395676009,10.790792254134052,0.2227165407179042,-0.7118382384771783,4.3923134714802154,-2.7158532549514347,3.732297138139498
Lasso (lambda=0.05),138,35,15.84680399195073,3.98080444030484,0.2755077188452987,18.70872810769297,4.32535872589696,0.3020406891240136,4.628571428571429,4.492112945404903,0.0,1.8560259925995084,-2.0181033126079972,-0.3726436272751628,3.9013973202571433,-1.5192137066369114,0.0
"Random Forest (500 estimators, 5 depth)",138,35,6.8941521509967485,2.625671752332486,0.6848096296868266,19.911783479239322,4.462262148197853,0.2571587659255642,4.628571428571429,,0.25875470563842307,0.3188843456076448,0.22761500775571267,0.035188589483406016,0.12324411558062379,0.011553429414450523,0.02475980651973925
"Random Forest (100 estimators, 5 depth)",138,35,6.894346653441227,2.6257087906775243,0.6848007373246972,19.73188125789132,4.442058223154141,0.2638703087794838,4.628571428571429,,0.26515741455164427,0.3286871801513782,0.20921931823572004,0.03530423098050246,0.13006610018621448,0.011471963932574117,0.020093791961966638
Ridge (lambda=2.0),138,35,15.812222291611702,3.9764585112398323,0.27708874268944783,18.872478017214064,4.344246541946493,0.2959317343437924,4.628571428571429,4.58876778868025,0.44423571360659253,1.368070022183924,-1.8170703313747476,-0.5366133062000016,3.7300824484490964,-2.130763897179423,0.5728006107137158
