model_type,n_train,n_test,mse_train,rmse_train,r2_train,mse_test,rmse_test,r2_test,y_test_mean,bias,Game of season_weight,Game for player_weight,Age (days)_weight,Home?_weight,Game Started?_weight,Year_weight,Month of Season_weight
Linreg,166,42,6.706590501667936,2.5897085746600785,0.1708981253299163,14.367920803890687,3.790504030322444,0.0338131938829225,3.7142857142857135,1.7502105133326744,-2.0107775679911577,0.0710664882471419,-5.605557492793668,-0.5785751454021912,2.308820467719402,4.652216562126899,2.832512106511463
Lasso (lambda=0.05),166,42,6.923650002807601,2.6312829575717624,0.144064156673996,15.126337400328635,3.889259235423712,-0.0171873732151461,3.7142857142857135,1.958991283156408,-0.0,-0.0,-0.6678595785664184,-0.4199310734304642,2.0841135557327903,-0.0,1.1727486324362013
"Random Forest (500 estimators, 5 depth)",166,42,3.424233955259035,1.8504685772147105,0.5766792693085779,15.343780710416633,3.9171138240312384,-0.0318095903162145,3.7142857142857135,,0.1481815871946273,0.1793915754388873,0.3120017848421663,0.0315784082196569,0.1099358306762092,0.0106107367552012,0.2083000768732515
"Random Forest (100 estimators, 5 depth)",166,42,3.526608337228688,1.8779266059217248,0.5640232420786284,15.417292151733204,3.926485980075977,-0.0367529489042914,3.7142857142857135,,0.1528544585179371,0.1777902715231984,0.2950641640051347,0.0356425554282996,0.1096141086381873,0.0105037237430144,0.2185307181442282
Ridge (lambda=2.0),166,42,6.771446164177512,2.6022002544342184,0.162880347689208,14.819133430868574,3.8495627584010856,0.0034708992050868,3.7142857142857135,1.981646734021247,-0.7681051688346191,-0.2710715962848577,-0.8816933798684867,-0.5760913353463872,2.215181328869643,-0.2341672293046382,2.2613286725105293
SVM (linear kernel),166,42,7.389813366023797,2.7184211163879297,0.08643473703835003,17.006578361961136,4.123903292023364,-0.14362626679244594,3.7142857142857144,,,,,,,,
"Feedforward NN (3 layers, [[16, 4, 1]] activations)",166,42,6.987749835050667,2.6434352337537357,0.13613981850759893,19.427926886999035,4.407712205555058,-0.30645253997660493,3.7142857142857144,,,,,,,,
