model_type,n_train,n_test,mse_train,rmse_train,r2_train,mse_test,rmse_test,r2_test,y_test_mean,bias,Game of season_weight,Game for player_weight,Age (days)_weight,Home?_weight,Game Started?_weight,Year_weight,Month of Season_weight
Linreg,1104,276,47.88975876516689,6.920242681089073,0.2417880308816742,47.60460653631196,6.899609158228599,0.2178168654747255,14.568840579710145,14.23752251179158,-12.34249724043267,6.069700640457096,-17.341946236928354,0.3245180293185032,6.615489396988499,8.852086576142906,5.991164600972753
Lasso (lambda=0.05),1104,276,48.41348673599446,6.95798007585495,0.2334961366169582,47.395375344716605,6.884429921548814,0.221254707338993,14.568840579710145,14.743809873805386,-0.8626826734398134,-0.0,-8.690207047535965,0.1102598590353407,6.590901797044675,-0.0,0.0
"Random Forest (500 estimators, 5 depth)",1104,276,34.00054272445104,5.8309984328973234,0.4616882791869718,42.51399480328225,6.520275669270606,0.3014598347523957,14.568840579710145,,0.0360934926026491,0.0349394004716656,0.874330705444384,0.0104291684526339,0.0381355138939925,0.0039730296979794,0.0020986894366954
"Random Forest (100 estimators, 5 depth)",1104,276,34.08162017420741,5.837946571715727,0.4604046249273561,42.6606235274044,6.531510049552431,0.2990506033063208,14.568840579710145,,0.038512276415505,0.0344500427757171,0.8750817406247695,0.0117107600252945,0.0348774827097329,0.0034908555367424,0.0018768419122383
Ridge (lambda=2.0),1104,276,48.005739441454246,6.928617426402922,0.239951773209575,47.24557762775007,6.873541854659072,0.2237160079635919,14.568840579710145,14.407413147345608,-5.7098686806120895,0.954110405424211,-5.404529553243068,0.3079338221821822,6.784534861211816,-3.8014914691085977,4.720783802373994
SVM (linear kernel),1104,276,48.175935725472684,6.9408886841291935,0.23725714991286928,47.77649598879713,6.912054397123704,0.21499257932850713,14.568840579710145,,,,,,,,
"Feedforward NN (3 layers, [[16, 4, 1]] activations)",1104,276,48.20846374339932,6.943231505819125,0.23674215185984893,48.66192313090621,6.975809854841674,0.20044427764513206,14.568840579710145,,,,,,,,
