model_type,n_train,n_test,mse_train,rmse_train,r2_train,mse_test,rmse_test,r2_test,y_test_mean,bias,Game of season_weight,Game for player_weight,Age (days)_weight,Home?_weight,Game Started?_weight,Year_weight,Month of Season_weight
Linreg,107,27,19.672666380677484,4.435387962814243,0.111306107936425,11.425170965104636,3.380114046168359,-0.3034349974274306,2.7777777777777777,4.510632596435921,-6.249238954303471,5.849699501592674,8.29010887650747,-0.6255578705282472,13.510443862972394,-9.105978420427988,2.325462655814267
Lasso (lambda=0.05),107,27,20.611406790678288,4.539978721390474,0.068899407570664,10.474545479542394,3.236440248103214,-0.1949833575252593,2.7777777777777777,3.892195507279146,-0.2653696008194637,-0.0,1.0747166847311749,-0.5441578163938446,6.882804695927661,0.0,0.0
"Random Forest (500 estimators, 5 depth)",107,27,10.059107802376266,3.1716096547930146,0.5455894238942012,15.220269038608034,3.901316321270045,-0.7363968903200717,2.7777777777777777,,0.2926938811027134,0.2043302915329498,0.3252116047072498,0.039726273897538,0.0691230081297235,0.0255858443214081,0.0433290963084172
"Random Forest (100 estimators, 5 depth)",107,27,10.21306194785675,3.195788157537472,0.5386346925883951,15.182952183006494,3.8965307881507223,-0.7321396152444031,2.7777777777777777,,0.2948005585996108,0.2137747172658267,0.3121313940689271,0.0331622253748318,0.079327892058229,0.0342982199027503,0.0325049927298242
Ridge (lambda=2.0),107,27,20.835856514991395,4.564631038210141,0.0587601059014033,10.801286862066071,3.2865311290273933,-0.2322594870807772,2.7777777777777777,4.0436637634673485,-1.1465033314388025,0.3990707413745115,1.5349688219668949,-0.7595901859161208,4.091076309450434,-0.5166359103941072,0.5408022464040732
SVM (linear kernel),107,27,20.707074393080763,4.550502652793509,0.0645777151128002,8.804092768480523,2.9671691506350832,-0.004410583446369687,2.7777777777777777,,,,,,,,
"Feedforward NN (3 layers, [[16, 4, 1]] activations)",107,27,37.24708531985222,6.103039023294232,-0.6826014623739873,14.34175149286874,3.7870505004381365,-0.636171649186434,2.7777777777777777,,,,,,,,
