model_type,n_train,n_test,mse_train,rmse_train,r2_train,mse_test,rmse_test,r2_test,y_test_mean,bias,Game of season_weight,Game for player_weight,Age (days)_weight,Home?_weight,Game Started?_weight,Year_weight,Month of Season_weight
Linreg,389,98,34.19145229228066,5.847345747626068,0.2748277849573728,40.977155055244616,6.401340098389134,0.1645002809793679,10.29591836734694,6.616628703758112,-13.049807116831545,16.160120410882715,-23.510257914544457,-1.0622864231729592,5.970759029227287,17.43239035014083,-0.3305643776398383
Lasso (lambda=0.05),389,98,35.22312503015175,5.934907331218555,0.252946865769568,39.79624460190092,6.308426475905138,0.1885783398545388,10.29591836734694,5.297184019445717,0.0,3.480071928002823,-2.75938378599907,-0.7326486185302069,6.1046187754443935,-0.0,0.0
"Random Forest (500 estimators, 5 depth)",389,98,22.48659605465336,4.74200337986524,0.5230780333538712,33.857801835646654,5.818745727014255,0.3096596412756954,10.29591836734694,,0.0870434624216368,0.1567466342035254,0.3354679756230347,0.019190543834092,0.3758616853533845,0.0130191320746711,0.0126705664896554
"Random Forest (100 estimators, 5 depth)",389,98,22.579478469832875,4.751786871255157,0.5211080747168862,33.72118716126613,5.806994675498345,0.3124451328967008,10.29591836734694,,0.0815989187394689,0.1610303558051402,0.333568942994689,0.0218120156356848,0.3785693128689202,0.0106579007302706,0.0127625532258261
Ridge (lambda=2.0),389,98,34.973490747664854,5.913838917967317,0.2582414009075936,39.785681034905046,6.307589161867238,0.188793724676765,10.29591836734694,5.658677644867447,-1.9860040760270443,5.708855354983706,-3.5902121241865155,-0.9084904743218548,6.0700784844596365,-0.0311363117202544,0.0967147826857435
SVM (linear kernel),389,98,34.714453139143025,5.891897244448772,0.2637353727560351,40.944346525085656,6.398776955409968,0.1651692273152553,10.295918367346939,,,,,,,,
"Feedforward NN (3 layers, [[16, 4, 1]] activations)",389,98,37.542355004603856,6.127181652652698,0.20375793037747902,38.69727928322534,6.220713727798873,0.21098558637345866,10.295918367346939,,,,,,,,
