model_type,n_train,n_test,mse_train,rmse_train,r2_train,mse_test,rmse_test,r2_test,y_test_mean,bias,Game of season_weight,Game for player_weight,Age (days)_weight,Home?_weight,Game Started?_weight,Year_weight,Month of Season_weight
Linreg,756,190,41.22421670437093,6.420608748737999,0.31832410399918243,42.60785376403192,6.527469169902829,0.23044957919748466,13.726315789473684,5.310531193346924,-5.189695941354412,6.418353987232645,-17.037251356998873,0.27950011954318454,7.745220936190078,22.98717437781273,0.849121982111634
Lasso (lambda=0.05),756,190,41.6668624692311,6.454987410462634,0.3110045968624944,42.39081959565697,6.510823265583007,0.2343694841175128,13.726315789473684,6.12027458619539,-0.0,1.918101895181645,0.0,0.07260575174497626,7.750404028184536,4.079206928753001,0.0
"Random Forest (500 estimators, 5 depth)",756,190,27.746639968103285,5.26750794665782,0.5411867787104986,33.46475292623542,5.784872766641927,0.39558526371548164,13.726315789473684,,0.060820888156174015,0.05291305471184155,0.3841321239686639,0.008544750171274883,0.46794386032029467,0.009128138187351167,0.01651718448439973
"Random Forest (100 estimators, 5 depth)",756,190,27.698432202849396,5.262930001705267,0.541983933252192,33.524526456948074,5.790036826907759,0.39450567998503794,13.726315789473684,,0.05352207770022275,0.05560450666071591,0.4150038708795322,0.010035627543800532,0.440956765784719,0.008308683184277948,0.01656846824673171
Ridge (lambda=2.0),756,190,41.38292519341424,6.432956178415506,0.3156997302664474,42.30349302325498,6.5041135463070585,0.2359467097837331,13.726315789473684,5.461533032614231,-2.9359494161337025,5.043237775717943,1.3405748074839066,0.27988375886452277,7.679902881908846,3.6499640879335122,0.8548728324643645
