model_type,n_train,n_test,mse_train,rmse_train,r2_train,mse_test,rmse_test,r2_test,y_test_mean,bias,Game of season_weight,Game for player_weight,Age (days)_weight,Home?_weight,Game Started?_weight,Year_weight,Month of Season_weight
Linreg,280,70,34.022299316524645,5.8328637320380325,0.19539893849495826,41.214966381480465,6.419888346496414,0.09647034096326745,7.885714285714286,9.144351470588203,-17.653063149437106,10.349465706913175,-9.763716268798204,-0.507928187418996,5.707292965738525,10.550641021143147,11.609885821920358
Lasso (lambda=0.05),280,70,35.20388204035599,5.93328593954109,0.1674554210681698,41.58484787445746,6.448631472991573,0.08836166276757995,7.885714285714286,7.844508817291771,-8.765960585140792,5.175981590370925,0.0,-0.4501347611942145,5.706004933804731,1.0515521697807184,7.237061595639474
"Random Forest (500 estimators, 5 depth)",280,70,21.499373043336586,4.636741640779286,0.4915564579740309,40.999572970516105,6.403090891945554,0.10119227457752922,7.885714285714286,,0.12192183333286485,0.11217025760106779,0.5921520947775463,0.016616010255020772,0.11670219364875686,0.0046723347106263635,0.035765275674117136
"Random Forest (100 estimators, 5 depth)",280,70,21.977096622533736,4.687973615810326,0.48025866486040314,40.75759189110549,6.384167282512692,0.10649707284303145,7.885714285714286,,0.11797437586035427,0.11341891859412946,0.5884586078562907,0.012999597700342477,0.12425059047404487,0.0059151935281005945,0.036982715986737906
Ridge (lambda=2.0),280,70,35.190134747883604,5.932127337463653,0.16778053390117376,41.26236649054351,6.423578947171391,0.0954312183303958,7.885714285714286,7.700438163532109,-8.368725186184088,4.930284886665493,-0.8834041429710952,-0.6429135973023629,5.943984418001068,2.499295241823724,6.8492132377135215
