model_type,n_train,n_test,mse_train,rmse_train,r2_train,mse_test,rmse_test,r2_test,y_test_mean,bias,Game of season_weight,Game for player_weight,Age (days)_weight,Home?_weight,Game Started?_weight,Year_weight,Month of Season_weight
Linreg,280,70,34.022299316524645,5.8328637320380325,0.1953989384949582,41.21496638148047,6.419888346496414,0.0964703409632674,7.885714285714286,9.144351470588203,-17.653063149437106,10.349465706913175,-9.763716268798204,-0.507928187418996,5.707292965738525,10.550641021143148,11.609885821920358
Lasso (lambda=0.05),280,70,35.20388204035599,5.93328593954109,0.1674554210681698,41.58484787445746,6.448631472991573,0.0883616627675799,7.885714285714286,7.844508817291771,-8.765960585140792,5.175981590370925,0.0,-0.4501347611942145,5.706004933804731,1.0515521697807184,7.237061595639474
"Random Forest (500 estimators, 5 depth)",280,70,21.499373043336583,4.636741640779286,0.4915564579740309,40.999572970516105,6.403090891945554,0.1011922745775292,7.885714285714286,,0.1219218333328648,0.1121702576010677,0.5921520947775463,0.0166160102550207,0.1167021936487568,0.0046723347106263,0.0357652756741171
"Random Forest (100 estimators, 5 depth)",280,70,21.977096622533736,4.687973615810326,0.4802586648604031,40.75759189110549,6.384167282512692,0.1064970728430314,7.885714285714286,,0.1179743758603542,0.1134189185941294,0.5884586078562907,0.0129995977003424,0.1242505904740448,0.0059151935281005,0.0369827159867379
Ridge (lambda=2.0),280,70,35.190134747883604,5.932127337463653,0.1677805339011737,41.26236649054351,6.423578947171391,0.0954312183303958,7.885714285714286,7.700438163532109,-8.368725186184088,4.930284886665493,-0.8834041429710952,-0.6429135973023629,5.943984418001068,2.499295241823724,6.8492132377135215
SVM (linear kernel),280,70,34.54390448082034,5.877406271547028,0.18306337983755194,41.17852535306139,6.4170495831855145,0.09726921459760884,7.885714285714286,,,,,,,,
"Feedforward NN (3 layers, [[16, 4, 1]] activations)",280,70,41.478080694946605,6.440347870646942,0.019075476179342576,44.662562249870774,6.683005480311293,0.02089087571195425,7.885714285714286,,,,,,,,
