model_type,n_train,n_test,mse_train,rmse_train,r2_train,mse_test,rmse_test,r2_test,y_test_mean,bias,Game of season_weight,Game for player_weight,Age (days)_weight,Home?_weight,Game Started?_weight,Year_weight,Month of Season_weight
Linreg,843,211,62.762851230863276,7.922300879849444,0.23325241082334303,67.68845554245766,8.227299407609866,0.11306472304787984,21.28436018957346,17.15143127590887,-25.354225140423132,30.36642211784795,-10.373680197137809,1.061332511765332,7.2555908347002145,5.282132536750115,-0.6044915202868388
Lasso (lambda=0.05),843,211,64.73346671363541,8.045711075699613,0.20917822297212707,68.02170076200203,8.247526948243456,0.10869814474851003,21.28436018957346,17.625704896817588,-0.0,2.8352280288811373,-6.189963387210141,0.7362702236560922,7.111359837279817,-0.0,-0.0
"Random Forest (500 estimators, 5 depth)",843,211,46.8110559744628,6.8418605637986225,0.4281288435541456,54.15394519823143,7.358936417596732,0.29041010025238645,21.28436018957346,,0.07962824853232232,0.09321139657817121,0.7290435855120961,0.01838077850038756,0.06661109174042873,0.0055538430442262495,0.007571056092367887
"Random Forest (100 estimators, 5 depth)",843,211,47.00266973827578,6.855849308311536,0.4257879780807744,53.96416010722774,7.346030227764363,0.29289689199407654,21.28436018957346,,0.0717286972437851,0.08915629321474326,0.7343649769486783,0.018729052639058347,0.07119390543743401,0.00873809312543047,0.006088981390870577
Ridge (lambda=2.0),843,211,63.55103020522736,7.971890002077761,0.2236235568662397,67.49208134918102,8.215356434700873,0.11563785310535069,21.28436018957346,17.638631303089834,-5.781724758797814,12.54463149171782,-3.708811286999045,0.9651009025556379,7.313979377356155,-2.578522095907115,-3.2552460612222744
