model_type,n_train,n_test,mse_train,rmse_train,r2_train,mse_test,rmse_test,r2_test,y_test_mean,bias,Game of season_weight,Game for player_weight,Age (days)_weight,Home?_weight,Game Started?_weight,Year_weight,Month of Season_weight
Linreg,114,29,7.82689537326325,2.7976589093853543,0.3102906680842882,10.55196100480646,3.248378211478223,0.2874418496031611,3.1379310344827585,2.5566250372721893,-4.74624624053423,4.861239479728044,-1.0792549052470322,-0.1256749179600934,1.916715043241354,-0.43226780159721667,2.6063683587536914
Lasso (lambda=0.05),114,29,8.203006895680597,2.8640891912928614,0.2771475615929955,11.383006254962295,3.3738711082319512,0.23132260635753255,3.1379310344827585,1.4352726534848321,-0.4246455092354887,2.3490849407763092,-0.0,-0.12460267497263487,2.5739160837404347,-0.0,0.0
"Random Forest (500 estimators, 5 depth)",114,29,3.276655337950574,1.810153401773058,0.7112597452399942,10.275930556780757,3.205609233325353,0.30608177306466866,3.1379310344827585,,0.18807281803733772,0.2945519627737919,0.19457842527454372,0.02107085983006811,0.22504595976945596,0.016942487934690425,0.05973748638011217
"Random Forest (100 estimators, 5 depth)",114,29,3.4176543028538373,1.8486898882327012,0.6988348567948979,10.667986292093325,3.2661883430220806,0.27960683542231535,3.1379310344827585,,0.18640537942717444,0.2754930101276611,0.19563943490316973,0.028162885837418557,0.24014750275080343,0.011873638297580208,0.06227814865619231
Ridge (lambda=2.0),114,29,8.029078690097414,2.8335628967957307,0.29247418865943875,11.24416847919142,3.3532325417709132,0.2406981137787071,3.1379310344827585,1.8712602416125057,-1.6658679817811586,2.7720538550276546,-0.19771390412855128,-0.24705873412931068,2.400722029232826,-0.3017981068273063,0.9591031162494749
