model_type,n_train,n_test,mse_train,rmse_train,r2_train,mse_test,rmse_test,r2_test,y_test_mean,bias,Game of season_weight,Game for player_weight,Age (days)_weight,Home?_weight,Game Started?_weight,Year_weight,Month of Season_weight
Linreg,789,198,21.764864852004703,4.665282933757041,0.1886993804038322,22.757477929220528,4.770479842659491,0.199151774529521,7.570707070707071,7.0498537033734285,-6.162869173205782,9.530470948632855,-3.110581473670147,-0.0051539224500681,3.407287729080193,-1.8901727433485496,-2.266089703317589
Lasso (lambda=0.05),789,198,22.19179166859115,4.710816454564023,0.1727853835481662,23.286752129267104,4.825634893904335,0.1805263229213548,7.570707070707071,6.4519800351401,0.0,0.8905530219343397,-2.61796344282055,-0.0,3.554025548986846,-2.035645663712925,-0.0
"Random Forest (500 estimators, 5 depth)",789,198,16.58078016371124,4.071950412727449,0.3819397771740473,19.570507841352164,4.42385667052541,0.311303013231581,7.570707070707071,,0.0665047118768226,0.1114921219699432,0.6272654019432861,0.0095426364710504,0.1541316321884029,0.0142863573366653,0.0167771382138292
"Random Forest (100 estimators, 5 depth)",789,198,16.55068450949833,4.068253250413294,0.3830616138165494,19.646999298005905,4.432493575630528,0.3086112365981894,7.570707070707071,,0.0660315079500109,0.1154691643975312,0.6274103681901062,0.0084996957288998,0.1548467192730007,0.0109477621814867,0.0167947822789641
Ridge (lambda=2.0),789,198,21.83736206796362,4.673046337022951,0.1859969957749175,22.922881110722017,4.787784572296671,0.1933311451608089,7.570707070707071,6.992772251302322,-1.595958053229917,4.834807140449669,-2.6353672929877763,-0.0191739332621379,3.553236999933051,-2.585951419849736,-2.401555519261346
SVM (linear kernel),789,198,21.841977036807656,4.6735400968438965,0.18582496957084782,23.143090965669472,4.8107266567192815,0.18558183866409284,7.570707070707071,,,,,,,,
"Feedforward NN (3 layers, [[16, 4, 1]] activations)",789,198,21.605979357175364,4.648223247346815,0.19462194878532235,23.683878309399706,4.866608501759691,0.16655123316684806,7.570707070707071,,,,,,,,
