model_type,n_train,n_test,mse_train,rmse_train,r2_train,mse_test,rmse_test,r2_test,y_test_mean,bias,Game of season_weight,Game for player_weight,Age (days)_weight,Home?_weight,Game Started?_weight,Year_weight,Month of Season_weight
Linreg,789,198,21.764864852004706,4.665282933757041,0.18869938040383227,22.757477929220528,4.770479842659491,0.19915177452952104,7.570707070707071,7.0498537033734285,-6.162869173205782,9.530470948632857,-3.110581473670147,-0.005153922450068127,3.407287729080193,-1.8901727433485496,-2.266089703317589
Lasso (lambda=0.05),789,198,22.19179166859115,4.710816454564023,0.1727853835481662,23.286752129267104,4.825634893904335,0.18052632292135484,7.570707070707071,6.4519800351400995,0.0,0.8905530219343397,-2.61796344282055,-0.0,3.554025548986846,-2.035645663712925,-0.0
"Random Forest (500 estimators, 5 depth)",789,198,16.58078016371124,4.071950412727449,0.38193977717404737,19.570507841352164,4.42385667052541,0.31130301323158105,7.570707070707071,,0.06650471187682268,0.11149212196994329,0.6272654019432861,0.009542636471050442,0.15413163218840292,0.014286357336665383,0.01677713821382921
"Random Forest (100 estimators, 5 depth)",789,198,16.55068450949833,4.068253250413294,0.38306161381654946,19.646999298005905,4.432493575630528,0.30861123659818945,7.570707070707071,,0.06603150795001093,0.11546916439753127,0.6274103681901062,0.008499695728899873,0.15484671927300075,0.010947762181486765,0.016794782278964183
Ridge (lambda=2.0),789,198,21.83736206796362,4.673046337022951,0.18599699577491757,22.922881110722017,4.787784572296671,0.19333114516080896,7.570707070707071,6.992772251302322,-1.5959580532299167,4.834807140449669,-2.6353672929877763,-0.01917393326213797,3.553236999933051,-2.585951419849736,-2.401555519261346
