model_type,n_train,n_test,mse_train,rmse_train,r2_train,mse_test,rmse_test,r2_test,y_test_mean,bias,Game of season_weight,Game for player_weight,Age (days)_weight,Home?_weight,Game Started?_weight,Year_weight,Month of Season_weight
Linreg,946,237,38.27437994057376,6.18662912583046,0.5132666432904092,49.62052739219131,7.044183940826028,0.4695428463530428,16.80168776371308,17.646184576987636,17.09282317204412,-17.90098466563429,-9.257786193489569,0.4662746733304627,5.872371335849152,-4.884705018420624,2.8352589292557138
Lasso (lambda=0.05),946,237,38.41370110106149,6.197878758176985,0.5114949031287095,49.64293525725923,7.045774283729165,0.4693033000816118,16.80168776371308,17.742820124903382,0.3683803399188564,0.0,-12.931821108753468,0.2655276146935981,5.903917127450739,-0.0,0.4424853020640568
"Random Forest (500 estimators, 5 depth)",946,237,26.828955920984946,5.179667549272342,0.6588175225121911,39.59530676002474,6.2924801755766175,0.5767152260254664,16.80168776371308,,0.023170649230612,0.0236031403412071,0.5509999799992122,0.0064103254227129,0.0039535441875414,0.386458807802872,0.0054035530158422
"Random Forest (100 estimators, 5 depth)",946,237,26.94211119007503,5.190579080418198,0.6573785326699231,39.502888693657646,6.285132352914904,0.5777032007006079,16.80168776371308,,0.0237909479923448,0.0217261302414306,0.4919531862763568,0.0060313726966028,0.0035829405143803,0.4465744955687085,0.006340926710176
Ridge (lambda=2.0),946,237,38.30960169050368,6.189475073906,0.5128187300753762,49.73374468239994,7.052215586778381,0.4683325222258321,16.80168776371308,17.529852805670377,0.3516274043202108,-0.2571294940706053,-6.933590902633344,0.4679734527454205,5.828001073581812,-6.657880102413275,2.001094558822793
SVM (linear kernel),946,237,38.38271052897824,6.1953781586742735,0.5118890086687562,49.951541187317176,7.0676404257232255,0.4660042173861936,16.80168776371308,,,,,,,,
"Feedforward NN (3 layers, [[16, 4, 1]] activations)",946,237,36.47438683192832,6.039402853919278,0.5361570647468878,47.29963094939548,6.877472715278155,0.4943538708555467,16.80168776371308,,,,,,,,
