model_type,n_train,n_test,mse_train,rmse_train,r2_train,mse_test,rmse_test,r2_test,y_test_mean,bias,Game of season_weight,Game for player_weight,Age (days)_weight,Home?_weight,Game Started?_weight,Year_weight,Month of Season_weight
Linreg,946,237,38.27437994057376,6.18662912583046,0.5132666432904092,49.62052739219131,7.044183940826028,0.4695428463530428,16.80168776371308,17.646184576987636,17.09282317204412,-17.90098466563429,-9.257786193489567,0.4662746733304627,5.872371335849152,-4.8847050184206235,2.8352589292557138
Lasso (lambda=0.05),946,237,38.41370110106149,6.197878758176985,0.5114949031287095,49.64293525725923,7.045774283729165,0.4693033000816118,16.80168776371308,17.742820124903382,0.36838033991885644,0.0,-12.931821108753468,0.2655276146935981,5.903917127450739,-0.0,0.44248530206405684
"Random Forest (500 estimators, 5 depth)",946,237,26.828955920984946,5.179667549272342,0.6588175225121911,39.59530676002474,6.2924801755766175,0.5767152260254664,16.80168776371308,,0.023170649230612024,0.023603140341207137,0.5509999799992122,0.006410325422712933,0.00395354418754149,0.38645880780287206,0.005403553015842224
"Random Forest (100 estimators, 5 depth)",946,237,26.94211119007503,5.190579080418198,0.6573785326699231,39.502888693657646,6.285132352914904,0.5777032007006079,16.80168776371308,,0.02379094799234482,0.021726130241430632,0.49195318627635687,0.006031372696602802,0.0035829405143803805,0.44657449556870854,0.006340926710176036
Ridge (lambda=2.0),946,237,38.30960169050368,6.189475073906,0.5128187300753762,49.73374468239994,7.052215586778381,0.4683325222258321,16.80168776371308,17.529852805670377,0.35162740432021083,-0.25712949407060537,-6.933590902633344,0.46797345274542057,5.828001073581812,-6.657880102413275,2.0010945588227935
