model_type,n_train,n_test,mse_train,rmse_train,r2_train,mse_test,rmse_test,r2_test,y_test_mean,bias,Game of season_weight,Game for player_weight,Age (days)_weight,Home?_weight,Game Started?_weight,Year_weight,Month of Season_weight
Linreg,565,142,39.27464422070479,6.266948557368633,0.2464681492655843,48.17007286172026,6.940466328837008,0.2137739130144178,17.697183098591548,16.615821700208897,-4.293087431040862,6.306315222159181,-23.58938162426429,0.9684156836546752,4.615432390163428,13.347001216844088,-3.413305440160366
Lasso (lambda=0.05),565,142,39.71575849073366,6.3020439930814245,0.2380048351127605,50.07474258840206,7.076350937340662,0.1826861247416505,17.697183098591548,20.837860330701435,0.0,0.0,-10.899514188609842,0.787447063852993,0.0,-0.0,-0.0
"Random Forest (500 estimators, 5 depth)",565,142,27.639788835326115,5.257355688492659,0.4696970106730613,40.42305531692799,6.357912811365692,0.3402197937905499,17.697183098591548,,0.0720553301583984,0.0767953325395121,0.8089568904937169,0.0193632291282402,0.0064541052273521,0.003545879623812,0.0128292328289681
"Random Forest (100 estimators, 5 depth)",565,142,27.4598005186874,5.240209968950424,0.4731503055924293,40.5790925791151,6.370172099646531,0.3376729725219692,17.697183098591548,,0.0784576377690143,0.077700132244976,0.806161199731552,0.0189646045388886,0.0037095747392999,0.0039274244813391,0.0110794264949299
Ridge (lambda=2.0),565,142,39.49335028864554,6.284373500090963,0.2422720071639238,48.9800747288224,6.998576621629744,0.2005531607799153,17.697183098591548,17.446111303681242,0.1407487570830675,1.4578528127298938,-7.200895664433884,1.004659850945591,3.4685079795501768,-3.999027262054057,-1.3082470576552012
SVM (linear kernel),565,142,39.73717743762025,6.30374312909562,0.23759388654763702,49.86736779211122,7.061683070777902,0.1860708710154464,17.697183098591548,,,,,,,,
"Feedforward NN (3 layers, [[16, 4, 1]] activations)",565,142,83.48197886429709,9.136847315365245,-0.6017033708333945,117.2108517748789,10.826396065860463,-0.9131013068581664,17.697183098591548,,,,,,,,
