model_type,n_train,n_test,mse_train,rmse_train,r2_train,mse_test,rmse_test,r2_test,y_test_mean,bias,Game of season_weight,Game for player_weight,Age (days)_weight,Home?_weight,Game Started?_weight,Year_weight,Month of Season_weight
Linreg,110,28,21.219662473560756,4.606480486614565,0.2248794232432847,19.4207099602445,4.40689345914381,0.05046232561074593,4.892857142857143,6.6478549213726446,-23.80050110408984,19.267429185247348,0.010136098024089879,0.20951600702294648,5.571690952030319,-2.5019104201552285,0.24289533681475994
Lasso (lambda=0.05),110,28,21.860819741866095,4.675555554355664,0.20145896628644988,20.62105111094851,4.541040751958576,-0.008226010039515508,4.892857142857143,6.502972862814463,-0.4944657823025712,-0.0,-0.6791708478047526,-0.0,5.192810128105958,-2.1671860482917067,-0.28805566813161415
"Random Forest (500 estimators, 5 depth)",110,28,7.749779329833502,2.783842547600978,0.7169128664811505,24.703873023647414,4.970299087947064,-0.20784761150854836,4.892857142857143,,0.15175369409827483,0.1591308114666396,0.45546780647650315,0.05386269052865535,0.12245545757786852,0.013678896913826172,0.04365064293823245
"Random Forest (100 estimators, 5 depth)",110,28,7.670450754089841,2.7695578625639583,0.7198106133920794,25.187219341134078,5.018687013665435,-0.23147988546611264,4.892857142857143,,0.15867560530796856,0.17710487172138767,0.44122426991010605,0.05397590740824344,0.11466031190344632,0.012297231929618688,0.04206180181922926
Ridge (lambda=2.0),110,28,21.754677537185827,4.664190984209998,0.20533617248671376,20.506452491468334,4.528405071486906,-0.0026229344129200527,4.892857142857143,6.984007341619851,-0.8254471435430889,0.59379565799013,-1.6837413273690978,-0.011740011864880143,5.027419043890605,-1.7848584778372256,-1.221462019569517
