model_type,n_train,n_test,mse_train,rmse_train,r2_train,mse_test,rmse_test,r2_test,y_test_mean,bias,Game of season_weight,Game for player_weight,Age (days)_weight,Home?_weight,Game Started?_weight,Year_weight,Month of Season_weight
Linreg,116,30,12.33471108273521,3.5120807340855946,0.3272348481020605,45.82943742723287,6.7697442660142535,-1.5022138852529467,4.133333333333334,3.365803761072513,6.7299685783847565,-6.5923726685627475,-7.189916433695364,-0.2809692295659462,25.696561950345732,6.543798902017835,-2.5037212535420004
Lasso (lambda=0.05),116,30,13.062165085340098,3.614161740340365,0.2875577369578636,35.192783126557416,5.932350556613914,-0.9214695956018968,4.133333333333334,2.8780922990370255,0.6181599947939073,0.0,-0.0,-0.514305558210811,18.703747706169068,-0.0,-0.0
"Random Forest (500 estimators, 5 depth)",116,30,6.579208880296967,2.564996857755769,0.6411539409369171,23.43634802278573,4.841110205602195,-0.27958706749012063,4.133333333333334,,0.30981193294629483,0.23206505752725953,0.28492860055590336,0.023595234531410245,0.11629876411862303,0.004631660831382094,0.028668749489126944
"Random Forest (100 estimators, 5 depth)",116,30,6.67299001308809,2.583213118015641,0.6360388897918854,23.159143788510743,4.812394808046275,-0.2644521602559855,4.133333333333334,,0.29722408726887234,0.2647514730247358,0.2839713522149663,0.023828806615330413,0.09861734452689942,0.0075949587909576975,0.024011977558238015
Ridge (lambda=2.0),116,30,14.962979319428003,3.8682010443393455,0.18388270408937246,24.144625763232074,4.913718120042304,-0.3182578977741364,4.133333333333334,2.818627682839024,1.2780172745188814,0.32080864696683187,-0.5325307414080287,-0.8386759718712261,7.929066938290793,0.4834746732853442,-0.37740379534101653
