model_type,n_train,n_test,mse_train,rmse_train,r2_train,mse_test,rmse_test,r2_test,y_test_mean,bias,Game of season_weight,Game for player_weight,Age (days)_weight,Home?_weight,Game Started?_weight,Year_weight,Month of Season_weight
Linreg,124,31,10.494983124671808,3.2395961360440917,0.14249730042482378,15.018181674712892,3.8753298794699904,-0.08400725472428183,4.129032258064516,2.2794770527497525,10.070445819912784,-2.665311629516646,-3.674289708900477,0.4036843099605456,2.2316584928502183,3.1175319426017127,-6.73452746474739
Lasso (lambda=0.05),124,31,10.91451402283576,3.3037121579877025,0.10821912451379412,14.813985135100827,3.8488940145320742,-0.06926841781822857,4.129032258064516,1.4719501406483457,2.9086327595118933,0.0,-0.0,0.35487050152178423,0.8834007963438744,-0.0,0.0
"Random Forest (500 estimators, 5 depth)",124,31,4.522459236828771,2.1266074477507058,0.6304881143464789,15.99368514355135,3.999210565042975,-0.15441876392916076,4.129032258064516,,0.4121379065386307,0.2270878690402328,0.21481681428561883,0.021611840434756377,0.037440265087017366,0.008265788013624875,0.0786395166001192
"Random Forest (100 estimators, 5 depth)",124,31,4.56588049777184,2.136792104480883,0.6269403384200833,16.34405658683755,4.042778325216156,-0.1797084557571642,4.129032258064516,,0.38580363295290965,0.24747940793392648,0.20384758191397834,0.020298471223531886,0.0432893707451731,0.010922849039113234,0.08835868619136727
Ridge (lambda=2.0),124,31,10.838117475296947,3.2921296261382156,0.11446117797634359,15.073372553938489,3.882444146918084,-0.08799091364990885,4.129032258064516,1.8174273444871998,2.5816124978216783,0.7905287024165177,-0.6333042844384723,0.5222265809962784,1.317860264759124,-0.18756605089977876,-0.34836370102060904
