model_type,n_train,n_test,mse_train,rmse_train,r2_train,mse_test,rmse_test,r2_test,y_test_mean,bias,Game of season_weight,Game for player_weight,Age (days)_weight,Home?_weight,Game Started?_weight,Year_weight,Month of Season_weight
Linreg,1113,279,44.52866821450302,6.6729804596224485,0.21489829658806836,42.41439445406228,6.512633450000259,0.20739267138450712,19.00716845878136,27.927170940563986,-1.4142279535141613,6.3497967239008934,-11.844326062734867,-0.4435197971797915,-2.7673776190621844,0.017925941143589474,-4.7932501088584045
Lasso (lambda=0.05),1113,279,44.87751445128792,6.699068177835476,0.2087476573322672,42.620954123095004,6.5284725719799885,0.20353264439180663,19.00716845878136,24.57624394789713,0.0,0.2870554149969302,-11.203376320401457,-0.25796655383785194,-0.0,-0.0,-0.0
"Random Forest (500 estimators, 5 depth)",1113,279,33.69458834148314,5.804703983967067,0.40591803520307757,40.88343014036814,6.394015181430847,0.2360021458448115,19.00716845878136,,0.0793942148537655,0.08029298823677228,0.8074028986882419,0.012833158091146404,1.0637011152056512e-05,0.011869307969897111,0.008196795149024829
"Random Forest (100 estimators, 5 depth)",1113,279,33.80672041580337,5.814354686102609,0.4039409924105142,40.87901355120063,6.393669803109997,0.23608467963992308,19.00716845878136,,0.07526616752764861,0.07637701635838261,0.8166253236128944,0.012081218263469366,0.0,0.011533446382105118,0.008116827855499938
Ridge (lambda=2.0),1113,279,44.55762875002336,6.675150091947248,0.2143876824897708,42.38409840210969,6.510307089693211,0.20795882052125236,19.00716845878136,26.419746830872626,1.1019704101943377,2.9779000951557704,-6.305663947844181,-0.4505772874701697,-1.3588668625559654,-5.665342477996674,-3.6350706362509055
