model_type,n_train,n_test,mse_train,rmse_train,r2_train,mse_test,rmse_test,r2_test,y_test_mean,bias,Game of season_weight,Game for player_weight,Age (days)_weight,Home?_weight,Game Started?_weight,Year_weight,Month of Season_weight
Linreg,176,44,13.817079592749009,3.7171332492593008,0.1442712724330145,9.212972013307713,3.03528779744322,0.0501989553350163,4.568181818181818,3.509147963993586,-11.606596593315642,7.920095743575342,-5.077765579962513,0.3787153024915312,1.7513752760445604,6.267876582642852,4.7412468483103485
Lasso (lambda=0.05),176,44,14.49726856558974,3.807527881130976,0.1021453484758601,8.250283100340626,2.8723306042899424,0.1494462920145135,4.568181818181818,3.696116394088797,-0.0,1.5014707410096135,-0.0,0.1399764551870513,2.0244298188744936,-0.0,-0.0
"Random Forest (500 estimators, 5 depth)",176,44,6.827732378039271,2.6129929923440804,0.5771402559558529,10.073254964605496,3.173839152289463,-0.0384909532710069,4.568181818181818,,0.2328402994562945,0.2997512309355092,0.2647832145351961,0.0333940581008414,0.0997783848947847,0.0120873172984794,0.0573654947788944
"Random Forest (100 estimators, 5 depth)",176,44,6.81050008339652,2.609693484567971,0.5782074980940135,10.763157090010465,3.280725086015356,-0.1096156412088105,4.568181818181818,,0.2477933604625976,0.2856387837415333,0.2693283152196203,0.0298104453507449,0.0959023034585623,0.0132500524659793,0.0582767393009622
Ridge (lambda=2.0),176,44,14.218621431053908,3.770758734134804,0.1194027114573736,8.308833681936981,2.8825047583546124,0.1434100852958095,4.568181818181818,3.699451635057812,-1.6656477758760475,3.384819863251892,-0.4503646445139832,0.3233564813582495,2.024132728542751,0.4610680079379301,-0.163254948542479
SVM (linear kernel),176,44,14.162517923499259,3.763312094883875,0.1228773518695907,8.535836913742513,2.921615463017423,0.12000744102425587,4.568181818181818,,,,,,,,
"Feedforward NN (3 layers, [[16, 4, 1]] activations)",176,44,16.76974854834551,4.095088344388373,-0.03859542029596863,11.630241507184119,3.410313989530014,-0.19900673933161772,4.568181818181818,,,,,,,,
