model_type,n_train,n_test,mse_train,rmse_train,r2_train,mse_test,rmse_test,r2_test,y_test_mean,bias,Game of season_weight,Game for player_weight,Age (days)_weight,Home?_weight,Game Started?_weight,Year_weight,Month of Season_weight
Linreg,87,22,10.392747385560565,3.223778433075165,0.2652739953550406,25.996936867176952,5.098719139860221,0.19963631806414073,5.863636363636363,2.741217321089006,-3.457488195075108,9.535119488276727,3.3055462979471124,0.34745556856419163,-4.449866017806673,-4.128724711876218,0.2157245795606011
Lasso (lambda=0.05),87,22,10.720720994204106,3.2742512112243474,0.24208756253146813,23.714424758263586,4.869745861773855,0.2699076659881957,5.863636363636363,2.6078396277221216,0.0,5.7623474759473545,-0.0,0.22117657105196928,-0.0,-0.0,-0.0
"Random Forest (500 estimators, 5 depth)",87,22,3.9328600462584364,1.9831439802138513,0.7219623992179434,20.480121413877562,4.525496814039046,0.36948166374169966,5.863636363636363,,0.3010959482553373,0.41294504146815514,0.17898233145634887,0.033211648730487944,0.00556341006547738,0.006778000047717721,0.061423619976475795
"Random Forest (100 estimators, 5 depth)",87,22,4.079223586780298,2.019708787617734,0.7116150776326302,20.516364716287132,4.529499389147451,0.3683658467856389,5.863636363636363,,0.25960905187125694,0.4442199040516138,0.18606258497465705,0.034871858881110794,0.005666821560597399,0.006032406257296682,0.06353737240346725
Ridge (lambda=2.0),87,22,10.707430834572843,3.2722210858334195,0.243027124085763,24.49868991053055,4.949615127515528,0.24576261581980874,5.863636363636363,2.446988503179438,2.3235792686936354,3.3760383001819347,0.40463995979315814,0.363854301590589,-1.2476378247358952,-0.3180555305603901,-0.1340282155618596
