model_type,n_train,n_test,mse_train,rmse_train,r2_train,mse_test,rmse_test,r2_test,y_test_mean,bias,Game of season_weight,Game for player_weight,Age (days)_weight,Home?_weight,Game Started?_weight,Year_weight,Month of Season_weight
Linreg,640,160,24.274098530725656,4.926875128387734,0.1670547597166846,26.468182186900517,5.144723723087617,0.1866853307526765,7.3625,6.408695964608298,-20.00615313376437,22.784503188610724,6.248829741408568,0.2171064872072501,4.802373594295988,-6.893091454480443,-1.9444890333593108
Lasso (lambda=0.05),640,160,25.145573004761957,5.014536170451057,0.1371508473527249,26.03429888011715,5.102381687027848,0.2000177030197487,7.3625,6.003141675701729,0.0,0.7047674042438633,-0.0,0.0309244484316477,4.63074163028291,-0.0,-0.0
"Random Forest (500 estimators, 5 depth)",640,160,17.38612126986237,4.169666805616772,0.4034098963391059,23.414349168285224,4.838837584408597,0.2805235540931854,7.3625,,0.1271441456830367,0.135877078638689,0.3720730339493472,0.0140173181497969,0.3207613996467209,0.0162925711428073,0.0138344527896018
"Random Forest (100 estimators, 5 depth)",640,160,17.257145961979802,4.154172115112686,0.4078355753680874,23.09111826026965,4.8053218685400925,0.290455797916613,7.3625,,0.125550059617464,0.1367467753564968,0.379239982678465,0.0159814931379675,0.3180058148644055,0.0086018070295459,0.0158740673156551
Ridge (lambda=2.0),640,160,24.68887420610392,4.968790014289588,0.1528220818623735,25.588536865177808,5.058511328956159,0.2137150843957482,7.3625,6.440886814361164,-1.9787924881646404,5.295654242286495,0.3565794584912142,0.252353545979098,4.717755756582219,-0.8103914283520021,-2.953426277582667
SVM (linear kernel),640,160,24.596959182207506,4.959532153561211,0.15597606846946166,25.85068436529072,5.084356829068031,0.2056598123773371,7.3625,,,,,,,,
"Feedforward NN (3 layers, [[16, 4, 1]] activations)",640,160,25.050941931066056,5.00509160066687,0.14039803292042485,25.27765199624224,5.027688534131986,0.22326795895913498,7.3625,,,,,,,,
