model_type,n_train,n_test,mse_train,rmse_train,r2_train,mse_test,rmse_test,r2_test,y_test_mean,bias,Game of season_weight,Game for player_weight,Age (days)_weight,Home?_weight,Game Started?_weight,Year_weight,Month of Season_weight
Linreg,363,91,33.06960937306215,5.750618173123838,0.1167603526920865,33.8611806637287,5.81903605966905,-0.0950304099517218,7.021978021978022,8.058863142323432,7.910170266078016,7.910170266078036,9.652674593133836,-0.4981856121796653,3.996145351094736,-11.692453309543126,-12.915044838938972
Lasso (lambda=0.05),363,91,34.495803743699014,5.87331284231472,0.078668840974989,34.70765443473318,5.891320262448239,-0.1224043674543111,7.021978021978022,6.446253486073278,1.4902303896625908,4.82096006576335e-16,0.1738839858527197,-0.2381711506863139,3.4396721586801524,0.0,-0.0
"Random Forest (500 estimators, 5 depth)",363,91,18.89221963793408,4.346518105096777,0.4954171601595963,28.25323721617317,5.315377429324579,0.0863238279098292,7.021978021978022,,0.131505137543879,0.133757711592987,0.5565429774420553,0.0173350292694392,0.1143608745317905,0.0197702646786418,0.026728004941207
"Random Forest (100 estimators, 5 depth)",363,91,19.075943528918177,4.36760157625649,0.4905101706985409,29.05736261520456,5.390488161122753,0.0603193665149802,7.021978021978022,,0.1264654326488724,0.1251493920404978,0.5583156033559334,0.0200150752821211,0.1336200868395948,0.0185903856354726,0.0178440241975078
Ridge (lambda=2.0),363,91,33.66690528302684,5.802318957367549,0.1008074751450837,34.30769183678139,5.857276827740122,-0.1094700515499147,7.021978021978022,6.86342154463004,3.480883220860794,3.4808832208608087,2.0878029949000028,-0.4579088665678124,3.7616851080949543,-2.1906977692098133,-5.17850131738422
SVM (linear kernel),363,91,33.54551394709711,5.791848923020792,0.10404965558705015,32.31434274831375,5.684570586096521,-0.045007506926957985,7.021978021978022,,,,,,,,
"Feedforward NN (3 layers, [[16, 4, 1]] activations)",363,91,33.92241998287813,5.824295664102067,0.0939830608971649,34.74539454155349,5.894522418445237,-0.12362483773423083,7.021978021978022,,,,,,,,
