model_type,n_train,n_test,mse_train,rmse_train,r2_train,mse_test,rmse_test,r2_test,y_test_mean,bias,Game of season_weight,Game for player_weight,Age (days)_weight,Home?_weight,Game Started?_weight,Year_weight,Month of Season_weight
Linreg,460,115,26.415115833195554,5.139563778492835,0.22050790192862368,25.35644639034275,5.03551848277243,0.1891680726731303,6.121739130434783,4.4390579475244945,-2.0951646503842762,-2.0951646503842754,11.280875836162702,0.6556742038666108,5.70811941972905,-13.34929253810704,3.4347123417276335
Lasso (lambda=0.05),460,115,26.734771352952276,5.170567797926285,0.21107508500180427,25.46635750130318,5.046420266020576,0.18565340675493502,6.121739130434783,4.710069573523212,-1.4212285228938926,-6.764208794899277e-16,-0.0,0.47901728122741316,5.221486960548873,-0.5953539834023953,-0.0
"Random Forest (500 estimators, 5 depth)",460,115,15.476412226934329,3.9340071462739274,0.543301603764683,27.433313782548897,5.237682100180279,0.12275535992540842,6.121739130434783,,0.10272941832032942,0.10195026430813853,0.3395640607398857,0.02843692340527709,0.3537640909321322,0.024895551175738797,0.04865969111849834
"Random Forest (100 estimators, 5 depth)",460,115,15.565048515622367,3.9452564575224214,0.5406860071846418,27.278480893551176,5.222880516874876,0.12770650520290372,6.121739130434783,,0.10812000341874038,0.09751643623184131,0.33696212852465773,0.029239791475165016,0.3556879412579874,0.018314926858564926,0.054158772233043176
Ridge (lambda=2.0),460,115,26.53132048477867,5.150856286558446,0.2170787817142673,25.358774928116254,5.03574968878679,0.18909361220884913,6.121739130434783,4.766426478307137,-1.7823854708915434,-1.7823854708915456,0.27884507721674373,0.6448732522272328,5.5816425300145465,-1.6090823342192362,1.622648880446966
