model_type,n_train,n_test,mse_train,rmse_train,r2_train,mse_test,rmse_test,r2_test,y_test_mean,bias,Game of season_weight,Game for player_weight,Age (days)_weight,Home?_weight,Game Started?_weight,Year_weight,Month of Season_weight
Linreg,229,58,16.288870806328426,4.035947324523503,0.10980473133312951,22.633801247044627,4.7574994742032946,0.1377111280287867,5.689655172413793,5.368496878012688,-7.924147605865457,12.129198460432171,-3.0804287017527248,0.23450634252876956,2.103856704261665,1.2726159301986673,-2.471980006778516
Lasso (lambda=0.05),229,58,16.962290659206612,4.118530157617716,0.07300198582755402,24.265571595231737,4.9260097031199335,0.07554492812729818,5.689655172413793,5.6687604683464645,-0.0,0.8033473331426072,-2.712509751711071,0.03490870388338263,0.9662850639581804,-0.0,-0.0
"Random Forest (500 estimators, 5 depth)",229,58,9.690356351468614,3.1129337210208337,0.4704169811192872,25.786072605692574,5.07799887807122,0.017617800163648667,5.689655172413793,,0.19009526501365648,0.17013660572373476,0.5661108087996333,0.026999585275623936,0.006515884388168563,0.026667574157857,0.013474276641326053
"Random Forest (100 estimators, 5 depth)",229,58,9.852298888923622,3.138837187387014,0.46156673714888585,25.54804424070148,5.054507319284589,0.026686060863875705,5.689655172413793,,0.1869916784794881,0.17557410991463587,0.5687917121272644,0.02722847125249683,0.010353423975711127,0.01804772853930585,0.013012875711097818
Ridge (lambda=2.0),229,58,16.633113935430316,4.0783714808033755,0.09099166513344403,23.403770077453256,4.837744317081387,0.10837732117154297,5.689655172413793,5.613799196360033,-0.9891901839263865,3.5417042619197905,-1.8710644718025566,0.24952888423192704,1.8775665941456448,-0.9309991771520738,-1.3721898632247587
