model_type,n_train,n_test,mse_train,rmse_train,r2_train,mse_test,rmse_test,r2_test,y_test_mean,bias,Game of season_weight,Game for player_weight,Age (days)_weight,Home?_weight,Game Started?_weight,Year_weight,Month of Season_weight
Linreg,744,186,33.30948195835134,5.771436732595389,0.1525544889753947,42.82313842993553,6.543939060683216,0.11615215264845469,9.89247311827957,9.46070562857271,37.12176154506106,-33.18155631492025,8.105485729814228,0.9874051120368408,4.8182979371463555,-14.085852279588483,-4.732856209195299
Lasso (lambda=0.05),744,186,33.70988827344663,5.806021725195888,0.14236752375216855,42.42328888349868,6.513316273872986,0.12440484439034849,9.89247311827957,8.89206440600603,0.0,0.0,-0.0,0.7860310752599311,4.575575215304764,-4.797311619902009,-0.3960285173294247
"Random Forest (500 estimators, 5 depth)",744,186,23.030271466566763,4.79898650410342,0.41407374043153533,38.7839157971421,6.227673385554359,0.19951965815740325,9.89247311827957,,0.07440432107034901,0.08791336212724252,0.5671496416022468,0.04463166771948104,0.18382523630066422,0.009605834297246409,0.032469936882770084
"Random Forest (100 estimators, 5 depth)",744,186,23.25799832104168,4.822654696434494,0.4082800117627491,38.98617601597569,6.243891095781194,0.19534510987403997,9.89247311827957,,0.07359141477581599,0.08813887414516183,0.5778251722165074,0.04591175391223571,0.17785864633217452,0.0073668006807999014,0.02930733793730476
Ridge (lambda=2.0),744,186,33.511363941379805,5.788900063170879,0.14741829440808996,42.8656692054589,6.547187885303041,0.11527433902314033,9.89247311827957,9.27513274915194,1.669722639565979,0.36842100969937935,-1.486788246834319,0.968200953746695,4.706114938992909,-3.5165643055070146,-3.2534906327542292
