model_type,n_train,n_test,mse_train,rmse_train,r2_train,mse_test,rmse_test,r2_test,y_test_mean,bias,Game of season_weight,Game for player_weight,Age (days)_weight,Home?_weight,Game Started?_weight,Year_weight,Month of Season_weight
Linreg,416,104,32.45149753148105,5.696621589282638,0.14782625976739028,33.74870917849554,5.8093639220224045,0.22403401576351156,9.586538461538462,8.759830462363622,0.9290331610757567,0.929033161075755,3.998915851517204,-0.08144490478257858,3.7750855633255758,-7.676862002219533,-2.3139302037468887
Lasso (lambda=0.05),416,104,32.545519774325385,5.704868076855536,0.145357243159698,33.75111750238669,5.8095711978068305,0.223978642462901,9.586538461538462,8.588417500453463,-0.0,-0.0,-0.0,-0.0,3.7153375952365084,-3.5295477923993275,-0.6879515005583011
"Random Forest (500 estimators, 5 depth)",416,104,21.858595878415066,4.675317730209901,0.42599501339277823,27.65765880737067,5.259054934812021,0.3640822727580517,9.586538461538462,,0.1031725388822722,0.10608806566260097,0.7035452636536782,0.010455326478690125,0.043865394905376665,0.007326927228071072,0.025546483189310912
"Random Forest (100 estimators, 5 depth)",416,104,22.09970696782479,4.701032542731946,0.4196634553907317,27.02298133149279,5.1983633320010245,0.37867507183779003,9.586538461538462,,0.10216626934606862,0.11298945247726516,0.6769457082143069,0.009318973006752527,0.057005871531115894,0.011357253988563416,0.03021647143592748
Ridge (lambda=2.0),416,104,32.478304336472505,5.698973972257858,0.1471223152036275,33.68968138356011,5.804281297762894,0.2253912102195167,9.586538461538462,8.884262801474955,0.47969225067302845,0.4796922506730273,-1.382188413811082,-0.09713726164292846,3.767772257421028,-2.1707467187474516,-2.014027403058981
