model_type,n_train,n_test,mse_train,rmse_train,r2_train,mse_test,rmse_test,r2_test,y_test_mean,bias,Game of season_weight,Game for player_weight,Age (days)_weight,Home?_weight,Game Started?_weight,Year_weight,Month of Season_weight
Linreg,116,30,13.065686730908196,3.614648908387673,0.2058617685270556,12.7977015993027,3.577387538316572,0.0179954438253534,3.033333333333333,5.742200410106005,11.31755659321009,4.162708313053338,-6.740088178808804,-0.8074523829984348,6.795805914666446,4.330984577735848,-16.479962105111504
Lasso (lambda=0.05),116,30,14.276155329928384,3.778379987498397,0.1322889504825651,11.83945320736512,3.440850651708836,0.0915246068182615,3.033333333333333,4.420388642654038,-0.0,1.034858362205418,-2.926563227631673,-0.441362439899906,2.758696174607832,-0.0,-0.0
"Random Forest (500 estimators, 5 depth)",116,30,6.353606414043203,2.5206361129768817,0.6138249856253286,14.28059675693059,3.7789676840283497,-0.0957913787396651,3.033333333333333,,0.232861147191761,0.2082715669554614,0.400668470181778,0.04925181333992,0.0739907977590166,0.0071965652321735,0.027759639339889
"Random Forest (100 estimators, 5 depth)",116,30,6.432125166124864,2.536163473856696,0.6090525810667464,13.298373526406916,3.6466935059594623,-0.0204225572313261,3.033333333333333,,0.2505415985239904,0.2303657417176224,0.3809310560698132,0.0421765974540932,0.0632388674488053,0.0068521109124505,0.0258940278732247
Ridge (lambda=2.0),116,30,14.008925875196034,3.742849966963147,0.1485312752029799,12.190223035772323,3.4914499904441314,0.064609026157806,3.033333333333333,4.565699049914203,0.3112975020555877,2.517488361008609,-2.627306703683764,-0.6274953270699715,2.8916246256151865,-0.1141530285053426,-1.7240066963393597
SVM (linear kernel),116,30,14.209849325772831,3.769595379582911,0.1363190588083345,11.868773329595165,3.44510860925968,0.08927478927140864,3.033333333333333,,,,,,,,
"Feedforward NN (3 layers, [[16, 4, 1]] activations)",116,30,16.9406835903127,4.115906168793538,-0.0296622583586561,12.026087701973776,3.467865006307739,0.07720360373634594,3.033333333333333,,,,,,,,
