model_type,n_train,n_test,mse_train,rmse_train,r2_train,mse_test,rmse_test,r2_test,y_test_mean,bias,Game of season_weight,Game for player_weight,Age (days)_weight,Home?_weight,Game Started?_weight,Year_weight,Month of Season_weight
Linreg,827,207,39.61092710169135,6.293721244358646,0.4182874796551892,38.93243776729958,6.239586345848544,0.4316214592043528,13.318840579710145,7.386328390414538,3.612545229839271,9.084358169578204,-3.663903036332782,-0.2929701583879488,10.894813550315316,-0.217891513585076,-9.605890607097166
Lasso (lambda=0.05),827,207,40.40182472038769,6.356242972101341,0.4066726278764002,40.95621733487923,6.399704472464274,0.4020760995125662,13.318840579710145,6.355531818813683,0.0,4.587546012012651,-2.396854745685624,-0.0229348966400134,10.617500065590695,-0.2387545718364667,-1.865040160595368
"Random Forest (500 estimators, 5 depth)",827,207,28.625445524297668,5.350275275562713,0.5796165028103756,35.01844565907674,5.917638520480677,0.4887622202441329,13.318840579710145,,0.0582737406485329,0.0400413588355036,0.2378739758856486,0.0034409249859634,0.6506893288526684,0.0031837594237084,0.0064969113679744
"Random Forest (100 estimators, 5 depth)",827,207,28.692163399432257,5.356506641406529,0.5786367069273619,35.507910712619925,5.958851459184054,0.4816164711244359,13.318840579710145,,0.0614869947501111,0.0396125349038929,0.2318203703147191,0.0038721932153961,0.6540385227992351,0.0031433152173231,0.0060260687993225
Ridge (lambda=2.0),827,207,39.69537705838062,6.300426736212446,0.4170472764904762,39.29858471464534,6.268858326254098,0.4262760434126923,13.318840579710145,7.200366040105552,2.840811155612737,7.3296344626143535,-1.8505781872454676,-0.2697889269757849,10.734630309637884,-1.8516828625113837,-7.096034595404988
SVM (linear kernel),827,207,39.95233751831214,6.320786147174427,0.4132736431091626,39.60673477080097,6.293388178938351,0.42177733001820394,13.318840579710145,,,,,,,,
"Feedforward NN (3 layers, [[16, 4, 1]] activations)",827,207,55.03737560153343,7.418717921685217,0.19173993599950445,54.515427333202716,7.383456327032937,0.20412384080088652,13.318840579710145,,,,,,,,
