model_type,n_train,n_test,mse_train,rmse_train,r2_train,mse_test,rmse_test,r2_test,y_test_mean,bias,Game of season_weight,Game for player_weight,Age (days)_weight,Home?_weight,Game Started?_weight,Year_weight,Month of Season_weight
Linreg,116,29,18.437389230418525,4.293878110801298,0.22364028825725468,28.06261097401585,5.297415499469137,-0.3417086884108773,4.344827586206897,1.6213775886975563,17.16548479496286,-12.51548382791281,2.652763685376099,-0.5480707755650971,5.537123512831362,-0.9534564038659816,-1.5662837764495858
Lasso (lambda=0.05),116,29,19.549939535999354,4.421531356441946,0.1767931330691973,25.27757471451523,5.027680848514077,-0.20855260573662915,4.344827586206897,2.7133251349409964,2.957593620406558,-0.0,0.0,-0.37510885958724965,4.381981879799891,0.0,0.0
"Random Forest (500 estimators, 5 depth)",116,29,6.865509773944836,2.620211780361434,0.7109078122474599,26.373016316429563,5.135466514001387,-0.26092704503224917,4.344827586206897,,0.25781608848207754,0.20487147391966545,0.27870738706859133,0.03555522818948026,0.17968483318681572,0.003213332322729858,0.04015165683063988
"Random Forest (100 estimators, 5 depth)",116,29,6.738975151108275,2.595953611124104,0.7162359192849137,26.248607198728987,5.123339457690559,-0.25497888880790676,4.344827586206897,,0.24249084813812352,0.21359683185962453,0.30548443686790094,0.03191604738875395,0.17177024415769898,0.0019780931994360096,0.032763498388462174
Ridge (lambda=2.0),116,29,19.448609473921177,4.41005776310483,0.18105992902402235,24.918125789099133,4.991805864524294,-0.19136690100240883,4.344827586206897,2.5926996101250395,3.163956925955277,-1.0412787294248014,-0.24488631642901937,-0.528210383350288,4.194809496600629,0.23555880022687758,0.908655408461081
