model_type,n_train,n_test,mse_train,rmse_train,r2_train,mse_test,rmse_test,r2_test,y_test_mean,bias,Game of season_weight,Game for player_weight,Age (days)_weight,Home?_weight,Game Started?_weight,Year_weight,Month of Season_weight
Linreg,135,34,12.705628181705308,3.564495501709226,0.1143711041995102,16.44633115357938,4.05540764333,0.2519688852086181,4.882352941176471,2.577375689818907,-0.2829793517139122,-0.2829793517139123,1.1357938207459242,-1.4406690672111826,2.688120660262212,2.3314808264433053,-0.1738052742198444
Lasso (lambda=0.05),135,34,12.813790372135196,3.579635508279466,0.1068318027255608,17.50842239249425,4.184306680024093,0.2036616192271264,4.882352941176471,2.811674478044713,-0.0,-0.0,1.577333317101559,-1.2234357336015969,2.006567088119722,0.8856720480094971,0.0
"Random Forest (500 estimators, 5 depth)",135,34,5.2037554667978005,2.2811741421464955,0.637279153602829,16.70598909521609,4.087296061605532,0.2401588214483081,4.882352941176471,,0.1387005045188042,0.1389494238748727,0.5326170554905147,0.042780711695962,0.0268205158564328,0.020123304584536,0.1000084839788773
"Random Forest (100 estimators, 5 depth)",135,34,4.9738426244948775,2.2302113407690487,0.6533049221635898,16.84674939106356,4.104479186335772,0.2337565983605022,4.882352941176471,,0.1358303618101579,0.1364080113955231,0.5569476521846976,0.0458324788713851,0.0261873340413616,0.0039925086987948,0.0948016529980796
Ridge (lambda=2.0),135,34,12.733867389296368,3.5684544818865724,0.1124027278327941,17.0390215872871,4.127834975781747,0.2250114512549619,4.882352941176471,2.7266601330674853,-0.2564375199489607,-0.2564375199489605,1.4254670276985877,-1.342864791157904,2.2649725390860445,1.5155673241044545,0.081701129910924
SVM (linear kernel),135,34,13.213058434769565,3.634977088616868,0.07900135401556119,16.55769584939126,4.069114872965773,0.24690366690681864,4.882352941176471,,,,,,,,
"Feedforward NN (3 layers, [[16, 4, 1]] activations)",135,34,15.131043661503336,3.8898642214739754,-0.05468925255828072,19.914019835420657,4.462512726639629,0.0942474453200236,4.882352941176471,,,,,,,,
