model_type,n_train,n_test,mse_train,rmse_train,r2_train,mse_test,rmse_test,r2_test,y_test_mean,bias,Game of season_weight,Game for player_weight,Age (days)_weight,Home?_weight,Game Started?_weight,Year_weight,Month of Season_weight
Linreg,573,144,63.755851878715966,7.984726161786387,0.26053954243418154,56.52679067126404,7.5184300669264745,0.3018952411484177,21.8125,14.831950607609787,-39.94569704543444,31.73360947719889,-5.2700784530304805,-0.48143793652168465,-0.12868897263220647,20.508352549019527,14.519557951570212
Lasso (lambda=0.05),573,144,66.08040128102236,8.12898525530846,0.23357868607336052,59.19978982559311,7.6941399665975085,0.26888375388929764,21.8125,14.720355213271606,-18.54906589906796,16.813071079353055,0.0,-0.2942863014419739,0.5895717168698382,13.907421024401877,5.300953114983446
"Random Forest (500 estimators, 5 depth)",573,144,44.162461144800126,6.645484267139613,0.4877898614312378,57.40314933933402,7.576486609196509,0.2910722287435846,21.8125,,0.0683149562533339,0.05890841168812508,0.8368684497371476,0.008061100452687651,0.0013704073980012645,0.01147342000466095,0.015003254466043404
"Random Forest (100 estimators, 5 depth)",573,144,43.85738728163243,6.622491017859701,0.49132820421549717,57.63217151645722,7.591585573281593,0.2882438093368991,21.8125,,0.07112937354193417,0.057991932599526744,0.8374543763709211,0.00849514223694226,0.0015689100397119067,0.00758479073021079,0.01577547448075284
Ridge (lambda=2.0),573,144,66.25629511233747,8.139796994540925,0.23153861399911857,58.648921368825576,7.65825837699575,0.27568696855271446,21.8125,13.211810234894946,-17.44673197814944,14.324108527414667,6.19367348666679,-0.48943967697256635,1.9324500987875517,7.367814947773201,7.512260290648924
