model_type,n_train,n_test,mse_train,rmse_train,r2_train,mse_test,rmse_test,r2_test,y_test_mean,bias,Game of season_weight,Game for player_weight,Age (days)_weight,Home?_weight,Game Started?_weight,Year_weight,Month of Season_weight
Linreg,107,27,26.319814686852105,5.130284074673848,0.1835981426549577,24.10215165012134,4.909394224354094,0.0659967811536009,7.481481481481482,4.458400766721429,-6.888630904998513,-2.5359251839499874,0.9886104787961486,0.5635227876830597,4.452819290025813,-0.4179438124890031,12.044755459814157
Lasso (lambda=0.05),107,27,26.72771524865365,5.169885419296413,0.1709456684552355,23.05370438053025,4.801427327423612,0.1066260635016714,7.481481481481482,5.097626926486491,0.0,-0.0,0.0,0.309638716461497,4.369289517920588,0.0,2.437642900264768
"Random Forest (500 estimators, 5 depth)",107,27,13.071568277047447,3.615462387724072,0.594539218958672,35.022552488664644,5.917985509332094,-0.3571890689047698,7.481481481481482,,0.2134062396872755,0.2135212305407965,0.3105781729566517,0.0390038952206052,0.1772950758612855,0.0135043895191582,0.0326909962142272
"Random Forest (100 estimators, 5 depth)",107,27,13.39949860918868,3.660532558138048,0.5843673034104362,35.92363310129236,5.99363271324598,-0.392107619117698,7.481481481481482,,0.2123158945780811,0.2316342999164787,0.3057568537246531,0.0406606509119526,0.1657184216184392,0.0182472839791737,0.0256665952712216
Ridge (lambda=2.0),107,27,26.65225961430507,5.162582649634296,0.1732861910144655,23.13358553157286,4.809738613643455,0.1035305202787255,7.481481481481482,4.621469223341379,0.9597936953843936,-0.901830444992844,0.3678470878522555,0.4497029296899547,4.17207329393182,0.3726181141182302,2.337234022249144
SVM (linear kernel),107,27,27.1208998098121,5.207773018269143,0.15874966290472892,24.53771704027835,4.95355599950968,0.04911781190926445,7.481481481481482,,,,,,,,
"Feedforward NN (3 layers, [[16, 4, 1]] activations)",107,27,71.92740313729286,8.481002484216878,-1.2310820275123566,70.35703743113348,8.387910194508134,-1.7264661007493256,7.481481481481482,,,,,,,,
