model_type,n_train,n_test,mse_train,rmse_train,r2_train,mse_test,rmse_test,r2_test,y_test_mean,bias,Game of season_weight,Game for player_weight,Age (days)_weight,Home?_weight,Game Started?_weight,Year_weight,Month of Season_weight
Linreg,107,27,26.319814686852105,5.130284074673848,0.18359814265495777,24.10215165012134,4.909394224354094,0.06599678115360097,7.481481481481482,4.458400766721429,-6.888630904998513,-2.5359251839499874,0.9886104787961486,0.5635227876830597,4.452819290025813,-0.41794381248900314,12.044755459814155
Lasso (lambda=0.05),107,27,26.727715248653652,5.169885419296413,0.1709456684552355,23.053704380530252,4.801427327423612,0.10662606350167148,7.481481481481482,5.097626926486491,0.0,-0.0,0.0,0.30963871646149704,4.369289517920588,0.0,2.437642900264768
"Random Forest (500 estimators, 5 depth)",107,27,13.071568277047447,3.615462387724072,0.594539218958672,35.022552488664644,5.917985509332094,-0.35718906890476987,7.481481481481482,,0.2134062396872755,0.21352123054079658,0.3105781729566517,0.039003895220605204,0.1772950758612855,0.013504389519158276,0.03269099621422729
"Random Forest (100 estimators, 5 depth)",107,27,13.399498609188681,3.660532558138048,0.5843673034104362,35.92363310129236,5.9936327132459795,-0.392107619117698,7.481481481481482,,0.21231589457808112,0.23163429991647871,0.3057568537246531,0.04066065091195263,0.1657184216184392,0.01824728397917378,0.0256665952712216
Ridge (lambda=2.0),107,27,26.65225961430507,5.162582649634296,0.17328619101446552,23.13358553157286,4.809738613643455,0.10353052027872556,7.481481481481482,4.621469223341379,0.9597936953843935,-0.9018304449928439,0.3678470878522555,0.44970292968995473,4.17207329393182,0.37261811411823026,2.337234022249144
