model_type,n_train,n_test,mse_train,rmse_train,r2_train,mse_test,rmse_test,r2_test,y_test_mean,bias,Game of season_weight,Game for player_weight,Age (days)_weight,Home?_weight,Game Started?_weight,Year_weight,Month of Season_weight
Linreg,149,38,36.693589408573466,6.057523372515657,0.36257489901492035,27.087696513300738,5.204584182554908,0.20043675868343702,7.2631578947368425,2.724495377914451,47.9171757297413,-34.35168650260226,14.800536942603888,2.1511015766678843,8.592140565686872,-13.32809036328893,-8.132968469257708
Lasso (lambda=0.05),149,38,37.958397194459685,6.161038645752815,0.3406032074023013,27.740825081470827,5.266955959704887,0.18115798410376394,7.2631578947368425,3.925467694711587,3.6992478633545307,0.0,0.4081287026556544,1.815645510645272,7.574177852315301,-0.0,0.0
"Random Forest (500 estimators, 5 depth)",149,38,13.094820640455868,3.6186766421519163,0.7725224622703765,28.871363779573795,5.3732079598293785,0.14778721795370897,7.2631578947368425,,0.18582739774684445,0.14204291035524663,0.20608726100830163,0.06660857741607375,0.3264704592235855,0.011051839229356902,0.061911555020591084
"Random Forest (100 estimators, 5 depth)",149,38,13.242691106697094,3.639050852447255,0.7699537207437025,29.666148414354087,5.446663971125269,0.12432709913476503,7.2631578947368425,,0.17516423293725086,0.14656627853390106,0.18680784111649143,0.06557657062779258,0.3563822275245706,0.013482585669830887,0.05602026359016255
Ridge (lambda=2.0),149,38,37.83068820894327,6.1506656720182145,0.34282171244096304,27.445451697840745,5.2388406826167895,0.18987669150282027,7.2631578947368425,3.665203731581201,2.2555890487432304,1.7524286437695802,1.6998627464708584,1.9301737001938288,7.224825787890477,-1.6123850183800978,0.7304875986758993
