model_type,n_train,n_test,mse_train,rmse_train,r2_train,mse_test,rmse_test,r2_test,y_test_mean,bias,Game of season_weight,Game for player_weight,Age (days)_weight,Home?_weight,Game Started?_weight,Year_weight,Month of Season_weight
Linreg,659,165,25.773037311067263,5.076715208780897,0.3185073999959569,22.2515688030474,4.717156855887601,0.2448976775229343,7.066666666666666,4.030043665063093,-4.198219184606092,6.9926271114477085,3.240658317053177,-0.7798073656034281,6.522508084010786,-7.403677233874927,1.2108140672623589
Lasso (lambda=0.05),659,165,25.957747688894862,5.094874648987438,0.3136232742286222,22.516767798393836,4.745183642220165,0.2358982052125929,7.066666666666666,3.853593925730288,0.0,2.413202502215721,-3.191855391877249,-0.5906073594501376,6.611423472125778,-0.0,0.0
"Random Forest (500 estimators, 5 depth)",659,165,16.548648063776387,4.068002957690221,0.5624193974727214,17.69845076875479,4.206952670134855,0.3994067834937326,7.066666666666666,,0.066342341045045,0.0941171009246953,0.3362879294531559,0.0123504601324728,0.4659650536162471,0.0109229698950468,0.0140141449333369
"Random Forest (100 estimators, 5 depth)",659,165,16.449163300791064,4.0557568098680505,0.5650499810927025,17.991673852222437,4.241659327695052,0.3894563196280125,7.066666666666666,,0.0658641268461068,0.0926512717173024,0.3435874205503152,0.0125504496231831,0.4614458397164893,0.0084748507905414,0.0154260407560615
Ridge (lambda=2.0),659,165,25.825180968581787,5.081848184330361,0.3171286134639546,22.475792302317057,4.740864088150709,0.2372887000817901,7.066666666666666,4.017094252611159,-0.8404536114394912,4.012118359476424,-1.6433691176835046,-0.7922128274906179,6.684363861251215,-2.225607095500445,-0.0042992257073698
SVM (linear kernel),659,165,26.057692081287257,5.104673552861853,0.31098053705312967,22.485785943733795,4.7419179604600705,0.236949567955396,7.066666666666666,,,,,,,,
"Feedforward NN (3 layers, [[16, 4, 1]] activations)",659,165,24.156043040301757,4.9148797584785076,0.36126408468451043,20.808351175802752,4.561617166729662,0.2938729651450378,7.066666666666666,,,,,,,,
