model_type,n_train,n_test,mse_train,rmse_train,r2_train,mse_test,rmse_test,r2_test,y_test_mean,bias,Game of season_weight,Game for player_weight,Age (days)_weight,Home?_weight,Game Started?_weight,Year_weight,Month of Season_weight
Linreg,156,39,5.680821014895479,2.3834472964375526,0.04726539575281441,2.7408023713205623,1.6555368831048622,-0.4208454010833593,1.3846153846153846,1.6721402214345487,-1.279115926818189,-1.2791159268181906,-0.5764427402918367,-0.22200941408862102,2.821371663604729,1.1969732170785503,1.7516048440661964
Lasso (lambda=0.05),156,39,5.901490795739605,2.4292984163621405,0.01025670708429638,2.263266548451151,1.5044156833970959,-0.1732884867737563,1.3846153846153846,1.858016829049078,-0.1883710818352586,-0.0,0.14762525078846636,-0.06195869088460933,0.0,0.09928785468844847,-0.0
"Random Forest (500 estimators, 5 depth)",156,39,2.917542486561829,1.7080815222236405,0.510696837830231,3.1323021784884952,1.7698311158097813,-0.6238008225906622,1.3846153846153846,,0.2072668415776899,0.22136894280145367,0.3311624156885148,0.04840080830224343,0.05218156590324409,0.031636760188410364,0.10798266553844381
"Random Forest (100 estimators, 5 depth)",156,39,3.0322506716202944,1.7413358870764406,0.4914590450870635,2.9129666433964796,1.7067415279990346,-0.5100962047055373,1.3846153846153846,,0.20780645154752408,0.2130942787382159,0.3272815351226493,0.0579807818455033,0.0451352179667161,0.0266077815524971,0.12209395322689419
Ridge (lambda=2.0),156,39,5.729387892163983,2.393613981443955,0.03912020961288798,2.601672947862579,1.6129702253490543,-0.3487200251189444,1.3846153846153846,1.8429801854605408,-0.7019089170574032,-0.7019089170574028,0.13120589064282626,-0.2355687592204178,1.3985770267253963,0.4746575518331978,0.7151612038317527
