model_type,n_train,n_test,mse_train,rmse_train,r2_train,mse_test,rmse_test,r2_test,y_test_mean,bias,Game of season_weight,Game for player_weight,Age (days)_weight,Home?_weight,Game Started?_weight,Year_weight,Month of Season_weight
Linreg,189,48,9.91951452003969,3.14952607864099,0.09185860183522876,20.899451595120308,4.571591801016393,-0.0599004308766522,3.1041666666666665,0.4436007418226344,4.717972513382384,-1.2534017238393358,7.97373268315169,1.2050159219927967,0.8969374992447745,-5.806273580791083,-1.9466824591847034
Lasso (lambda=0.05),189,48,10.25157979570709,3.2018088318491302,0.06145769631537312,20.286164717180384,4.504016509425824,-0.028798034566344777,3.1041666666666665,1.2905787621641915,0.8514288690463685,0.12623157630760704,1.185289419752351,0.9647950217323421,0.0,0.0,-0.0
"Random Forest (500 estimators, 5 depth)",189,48,5.15902686253529,2.271349128279334,0.5276859710576174,18.897135252062565,4.347083534056202,0.04164558075428337,3.1041666666666665,,0.25813375038488917,0.20644095613300312,0.3770185330937173,0.05681210339753631,0.021571537943381933,0.04961980216881624,0.03040331687865597
"Random Forest (100 estimators, 5 depth)",189,48,5.191458989358511,2.2784773401020497,0.5247167776621952,18.38914977827582,4.288257195910224,0.06740769322384521,3.1041666666666665,,0.2518790353611161,0.20370256926939798,0.3856194691149943,0.05351781219465575,0.018775079752901647,0.060526294724811705,0.025979739582122758
Ridge (lambda=2.0),189,48,10.060746210274736,3.1718679370797793,0.07892870043974054,20.549752505391307,4.5331834846376236,-0.04216569682422944,3.1041666666666665,0.8176557284685595,1.987719625470836,0.3416259896241523,1.4973367724480784,1.105450393625764,0.5660453503879457,0.395900857046098,-1.1227970361966422
