model_type,n_train,n_test,mse_train,rmse_train,r2_train,mse_test,rmse_test,r2_test,y_test_mean,bias,Game of season_weight,Game for player_weight,Age (days)_weight,Home?_weight,Game Started?_weight,Year_weight,Month of Season_weight
Linreg,405,102,8.322491131349947,2.884872810255237,0.13825642927594983,9.941549974017901,3.1530223554579977,0.03041999747197366,2.735294117647059,3.5987779783223406,4.446329783541666,-2.002770520072203,-10.860093478349066,0.6252904071650774,1.711884902419182,6.621194563577709,-2.5972314344379512
Lasso (lambda=0.05),405,102,8.506642630322663,2.916614926644013,0.11918865644514909,9.8422104145755,3.137229735702424,0.040108391187945625,2.735294117647059,3.163945963973789,0.0,0.0,-2.596622376217668,0.4569200288857109,1.2756492232695298,-0.0,0.0
"Random Forest (500 estimators, 5 depth)",405,102,4.443398439849097,2.1079370104083037,0.5399129927238334,10.334263259618847,3.2146948937059094,-0.007880564255411171,2.735294117647059,,0.10568547897098127,0.11701401949253949,0.6307123924742744,0.068053810993009,0.05020134068863532,0.008393177645387172,0.019939779735173368
"Random Forest (100 estimators, 5 depth)",405,102,4.420953683120034,2.102606402330221,0.5422370113983476,10.459425018038665,3.234103433416851,-0.02008734673523138,2.735294117647059,,0.1080513740193595,0.11179431689989472,0.6303145455971085,0.06540093983545982,0.05478873016798833,0.007927358860233116,0.02172273461995606
Ridge (lambda=2.0),405,102,8.398962681527696,2.898096389274811,0.1303382632281973,9.818671983353044,3.133476022463399,0.042404048531500926,2.735294117647059,3.0905688853349456,1.3777620805050965,-0.43687583225494064,-2.2078165248794708,0.6317372987749058,1.6190518740077235,-1.190052797362695,-0.26621867763717855
