model_type,n_train,n_test,mse_train,rmse_train,r2_train,mse_test,rmse_test,r2_test,y_test_mean,bias,Game of season_weight,Game for player_weight,Age (days)_weight,Home?_weight,Game Started?_weight,Year_weight,Month of Season_weight
Linreg,97,25,17.110925029276306,4.13653538958345,0.5888347347279339,32.8758410464427,5.733745812855912,0.18281098257927575,7.64,0.4083016910686075,-7.949224244100161,-2.963410994277062,10.748791124124436,-1.0018087946277734,3.885162447391242,1.9263429114536548,8.96149995867201
Lasso (lambda=0.05),97,25,17.468829022737715,4.179572827782489,0.5802345164368883,30.761150208214932,5.546273542498146,0.2353754820182018,7.64,0.66334705852901,-0.0,-0.650804487704361,10.210500397278466,-0.8760122976493399,4.867961322291268,0.6174790825019167,0.0
"Random Forest (500 estimators, 5 depth)",97,25,7.1441808898560994,2.672860058038224,0.8283296183167518,25.320634124393827,5.031961260223873,0.37060943653570855,7.64,,0.0719744516324925,0.07625280200531961,0.7811761762458741,0.027500575770334598,0.021667294073688916,0.009795961928405336,0.011632738343884834
"Random Forest (100 estimators, 5 depth)",97,25,7.319728151861329,2.705499612245644,0.8241113229045126,26.001189083877424,5.099136111526875,0.35369300121605973,7.64,,0.07057006015915564,0.07956430741434511,0.7871676886728098,0.030830166303142146,0.013725421105311589,0.005275600543324076,0.012866755801911484
Ridge (lambda=2.0),97,25,17.591108846791798,4.1941755860707355,0.5772962056086546,31.89187754244265,5.647289397794543,0.20726919089935336,7.64,1.6919177720818412,-1.1479288432381571,-0.9681671879499248,5.931633239131828,-0.9487412094653112,5.08692946523832,4.261069168798251,0.1115892953369884
