model_type,n_train,n_test,mse_train,rmse_train,r2_train,mse_test,rmse_test,r2_test,y_test_mean,bias,Game of season_weight,Game for player_weight,Age (days)_weight,Home?_weight,Game Started?_weight,Year_weight,Month of Season_weight
Linreg,97,25,17.110925029276306,4.13653538958345,0.5888347347279339,32.8758410464427,5.733745812855912,0.1828109825792757,7.64,0.4083016910686075,-7.949224244100161,-2.963410994277062,10.748791124124436,-1.0018087946277734,3.885162447391242,1.9263429114536548,8.96149995867201
Lasso (lambda=0.05),97,25,17.468829022737715,4.179572827782489,0.5802345164368883,30.76115020821493,5.546273542498146,0.2353754820182018,7.64,0.66334705852901,-0.0,-0.650804487704361,10.210500397278466,-0.8760122976493399,4.867961322291268,0.6174790825019167,0.0
"Random Forest (500 estimators, 5 depth)",97,25,7.1441808898560994,2.672860058038224,0.8283296183167518,25.320634124393827,5.031961260223873,0.3706094365357085,7.64,,0.0719744516324925,0.0762528020053196,0.7811761762458741,0.0275005757703345,0.0216672940736889,0.0097959619284053,0.0116327383438848
"Random Forest (100 estimators, 5 depth)",97,25,7.319728151861329,2.705499612245644,0.8241113229045126,26.001189083877424,5.099136111526875,0.3536930012160597,7.64,,0.0705700601591556,0.0795643074143451,0.7871676886728098,0.0308301663031421,0.0137254211053115,0.005275600543324,0.0128667558019114
Ridge (lambda=2.0),97,25,17.591108846791798,4.194175586070736,0.5772962056086546,31.89187754244265,5.647289397794543,0.2072691908993533,7.64,1.6919177720818412,-1.1479288432381571,-0.9681671879499248,5.931633239131828,-0.9487412094653112,5.08692946523832,4.261069168798251,0.1115892953369884
SVM (linear kernel),97,25,17.735309718201286,4.211331110017507,0.5738311451607768,33.951314594622524,5.826775660227749,0.15607812513366692,7.64,,,,,,,,
"Feedforward NN (3 layers, [[16, 4, 1]] activations)",97,25,81.44519262832226,9.02469903256182,-0.9570791278006654,81.43890879834537,9.024350879611529,-1.024312678928009,7.64,,,,,,,,
