model_type,n_train,n_test,mse_train,rmse_train,r2_train,mse_test,rmse_test,r2_test,y_test_mean,bias,Game of season_weight,Game for player_weight,Age (days)_weight,Home?_weight,Game Started?_weight,Year_weight,Month of Season_weight
Linreg,248,62,48.52889882844391,6.966268644578955,0.08419295491642087,58.56438960479673,7.652737392906981,0.11408895396599672,18.919354838709676,7.324618084650215,17.036759377568526,-19.507268415241008,-7.377538033541285,0.4085208987913813,6.801746549883361,13.875301244562733,4.158287044837811
Lasso (lambda=0.05),248,62,49.47193905976584,7.03362915284605,0.066396489130231,57.63306160600859,7.59164419648396,0.128177272262745,18.919354838709676,14.192648146837776,0.00042851091169301633,0.0,0.0,0.20934914924237524,0.0,5.713258699688464,2.0772738513037616
"Random Forest (500 estimators, 5 depth)",248,62,28.569820015287583,5.3450743694814555,0.4608482146016749,56.67764357111054,7.528455590033758,0.14263000363086908,18.919354838709676,,0.23777830484745974,0.21104091400842995,0.4470713886497377,0.03805461785398608,0.00041338701023616676,0.01536918641340914,0.05027220121674111
"Random Forest (100 estimators, 5 depth)",248,62,29.017933445457718,5.386829628404607,0.4523916980465158,56.91145277911322,7.543967973096997,0.13909314170108866,18.919354838709676,,0.25281607993606164,0.2056606062471087,0.4416184077087314,0.03542998328187957,0.00040560570760461614,0.013590028861516562,0.05047928825709762
Ridge (lambda=2.0),248,62,49.35127037518946,7.025045934027013,0.0686736731200569,57.208335161738525,7.5636191840770595,0.13460216375501077,18.919354838709676,12.256171553726746,1.530933415516989,-1.1959206892021614,0.2632335062605914,0.3934735232713453,1.6733072453047397,5.31624976388167,2.332513613767348
