model_type,n_train,n_test,mse_train,rmse_train,r2_train,mse_test,rmse_test,r2_test,y_test_mean,bias,Game of season_weight,Game for player_weight,Age (days)_weight,Home?_weight,Game Started?_weight,Year_weight,Month of Season_weight
Linreg,82,21,32.00634739676694,5.657415257586006,0.4262777352534812,63.300475329357845,7.956159584206305,0.1094394940264529,9.666666666666666,9.025708994353684,41.09125796838176,-51.7785823234658,-13.05720770294415,4.781833663724677,3.091001022651231,-0.4142731010203593,9.34755325778217
Lasso (lambda=0.05),82,21,33.475675210750275,5.785816728064438,0.3999396445415518,56.87328181704616,7.541437649218229,0.1998622701040848,9.666666666666666,10.871869025728634,-0.0,-4.313920911147759,-14.254716283128008,4.456179032955639,4.186632987685846,-0.0,-0.0
"Random Forest (500 estimators, 5 depth)",82,21,11.87907812570062,3.44660385389743,0.7870643744226115,60.37425077300118,7.770086921843357,0.1506079056053876,9.666666666666666,,0.1257121095183271,0.1177753715788112,0.5991659874597213,0.0960835037588731,0.0127982732239803,0.0100905375784417,0.0383742168818451
"Random Forest (100 estimators, 5 depth)",82,21,12.26981984800055,3.502830262516377,0.780060225430855,60.80544088303275,7.797784357305141,0.1445415865048988,9.666666666666666,,0.1148176837105054,0.1199248156055905,0.6177550898833045,0.0959107978811807,0.0125353503359158,0.0092019529046209,0.0298543096788817
Ridge (lambda=2.0),82,21,34.56040741311042,5.878810033766223,0.3804955321576313,55.65866384359949,7.460473432939728,0.2169504640136741,9.666666666666666,10.457517516836443,-0.407089718570375,-2.1559762847727857,-6.20433573943372,4.093234183787258,4.224157793953205,-4.790973511417148,-0.5031111489168304
SVM (linear kernel),82,21,33.91719156937974,5.823846801674967,0.3920253467288274,61.70784019455601,7.85543380053298,0.1318459284821285,9.666666666666666,,,,,,,,
"Feedforward NN (3 layers, [[16, 4, 1]] activations)",82,21,93.45382439773985,9.667151824489975,-0.6751845850461133,109.46329812492016,10.462470937829178,-0.5400151366391177,9.666666666666666,,,,,,,,
