model_type,n_train,n_test,mse_train,rmse_train,r2_train,mse_test,rmse_test,r2_test,y_test_mean,bias,Game of season_weight,Game for player_weight,Age (days)_weight,Home?_weight,Game Started?_weight,Year_weight,Month of Season_weight
Linreg,736,185,50.589055777705546,7.112598384395505,0.1366436682521925,59.17731591500068,7.692679371649431,0.0609566893091954,17.17297297297297,13.127770989769246,3.466267379645884,1.6934207872607587,-4.189158477488732,1.05927111498381,7.72096242009246,0.2840522637203108,-7.009093420210212
Lasso (lambda=0.05),736,185,50.887408205293845,7.133541070554921,0.1315519650470062,59.4365238148992,7.709508662353212,0.0568435009917743,17.17297297297297,12.660368164756996,-0.0,0.0,-0.0,0.8759703521122517,7.27816947811808,-3.424840282066582,-1.2862825087380476
"Random Forest (500 estimators, 5 depth)",736,185,36.143728698576176,6.011965460527545,0.3831686212526108,53.89477878288137,7.3413063403512435,0.1447815651200127,17.17297297297297,,0.0855540926998462,0.0689593854339638,0.7708688585604215,0.0299720929836802,0.0319977893569503,0.0061747999569231,0.0064729810082146
"Random Forest (100 estimators, 5 depth)",736,185,36.14285823788625,6.011893066072138,0.3831834765950684,53.864076976300645,7.339215010905502,0.1452687505499359,17.17297297297297,,0.080784578812292,0.0752334014633571,0.7587766604570008,0.0304770653641357,0.0427906789548243,0.0060294629919782,0.0059081519564117
Ridge (lambda=2.0),736,185,50.6301714051361,7.115488135408287,0.1359419861051302,59.13576258642746,7.689978061504952,0.0616160699287841,17.17297297297297,12.922518959857168,0.9282733391584614,1.9168553606215737,-1.893273084123036,1.0537841483548471,7.547551338916313,-1.8398793661933783,-4.4169766233976
SVM (linear kernel),736,185,50.754858830614516,7.124244439280177,0.13381406186101807,59.17079557594533,7.692255558413626,0.06106015599535208,17.17297297297297,,,,,,,,
"Feedforward NN (3 layers, [[16, 4, 1]] activations)",736,185,50.17905662321212,7.08371771199362,0.1436407422359126,57.830127483205885,7.604612250680891,0.08233427741971433,17.17297297297297,,,,,,,,
