model_type,n_train,n_test,mse_train,rmse_train,r2_train,mse_test,rmse_test,r2_test,y_test_mean,bias,Game of season_weight,Game for player_weight,Age (days)_weight,Home?_weight,Game Started?_weight,Year_weight,Month of Season_weight
Linreg,693,174,51.02401578707415,7.143109672059792,0.213180155447251,54.53630448845668,7.384869970991817,0.1936275382237126,18.022988505747126,12.425278546088958,-165.80563999620713,168.01981295529592,-9.165552813413921,-0.034460382501475095,8.210863092684505,5.583879933071698,-1.5632159324425743
Lasso (lambda=0.05),693,174,52.937493157969975,7.275815635237741,0.18367322730176272,55.94262302547125,7.4794801306956655,0.17283374679668073,18.022988505747126,14.678150748852179,0.0,0.7742234425197279,-6.356022761066092,-0.0,6.351361092579546,-0.0,-0.0
"Random Forest (500 estimators, 5 depth)",693,174,38.98019581890447,6.24341219357688,0.39890282758504825,49.41225396637149,7.029385034721849,0.2693916236804833,18.022988505747126,,0.054688633383350095,0.05638751817443072,0.738762733222953,0.0106269063105245,0.12439905515954708,0.005516974970344633,0.009618178778849795
"Random Forest (100 estimators, 5 depth)",693,174,39.01586508281674,6.246268092454625,0.39835278689824927,49.07084452145109,7.0050584952198,0.2744396953669763,18.022988505747126,,0.06265471897874551,0.05655804275123873,0.6966015102650324,0.011117245220846474,0.1447318132779541,0.018813461222994893,0.00952320828318812
Ridge (lambda=2.0),693,174,52.51367828094094,7.246632202681528,0.19020869791338024,55.808312750882266,7.470496151587407,0.17481965522553466,18.022988505747126,14.767587696555797,0.45768838328096256,3.6106477489265534,-3.495292960561146,-0.020213063871922114,6.654368893611599,-2.8512238130362495,-3.6270025651522446
