model_type,n_train,n_test,mse_train,rmse_train,r2_train,mse_test,rmse_test,r2_test,y_test_mean,bias,Game of season_weight,Game for player_weight,Age (days)_weight,Home?_weight,Game Started?_weight,Year_weight,Month of Season_weight
Linreg,571,143,73.11062681485802,8.550475239123147,0.24572957612235047,76.87800403812828,8.768010266766815,0.244688432885509,18.083916083916083,9.630771987564316,6.809006076773475,4.06280029261449,-11.242039649741933,2.4072609340535314,10.122595411077427,14.563523942981785,-13.563169606775016
Lasso (lambda=0.05),571,143,74.01796883747325,8.603369621112023,0.2363686763213806,75.6058388331338,8.695161806035228,0.25718721074316975,18.083916083916083,9.268833576350595,0.0,0.8965543000357208,2.0005482308924827,2.1749211641542576,9.737010339406714,0.0,-2.391051259641495
"Random Forest (500 estimators, 5 depth)",571,143,48.65323308793083,6.975186957202712,0.49805252200636685,59.482006556381734,7.712457880363544,0.41560075408652675,18.083916083916083,,0.06065200320208317,0.06123457274988702,0.4836532327069633,0.044991500445160156,0.31986848393486145,0.020021259700840927,0.009578947260204074
"Random Forest (100 estimators, 5 depth)",571,143,48.88923874517962,6.992084005872614,0.4956176900963444,60.344431010123145,7.768167802649679,0.40712760010934734,18.083916083916083,,0.0651086441961962,0.05759030952728137,0.49034306170049313,0.04371467429817639,0.31401950758778185,0.01837739150219502,0.010846411187875956
Ridge (lambda=2.0),571,143,73.36528801164307,8.565353933822179,0.24310227805074913,76.46993550589448,8.744709000641159,0.24869762753654023,18.083916083916083,9.287472386959132,2.6877005794508575,3.2233000433780195,0.9154235446871078,2.3300732024885855,9.892173900614873,1.708487864917974,-7.381238815182039
