model_type,n_train,n_test,mse_train,rmse_train,r2_train,mse_test,rmse_test,r2_test,y_test_mean,bias,Game of season_weight,Game for player_weight,Age (days)_weight,Home?_weight,Game Started?_weight,Year_weight,Month of Season_weight
Linreg,571,143,73.11062681485802,8.550475239123147,0.2457295761223504,76.87800403812828,8.768010266766815,0.244688432885509,18.083916083916083,9.630771987564316,6.809006076773475,4.06280029261449,-11.242039649741931,2.407260934053532,10.122595411077429,14.563523942981783,-13.563169606775016
Lasso (lambda=0.05),571,143,74.01796883747325,8.603369621112023,0.2363686763213806,75.6058388331338,8.695161806035228,0.2571872107431697,18.083916083916083,9.268833576350596,0.0,0.8965543000357208,2.0005482308924827,2.1749211641542576,9.737010339406714,0.0,-2.391051259641495
"Random Forest (500 estimators, 5 depth)",571,143,48.65323308793083,6.975186957202712,0.4980525220063668,59.48200655638173,7.712457880363544,0.4156007540865267,18.083916083916083,,0.0606520032020831,0.061234572749887,0.4836532327069633,0.0449915004451601,0.3198684839348614,0.0200212597008409,0.009578947260204
"Random Forest (100 estimators, 5 depth)",571,143,48.88923874517962,6.992084005872614,0.4956176900963444,60.344431010123145,7.768167802649679,0.4071276001093473,18.083916083916083,,0.0651086441961962,0.0575903095272813,0.4903430617004931,0.0437146742981763,0.3140195075877818,0.018377391502195,0.0108464111878759
Ridge (lambda=2.0),571,143,73.36528801164307,8.565353933822179,0.2431022780507491,76.46993550589448,8.744709000641159,0.2486976275365402,18.083916083916083,9.287472386959132,2.687700579450857,3.2233000433780195,0.9154235446871078,2.330073202488585,9.892173900614871,1.708487864917974,-7.381238815182039
SVM (linear kernel),571,143,73.43885267293642,8.569647173188429,0.24234332342713927,77.64338051284352,8.811548133718814,0.23716875659080416,18.083916083916083,,,,,,,,
"Feedforward NN (3 layers, [[16, 4, 1]] activations)",571,143,75.98313993642253,8.716830842480686,0.21609432630725456,78.78116858160125,8.875875651540035,0.22599020818791704,18.083916083916083,,,,,,,,
