model_type,n_train,n_test,mse_train,rmse_train,r2_train,mse_test,rmse_test,r2_test,y_test_mean,bias,Game of season_weight,Game for player_weight,Age (days)_weight,Home?_weight,Game Started?_weight,Year_weight,Month of Season_weight
Linreg,776,195,28.576325616203647,5.345682895215881,0.2782941845750343,30.85057111486129,5.554329042725259,0.3290108776033226,11.261538461538462,8.504295781746869,-4.947882192157346,8.625794998892578,13.45014820066472,0.0063193713179672,5.336201735161887,-16.733603272802863,-1.235390402575499
Lasso (lambda=0.05),776,195,29.27709035536939,5.410830837807572,0.2605961084020115,31.64573523331216,5.6254542246215244,0.3117163363770289,11.261538461538462,8.5438694049182,-0.0,1.6873526653628934,-0.0,0.0,5.177150866958587,-3.059634555737661,-0.3978391796731844
"Random Forest (500 estimators, 5 depth)",776,195,22.383124274017984,4.731080666614973,0.434705806026417,30.20885404130052,5.496258185465865,0.3429679993179376,11.261538461538462,,0.0856717598828414,0.1048148240880015,0.2826498096997649,0.0115113910586192,0.4821737166381072,0.0138913071953962,0.0192871914372693
"Random Forest (100 estimators, 5 depth)",776,195,22.39505059787398,4.732340921560278,0.4344046022467879,30.676100822694497,5.538600980635318,0.3328055453840074,11.261538461538462,,0.0879744723647162,0.1091938483049941,0.253916690287347,0.0114835493971729,0.5043052519176867,0.0135130155585903,0.0196131721694926
Ridge (lambda=2.0),776,195,28.694514681177974,5.356726115938538,0.2753092754353075,31.011318323450773,5.568780685522709,0.3255146820866303,11.261538461538462,8.805648579825407,-2.954663848989149,6.636808677480219,-0.5111666973887398,0.0293021018129003,5.224794824271915,-2.5294060423448697,-2.345997806020698
SVM (linear kernel),776,195,28.753998912848576,5.362275534961681,0.27380697886648575,31.167120415993264,5.582752046794956,0.3221260411129049,11.261538461538462,,,,,,,,
"Feedforward NN (3 layers, [[16, 4, 1]] activations)",776,195,28.428754466214826,5.3318621949760505,0.2820211492858329,31.379175638184204,5.6017118489069215,0.3175139142609327,11.261538461538462,,,,,,,,
