model_type,n_train,n_test,mse_train,rmse_train,r2_train,mse_test,rmse_test,r2_test,y_test_mean,bias,Game of season_weight,Game for player_weight,Age (days)_weight,Home?_weight,Game Started?_weight,Year_weight,Month of Season_weight
Linreg,372,94,28.090786039970567,5.300074154195445,0.3571934609115723,28.11176281348931,5.3020526981056415,0.4140122101384514,8.51063829787234,7.044129175596449,-21.54025598031972,28.284732937776287,-7.990639631245089,0.2448300990304608,4.795878190757077,3.4877763787137663,-1.667054549859632
Lasso (lambda=0.05),372,94,29.16715816163379,5.400662752073471,0.332562642916195,28.5947017630257,5.347401402833501,0.4039453804787657,8.51063829787234,5.41322879318398,0.0,5.689764744192348,-2.6160058951818104,0.204988510991259,5.838931646183371,-0.0,-1.0444631121171757
"Random Forest (500 estimators, 5 depth)",372,94,16.332150261373933,4.041305514480925,0.6262684507849772,23.71679991234027,4.869989724048735,0.5056249138331494,8.51063829787234,,0.0867327374046868,0.1460937753567938,0.287479885507544,0.010635059021316,0.4074638094949638,0.0370749012092229,0.0245198320054725
"Random Forest (100 estimators, 5 depth)",372,94,16.349841868923747,4.043493770110663,0.6258636105286801,23.713174541132712,4.86961749433492,0.5057004844501698,8.51063829787234,,0.0859462293671201,0.1544959281244564,0.2859236861278418,0.0109414826103563,0.3985346179937322,0.0371862327130281,0.0269718230634647
Ridge (lambda=2.0),372,94,28.9216812413159,5.377888176721035,0.3381799356950834,28.495248773108813,5.338094114298549,0.4060184713106417,8.51063829787234,5.989139539135499,-0.1985629893255943,7.207653798038981,-1.9317118899871943,0.3678319128177916,5.625751811545705,-1.4306812528418689,-2.3354163362538483
SVM (linear kernel),372,94,28.73240149056922,5.360261326704998,0.3425112584755805,28.48049635923296,5.336712130069689,0.406325984377666,8.51063829787234,,,,,,,,
"Feedforward NN (3 layers, [[16, 4, 1]] activations)",372,94,29.343351506109485,5.416950388005182,0.32853077873796654,28.374840106237027,5.326803929772245,0.4085283818078417,8.51063829787234,,,,,,,,
