model_type,n_train,n_test,mse_train,rmse_train,r2_train,mse_test,rmse_test,r2_test,y_test_mean,bias,Game of season_weight,Game for player_weight,Age (days)_weight,Home?_weight,Game Started?_weight,Year_weight,Month of Season_weight
Linreg,630,158,37.53225409453495,6.126357326710135,0.1656182679075588,41.249146407563984,6.422549836907767,0.0670558003995198,10.310126582278482,9.638886273167914,3.786370019790109,-3.283707590341038,-10.947523357506586,1.6459254365089273,4.7352965558140685,6.781944030322824,-4.8164914525212685
Lasso (lambda=0.05),630,158,37.73665970433101,6.143017149929748,0.1610741148619818,40.64101046107403,6.375030232169416,0.080810191781115,10.310126582278482,7.973794886515623,-0.0,-0.2534020791017325,-0.0,1.4074765034412122,4.815930332184802,-2.8955772762824195,-1.7921699009467549
"Random Forest (500 estimators, 5 depth)",630,158,29.50739571898928,5.432071034052232,0.344019362984854,41.19855687535834,6.418610198115971,0.0681999988797846,10.310126582278482,,0.1316055126929664,0.1364757194285029,0.4367127820952974,0.0545561782206819,0.2066090236318193,0.0121305815449521,0.0219102023857797
"Random Forest (100 estimators, 5 depth)",630,158,29.380419835058422,5.420370820807228,0.3468421712739948,41.28614499688905,6.425429557382841,0.0662189923123133,10.310126582278482,,0.1346776675048099,0.1409150300277075,0.4312949029988235,0.0501587065689656,0.2127526066844426,0.0101526006337977,0.020048485581453
Ridge (lambda=2.0),630,158,37.59656819356998,6.131604047357427,0.1641884974169389,41.087479495427885,6.409951598524585,0.070712268983244,10.310126582278482,8.782354243107793,1.2785744761043676,-1.4649498446213405,-2.324984175296444,1.6127928857514484,4.741051516681728,-1.372882053597,-2.94611436947489
SVM (linear kernel),630,158,37.76463160957666,6.145293451868402,0.16045226980332905,40.605507150604225,6.372245063602327,0.08161318070219825,10.310126582278482,,,,,,,,
"Feedforward NN (3 layers, [[16, 4, 1]] activations)",630,158,38.88105548384792,6.235467543324071,0.13563298547211022,43.90280069531214,6.625918856680342,0.007037312961302278,10.310126582278482,,,,,,,,
