model_type,n_train,n_test,mse_train,rmse_train,r2_train,mse_test,rmse_test,r2_test,y_test_mean,bias,Game of season_weight,Game for player_weight,Age (days)_weight,Home?_weight,Game Started?_weight,Year_weight,Month of Season_weight
Linreg,630,158,37.53225409453495,6.126357326710135,0.16561826790755885,41.249146407563984,6.422549836907767,0.06705580039951986,10.310126582278482,9.638886273167914,3.7863700197901085,-3.283707590341038,-10.947523357506586,1.6459254365089273,4.7352965558140685,6.7819440303228244,-4.8164914525212685
Lasso (lambda=0.05),630,158,37.73665970433101,6.143017149929748,0.16107411486198187,40.64101046107403,6.375030232169416,0.08081019178111504,10.310126582278482,7.973794886515623,-0.0,-0.2534020791017325,-0.0,1.4074765034412122,4.815930332184802,-2.8955772762824195,-1.7921699009467547
"Random Forest (500 estimators, 5 depth)",630,158,29.50739571898928,5.432071034052232,0.344019362984854,41.19855687535834,6.418610198115971,0.06819999887978467,10.310126582278482,,0.13160551269296647,0.13647571942850298,0.43671278209529746,0.054556178220681935,0.20660902363181938,0.012130581544952149,0.0219102023857797
"Random Forest (100 estimators, 5 depth)",630,158,29.380419835058422,5.420370820807228,0.34684217127399486,41.28614499688905,6.425429557382841,0.06621899231231332,10.310126582278482,,0.1346776675048099,0.14091503002770753,0.4312949029988235,0.05015870656896565,0.21275260668444265,0.010152600633797755,0.02004848558145303
Ridge (lambda=2.0),630,158,37.59656819356998,6.131604047357427,0.16418849741693897,41.087479495427885,6.409951598524585,0.07071226898324401,10.310126582278482,8.782354243107793,1.2785744761043676,-1.4649498446213403,-2.3249841752964437,1.6127928857514484,4.741051516681728,-1.3728820535969999,-2.94611436947489
