model_type,n_train,n_test,mse_train,rmse_train,r2_train,mse_test,rmse_test,r2_test,y_test_mean,bias,Game of season_weight,Game for player_weight,Age (days)_weight,Home?_weight,Game Started?_weight,Year_weight,Month of Season_weight
Linreg,376,94,19.402501044526765,4.404827016413558,0.11947684817676929,17.256422478085533,4.154085035008977,0.09449103554054117,4.75531914893617,3.9378575189905756,-22.07138508625693,18.276890044868317,-3.8771178746129675,-0.10241196263714403,1.2973981567284762,5.104121179524228,4.318157191146502
Lasso (lambda=0.05),376,94,20.67774388895213,4.5472787344687955,0.0616038530336922,17.308957146007526,4.160403483558719,0.09173434522372281,4.75531914893617,3.217432937163016,-0.0,0.0,1.8836513520947669,-0.0,1.6598385572608974,0.46708451087215413,0.0
"Random Forest (500 estimators, 5 depth)",376,94,13.701078974059401,3.7014968558759307,0.3782184464811078,15.251828361295331,3.905358928612751,0.19967957882993803,4.75531914893617,,0.12333687812836969,0.12653767284411707,0.6252819743415694,0.0358629387242509,0.05106729461965569,0.02492829846454871,0.01298494287748865
"Random Forest (100 estimators, 5 depth)",376,94,13.607501486399721,3.6888347057573236,0.38246517447688044,15.234051151671325,3.9030822629905364,0.20061241544181707,4.75531914893617,,0.12569006362842688,0.13939273915616993,0.6187239439636915,0.032455147185018685,0.05649024621904166,0.013221635367962508,0.014026224479688949
Ridge (lambda=2.0),376,94,20.121454322715064,4.485694408083888,0.08684935314037112,17.002915440887943,4.123459159599855,0.10779349698801044,4.75531914893617,2.990160553581757,-5.155040662461381,2.8304276797669847,1.0666201012352652,-0.14310392888353987,1.833335345966486,1.7307926845308357,2.1619576359974726
