model_type,n_train,n_test,mse_train,rmse_train,r2_train,mse_test,rmse_test,r2_test,y_test_mean,bias,Game of season_weight,Game for player_weight,Age (days)_weight,Home?_weight,Game Started?_weight,Year_weight,Month of Season_weight
Linreg,430,108,42.35457124922176,6.50803897108966,0.0691447967776485,37.430059766003325,6.118011095609694,0.0949221407737955,13.574074074074074,9.995506778471391,1.3249330573390437,3.476841730097748,7.284056484402164,1.6187709316962384,0.9997094679773076,-3.06411390440978,-6.618580842265714
Lasso (lambda=0.05),430,108,42.804203879621696,6.542492176504432,0.059262914817764,37.549145343272095,6.127735743590131,0.0920425910211917,13.574074074074074,10.600904776755575,-0.0,0.0,3.959687301183708,1.466764972756475,0.628050553358354,0.0,-0.2284700046562342
"Random Forest (500 estimators, 5 depth)",430,108,29.624573225568632,5.442846059330416,0.3489206166673493,39.82992940022394,6.311095736892599,0.0368920739093232,13.574074074074074,,0.1759547579971502,0.1375260660533307,0.581987221638661,0.0542902154059862,0.0055591337813318,0.0184613118079791,0.0262212933155608
"Random Forest (100 estimators, 5 depth)",430,108,29.400941120231074,5.422263468352591,0.3538355314621688,40.56060871311443,6.368721120689336,0.0192238769460774,13.574074074074074,,0.1857597084323671,0.1422280356360421,0.5606886624123908,0.0542098191512152,0.0054314501150733,0.0239286961306302,0.0277536281222812
Ridge (lambda=2.0),430,108,42.44522576455104,6.515000058676211,0.067152420871083,37.09347794038671,6.090441522614491,0.1030608602973005,13.574074074074074,9.93233896333501,0.5792497831189449,1.911585706891401,2.896279029982913,1.5993823553639104,1.2092779896315966,1.4843280779577857,-4.09616464390434
SVM (linear kernel),430,108,42.70759049510422,6.535104474689308,0.0613862528430702,37.01007833585894,6.083590907996604,0.10507750510092073,13.574074074074074,,,,,,,,
"Feedforward NN (3 layers, [[16, 4, 1]] activations)",430,108,97.07403904719149,9.852615847945737,-1.133462143039596,90.9665587453546,9.537639055099255,-1.1996176005361336,13.574074074074074,,,,,,,,
