model_type,n_train,n_test,mse_train,rmse_train,r2_train,mse_test,rmse_test,r2_test,y_test_mean,bias,Game of season_weight,Game for player_weight,Age (days)_weight,Home?_weight,Game Started?_weight,Year_weight,Month of Season_weight
Linreg,430,108,42.35457124922176,6.50803897108966,0.06914479677764851,37.430059766003325,6.118011095609694,0.09492214077379557,13.574074074074074,9.995506778471391,1.3249330573390437,3.476841730097748,7.284056484402164,1.6187709316962384,0.9997094679773076,-3.0641139044097794,-6.618580842265714
Lasso (lambda=0.05),430,108,42.804203879621696,6.542492176504432,0.05926291481776402,37.549145343272095,6.127735743590131,0.09204259102119172,13.574074074074074,10.600904776755575,-0.0,0.0,3.959687301183708,1.4667649727564753,0.628050553358354,0.0,-0.2284700046562342
"Random Forest (500 estimators, 5 depth)",430,108,29.624573225568632,5.4428460593304155,0.3489206166673493,39.82992940022394,6.311095736892599,0.03689207390932325,13.574074074074074,,0.1759547579971502,0.13752606605333073,0.581987221638661,0.054290215405986275,0.00555913378133183,0.018461311807979188,0.026221293315560803
"Random Forest (100 estimators, 5 depth)",430,108,29.400941120231074,5.422263468352591,0.35383553146216884,40.56060871311443,6.368721120689336,0.01922387694607741,13.574074074074074,,0.18575970843236714,0.1422280356360421,0.5606886624123908,0.05420981915121522,0.005431450115073325,0.02392869613063023,0.02775362812228125
Ridge (lambda=2.0),430,108,42.44522576455104,6.515000058676211,0.06715242087108308,37.09347794038671,6.090441522614491,0.10306086029730055,13.574074074074074,9.93233896333501,0.5792497831189449,1.911585706891401,2.896279029982913,1.5993823553639104,1.2092779896315966,1.4843280779577857,-4.09616464390434
