model_type,n_train,n_test,mse_train,rmse_train,r2_train,mse_test,rmse_test,r2_test,y_test_mean,bias,Game of season_weight,Game for player_weight,Age (days)_weight,Home?_weight,Game Started?_weight,Year_weight,Month of Season_weight
Linreg,122,31,5.418794004164406,2.3278303211712847,0.2711411843987906,4.817388258110221,2.1948549514968456,0.3856807170854667,2.6451612903225805,1.3516305416674317,9.985179457726185,-7.947635492156979,2.092402392894817,-0.1137001900445983,2.246303762286408,-4.23753364216698,-0.3646257081071518
Lasso (lambda=0.05),122,31,5.608249670622935,2.3681743328190463,0.2456583126458176,5.16972446243355,2.273702808731508,0.3407503704354244,2.6451612903225805,1.9977584336457588,0.5497056138141763,0.0,-0.0,-0.0,2.115294402631599,-1.0977554102023364,0.0
"Random Forest (500 estimators, 5 depth)",122,31,2.4846618224219315,1.5762810099794806,0.6657987604496053,5.527136053185582,2.3509861873659705,0.2951728042580488,2.6451612903225805,,0.2674990503726217,0.2014211792430468,0.2232603795738,0.0187154152549831,0.2520844347278759,0.0102371809286761,0.026782359898996
"Random Forest (100 estimators, 5 depth)",122,31,2.596535415342008,1.6113768694324764,0.650751121736985,5.55719621361472,2.3573706143953523,0.2913394955833671,2.6451612903225805,,0.2403063571286891,0.2051775698553994,0.2329142060899732,0.0205714469988253,0.257831147170649,0.0095283714287221,0.0336709013277418
Ridge (lambda=2.0),122,31,5.545330784313674,2.3548526035218584,0.2541212630585979,4.936058815413221,2.221724288793104,0.3705477014845931,2.6451612903225805,1.9886528289045813,0.6605241961951159,0.1469884023894,-0.4086817156351408,-0.0899302368861799,2.0844584611718373,-1.2295839195076983,0.3651500989760351
SVM (linear kernel),122,31,5.7295699769681265,2.3936520166824846,0.22934003689605187,5.033560228735279,2.24355972256931,0.3581142011923296,2.6451612903225805,,,,,,,,
"Feedforward NN (3 layers, [[16, 4, 1]] activations)",122,31,6.8542382283305905,2.61806001236232,0.07806571847716359,5.913194029946386,2.4317059916746486,0.24594221566103025,2.6451612903225805,,,,,,,,
