model_type,n_train,n_test,mse_train,rmse_train,r2_train,mse_test,rmse_test,r2_test,y_test_mean,bias,Game of season_weight,Game for player_weight,Age (days)_weight,Home?_weight,Game Started?_weight,Year_weight,Month of Season_weight
Linreg,651,163,32.1993539117327,5.674447454310657,0.3006823393665879,26.03729251418157,5.102675035134176,0.2721624710307471,9.39877300613497,4.932320010060039,-1.142311235146536,-1.1423112351465363,7.130566270873038,-0.0259008237554417,7.211521209950635,-7.635699667575289,4.596447427085425
Lasso (lambda=0.05),651,163,32.3228446148347,5.685318338917769,0.2980003219000263,25.933268311573045,5.09247172908923,0.2750703278495137,9.39877300613497,5.532312037664683,0.0,0.0,0.0,0.0,7.016183891321185,0.0,1.4003873332789616
"Random Forest (500 estimators, 5 depth)",651,163,21.828852370572186,4.67213573974175,0.5259127864507143,23.264569999630137,4.823335982453445,0.3496702035420803,9.39877300613497,,0.0693272312952035,0.0723106543954203,0.279671628361478,0.0135269536342808,0.5379099236604133,0.0118347794596445,0.0154188291935594
"Random Forest (100 estimators, 5 depth)",651,163,21.95203832662622,4.68530023868548,0.5232373875949872,23.199972273329852,4.816634953297775,0.351475946188395,9.39877300613497,,0.0717041278852299,0.0720988616103354,0.2860966597862306,0.0104781593463872,0.537005813536781,0.0089291633843357,0.0136872144506998
Ridge (lambda=2.0),651,163,32.23380781944995,5.6774825248035725,0.2999340564597149,26.03958348880197,5.102899517803772,0.2720984299133483,9.39877300613497,5.120950584601102,-0.689126142543544,-0.6891261425435385,0.3625282740100251,-0.0173817881404986,7.079178140337454,-0.3692087864673244,3.1729661442071384
SVM (linear kernel),651,163,32.60907815257751,5.710435898648851,0.29178379443311364,26.13663411594643,5.112400034812067,0.26938551002710176,9.39877300613497,,,,,,,,
"Feedforward NN (3 layers, [[16, 4, 1]] activations)",651,163,32.25509077670181,5.679356546009576,0.2994718252013632,26.820656750232132,5.178866357633892,0.25026457632685706,9.39877300613497,,,,,,,,
