model_type,n_train,n_test,mse_train,rmse_train,r2_train,mse_test,rmse_test,r2_test,y_test_mean,bias,Game of season_weight,Game for player_weight,Age (days)_weight,Home?_weight,Game Started?_weight,Year_weight,Month of Season_weight
Linreg,526,132,46.19358111795417,6.796585989888906,0.19272193075153055,43.921389338421235,6.627321430142138,0.14810305340046725,9.136363636363637,5.174415012547273,-15.585894383034836,12.837314170296356,14.305158513179158,-0.45956145727659237,5.6658992780850115,-12.22907155572062,8.927172576869605
Lasso (lambda=0.05),526,132,47.02274877094281,6.85731352432881,0.17823141397867548,43.78701572520923,6.6171758118708945,0.15070935690140685,9.136363636363637,6.329531193887357,-8.690111453437943,7.877329259621506,1.9504488964632607,-0.27586233199886273,5.529523412014128,0.0,4.861723406381936
"Random Forest (500 estimators, 5 depth)",526,132,30.866424783229274,5.555756004652227,0.46057899819497694,42.249590265471866,6.499968481882959,0.180529179873831,9.136363636363637,,0.13954687155869663,0.2026652804016498,0.37173676417654505,0.011349704286111092,0.2018841173601557,0.02072071409424423,0.05209654812259744
"Random Forest (100 estimators, 5 depth)",526,132,30.855041709655875,5.554731470526354,0.460777928553569,42.672479990179305,6.5324176221502634,0.17232683312084618,9.136363636363637,,0.12339555318132808,0.18920519640493297,0.39143922482360133,0.010889408090221415,0.20463591053201566,0.0281768684945517,0.05225783847334879
Ridge (lambda=2.0),526,132,46.642166393692726,6.829507038849344,0.1848824637405878,43.71569698105413,6.611784704681039,0.15209265149422813,9.136363636363637,5.991838004733383,-10.544700998804462,8.813195584608778,1.6640722288102312,-0.4674025836991411,5.731841748506114,0.6541599595591615,6.135485135053834
