model_type,n_train,n_test,mse_train,rmse_train,r2_train,mse_test,rmse_test,r2_test,y_test_mean,bias,Game of season_weight,Game for player_weight,Age (days)_weight,Home?_weight,Game Started?_weight,Year_weight,Month of Season_weight
Linreg,878,220,20.340945926472127,4.510093782447559,0.1706781115228975,17.732938210027985,4.211049537826406,0.1813453987182758,6.627272727272727,6.242171212676943,-7.464874394538676,5.205938978699716,-3.215365596748873,0.4776291898248604,3.782830612502557,0.0183490241132283,2.7221027303967245
Lasso (lambda=0.05),878,220,20.60693312801915,4.539485998218207,0.1598335318708451,17.953509193243114,4.237158150605558,0.1711625712488726,6.627272727272727,6.323156434310158,-0.0,0.0,-2.753379032658895,0.2732481857771506,3.611738492081897,-0.0,-0.0
"Random Forest (500 estimators, 5 depth)",878,220,14.18475282306631,3.766265102600494,0.4216726183074551,15.427061482555525,3.9277298128251545,0.2877979544411773,6.627272727272727,,0.1016042568083637,0.07969778538054,0.5067601130227508,0.0193748252778225,0.2716984509221825,0.0136032084910915,0.0072613600972487
"Random Forest (100 estimators, 5 depth)",878,220,14.101692470235324,3.755222026756251,0.4250590767797586,15.460809578113077,3.9320235983667593,0.2862399479007236,6.627272727272727,,0.1043698721492825,0.0792398743562793,0.4947051532886596,0.0197134950112501,0.2771407560479279,0.0162287351217018,0.0086021140248983
Ridge (lambda=2.0),878,220,20.39278117841589,4.515836708564194,0.1685647334535058,17.793774034593923,4.218266709751047,0.1785368665329264,6.627272727272727,6.360784864239334,-3.779065964887188,2.6235821649026883,-1.8047297559557751,0.4692899697963197,3.799640748689156,-1.5026014696420529,1.3956743124567308
SVM (linear kernel),878,220,20.519502515383323,4.529845749623636,0.16339817045962846,17.735911818565366,4.211402595165341,0.1812081198148755,6.627272727272727,,,,,,,,
"Feedforward NN (3 layers, [[16, 4, 1]] activations)",878,220,20.235387611131536,4.498376108234119,0.17498183573214354,18.19619444989479,4.265699760870986,0.15995882149978835,6.627272727272727,,,,,,,,
