model_type,n_train,n_test,mse_train,rmse_train,r2_train,mse_test,rmse_test,r2_test,y_test_mean,bias,Game of season_weight,Game for player_weight,Age (days)_weight,Home?_weight,Game Started?_weight,Year_weight,Month of Season_weight
Linreg,500,126,14.600586314580877,3.8210713569077557,0.050794354755857474,17.263192727716433,4.154899845690198,0.031939728146619606,5.357142857142857,4.369452062701772,24.601220899836925,-18.07132671428353,-3.021360852153114,0.20649559612453094,0.8391550346187503,1.8506468638538864,-4.415751111606353
Lasso (lambda=0.05),500,126,15.029039988075423,3.8767305797637555,0.022939949676215377,17.70192321793442,4.2073653535121505,0.007337236340518194,5.357142857142857,4.182950288190865,0.0,1.3510519446100684,-0.0,0.12745467923327017,0.335083294556573,-0.0,-0.0
"Random Forest (500 estimators, 5 depth)",500,126,9.485089394339488,3.079787231991763,0.3833603524701442,16.1450855516812,4.018094766388817,0.09463931992352625,5.357142857142857,,0.15838141624243351,0.1578712540909837,0.5881673312911432,0.016938097988622367,0.04114821554714843,0.013950457194034685,0.023543227645634213
"Random Forest (100 estimators, 5 depth)",500,126,9.464209088045049,3.0763954700338916,0.3847178119708847,16.163936535818127,4.020439843576587,0.09358222178900799,5.357142857142857,,0.1520157381030997,0.15967539316396182,0.6007494895535522,0.01745215020009195,0.03361153835195479,0.01199197195916449,0.024503718668175186
Ridge (lambda=2.0),500,126,14.633611700984035,3.82539039850628,0.04864732568902186,17.19679550192098,4.146901916120151,0.035663055428406865,5.357142857142857,4.342575199975955,2.499246608151518,2.5101963178782225,-0.6212448157923155,0.2392918455700394,0.7585459024596121,-0.5136811542890639,-2.9309492523680465
