model_type,n_train,n_test,mse_train,rmse_train,r2_train,mse_test,rmse_test,r2_test,y_test_mean,bias,Game of season_weight,Game for player_weight,Age (days)_weight,Home?_weight,Game Started?_weight,Year_weight,Month of Season_weight
Linreg,379,95,25.72552721469057,5.072033834142924,0.17211560890791178,25.29634646767596,5.029547342224344,0.11351694583714933,9.273684210526316,1.4114758423250242,3.524385839150399,-7.392079039066661,1.0162465909196918,-0.2612846438075648,3.5668374878196305,6.892935140242362,6.622022582901989
Lasso (lambda=0.05),379,95,26.20339997721681,5.118925666310931,0.15673697749165805,25.01444670314011,5.00144446166706,0.12339581765576757,9.273684210526316,4.248828536740252,0.4877246146934278,0.0,0.0,-0.0,2.543008972159743,4.770758786060979,0.2318971803853814
"Random Forest (500 estimators, 5 depth)",379,95,17.01024072845652,4.1243473093880585,0.452586037585024,27.335134020928766,5.228301255754948,0.04206984499568145,9.273684210526316,,0.1449683556301376,0.12724028989665495,0.5562249537375217,0.02318268839708086,0.10074754126387604,0.023426093991147038,0.024210077083581936
"Random Forest (100 estimators, 5 depth)",379,95,16.951806452945334,4.117257151666062,0.454466536445038,26.422011106222932,5.140234538055918,0.07406924820155003,9.273684210526316,,0.14832402747095905,0.11959673728775988,0.5676516763681002,0.020363140113362932,0.09369298376531719,0.024058227499813206,0.02631320749468761
Ridge (lambda=2.0),379,95,25.91156957617824,5.0903408113974296,0.1661284986779763,25.058411793722325,5.005837771414724,0.12185510869110872,9.273684210526316,3.0168326137615455,1.7374458899266454,-2.3294818517613565,2.6850451218005498,-0.16056611685905747,2.7621169354673945,3.2600010881623454,2.855838941385705
