model_type,n_train,n_test,mse_train,rmse_train,r2_train,mse_test,rmse_test,r2_test,y_test_mean,bias,Game of season_weight,Game for player_weight,Age (days)_weight,Home?_weight,Game Started?_weight,Year_weight,Month of Season_weight
Linreg,253,64,23.648697359495053,4.862992634118939,0.1600051777767129,16.374459321009667,4.046536706989035,-0.0718132411604384,4.6875,4.159039338558694,2.063519515006409,-2.8744862869319454,7.411776018503003,-0.2672215841039597,4.524485909006286,-7.976101156275029,1.5557666497322675
Lasso (lambda=0.05),253,64,23.97762517602232,4.896695332162532,0.1483217578162818,17.337223608524504,4.163799179658465,-0.1348323302946235,4.6875,4.491347741524916,0.0,-0.3291456681446683,0.0,-0.0,3.956800308728088,0.0,0.0
"Random Forest (500 estimators, 5 depth)",253,64,11.217550241034772,3.3492611485273542,0.6015558921804398,17.60928352183978,4.19634168316163,-0.1526403941679837,4.6875,,0.2725074580124582,0.149133664552548,0.280515865129504,0.0276864517491396,0.21097840446131,0.0224625389611557,0.0367156171338841
"Random Forest (100 estimators, 5 depth)",253,64,11.339472299834366,3.367413295072995,0.5972252562663504,17.248396060365756,4.15311883532915,-0.1290179983261656,4.6875,,0.2664828404629561,0.151670438585795,0.2736157731888802,0.0241276469382343,0.2303748729492539,0.0166427414400235,0.0370856864348569
Ridge (lambda=2.0),253,64,23.76034176250221,4.874458099368812,0.15603960119418,16.483476214190883,4.059984755413606,-0.0789490950736042,4.6875,4.339429069922869,0.8448884062338544,-2.025147888595341,0.6811471785713813,-0.1983304622724117,4.289273481780214,-0.7170427517739487,0.987373990000312
SVM (linear kernel),253,64,24.580687707201175,4.95789145778739,0.12690115286851233,17.33436985397459,4.163456479173836,-0.13464553378100108,4.6875,,,,,,,,
"Feedforward NN (3 layers, [[16, 4, 1]] activations)",253,64,26.734951551991504,5.170585223356396,0.05038233038038242,20.555539622778134,4.533821745809834,-0.34549172677862505,4.6875,,,,,,,,
