model_type,n_train,n_test,mse_train,rmse_train,r2_train,mse_test,rmse_test,r2_test,y_test_mean,bias,Game of season_weight,Game for player_weight,Age (days)_weight,Home?_weight,Game Started?_weight,Year_weight,Month of Season_weight
Linreg,571,143,33.295906278285194,5.77026050350287,0.3712230320567512,38.56624774424958,6.21017292386046,0.2951953169291214,11.034965034965035,8.831578272154893,-6.9940126280453105,-6.994012628045324,3.0330713607551156,0.7707811482305427,6.923546757776912,-11.321661496415045,16.64850713424415
Lasso (lambda=0.05),571,143,34.65080447081863,5.8864933934235095,0.3456364398116689,37.55482155252983,6.128198883238845,0.31367930119515397,11.034965034965035,8.831039082479519,-0.0,-0.0,-5.2681052538091455,0.39830309701134714,7.071709991973297,-0.0,2.3328060946433133
"Random Forest (500 estimators, 5 depth)",571,143,21.324931136600593,4.617892499463429,0.5972890652201563,31.13975485481311,5.580300606133428,0.43091572722099003,11.034965034965035,,0.03309827962944078,0.03483329697591211,0.48635123730331825,0.00772474979027871,0.41347126448789584,0.0191318580018005,0.0053893138113537565
"Random Forest (100 estimators, 5 depth)",571,143,21.32573129798169,4.617979135723947,0.5972739545623215,31.022603955037802,5.569793888021154,0.43305667967597483,11.034965034965035,,0.03169446099609531,0.03654394241246888,0.4744837101002684,0.007163765825000333,0.4240293427286826,0.02036398547744987,0.005720792460034616
Ridge (lambda=2.0),571,143,33.644752071989025,5.800409646911934,0.36463524920406154,37.9793716840953,6.162740598475268,0.30592057592558675,11.034965034965035,8.947992898344852,-3.517230229395861,-3.517230229395859,-3.279878529242188,0.6732084193273102,6.964778819265876,-3.5673015517998756,9.267629267331229
