model_type,n_train,n_test,mse_train,rmse_train,r2_train,mse_test,rmse_test,r2_test,y_test_mean,bias,Game of season_weight,Game for player_weight,Age (days)_weight,Home?_weight,Game Started?_weight,Year_weight,Month of Season_weight
Linreg,475,119,19.73383092037801,4.442277672588467,0.0961703541451243,21.83292698985072,4.672571774713655,0.1623559907470673,6.949579831932773,4.220570858899744,4.072923598086821,-3.5510137646112803,4.953179273911312,-0.0245988526135022,2.7586087471024285,-1.68064228589717,2.321890591108887
Lasso (lambda=0.05),475,119,19.890397562438142,4.459865195545505,0.0889994417552869,22.076321088880587,4.6985445713412775,0.1530179112016787,6.949579831932773,4.869554224232305,1.2993951179055718,0.0,2.5757597621140604,-0.0,2.250307100485276,0.3829079895464147,0.0850949352326604
"Random Forest (500 estimators, 5 depth)",475,119,13.25282283357248,3.6404426700021633,0.3930071552464799,21.55243317946009,4.642459819907986,0.1731174411020956,6.949579831932773,,0.1773481347420838,0.1790606833243936,0.4190385585865323,0.0221793711593173,0.0854887996360444,0.0282913726156027,0.0885930799360258
"Random Forest (100 estimators, 5 depth)",475,119,13.386132181872943,3.658706353599992,0.3869014507053949,21.828568529491395,4.672105363697548,0.1625232078229659,6.949579831932773,,0.1745800472897391,0.1798679894324635,0.4175743390491636,0.0230990349924388,0.0892062296895347,0.0347225802562203,0.0809497792904396
Ridge (lambda=2.0),475,119,19.7680677903564,4.4461295291923735,0.0946022704723393,21.53062691508056,4.64011065763313,0.173954062171281,6.949579831932773,4.307909174220806,1.238016696932378,-0.4595047046121122,2.158347316123688,-0.0481362997324125,2.611327840135971,1.4095025201665925,1.6157851410562372
SVM (linear kernel),475,119,19.851238660752607,4.455472888566668,0.09079295951599475,21.60744869565862,4.648381298436975,0.17100671093838093,6.949579831932773,,,,,,,,
"Feedforward NN (3 layers, [[16, 4, 1]] activations)",475,119,19.529404754701353,4.419208611810643,0.10553328168172382,21.950187607387797,4.68510273178591,0.1578571595162893,6.949579831932773,,,,,,,,
