model_type,n_train,n_test,mse_train,rmse_train,r2_train,mse_test,rmse_test,r2_test,y_test_mean,bias,Game of season_weight,Game for player_weight,Age (days)_weight,Home?_weight,Game Started?_weight,Year_weight,Month of Season_weight
Linreg,406,102,33.56715323011964,5.793716702611514,0.2545215462519096,33.98165153794882,5.829378314876195,0.3819400888759571,10.803921568627452,8.1100179594103,-36.72067096183636,43.05008910235114,-0.3027971548292414,-0.5115790797190145,5.475159254261089,-1.1543284359592565,-3.6885223964326848
Lasso (lambda=0.05),406,102,34.37865088354306,5.863331039907525,0.2364993442573874,34.408133737563965,5.865844673835471,0.374183210135212,10.803921568627452,7.763254604440815,0.0,3.0740979542646216,-0.0,-0.3886546847826889,5.157742827803915,-2.6542614741276886,-0.0
"Random Forest (500 estimators, 5 depth)",406,102,21.599257903961917,4.647500177941031,0.5203113807725672,32.62870640415962,5.71215426998953,0.4065475199836428,10.803921568627452,,0.0898268667293204,0.0936887234095757,0.4039092874845367,0.018107406147358,0.346504404335856,0.0294429979923677,0.0185203139009853
"Random Forest (100 estimators, 5 depth)",406,102,21.664500717528515,4.654514015182307,0.5188624312163636,32.82887378863399,5.729648661884426,0.4029068659759939,10.803921568627452,,0.0914684870748733,0.0935097562699393,0.4147459736929934,0.0143826649808506,0.3367278253917792,0.0230492080896354,0.0261160844999286
Ridge (lambda=2.0),406,102,34.04354374805506,5.83468454571925,0.243941594349045,33.7157269884079,5.806524518884588,0.3867767373617263,10.803921568627452,8.63062895164045,1.762851603571668,4.196421506984575,-1.400848737290069,-0.5792141224463399,5.035563611357788,-1.862612096276938,-2.9472688357176238
SVM (linear kernel),406,102,34.0234034923554,5.832958382532435,0.24438888061649067,33.19172989620077,5.761226422924269,0.39630722165490817,10.803921568627452,,,,,,,,
"Feedforward NN (3 layers, [[16, 4, 1]] activations)",406,102,34.66554534458876,5.887745353239112,0.23012782869444914,34.114989250212986,5.840803818843172,0.37951493615789567,10.803921568627452,,,,,,,,
