model_type,n_train,n_test,mse_train,rmse_train,r2_train,mse_test,rmse_test,r2_test,y_test_mean,bias,Game of season_weight,Game for player_weight,Age (days)_weight,Home?_weight,Game Started?_weight,Year_weight,Month of Season_weight
Linreg,226,57,8.607903956773889,2.9339229636740445,0.118698942423857,12.40636590485719,3.5222671541007773,0.1733669081481273,3.210526315789474,3.3990821087587166,-0.1148489588947064,-0.1148489588947063,-3.505424978844608,-0.4962132661263506,2.150960932531752,-0.0962075092306748,0.886838121929179
Lasso (lambda=0.05),226,57,8.724020397677595,2.9536452728243443,0.1068106194727297,12.942734650347042,3.5976012355939395,0.1376287912928603,3.210526315789474,3.381977858926607,0.0248324177800356,0.0,-2.092716963751052,-0.2726505565441826,1.8576115782568825,-0.0,0.0
"Random Forest (500 estimators, 5 depth)",226,57,4.612889204250376,2.1477637682599955,0.5277196220354835,11.299388264317908,3.3614562713678,0.2471245545554142,3.210526315789474,,0.1909035294624785,0.1878331910532684,0.4244782951368937,0.040064229161671,0.1041671367160369,0.0117128994619207,0.0408407190077305
"Random Forest (100 estimators, 5 depth)",226,57,4.681251435799032,2.163619984146715,0.5207205073538328,11.017542813651596,3.3192684154270498,0.2659038472262409,3.210526315789474,,0.1833562574212753,0.1936228293185631,0.4296481126305054,0.0284129946307462,0.1019466444051348,0.0129320133508482,0.0500811482429267
Ridge (lambda=2.0),226,57,8.62218592043256,2.936355891310275,0.1172367154125127,12.57947557995008,3.546755641420773,0.1618326533108195,3.210526315789474,3.352790565210355,0.1747803844696285,0.1747803844696275,-1.6200766852008226,-0.4698257045521811,2.0036528606251816,-1.4066475528465348,0.431218974451608
SVM (linear kernel),226,57,8.765515752647955,2.9606613708169927,0.1025622100569743,13.101845504178115,3.619647151888995,0.12702727445398676,3.210526315789474,,,,,,,,
"Feedforward NN (3 layers, [[16, 4, 1]] activations)",226,57,9.086675521353545,3.014411305935795,0.06968098307855164,14.34798927162283,3.7878739777905532,0.043997023430077276,3.210526315789474,,,,,,,,
