model_type,n_train,n_test,mse_train,rmse_train,r2_train,mse_test,rmse_test,r2_test,y_test_mean,bias,Game of season_weight,Game for player_weight,Age (days)_weight,Home?_weight,Game Started?_weight,Year_weight,Month of Season_weight
Linreg,525,132,32.7797029761966,5.725356144048735,0.2615762407966437,27.80340363876888,5.272893289150548,0.318942374332175,7.75,4.493303240378739,-11.310648440361003,16.236906665778957,2.8702728994747706,-0.3596220893313014,5.102556864265267,-1.187851613852421,-3.673203104784183
Lasso (lambda=0.05),525,132,33.529688085127354,5.790482543374719,0.244681431716606,29.74387844453345,5.453794866378222,0.2714095189648033,7.75,3.950383083263912,-0.0,1.8333944424580115,1.5355336799584252,-0.100897808302613,6.001952511338318,0.0,-0.0
"Random Forest (500 estimators, 5 depth)",525,132,22.53479491566004,4.747082779524709,0.492361843956247,24.551012067739972,4.954897785801436,0.3986112562390764,7.75,,0.0675424465374669,0.1072348179099023,0.3496799889296654,0.0093627818985186,0.4458899203613786,0.0090698570811017,0.0112201872819664
"Random Forest (100 estimators, 5 depth)",525,132,22.71478669009164,4.7660032196896,0.4883071945654952,24.869844859391257,4.986967501336985,0.3908012950239581,7.75,,0.0762134375448705,0.1092106373893345,0.3411694307562194,0.0098736125255749,0.4466405289958183,0.007302260751056,0.0095900920371259
Ridge (lambda=2.0),525,132,33.114933596684146,5.754557636924331,0.2540245477517056,28.71572687168185,5.358705708627957,0.2965945818488511,7.75,3.917166030013085,-2.9245636404181545,6.317361470333629,1.4989737417975937,-0.3205980598120443,5.727427798681842,0.5818651484900548,-1.9961994445183024
SVM (linear kernel),525,132,33.01518958549004,5.745884578155921,0.2562714670650824,28.075311787276604,5.298614138364541,0.31228185461925084,7.75,,,,,,,,
"Feedforward NN (3 layers, [[16, 4, 1]] activations)",525,132,31.976885274168964,5.654810807990747,0.2796612022716374,28.042520705540003,5.2955189269362455,0.3130850877974891,7.75,,,,,,,,
