model_type,n_train,n_test,mse_train,rmse_train,r2_train,mse_test,rmse_test,r2_test,y_test_mean,bias,Game of season_weight,Game for player_weight,Age (days)_weight,Home?_weight,Game Started?_weight,Year_weight,Month of Season_weight
Linreg,525,132,32.7797029761966,5.725356144048735,0.26157624079664377,27.80340363876888,5.272893289150548,0.318942374332175,7.75,4.493303240378739,-11.310648440361005,16.236906665778957,2.8702728994747706,-0.35962208933130146,5.102556864265267,-1.187851613852421,-3.673203104784183
Lasso (lambda=0.05),525,132,33.529688085127354,5.790482543374719,0.24468143171660606,29.74387844453345,5.453794866378222,0.27140951896480336,7.75,3.9503830832639117,-0.0,1.8333944424580113,1.5355336799584252,-0.100897808302613,6.001952511338318,0.0,-0.0
"Random Forest (500 estimators, 5 depth)",525,132,22.534794915660036,4.747082779524709,0.49236184395624705,24.551012067739975,4.954897785801436,0.39861125623907645,7.75,,0.0675424465374669,0.10723481790990234,0.3496799889296654,0.009362781898518618,0.44588992036137864,0.009069857081101739,0.011220187281966415
"Random Forest (100 estimators, 5 depth)",525,132,22.714786690091636,4.7660032196896,0.4883071945654952,24.869844859391257,4.986967501336985,0.3908012950239581,7.75,,0.07621343754487059,0.10921063738933459,0.34116943075621947,0.009873612525574955,0.44664052899581835,0.007302260751056082,0.009590092037125991
Ridge (lambda=2.0),525,132,33.114933596684146,5.754557636924331,0.2540245477517056,28.71572687168185,5.358705708627957,0.2965945818488511,7.75,3.9171660300130844,-2.9245636404181545,6.317361470333629,1.4989737417975937,-0.32059805981204437,5.727427798681842,0.5818651484900548,-1.9961994445183022
