model_type,n_train,n_test,mse_train,rmse_train,r2_train,mse_test,rmse_test,r2_test,y_test_mean,bias,Game of season_weight,Game for player_weight,Age (days)_weight,Home?_weight,Game Started?_weight,Year_weight,Month of Season_weight
Linreg,179,45,44.26301401264846,6.653045469005038,0.1680093487013738,52.21258400971379,7.225827565733477,-0.0256531693893489,16.933333333333334,11.778723249822974,-317.7263223569519,323.1296343145384,15.15869587328256,4.04659536562265,2.177638083672104,-13.949759104571992,-1.9736173166287472
Lasso (lambda=0.05),179,45,47.9047871522624,6.921328423956083,0.0995566851425069,50.64784079433342,7.11672964179007,0.0050843217456766,16.933333333333334,13.089119103615673,-0.0,-0.0,0.1303145004772991,3.96117961056611,1.912719501528937,-0.0,-0.0
"Random Forest (500 estimators, 5 depth)",179,45,26.98136713494422,5.194359164992754,0.4928441789093971,55.565704730604295,7.454240721267612,-0.0915211772643589,16.933333333333334,,0.1696662238695204,0.1651070573277778,0.4345830385581862,0.1619514139648583,0.0082860125064031,0.0225176632082354,0.0378885905650186
"Random Forest (100 estimators, 5 depth)",179,45,27.19694402131871,5.215068937350561,0.4887920835403744,55.71606228661775,7.464319278180546,-0.094474769904749,16.933333333333334,,0.1577045858247612,0.1551861129452116,0.4633936945292145,0.1527459451575547,0.0101780298953289,0.0274087692706312,0.0333828623772977
Ridge (lambda=2.0),179,45,47.71004173531665,6.907245596858175,0.103217221368888,50.823478119753375,7.129058712042802,0.0016341385590613,16.933333333333334,12.868807207908985,0.243169570992251,1.0723048820919352,1.5518438239917114,4.030349943355302,2.001504642042158,-1.4368449590463737,-0.9587829579227638
SVM (linear kernel),179,45,47.59611319214616,6.898993636186814,0.10535868156874761,50.9889578261207,7.140655279882981,-0.0016165104659646712,16.933333333333334,,,,,,,,
"Feedforward NN (3 layers, [[16, 4, 1]] activations)",179,45,65.97045669344413,8.122219936288609,-0.24001504315006894,59.68822362485159,7.7258154019398875,-0.17250308325402552,16.933333333333334,,,,,,,,
