model_type,n_train,n_test,mse_train,rmse_train,r2_train,mse_test,rmse_test,r2_test,y_test_mean,bias,Game of season_weight,Game for player_weight,Age (days)_weight,Home?_weight,Game Started?_weight,Year_weight,Month of Season_weight
Linreg,179,45,44.26301401264846,6.653045469005038,0.16800934870137385,52.21258400971379,7.225827565733477,-0.025653169389348918,16.933333333333334,11.778723249822974,-317.7263223569519,323.1296343145384,15.15869587328256,4.04659536562265,2.177638083672104,-13.949759104571992,-1.9736173166287472
Lasso (lambda=0.05),179,45,47.904787152262394,6.921328423956083,0.09955668514250693,50.64784079433342,7.11672964179007,0.005084321745676634,16.933333333333334,13.089119103615673,-0.0,-0.0,0.1303145004772991,3.96117961056611,1.912719501528937,-0.0,-0.0
"Random Forest (500 estimators, 5 depth)",179,45,26.98136713494422,5.194359164992754,0.49284417890939713,55.565704730604295,7.454240721267612,-0.09152117726435893,16.933333333333334,,0.16966622386952046,0.1651070573277778,0.43458303855818625,0.16195141396485832,0.008286012506403165,0.02251766320823548,0.03788859056501863
"Random Forest (100 estimators, 5 depth)",179,45,27.19694402131871,5.215068937350561,0.4887920835403744,55.71606228661775,7.464319278180546,-0.09447476990474901,16.933333333333334,,0.15770458582476124,0.15518611294521165,0.46339369452921453,0.15274594515755477,0.010178029895328927,0.027408769270631267,0.033382862377297734
Ridge (lambda=2.0),179,45,47.71004173531665,6.907245596858175,0.103217221368888,50.823478119753375,7.129058712042802,0.00163413855906136,16.933333333333334,12.868807207908983,0.24316957099225103,1.0723048820919352,1.5518438239917114,4.030349943355302,2.001504642042158,-1.4368449590463737,-0.9587829579227638
