model_type,n_train,n_test,mse_train,rmse_train,r2_train,mse_test,rmse_test,r2_test,y_test_mean,bias,Game of season_weight,Game for player_weight,Age (days)_weight,Home?_weight,Game Started?_weight,Year_weight,Month of Season_weight
Linreg,255,64,54.3396616520612,7.371544048030996,0.13203723281440183,53.490511364439215,7.313720760627877,0.10387887462425394,13.109375,7.913615656689534,20.863949196774016,-3.243538826815808,13.393198896494711,-0.3450270856090516,2.7158308266591344,-10.564687410779564,-13.148692871546709
Lasso (lambda=0.05),255,64,55.26305092176937,7.433912221823,0.11728801499892827,55.43491003955076,7.445462379164289,0.0713045603304775,13.109375,7.390130260528304,2.9096292526230005,0.0,5.570615951580693,-0.16268077615733073,2.3075007133262244,0.0,0.0
"Random Forest (500 estimators, 5 depth)",255,64,28.13741362037509,5.304471097138252,0.5505634992031623,49.32585658614944,7.023236902322848,0.17364891479634303,13.109375,,0.19354047852926143,0.28430277595035863,0.4426639607533181,0.032157286544090405,0.01901223737780276,0.00732244199052314,0.02100081885464556
"Random Forest (100 estimators, 5 depth)",255,64,28.111308687478953,5.302009872442615,0.5509804710632155,49.262079736088566,7.018695016603056,0.17471736191325482,13.109375,,0.18283923318218379,0.30569614547135604,0.43411692682364206,0.02946142406417844,0.02044059739362057,0.006809082191492771,0.020636590873526414
Ridge (lambda=2.0),255,64,55.205197366456964,7.430020011174732,0.11821210488896117,54.92214770309374,7.4109478275787195,0.07989481587814895,13.109375,7.387343582198061,3.968881799708022,-0.2639887823898238,4.798156254621948,-0.35412214371594347,2.49758254843757,0.7808443977599397,-0.7751692747066519
