model_type,n_train,n_test,mse_train,rmse_train,r2_train,mse_test,rmse_test,r2_test,y_test_mean,bias,Game of season_weight,Game for player_weight,Age (days)_weight,Home?_weight,Game Started?_weight,Year_weight,Month of Season_weight
Linreg,348,87,56.874630877635184,7.541527091884984,0.0889929537446934,47.3571043000056,6.8816498239888375,0.07620839747138686,19.35632183908046,13.935543503092175,0.6240099596303449,-2.4115862233914322,34.349519113716205,1.1785589179022453,1.822067855706958,-31.82595610928187,9.137455308267034
Lasso (lambda=0.05),348,87,58.33336379694171,7.637628152570778,0.0656272466168184,45.37328827118236,6.735969735025712,0.1149065530169393,19.35632183908046,16.155854743023497,-0.0,-0.0,5.308151267959537,1.0459865600350509,0.0,0.0,1.4865681946504792
"Random Forest (500 estimators, 5 depth)",348,87,39.08980849264875,6.252184297719378,0.3738668642933226,43.09070885441693,6.564351365856107,0.1594326643254873,19.35632183908046,,0.1341971895470859,0.16677497273574643,0.5931647081121165,0.02410216405668902,3.073250077521191e-05,0.015556739934772018,0.06617349311281494
"Random Forest (100 estimators, 5 depth)",348,87,39.04772034782293,6.248817515964355,0.3745410242115228,43.93026163659307,6.627990769199447,0.1430555690296973,19.35632183908046,,0.13540117127712117,0.17914361023838524,0.5834090928068263,0.020359210552515335,3.434936757419891e-05,0.01991789646351304,0.06173466929406484
Ridge (lambda=2.0),348,87,57.9705278656946,7.613837919583959,0.07143908372063867,45.92565251845588,6.776846797623204,0.10413162366450734,19.35632183908046,15.080978444222328,-0.4266750955781437,-1.8121202481804541,5.457637431414883,1.184053792557143,1.1151442736454351,-0.3402231255926151,4.593318681317394
