model_type,n_train,n_test,mse_train,rmse_train,r2_train,mse_test,rmse_test,r2_test,y_test_mean,bias,Game of season_weight,Game for player_weight,Age (days)_weight,Home?_weight,Game Started?_weight,Year_weight,Month of Season_weight
Linreg,318,80,21.77379618202635,4.6662400476214625,0.28604740445020127,21.260313338936704,4.610890731619727,0.32451992012750996,7.025,7.371171985221946,-1.9282994434708973,-1.9282994434709004,-11.13643020073797,0.739751537907219,3.832463133793865,4.8080280236166715,2.845953220184424
Lasso (lambda=0.05),318,80,21.96396745937731,4.686573104025724,0.27981177718848305,21.445927903715155,4.630974832982269,0.3186225968358337,7.025,6.896498257002951,0.0,0.0,-5.129928335583371,0.5070483416187392,3.7282719911116002,-0.0,0.0
"Random Forest (500 estimators, 5 depth)",318,80,14.442599372532042,3.8003420073109266,0.5264339198225407,19.820717177058185,4.452046403291209,0.3702585936318613,7.025,,0.09083693662008459,0.09357205595552588,0.64261705086903,0.015067731752790556,0.12944474390817354,0.008699994011891832,0.01976148688250362
"Random Forest (100 estimators, 5 depth)",318,80,14.475036405306165,3.804607260323484,0.5253703246851832,20.14406470650504,4.4882139773528005,0.3599852354016547,7.025,,0.10454753701692067,0.0888922440832166,0.6355933447236878,0.01752617597019316,0.12408663339973314,0.01023386161093585,0.01912020319531288
Ridge (lambda=2.0),318,80,21.895696365894878,4.6792837449651286,0.2820503544207362,21.258230796198724,4.610664897408911,0.32458608642113707,7.025,6.89088968071602,-0.5532535476809477,-0.5532535476809501,-3.9453128966801296,0.7168632684958002,3.818376605790211,-1.8837151640225498,1.4401926333467405
