model_type,n_train,n_test,mse_train,rmse_train,r2_train,mse_test,rmse_test,r2_test,y_test_mean,bias,Game of season_weight,Game for player_weight,Age (days)_weight,Home?_weight,Game Started?_weight,Year_weight,Month of Season_weight
Linreg,273,69,21.410700386114744,4.627169803034544,0.4709111918482236,31.78732757990676,5.638025148924644,0.4452528276005979,8.217391304347826,4.622546164719214,-0.10444473739640128,11.798394523568577,-4.115969665475728,-0.45682128614406103,5.644213732356364,0.4798482474800989,-5.82284347344963
Lasso (lambda=0.05),273,69,21.81031047020879,4.670151011499391,0.4610362592534979,32.77300766966944,5.7247714076344955,0.42805090204357565,8.217391304347826,3.2281312189687004,-0.0,7.649406669183051,-2.090794153890322,-0.3577816893643107,6.332211459089733,-0.7646832547441942,-2.2459759914085913
"Random Forest (500 estimators, 5 depth)",273,69,11.870397238349081,3.4453442844437303,0.7066656291543234,23.433548361476443,4.8408210420832996,0.5910415979407153,8.217391304347826,,0.052096713264061616,0.06780279606341275,0.31666958705054293,0.007523944603115948,0.5179235280928818,0.030621856371248587,0.007361574554736481
"Random Forest (100 estimators, 5 depth)",273,69,11.874602473259566,3.445954508298037,0.7065617118285628,23.56521195051603,4.854401296814678,0.5887438268071068,8.217391304347826,,0.052756250091870203,0.06987980107021897,0.30634354428162563,0.007257552915105363,0.5228511248263806,0.03423553833090355,0.006676188483895521
Ridge (lambda=2.0),273,69,21.662737062466643,4.6543245549130585,0.4646830077021299,32.62014642772047,5.71140494341983,0.4307186111023974,8.217391304347826,3.8846470651476936,-0.4400873691418968,8.329338610796514,-1.8443379975798895,-0.5404293193700453,6.170587335526886,-1.6658324173078403,-2.533674264769441
