model_type,n_train,n_test,mse_train,rmse_train,r2_train,mse_test,rmse_test,r2_test,y_test_mean,bias,Game of season_weight,Game for player_weight,Age (days)_weight,Home?_weight,Game Started?_weight,Year_weight,Month of Season_weight
Linreg,263,66,16.009463418104442,4.00118275240015,0.1601987453572844,13.256354164314045,3.640927651617654,0.1170133379244922,4.045454545454546,1.5922537708170177,0.85929939762894,0.8592993976289391,11.395476333804174,-0.022963909769655948,3.796054715855791,-10.865343948951669,2.402155899236641
Lasso (lambda=0.05),263,66,16.172802203108418,4.021542266731561,0.15163055584363494,13.204939422089183,3.6338601269296515,0.12043799986818227,4.045454545454546,2.7912794794111426,1.3222608526571713,1.2933909158268938e-15,0.0,-0.0,3.6117585312456515,0.0,0.8790510246395795
"Random Forest (500 estimators, 5 depth)",263,66,8.417464976096497,2.901286779361271,0.5584488084814312,14.25163843589815,3.775134227533923,0.05071888577805794,4.045454545454546,,0.1328503649589316,0.13101300124466694,0.3107484244059573,0.036016616039538374,0.2132917529073278,0.017936945072872846,0.15814289537070528
"Random Forest (100 estimators, 5 depth)",263,66,8.340688714974807,2.8880250544229713,0.5624762264362303,14.220785086879241,3.771045622487116,0.052773982928177476,4.045454545454546,,0.13949382170983723,0.12849601895271634,0.3386468742468065,0.03993749620192589,0.19045706607317062,0.014380606586099276,0.1485881162294442
Ridge (lambda=2.0),263,66,16.084921051531538,4.010601083569836,0.15624049806507445,13.336070260769583,3.651858466694675,0.1117035635287198,4.045454545454546,2.068870893327958,0.8217645612869179,0.8217645612869198,0.8076725857084918,-0.02121907392275198,3.7177804820008067,0.03860547920873303,1.2573729046549476
