model_type,n_train,n_test,mse_train,rmse_train,r2_train,mse_test,rmse_test,r2_test,y_test_mean,bias,Game of season_weight,Game for player_weight,Age (days)_weight,Home?_weight,Game Started?_weight,Year_weight,Month of Season_weight
Linreg,111,28,9.865999531851617,3.141018868432919,0.18258795368266334,10.075096928101148,3.174129318112472,0.10646199189691175,4.285714285714286,2.09300241813835,-12.839564198369281,7.884036342081316,3.3618442060814657,-0.10629548151753909,3.027988600602117,-3.989588648584798,8.249752769386392
Lasso (lambda=0.05),111,28,10.357769486551582,3.2183488758292786,0.14184411584941337,10.19489429823626,3.1929444558645645,0.09583742875370727,4.285714285714286,1.6920312389223926,0.0,0.0,-0.0,0.0,2.067096794148654,-0.0,2.7889015580895884
"Random Forest (500 estimators, 5 depth)",111,28,4.793032519561541,2.1892995499843186,0.6028904616068795,9.849425850540413,3.1383794943474275,0.12647625940908558,4.285714285714286,,0.2350719680540964,0.2853461071074244,0.35189381835923267,0.05099123725563784,0.037610142355403116,0.008826336365354287,0.030260390502851488
"Random Forest (100 estimators, 5 depth)",111,28,4.630650310426758,2.151894586272004,0.6163440578112857,9.555828829025115,3.0912503666033126,0.15251472828555546,4.285714285714286,,0.261697960792586,0.27268888067114644,0.34199119573208525,0.056373566384597854,0.041258365046396135,0.008486220904455768,0.017503810468732464
Ridge (lambda=2.0),111,28,10.336483016895246,3.215040126793948,0.14360773003411753,9.94202153802848,3.1530971342520484,0.11826415318842443,4.285714285714286,1.634580920423547,-0.15395143142755974,1.250842435510623,0.08562602094632234,0.03177646825853099,2.0831889508672234,-0.24377707849633115,2.0487497713398035
