model_type,n_train,n_test,mse_train,rmse_train,r2_train,mse_test,rmse_test,r2_test,y_test_mean,bias,Game of season_weight,Game for player_weight,Age (days)_weight,Home?_weight,Game Started?_weight,Year_weight,Month of Season_weight
Linreg,212,53,20.91422097299299,4.573206858758194,0.2967816610942015,15.187037831163062,3.897055020289432,0.3709020635324567,5.830188679245283,5.802862771696974,1.995070164701797,7.328570360403051,8.564311628526209,0.3148177477467694,5.419364250753144,-13.53215511535114,-5.927779448052933
Lasso (lambda=0.05),212,53,21.74708822817282,4.663377341388194,0.2687773893370607,14.96687212839703,3.868704192413402,0.3800220638136722,5.830188679245283,4.699704925031625,0.0,3.599122417925483,-0.0,0.1152459196219385,5.465020194362066,-1.498852948689925,-0.7959376169973875
"Random Forest (500 estimators, 5 depth)",212,53,11.411172103892662,3.3780426438830906,0.6163115278245429,13.19207186444323,3.632089187291968,0.4535402308260921,5.830188679245283,,0.1841373187242696,0.1840926929860437,0.2065270047379986,0.0153364005496367,0.3527615260694227,0.0192483682425819,0.0378966886900466
"Random Forest (100 estimators, 5 depth)",212,53,11.623804834116545,3.4093701521126367,0.6091619794125733,13.294405527104008,3.6461494109682353,0.4493012280181212,5.830188679245283,,0.1611502920797851,0.1978350540904042,0.206831345899057,0.0122999491647304,0.3707176881275845,0.0132892506180162,0.0378764200204224
Ridge (lambda=2.0),212,53,21.38681909511764,4.6245885325202325,0.2808910540838016,15.238577645660822,3.9036620813872736,0.3687671119173412,5.830188679245283,5.155091566950203,0.6230299242354852,4.655796788707434,0.0527079271765365,0.3378414272720994,5.432923572494447,-2.507819211363266,-3.0105731172887253
SVM (linear kernel),212,53,21.339862091409934,4.61950885824564,0.2824699331723399,15.214690302897194,3.900601274534119,0.36975660560316426,5.830188679245283,,,,,,,,
"Feedforward NN (3 layers, [[16, 4, 1]] activations)",212,53,23.599307732350947,4.857911869553723,0.20649848711550378,16.560190998875242,4.069421457513984,0.31402146351913274,5.830188679245283,,,,,,,,
