model_type,n_train,n_test,mse_train,rmse_train,r2_train,mse_test,rmse_test,r2_test,y_test_mean,bias,Game of season_weight,Game for player_weight,Age (days)_weight,Home?_weight,Game Started?_weight,Year_weight,Month of Season_weight
Linreg,716,179,26.469181159591876,5.14482080927916,0.2453474671482948,22.82189587855513,4.777226797898036,0.243333589428736,8.603351955307263,8.591795594326586,-2.841097767598278,3.1297975086384597,-19.698972063586627,-0.073523245293617,5.171832196736864,14.349895978830718,-1.299632275541728
Lasso (lambda=0.05),716,179,26.65679479159396,5.163021866271143,0.2399984878302635,22.57460724417509,4.751274275831179,0.2515325140205897,8.603351955307263,8.1509715521255,-0.0,-0.0,-5.621880372078252,-0.0,5.04075372195802,-0.0,-0.0
"Random Forest (500 estimators, 5 depth)",716,179,19.907743020261872,4.461809388607033,0.4324180788585784,22.34297830402342,4.726835971770484,0.2592122370226426,8.603351955307263,,0.0669058716707234,0.0818427679870303,0.6699216872672468,0.0077713581860222,0.1553610363677113,0.0098805195029407,0.008316759018325
"Random Forest (100 estimators, 5 depth)",716,179,19.859689054901587,4.456421103856949,0.433788126781635,22.355995817737444,4.728212750896203,0.2587806376748508,8.603351955307263,,0.0610455395575876,0.0847259205592312,0.6710520563489969,0.0090121948307122,0.1518773143385664,0.0122570624319189,0.0100299119329867
Ridge (lambda=2.0),716,179,26.57533659760903,5.155127214493259,0.2423209107281086,22.60537632336536,4.754511155036378,0.2505123565003131,8.603351955307263,8.408669190046975,-1.6070724721265923,1.9030735862175612,-4.112684607063448,-0.0277634692324657,5.146391244003722,-1.8967058615178007,-0.2561318870602269
SVM (linear kernel),716,179,26.686078566066854,5.165857002092379,0.23916358952176708,22.472877802275107,4.740556697506645,0.25490538243001115,8.603351955307263,,,,,,,,
"Feedforward NN (3 layers, [[16, 4, 1]] activations)",716,179,28.703029016890778,5.357520790150121,0.18165909940651137,25.23548133012951,5.023492941184402,0.16331048135882786,8.603351955307263,,,,,,,,
