model_type,n_train,n_test,mse_train,rmse_train,r2_train,mse_test,rmse_test,r2_test,y_test_mean,bias,Game of season_weight,Game for player_weight,Age (days)_weight,Home?_weight,Game Started?_weight,Year_weight,Month of Season_weight
Linreg,462,116,27.032670219838725,5.199295165677626,0.2952832684220228,23.086155617702612,4.8048054713695345,0.27084942730305506,8.10344827586207,3.56354208552074,1.2765310032789536,1.7781265986086074,-23.210987793063843,0.581263402842609,4.163601458633652,30.44344587136094,-9.490224417832128
Lasso (lambda=0.05),462,116,27.8500334604955,5.277313091005261,0.27397536406838985,23.91940177063777,4.890746545328001,0.24453227343511907,8.10344827586207,3.2087473612727626,-0.0,0.0,0.0,0.43574033843480064,4.25929431702995,6.376904849098377,-0.6270763211350601
"Random Forest (500 estimators, 5 depth)",462,116,18.85831348235035,4.342615972239584,0.5083811945960948,20.020937501385895,4.474476226485721,0.36766093554913004,8.10344827586207,,0.0936227886602345,0.05525694295661063,0.8062123155003726,0.006637366465323082,0.014707523398775795,0.013888373477398491,0.009674689541284982
"Random Forest (100 estimators, 5 depth)",462,116,18.908312142071367,4.348368905931437,0.5070777757412301,19.611714312030408,4.428511523303333,0.38058579527114533,8.10344827586207,,0.08559088929434572,0.05407243946250023,0.8295370010811706,0.006694996990481799,0.0050414204763918,0.008447785292899877,0.01061546740220989
Ridge (lambda=2.0),462,116,27.45888105139958,5.240122236303232,0.2841723459072255,23.146053852518094,4.8110345927376255,0.26895760811312663,8.10344827586207,3.1734554823211454,-0.6511553895151355,2.839541741078874,1.8504951602232038,0.6028764188942912,4.064977670397042,4.975896487295341,-4.01858490359404
