model_type,n_train,n_test,mse_train,rmse_train,r2_train,mse_test,rmse_test,r2_test,y_test_mean,bias,Game of season_weight,Game for player_weight,Age (days)_weight,Home?_weight,Game Started?_weight,Year_weight,Month of Season_weight
Linreg,159,40,24.53264977269926,4.953044495328026,0.2831567426298667,19.160839883309663,4.37730966271632,-0.0351964819616905,5.125,2.535242644921863,13.690434351054623,-5.871115195126034,0.8865236492839386,-0.7524103064776498,2.427600223450696,6.163990067654528,-8.773139341119004
Lasso (lambda=0.05),159,40,25.21595714187507,5.021549277053355,0.2631905227211596,18.548980584764223,4.306852747049082,-0.0021397580828215,5.125,1.25627490312261,1.9328916795541489,0.0,4.116724682548104,-0.5187914179314491,2.043400473692589,3.971251741365335,-0.0
"Random Forest (500 estimators, 5 depth)",159,40,11.692443246880137,3.4194214783907726,0.6583471748316259,21.033829683290943,4.586265330668401,-0.1363878944205812,5.125,,0.1268944043536109,0.1538369314928133,0.6329242749139219,0.029855264297078,0.0339767591153006,0.0090364205161946,0.0134759453110804
"Random Forest (100 estimators, 5 depth)",159,40,11.96136823011448,3.4585211044772417,0.650489195251106,21.153309917414884,4.599272759623513,-0.1428430142787038,5.125,,0.1405536005643759,0.1541165674281005,0.6112234031759738,0.0323116100142039,0.032924828503466,0.0153352848993597,0.01353470541452
Ridge (lambda=2.0),159,40,25.001126064804986,5.000112605212506,0.2694678800591603,18.71452540306653,4.32602882596343,-0.0110835942902736,5.125,1.8131184192458691,2.83921770083797,1.0556774320984252,3.601545222299176,-0.6872606082431314,2.307165681173121,3.656567977685636,-2.104561870879924
SVM (linear kernel),159,40,25.056475439512777,5.0056443580734715,0.26785057306515236,17.62197740682049,4.197853904892415,0.047943141958035285,5.125,,,,,,,,
"Feedforward NN (3 layers, [[16, 4, 1]] activations)",159,40,50.058178314870524,7.07518044397954,-0.4626984012619586,25.44102591797424,5.043909784876633,-0.37449405601076435,5.125,,,,,,,,
