model_type,n_train,n_test,mse_train,rmse_train,r2_train,mse_test,rmse_test,r2_test,y_test_mean,bias,Game of season_weight,Game for player_weight,Age (days)_weight,Home?_weight,Game Started?_weight,Year_weight,Month of Season_weight
Linreg,159,40,24.53264977269926,4.953044495328026,0.2831567426298667,19.160839883309666,4.37730966271632,-0.03519648196169056,5.125,2.535242644921863,13.690434351054623,-5.871115195126034,0.8865236492839386,-0.7524103064776498,2.427600223450696,6.163990067654528,-8.773139341119004
Lasso (lambda=0.05),159,40,25.21595714187507,5.021549277053355,0.2631905227211596,18.548980584764223,4.306852747049082,-0.002139758082821519,5.125,1.25627490312261,1.9328916795541486,0.0,4.116724682548104,-0.5187914179314491,2.043400473692589,3.9712517413653345,-0.0
"Random Forest (500 estimators, 5 depth)",159,40,11.692443246880137,3.4194214783907726,0.6583471748316259,21.033829683290943,4.586265330668401,-0.1363878944205812,5.125,,0.12689440435361093,0.15383693149281336,0.6329242749139219,0.029855264297078094,0.03397675911530068,0.009036420516194639,0.013475945311080411
"Random Forest (100 estimators, 5 depth)",159,40,11.961368230114479,3.4585211044772417,0.650489195251106,21.153309917414884,4.599272759623513,-0.14284301427870383,5.125,,0.14055360056437596,0.1541165674281005,0.6112234031759738,0.0323116100142039,0.032924828503466036,0.01533528489935975,0.013534705414520039
Ridge (lambda=2.0),159,40,25.001126064804986,5.000112605212506,0.26946788005916034,18.714525403066535,4.32602882596343,-0.011083594290273613,5.125,1.8131184192458694,2.83921770083797,1.0556774320984252,3.601545222299176,-0.6872606082431314,2.307165681173121,3.6565679776856355,-2.1045618708799236
