model_type,n_train,n_test,mse_train,rmse_train,r2_train,mse_test,rmse_test,r2_test,y_test_mean,bias,Game of season_weight,Game for player_weight,Age (days)_weight,Home?_weight,Game Started?_weight,Year_weight,Month of Season_weight
Linreg,544,136,20.292696237262884,4.504741528352419,0.3795977444388158,19.911871401926845,4.462271999993596,0.47373614150776067,7.955882352941177,5.740172047852373,-3.766866910965119,6.409091375026529,-4.686914484456002,0.4976655272594117,4.6277276993457015,0.192225926659507,0.0897466148535715
Lasso (lambda=0.05),544,136,20.539541165739738,4.532057056761283,0.3720510316407565,20.339926615398753,4.50998077771943,0.46242279060556235,7.955882352941177,5.895471839577898,-0.0,2.2441009423322247,-5.0269099064638025,0.2652535641914058,4.854945272392514,-0.0,-0.0
"Random Forest (500 estimators, 5 depth)",544,136,12.147556275111905,3.485334456707405,0.6286165611252277,16.89830020599731,4.11075421376629,0.5533837835298702,7.955882352941177,,0.05713845488624773,0.0626675499069515,0.5776152667351836,0.007585461922578804,0.26409974412958137,0.013412145072607438,0.017481377346849514
"Random Forest (100 estimators, 5 depth)",544,136,12.17219212057104,3.488866882036493,0.6278633771268175,17.24547259087853,4.152766859682654,0.5442081377484362,7.955882352941177,,0.05213941870808245,0.0668276029536102,0.6317828041677009,0.006587475902005399,0.21229109646735378,0.013693894708463659,0.016677707092783423
Ridge (lambda=2.0),544,136,20.333386029402256,4.509255595927365,0.3783537481493907,19.961222594479697,4.4677984057564295,0.47243180659670136,7.955882352941177,5.827070662077148,-1.953331500384892,4.7916864483037545,-2.688301333146661,0.47741465249958204,4.705816170326822,-2.1865024281515457,-0.15736520383510755
