model_type,n_train,n_test,mse_train,rmse_train,r2_train,mse_test,rmse_test,r2_test,y_test_mean,bias,Game of season_weight,Game for player_weight,Age (days)_weight,Home?_weight,Game Started?_weight,Year_weight,Month of Season_weight
Linreg,544,136,20.292696237262884,4.504741528352419,0.3795977444388158,19.911871401926845,4.462271999993596,0.4737361415077606,7.955882352941177,5.740172047852373,-3.766866910965119,6.409091375026529,-4.686914484456002,0.4976655272594117,4.6277276993457015,0.192225926659507,0.0897466148535715
Lasso (lambda=0.05),544,136,20.539541165739735,4.532057056761283,0.3720510316407565,20.339926615398756,4.50998077771943,0.4624227906055623,7.955882352941177,5.895471839577898,-0.0,2.2441009423322247,-5.0269099064638025,0.2652535641914058,4.854945272392514,-0.0,-0.0
"Random Forest (500 estimators, 5 depth)",544,136,12.147556275111905,3.485334456707405,0.6286165611252277,16.89830020599731,4.11075421376629,0.5533837835298702,7.955882352941177,,0.0571384548862477,0.0626675499069515,0.5776152667351836,0.0075854619225788,0.2640997441295813,0.0134121450726074,0.0174813773468495
"Random Forest (100 estimators, 5 depth)",544,136,12.17219212057104,3.488866882036493,0.6278633771268175,17.24547259087853,4.152766859682654,0.5442081377484362,7.955882352941177,,0.0521394187080824,0.0668276029536102,0.6317828041677009,0.0065874759020053,0.2122910964673537,0.0136938947084636,0.0166777070927834
Ridge (lambda=2.0),544,136,20.333386029402256,4.509255595927365,0.3783537481493907,19.961222594479697,4.4677984057564295,0.4724318065967013,7.955882352941177,5.827070662077148,-1.953331500384892,4.7916864483037545,-2.688301333146661,0.477414652499582,4.705816170326822,-2.1865024281515457,-0.1573652038351075
SVM (linear kernel),544,136,20.43385329713573,4.520381985754714,0.3752821937939148,20.53409847959349,4.53145655166123,0.4572908955466246,7.955882352941177,,,,,,,,
"Feedforward NN (3 layers, [[16, 4, 1]] activations)",544,136,20.596740589342406,4.538363205974419,0.3703022915519588,20.50537580620224,4.52828618863718,0.4580500258473369,7.955882352941177,,,,,,,,
