model_type,n_train,n_test,mse_train,rmse_train,r2_train,mse_test,rmse_test,r2_test,y_test_mean,bias,Game of season_weight,Game for player_weight,Age (days)_weight,Home?_weight,Game Started?_weight,Year_weight,Month of Season_weight
Linreg,180,46,21.41272804571674,4.627388901499067,0.3015311064787405,21.365826767934912,4.622318332604854,0.0363609548778609,5.956521739130435,9.79259081883055,0.0857829433210749,7.37071519095226,6.7022309589802616,-0.4977267486116786,6.931995431886168,-13.52192134788426,-4.994752964625472
Lasso (lambda=0.05),180,46,22.305515174947736,4.722871496764202,0.2724089863559507,20.151387601255315,4.48902969485114,0.0911344495639813,5.956521739130435,7.597066762704296,-0.0,2.5043332619010767,-0.0,-0.2681516014334917,6.719173580165035,-1.6249218349160794,-2.7879076129696485
"Random Forest (500 estimators, 5 depth)",180,46,10.84631198240367,3.2933739511940745,0.6462005442295203,22.58698269045034,4.752576426576467,-0.018715478152292,5.956521739130435,,0.1263442764146319,0.1450855195033921,0.2925487470508998,0.0195507921428351,0.3414994922104201,0.0093549420944947,0.0656162305833259
"Random Forest (100 estimators, 5 depth)",180,46,10.724929976486846,3.274893887820924,0.6501599442268071,23.37759899776779,4.835038675932985,-0.0543737633062633,5.956521739130435,,0.1202253180697034,0.1566102271604766,0.3002178595098987,0.018249255175808,0.3350276415576306,0.0080788488723649,0.0615908496541177
Ridge (lambda=2.0),180,46,22.014656623650296,4.691977901018961,0.2818965981194857,19.97923343088389,4.4698135789855815,0.098898927023823,5.956521739130435,8.34043387442503,-0.0702436862853343,3.795127439126783,0.1601145159378705,-0.4612623186590943,6.55462153946492,-3.040196425459549,-3.510550575557646
SVM (linear kernel),180,46,21.854582525883096,4.674888504112488,0.2871181083217429,20.315497451354087,4.507271619433878,0.08373278610569423,5.956521739130435,,,,,,,,
"Feedforward NN (3 layers, [[16, 4, 1]] activations)",180,46,29.446635265047398,5.426475399838038,0.0394704164929629,21.30058239184574,4.615255398333416,0.03930359917414972,5.956521739130435,,,,,,,,
