model_type,n_train,n_test,mse_train,rmse_train,r2_train,mse_test,rmse_test,r2_test,y_test_mean,bias,Game of season_weight,Game for player_weight,Age (days)_weight,Home?_weight,Game Started?_weight,Year_weight,Month of Season_weight
Linreg,498,125,16.699506221816392,4.086502933048793,0.1594200088501272,14.177638032735214,3.7653204422379796,0.17829924159481392,4.728,4.7809029024397365,0.5414462094543913,4.017545487509527,-10.065355015587109,0.44177892927116047,3.2929869512934444,9.57247174462739,-4.926966280425313
Lasso (lambda=0.05),498,125,17.156220591166214,4.142006831376092,0.13643100813077924,14.322567608828516,3.784516826337084,0.16989948259996301,4.728,4.254002516182279,-0.0,0.0,-0.9429091303293371,0.21457960911832277,3.1707831083518583,-0.0,-0.0
"Random Forest (500 estimators, 5 depth)",498,125,10.774100148883482,3.2823924428507145,0.45767899436662185,14.988382565162565,3.871483251308543,0.13131049807983453,4.728,,0.13634900535218994,0.105391625263445,0.4358399755120303,0.02806430214048739,0.2526827508591413,0.029704579056982396,0.011967761815723548
"Random Forest (100 estimators, 5 depth)",498,125,10.848205478313824,3.293661409178822,0.45394885670091434,14.771199781412673,3.843331859391363,0.14389787389714537,4.728,,0.13813379429230704,0.09818339780361676,0.4306076118888983,0.02991325307237579,0.26603402053905734,0.027019457607062904,0.010108464796681895
Ridge (lambda=2.0),498,125,16.76498709581525,4.094506941722685,0.156123988491481,13.97690148478247,3.7385694436217807,0.18993343435044518,4.728,4.571870094579483,0.2150391847664741,3.0593761840440488,-0.9145321939202512,0.43526611058943454,3.2630926405864007,-0.09452049820535988,-3.030032402894637
