model_type,n_train,n_test,mse_train,rmse_train,r2_train,mse_test,rmse_test,r2_test,y_test_mean,bias,Game of season_weight,Game for player_weight,Age (days)_weight,Home?_weight,Game Started?_weight,Year_weight,Month of Season_weight
Linreg,498,125,16.699506221816392,4.086502933048793,0.1594200088501272,14.177638032735214,3.76532044223798,0.1782992415948139,4.728,4.7809029024397365,0.5414462094543913,4.017545487509527,-10.065355015587109,0.4417789292711604,3.2929869512934444,9.57247174462739,-4.926966280425313
Lasso (lambda=0.05),498,125,17.156220591166214,4.142006831376092,0.1364310081307792,14.322567608828516,3.784516826337084,0.169899482599963,4.728,4.254002516182279,-0.0,0.0,-0.9429091303293372,0.2145796091183227,3.1707831083518583,-0.0,-0.0
"Random Forest (500 estimators, 5 depth)",498,125,10.774100148883482,3.2823924428507145,0.4576789943666218,14.988382565162564,3.871483251308543,0.1313104980798345,4.728,,0.1363490053521899,0.105391625263445,0.4358399755120303,0.0280643021404873,0.2526827508591413,0.0297045790569823,0.0119677618157235
"Random Forest (100 estimators, 5 depth)",498,125,10.848205478313824,3.293661409178822,0.4539488567009143,14.771199781412673,3.843331859391363,0.1438978738971453,4.728,,0.138133794292307,0.0981833978036167,0.4306076118888983,0.0299132530723757,0.2660340205390573,0.0270194576070629,0.0101084647966818
Ridge (lambda=2.0),498,125,16.76498709581525,4.094506941722685,0.156123988491481,13.97690148478247,3.7385694436217807,0.1899334343504451,4.728,4.571870094579483,0.2150391847664741,3.0593761840440488,-0.9145321939202512,0.4352661105894345,3.2630926405864007,-0.0945204982053598,-3.030032402894637
SVM (linear kernel),498,125,17.148205227606624,4.141039148282303,0.13683446642113173,14.184919675812482,3.7662872534914915,0.17787721561099268,4.728,,,,,,,,
"Feedforward NN (3 layers, [[16, 4, 1]] activations)",498,125,22.969090461463143,4.79260789773826,-0.15616339790897538,19.986906044391407,4.470671766568354,-0.1583915329852137,4.728,,,,,,,,
