model_type,n_train,n_test,mse_train,rmse_train,r2_train,mse_test,rmse_test,r2_test,y_test_mean,bias,Game of season_weight,Game for player_weight,Age (days)_weight,Home?_weight,Game Started?_weight,Year_weight,Month of Season_weight
Linreg,462,116,8.054005728738353,2.8379580209612603,0.2558707539665243,8.67270475866943,2.944945629153352,0.1073620484590636,2.793103448275862,3.286266852209688,2.5646663842457844,2.5646663842457853,3.5001545250541373,-0.4910949965877583,7.22537942806068,-5.1285582637220015,-2.601807896737323
Lasso (lambda=0.05),462,116,8.395057519254708,2.8974225648418472,0.2243601466634107,8.906797716855056,2.984425860505678,0.0832680357514253,2.793103448275862,2.74842295606719,1.6900427381111642,0.0,-0.0,-0.2969104335345608,5.789362531135863,-1.1413450924669142,-0.0
"Random Forest (500 estimators, 5 depth)",462,116,5.76497373131307,2.4010359704329858,0.4673600068624745,7.230008388601874,2.6888674918266005,0.2558515414497397,2.793103448275862,,0.1387798436215749,0.1440318450300257,0.2936598510144705,0.0140257284991495,0.3678322623568793,0.019232129376846,0.0224383401010538
"Random Forest (100 estimators, 5 depth)",462,116,5.803790549082318,2.409105757139424,0.4637736263317303,7.195715359118612,2.682483058496104,0.2593811507748437,2.793103448275862,,0.1365957580989178,0.1408418421166526,0.3017772936198071,0.0139154428737402,0.3703062324103776,0.0177582797684655,0.0188051511120391
Ridge (lambda=2.0),462,116,8.102018382646058,2.846404465750793,0.2514347476914205,8.634615070813382,2.938471553514409,0.1112824287658726,2.793103448275862,3.209721361555083,2.1615376164213798,2.161537616421376,-0.3874513984713672,-0.481991193143339,6.3827012625687,-1.1069614259845728,-2.1210436830477497
SVM (linear kernel),462,116,8.383111572283008,2.895360352751106,0.2254638618596253,9.103070868157522,3.0171295743069306,0.06306662585724199,2.793103448275862,,,,,,,,
"Feedforward NN (3 layers, [[16, 4, 1]] activations)",462,116,8.156181281726653,2.855902883805164,0.24643050525439103,8.982156525093536,2.9970246120266575,0.0755117320274552,2.793103448275862,,,,,,,,
