model_type,n_train,n_test,mse_train,rmse_train,r2_train,mse_test,rmse_test,r2_test,y_test_mean,bias,Game of season_weight,Game for player_weight,Age (days)_weight,Home?_weight,Game Started?_weight,Year_weight,Month of Season_weight
Linreg,346,87,53.93864955138848,7.344293672735893,0.33503878099554885,50.60858157976956,7.113970872850799,0.3564262990089485,20.436781609195403,10.898292806238766,-1.836185943958864,-5.786026616945275,8.871344747613099,-2.03248395636585,1.8568705845434395,7.113610204944776,15.455420327728572
Lasso (lambda=0.05),346,87,54.65985963168076,7.39323066268602,0.3261476289526607,51.07284909924579,7.146527065592475,0.3505223523573654,20.436781609195403,12.267350317223542,-0.0,-2.230236598574149,9.486955621664752,-1.695804577512767,0.2852925661488311,6.372313066283628,8.101450376599228
"Random Forest (500 estimators, 5 depth)",346,87,36.32757555333458,6.027236145476182,0.5521499124592038,47.184703717912356,6.869112294751947,0.3999666962797863,20.436781609195403,,0.0975614749207815,0.12336847383332886,0.6280275178921416,0.030222657892733026,0.0037374583873510435,0.08438339774838512,0.03269901932527877
"Random Forest (100 estimators, 5 depth)",346,87,36.30050467950443,6.024990014888359,0.5524836449758932,47.04402805283514,6.858864924521778,0.4017556252635086,20.436781609195403,,0.10055626964936377,0.12860162801468322,0.6467513753217309,0.02990641473172686,0.0015329426698633465,0.05963409067716918,0.03301727893546271
Ridge (lambda=2.0),346,87,54.333809518087634,7.371147096489639,0.3301672082857485,50.815442709821866,7.128495122381853,0.35379570990917086,20.436781609195403,11.295983457165784,-0.9615502951577988,-2.985039974149236,7.895859366981685,-1.934448869548212,1.8384461966376606,7.8431950229624565,9.389164007656646
