model_type,n_train,n_test,mse_train,rmse_train,r2_train,mse_test,rmse_test,r2_test,y_test_mean,bias,Game of season_weight,Game for player_weight,Age (days)_weight,Home?_weight,Game Started?_weight,Year_weight,Month of Season_weight
Linreg,91,23,13.93794939810616,3.733356318127987,0.11983041037627828,8.755947823881328,2.959045086490121,0.15197795700600092,3.391304347826087,0.9550863245718899,-6.711904027025215,9.887040321459963,-6.427615547167573,0.6998406872955648,4.744236828950063,8.23948152470224,-3.871989692059304
Lasso (lambda=0.05),91,23,14.823476180743073,3.8501267746326318,0.06391015104600328,8.545919143144369,2.9233404083589667,0.17231943853471787,3.391304347826087,2.0205834550884227,-0.0,0.8082459850138262,-0.0,0.507789570443953,1.8396985200005165,1.753312910112133,0.0
"Random Forest (500 estimators, 5 depth)",91,23,4.73915753980017,2.176960619717355,0.7007262526340596,8.211397912773432,2.865553683456904,0.2047181442956525,3.391304347826087,,0.4161898444204994,0.1902078899459342,0.26897364335307106,0.037631636964657274,0.04254636947424211,0.006914222034968639,0.0375363938066275
"Random Forest (100 estimators, 5 depth)",91,23,4.664401745395113,2.1597226084372765,0.7054470171456911,7.8712980586964685,2.805583372259051,0.2376571451756807,3.391304347826087,,0.42618370627314506,0.21033732075269346,0.23791659734232934,0.04196698748783969,0.04387416201166531,0.0056100940849687685,0.03411113204735833
Ridge (lambda=2.0),91,23,14.698753244725859,3.833895309567785,0.07178629783599322,8.294254646155538,2.879974764847001,0.19669338926834856,3.391304347826087,1.7719940081172405,-0.6693785358583093,1.4505452114053392,-0.09883798808494478,0.6504119253453238,2.121232923070713,1.9707840205425258,0.06142330805490958
