model_type,n_train,n_test,mse_train,rmse_train,r2_train,mse_test,rmse_test,r2_test,y_test_mean,bias,Game of season_weight,Game for player_weight,Age (days)_weight,Home?_weight,Game Started?_weight,Year_weight,Month of Season_weight
Linreg,88,23,6.917960009256219,2.6302015149520805,0.1609866204397644,26.495473903124346,5.147375438330134,-0.2620300463490701,4.695652173913044,2.977338928642209,8.243287235233614,-4.762896160287272,-2.4275620946621803,-0.4449250833405873,4.9993393300896125,0.7824641091700006,-2.8189460385259317
Lasso (lambda=0.05),88,23,7.218235757407359,2.686677456898643,0.1245690392569912,26.47549687743611,5.145434566432277,-0.2610785024458579,4.695652173913044,2.068586305028951,1.0469633569002,0.0,-0.0,-0.2687721847096364,3.238668434017283,0.0,0.0
"Random Forest (500 estimators, 5 depth)",88,23,3.3814969878822096,1.838884713048159,0.5898904862156262,28.072898689207936,5.298386423167711,-0.3371658028625062,4.695652173913044,,0.2888606876225771,0.2488302868473854,0.2597725899278578,0.0220965151890277,0.1423915061464017,0.0118830837979322,0.0261653304688179
"Random Forest (100 estimators, 5 depth)",88,23,3.459174984575378,1.8598857450325756,0.5804696629619788,28.83798595813809,5.370101112468749,-0.37360837131776,4.695652173913044,,0.2916752886093763,0.2783800268624356,0.2310914358966946,0.0178342003953969,0.1307442841527648,0.0138625693068278,0.0364121947765039
Ridge (lambda=2.0),88,23,7.231889718639877,2.6892173059535143,0.1229130805433311,26.0472573972945,5.103651378894772,-0.2406806377785688,4.695652173913044,2.065857400265718,1.13701645780862,0.0175967912416491,-0.3421772829260777,-0.519883982419767,2.683541745631147,0.1580505203175917,0.3674237793517927
SVM (linear kernel),88,23,7.717656050772712,2.778066962974923,0.0639991158118165,30.8911342780265,5.557979334076954,-0.4714037487012437,4.695652173913044,,,,,,,,
"Feedforward NN (3 layers, [[16, 4, 1]] activations)",88,23,8.736044058254178,2.9556799654655066,-0.059511451279840255,28.235089077090734,5.313670019590107,-0.3448912409311178,4.695652173913044,,,,,,,,
