model_type,n_train,n_test,mse_train,rmse_train,r2_train,mse_test,rmse_test,r2_test,y_test_mean,bias,Game of season_weight,Game for player_weight,Age (days)_weight,Home?_weight,Game Started?_weight,Year_weight,Month of Season_weight
Linreg,599,150,17.62321980500504,4.198001882444199,0.3972319152521768,21.49318523725677,4.636074334742355,0.4479370353486235,6.753333333333333,7.715846107820185,-6.568818062171277,10.350386224172995,2.384018554370384,0.2775213561793482,3.908021064452213,-8.85560074134928,-1.5873567336772076
Lasso (lambda=0.05),599,150,17.98915308117004,4.241362172836698,0.3847158766133788,22.524361375983947,4.745983710041991,0.4214507723801785,6.753333333333333,7.697000185192133,0.0,0.7181553360343721,-1.7295500026819417,0.0786100252940988,4.063877404001142,-4.433262465498925,-0.0
"Random Forest (500 estimators, 5 depth)",599,150,11.800713845881354,3.4352167101773,0.5963794492582516,20.19607752047297,4.494004619542905,0.4812538808368652,6.753333333333333,,0.061730653908278,0.0775068371738204,0.8008823356283074,0.013071797049347,0.027609834837981,0.0080722830764309,0.0111262583258349
"Random Forest (100 estimators, 5 depth)",599,150,11.85964556268472,3.4437836114780382,0.5943638040775465,20.387979952763533,4.515305078592535,0.4763247730976134,6.753333333333333,,0.056568697594018,0.085718739252965,0.7999939932049984,0.0118695852978905,0.0278370632173505,0.0077599038110756,0.0102520176217018
Ridge (lambda=2.0),599,150,17.747013721729054,4.212720465652694,0.392997784207294,22.01014556375513,4.691497155893322,0.4346586567693927,6.753333333333333,7.85826596720411,-1.470132688983516,4.281253327389849,-2.872583773820462,0.2851672904968394,3.9640940251749086,-3.692308749448855,-1.6728060726661702
SVM (linear kernel),599,150,17.894346139249098,4.230170934991764,0.3879585643534622,22.719807108216525,4.76652988118364,0.41643065325061634,6.753333333333333,,,,,,,,
"Feedforward NN (3 layers, [[16, 4, 1]] activations)",599,150,16.973046829169547,4.119835776966061,0.41946982204420646,21.969477566194897,4.687160928130684,0.43570323415760703,6.753333333333333,,,,,,,,
