model_type,n_train,n_test,mse_train,rmse_train,r2_train,mse_test,rmse_test,r2_test,y_test_mean,bias,Game of season_weight,Game for player_weight,Age (days)_weight,Home?_weight,Game Started?_weight,Year_weight,Month of Season_weight
Linreg,352,89,43.91074482557261,6.62651830342093,0.2909200030043634,40.04693174193466,6.328264512639675,0.2857296538937454,11.02247191011236,10.10631474318675,-3.422670550816066,9.068171420045573,6.276353734324848,-0.038580229960623935,7.5686232266334095,-13.521696422334374,0.18432573176903055
Lasso (lambda=0.05),352,89,44.04947975698896,6.636978209772046,0.2886796819817373,39.52535655918325,6.28691948088913,0.29503238122139663,11.02247191011236,10.23933193349819,0.0,4.449268486026637,-1.4555241470051719,-0.0,7.416376500200953,-5.222079421977594,0.0
"Random Forest (500 estimators, 5 depth)",352,89,25.88368227599667,5.08760083693647,0.5820248227761553,42.51933898490804,6.520685468944813,0.24163221370696075,11.02247191011236,,0.11496459127173109,0.1659328912882351,0.3701846775885689,0.011280086586963568,0.267382393422161,0.05481231962513867,0.015443040217201694
"Random Forest (100 estimators, 5 depth)",352,89,25.57357383542669,5.0570321173022705,0.587032519479574,42.41493215852949,6.512674731516191,0.24349439632044612,11.02247191011236,,0.12353455284232027,0.1602996216167856,0.38209683750391127,0.01122184849985245,0.26297590086684464,0.04925950090802804,0.010611737762257835
Ridge (lambda=2.0),352,89,44.04953904604482,6.636982676340569,0.2886787245695204,39.35130729749972,6.273062035202563,0.2981366946100813,11.02247191011236,10.249179076326493,1.2047842699814393,3.3307050771625137,-3.029968449682487,-0.047385299624154366,7.422799253189479,-3.9847779717247076,0.13776441405319176
