model_type,n_train,n_test,mse_train,rmse_train,r2_train,mse_test,rmse_test,r2_test,y_test_mean,bias,Game of season_weight,Game for player_weight,Age (days)_weight,Home?_weight,Game Started?_weight,Year_weight,Month of Season_weight
Linreg,340,85,51.2187097701206,7.156724793515578,0.2483846679338204,57.226026463810086,7.564788593464465,-0.0483109735221445,12.305882352941175,8.688727667401256,-18.82891145707324,6.69174749293709,4.687616910406433,1.044472873841315,5.567928977644102,-1.3182651767565647,24.151668527376398
Lasso (lambda=0.05),340,85,52.62968879781953,7.254632230362855,0.227679080557603,56.32971116069806,7.505312196084721,-0.0318915709172409,12.305882352941175,8.570845102059316,-6.283217471341802,0.0,3.898933541806613,0.9547187558353032,5.522813355314691,0.0,12.305609700205483
"Random Forest (500 estimators, 5 depth)",340,85,31.18881011902776,5.584694272655197,0.5423159236229453,53.36381763564479,7.305054252751637,0.0224399792660988,12.305882352941175,,0.1178456278451368,0.1241794583552575,0.4217040154569299,0.0175540059129281,0.2551618821927484,0.025520290407963,0.038034719829036
"Random Forest (100 estimators, 5 depth)",340,85,31.644265187886557,5.625323562950539,0.5356322915213567,53.19585097268755,7.293548585749432,0.0255169235665267,12.305882352941175,,0.1162665198851083,0.1230848905253362,0.4261742349198913,0.0193200484535513,0.2543960854636444,0.0216918560164392,0.0390663647360289
Ridge (lambda=2.0),340,85,52.6108188983954,7.253331572346283,0.2279559892455683,56.43633952799383,7.512412364080784,-0.0338448724905311,12.305882352941175,8.32793741243562,-6.989433642677755,1.572120107246738,2.8578593827145364,1.137853179173705,5.714185748689092,1.3411832706022695,11.24666264236544
SVM (linear kernel),340,85,51.748748971007146,7.19366033191776,0.2406065417027914,55.01972213435925,7.417528033944951,-0.007894170497118491,12.305882352941177,,,,,,,,
"Feedforward NN (3 layers, [[16, 4, 1]] activations)",340,85,107.46814322812322,10.366684292874131,-0.5770546450989094,64.63074180370697,8.03932471067732,-0.18395632278522234,12.305882352941177,,,,,,,,
