model_type,n_train,n_test,mse_train,rmse_train,r2_train,mse_test,rmse_test,r2_test,y_test_mean,bias,Game of season_weight,Game for player_weight,Age (days)_weight,Home?_weight,Game Started?_weight,Year_weight,Month of Season_weight
Linreg,344,87,30.163446889975425,5.492125898955287,0.2151384414099075,40.9396120126292,6.398406990230396,0.0971623934398042,8.850574712643677,5.013948805475367,-13.349701304448793,10.202248768115744,-1.1731505841084005,0.2044522615656763,4.822602191914121,4.101912419215776,4.448362050296851
Lasso (lambda=0.05),344,87,31.34971636972916,5.59908174344054,0.1842713685523688,40.120940389288805,6.334109281445088,0.1152164856170184,8.850574712643677,4.8864910762807,-0.8342595576064369,1.492149514244107,0.5419493988219733,0.0,4.963449626342638,2.68948424337318,0.0
"Random Forest (500 estimators, 5 depth)",344,87,21.60024536251707,4.647606412177893,0.4379554066552048,37.6488957130244,6.1358695971332695,0.1697322660337927,8.850574712643677,,0.1012504610098254,0.1207904081527652,0.4816624277668899,0.0116329219251044,0.2617335159491261,0.0068507669518881,0.0160794982444007
"Random Forest (100 estimators, 5 depth)",344,87,21.645312502044742,4.652452310561039,0.4367827467301005,38.19139192922155,6.179918440337344,0.1577686454394327,8.850574712643677,,0.121533937587986,0.1214086177104092,0.4740152333688791,0.0142820708263747,0.2476172526653798,0.008294992263223,0.012847895577748
Ridge (lambda=2.0),344,87,30.59539703196089,5.531310607076851,0.203898974550946,40.02293135968169,6.326367943747952,0.1173778699917524,8.850574712643677,4.659742371772802,-5.677409467764709,4.745313248037888,1.3766615289826911,0.160482812791911,4.978407198055763,1.9298600649741355,2.089674619006332
SVM (linear kernel),344,87,30.981379342754366,5.566091927264081,0.19385560387309908,41.26258626288626,6.423596053838244,0.09003987115032308,8.850574712643677,,,,,,,,
"Feedforward NN (3 layers, [[16, 4, 1]] activations)",344,87,31.595997318072,5.621031695167001,0.17786306748278335,40.823160229178214,6.389300449124161,0.09973049421755764,8.850574712643677,,,,,,,,
