model_type,n_train,n_test,mse_train,rmse_train,r2_train,mse_test,rmse_test,r2_test,y_test_mean,bias,Game of season_weight,Game for player_weight,Age (days)_weight,Home?_weight,Game Started?_weight,Year_weight,Month of Season_weight
Linreg,872,218,19.636585276572692,4.431318683707221,0.18546887050632244,16.784108008458052,4.096841223242372,0.14971244931844607,5.577981651376147,5.972638899049159,-3.9751736322905695,10.644036955417587,-16.498253223594865,0.6160065838797182,2.831395608070499,14.401155343590748,-7.807613183092661
Lasso (lambda=0.05),872,218,20.31553239715138,4.507275496034315,0.15730595128170444,16.69243460481856,4.085637600769133,0.1543566492845081,5.577981651376147,5.257779748954974,0.0,1.021671197746095,-3.1448843756071514,0.43813145263652714,3.0003586786521166,-0.0,-0.3790047282444322
"Random Forest (500 estimators, 5 depth)",872,218,13.518906603003153,3.6768065767732674,0.43923191788335103,13.023073354002726,3.6087495554558404,0.34024750442853635,5.577981651376147,,0.04634975725793618,0.050223964095418405,0.7075550344439927,0.010227539870348227,0.1628021949330034,0.005346835188746019,0.01749467421055506
"Random Forest (100 estimators, 5 depth)",872,218,13.51057328555125,3.675673174474473,0.4395775862559793,13.136453734783268,3.6244246074078115,0.33450362300089975,5.577981651376147,,0.04571755010145471,0.04448482497186954,0.7132617412529729,0.012583857091229386,0.15939063879906737,0.005714594954369653,0.01884679282903656
Ridge (lambda=2.0),872,218,19.756144706058574,4.444788488337614,0.18050951144418736,16.489128666023646,4.060680813117875,0.1646561843357498,5.577981651376147,5.804314404824076,1.0240286665970635,4.4690791875834535,-2.1745675228058783,0.5845237306868661,2.9106910549758003,-0.9243712740663574,-5.439315146364133
