model_type,n_train,n_test,mse_train,rmse_train,r2_train,mse_test,rmse_test,r2_test,y_test_mean,bias,Game of season_weight,Game for player_weight,Age (days)_weight,Home?_weight,Game Started?_weight,Year_weight,Month of Season_weight
Linreg,872,218,19.63658527657269,4.431318683707221,0.1854688705063224,16.784108008458052,4.096841223242372,0.149712449318446,5.577981651376147,5.972638899049159,-3.9751736322905695,10.644036955417588,-16.498253223594865,0.6160065838797182,2.831395608070499,14.401155343590748,-7.807613183092661
Lasso (lambda=0.05),872,218,20.31553239715138,4.507275496034315,0.1573059512817044,16.69243460481856,4.085637600769133,0.1543566492845081,5.577981651376147,5.257779748954974,0.0,1.021671197746095,-3.1448843756071514,0.4381314526365271,3.0003586786521166,-0.0,-0.3790047282444322
"Random Forest (500 estimators, 5 depth)",872,218,13.518906603003153,3.6768065767732674,0.439231917883351,13.023073354002726,3.60874955545584,0.3402475044285363,5.577981651376147,,0.0463497572579361,0.0502239640954184,0.7075550344439927,0.0102275398703482,0.1628021949330034,0.005346835188746,0.017494674210555
"Random Forest (100 estimators, 5 depth)",872,218,13.51057328555125,3.675673174474473,0.4395775862559793,13.136453734783268,3.624424607407812,0.3345036230008997,5.577981651376147,,0.0457175501014547,0.0444848249718695,0.7132617412529729,0.0125838570912293,0.1593906387990673,0.0057145949543696,0.0188467928290365
Ridge (lambda=2.0),872,218,19.75614470605857,4.444788488337614,0.1805095114441873,16.489128666023646,4.060680813117875,0.1646561843357498,5.577981651376147,5.804314404824076,1.0240286665970637,4.4690791875834535,-2.1745675228058783,0.5845237306868661,2.9106910549758003,-0.9243712740663574,-5.439315146364133
SVM (linear kernel),872,218,19.90928508989849,4.461982192915889,0.1741572048662694,16.600060491558573,4.074317181020468,0.15903634739361427,5.577981651376147,,,,,,,,
"Feedforward NN (3 layers, [[16, 4, 1]] activations)",872,218,18.66134683482128,4.319878104162348,0.22592203781098297,16.09345963452228,4.011665443992342,0.18470088683089003,5.577981651376147,,,,,,,,
