model_type,n_train,n_test,mse_train,rmse_train,r2_train,mse_test,rmse_test,r2_test,y_test_mean,bias,Game of season_weight,Game for player_weight,Age (days)_weight,Home?_weight,Game Started?_weight,Year_weight,Month of Season_weight
Linreg,353,89,58.38838847464603,7.641229513281618,0.1796165044361543,69.23050110104954,8.320486830771955,0.2502067369348763,17.415730337078653,8.457220247288587,0.9781533963058334,-0.17266500750375025,-8.124514846971929,0.052770609889806586,6.006868161767724,15.369350244608432,0.5802750945344755
Lasso (lambda=0.05),353,89,58.57413330198788,7.653373981584062,0.17700670487294523,69.89386157531075,8.360254875020901,0.24302228489893407,17.415730337078653,9.101595869943596,1.4552181917870273,0.0,0.0,0.0,5.644097902406074,6.3620407994923465,0.0
"Random Forest (500 estimators, 5 depth)",353,89,40.159769354148224,6.337173609279473,0.43573691919755175,70.24946401708289,8.381495332998933,0.2391709720970654,17.415730337078653,,0.145521941221278,0.1328405921840235,0.651206054274143,0.023504275737654644,0.0003982941762789482,0.012323699785475446,0.03420514262114637
"Random Forest (100 estimators, 5 depth)",353,89,40.10206747443795,6.332619321768675,0.43654765693178244,70.07358242928201,8.370996501569094,0.24107583812479794,17.415730337078653,,0.15416967233746903,0.1334066852848363,0.649850076813829,0.024733043170851746,0.00033270590053673473,0.01247376947800588,0.02503404701447154
Ridge (lambda=2.0),353,89,58.54888295478535,7.6517241818289135,0.1773614837706572,69.80584851250342,8.35498943820418,0.2439755006131803,17.415730337078653,8.583770565446844,0.8092033810891788,0.7000641964235053,2.041732533433054,0.06055238795612323,5.656913561164061,4.4852406972645,1.4403276632403943
