model_type,n_train,n_test,mse_train,rmse_train,r2_train,mse_test,rmse_test,r2_test,y_test_mean,bias,Game of season_weight,Game for player_weight,Age (days)_weight,Home?_weight,Game Started?_weight,Year_weight,Month of Season_weight
Linreg,385,97,56.2057641621817,7.497050364121993,0.3583767461949072,82.25047007034206,9.069204489388364,0.30404904973412805,22.20618556701031,15.106034391715017,60.465826286832424,-61.044477607401845,17.3370383108562,0.24879132137496035,-2.375877272697835e-13,-1.6927750112965514,0.7513925687733476
Lasso (lambda=0.05),385,97,57.6807318512379,7.594783199752176,0.34153908582294157,85.062042520688,9.222908571632269,0.28025931920874403,22.20618556701031,14.027263363312999,-0.0,-0.0,16.93016749746525,0.008478113283179541,0.0,0.5688329484806098,2.0274075104453924
"Random Forest (500 estimators, 5 depth)",385,97,38.44311010566184,6.200250809899696,0.5611483313133422,82.15930141592528,9.064176819542151,0.3048204606649295,22.20618556701031,,0.07509362280233361,0.07712182869993783,0.8181691865599717,0.013315416161280303,0.0,0.0046805066971789345,0.011619439079297585
"Random Forest (100 estimators, 5 depth)",385,97,38.31423373416899,6.189849249712709,0.5626195340991851,82.39652181915821,9.07725298860609,0.3028132531084107,22.20618556701031,,0.07770573217259048,0.07620517972967501,0.8219236503712705,0.010640803087862081,0.0,0.0021525979139372965,0.011372036724664674
Ridge (lambda=2.0),385,97,57.237824421343916,7.5655683475429605,0.34659514565130767,84.86827955661865,9.212398143622465,0.28189881766820657,22.20618556701031,14.243272958300714,0.3112477665386477,-3.551776248562499,10.08838802890945,0.20235303910055874,0.0,7.8438767646649525,5.142876745879406
