model_type,n_train,n_test,mse_train,rmse_train,r2_train,mse_test,rmse_test,r2_test,y_test_mean,bias,Game of season_weight,Game for player_weight,Age (days)_weight,Home?_weight,Game Started?_weight,Year_weight,Month of Season_weight
Linreg,358,90,18.53536376514714,4.305271625013588,0.09163005249840916,13.315649196114846,3.6490614130368986,0.14646651771827457,3.7222222222222223,4.176377035305021,-1.3142983514744315,9.289808757340985,-2.199451589568089,1.1444178379125276,2.3979550014300646,1.09104760875028,-5.3018679390321175
Lasso (lambda=0.05),358,90,19.15415563386825,4.37654608497023,0.061304673162637324,15.007132294939002,3.873904012096712,0.03804240423372052,3.7222222222222223,3.2733129639976766,0.0,3.0098938102651096,-0.0,0.9522352228826794,1.5033518849730862,-0.31835649488990037,-0.9011960455446275
"Random Forest (500 estimators, 5 depth)",358,90,12.248642074115542,3.499806005211652,0.39972592397936213,12.248914902097969,3.4998449825810813,0.21484421551067512,3.7222222222222223,,0.22279135768517203,0.1560909051712566,0.5433052786406829,0.03875669495211843,0.01558249812677505,0.011706187974142567,0.011767077449852482
"Random Forest (100 estimators, 5 depth)",358,90,12.181736968874615,3.4902345148821468,0.40300476909431826,12.302935250866403,3.5075540267922323,0.21138150965838753,3.7222222222222223,,0.21178595406713988,0.16028097563567528,0.5382810527331232,0.045083682356249453,0.020986365232044155,0.011269050489640805,0.012312919486127262
Ridge (lambda=2.0),358,90,18.684909726295917,4.322604507272891,0.08430119407410219,14.03033981907867,3.7457095214496636,0.10065482899111933,3.7222222222222223,3.907165728340514,0.5530295962467933,5.32267262026243,-0.569577146888024,1.1285848355351524,2.1601891327488305,-0.5884591265720935,-3.5527706743312466
