model_type,n_train,n_test,mse_train,rmse_train,r2_train,mse_test,rmse_test,r2_test,y_test_mean,bias,Game of season_weight,Game for player_weight,Age (days)_weight,Home?_weight,Game Started?_weight,Year_weight,Month of Season_weight
Linreg,129,33,13.826054924454384,3.718340345430255,0.1264422777644432,22.85641323948878,4.780838131487907,-0.3415238772126379,3.8484848484848486,5.670014232845821,6.2872689167177,-4.078632440325523,-0.2864846408374831,0.0998526122852392,2.9508686350068287,-4.805931452043819,-1.8217059590929416
Lasso (lambda=0.05),129,33,14.1584421733982,3.762770544877564,0.1054413885249582,20.999637453453737,4.58253613771389,-0.2325431274555953,3.8484848484848486,5.455912598289169,-0.0,-0.0,-1.5899667715057797,0.0,0.4028193661138636,-1.8424567305452104,-0.0
"Random Forest (500 estimators, 5 depth)",129,33,6.203868150892146,2.4907565418748066,0.6080272383876035,20.9966570965251,4.582210939767516,-0.2323681997475388,3.8484848484848486,,0.1815755931819402,0.2090185660771199,0.4973174884070374,0.0672474781807264,0.0060824368773994,0.0068723718996635,0.0318860653761131
"Random Forest (100 estimators, 5 depth)",129,33,6.26345665586435,2.5026898840776,0.6042623178112451,20.77880182288451,4.558377104067248,-0.2195815018390228,3.8484848484848486,,0.1982211112292967,0.1888192614351285,0.4929774383772249,0.0682259962894137,0.0077823628927956,0.0077962658299154,0.0361775639462249
Ridge (lambda=2.0),129,33,14.006026422867476,3.742462614758827,0.1150713195930713,21.187374470569036,4.602974524214645,-0.2435620781745,3.8484848484848486,5.633965865713475,0.6727766693793282,-0.9689978749875168,-1.849666268062765,0.0399545626077734,1.444626467786342,-1.9476503755125945,0.0197052240367337
SVM (linear kernel),129,33,14.789527858650986,3.8457155197246435,0.0655681364109505,20.26843989577397,4.502048411087332,-0.18962655203718093,3.8484848484848486,,,,,,,,
"Feedforward NN (3 layers, [[16, 4, 1]] activations)",129,33,19.829359120886824,4.453016856119772,-0.25285845323779754,18.32034609042093,4.2802273409739495,-0.07528602417098162,3.8484848484848486,,,,,,,,
