model_type,n_train,n_test,mse_train,rmse_train,r2_train,mse_test,rmse_test,r2_test,y_test_mean,bias,Game of season_weight,Game for player_weight,Age (days)_weight,Home?_weight,Game Started?_weight,Year_weight,Month of Season_weight
Linreg,129,33,13.826054924454384,3.7183403454302546,0.12644227776444328,22.85641323948878,4.780838131487907,-0.3415238772126379,3.8484848484848486,5.670014232845821,6.2872689167177,-4.078632440325523,-0.28648464083748315,0.09985261228523923,2.9508686350068287,-4.805931452043819,-1.8217059590929416
Lasso (lambda=0.05),129,33,14.1584421733982,3.762770544877564,0.10544138852495821,20.999637453453737,4.58253613771389,-0.23254312745559536,3.8484848484848486,5.455912598289169,-0.0,-0.0,-1.5899667715057795,0.0,0.4028193661138636,-1.8424567305452102,-0.0
"Random Forest (500 estimators, 5 depth)",129,33,6.203868150892146,2.4907565418748066,0.6080272383876035,20.9966570965251,4.582210939767516,-0.23236819974753886,3.8484848484848486,,0.18157559318194028,0.20901856607711997,0.4973174884070374,0.06724747818072646,0.006082436877399432,0.0068723718996635255,0.031886065376113104
"Random Forest (100 estimators, 5 depth)",129,33,6.26345665586435,2.5026898840775997,0.6042623178112451,20.77880182288451,4.558377104067248,-0.2195815018390228,3.8484848484848486,,0.19822111122929675,0.1888192614351285,0.4929774383772249,0.06822599628941377,0.007782362892795624,0.007796265829915469,0.03617756394622496
Ridge (lambda=2.0),129,33,14.006026422867476,3.742462614758827,0.11507131959307138,21.187374470569033,4.602974524214645,-0.24356207817450004,3.8484848484848486,5.633965865713475,0.6727766693793282,-0.9689978749875168,-1.849666268062765,0.03995456260777343,1.4446264677863419,-1.9476503755125942,0.019705224036733752
