model_type,n_train,n_test,mse_train,rmse_train,r2_train,mse_test,rmse_test,r2_test,y_test_mean,bias,Game of season_weight,Game for player_weight,Age (days)_weight,Home?_weight,Game Started?_weight,Year_weight,Month of Season_weight
Linreg,146,37,20.36345360211808,4.512588348400293,0.1271659072792934,31.899053999226176,5.647924751554873,-0.0224726041896659,4.864864864864865,4.69421737709454,-2.45886924456402,7.378310150589704,-7.122535789659065,-1.50400780071335,3.29758614603914,5.96470271455288,-1.0849945966540266
Lasso (lambda=0.05),146,37,20.67975860573989,4.547500259014824,0.1136081976562781,29.716107214401788,5.451248225351859,0.0474982257898373,4.864864864864865,4.108586995769568,0.0,4.716352495791824,0.0,-1.2865030023571598,1.0716963579027354,0.0,-0.0
"Random Forest (500 estimators, 5 depth)",146,37,8.218163354770534,2.8667339176788857,0.6477467282442899,31.10691324552075,5.577357191853571,0.0029181870026244,4.864864864864865,,0.2470840342566183,0.3003671019081889,0.3289794103079987,0.0368265122721915,0.0147718261394915,0.0193959362285895,0.0525751788869212
"Random Forest (100 estimators, 5 depth)",146,37,8.003755667313882,2.8290909613008,0.6569368363178096,31.592956018751405,5.620761160087787,-0.012661128299477,4.864864864864865,,0.2547279033094886,0.305724620398121,0.3136105870802629,0.0374336620909065,0.01180438517507,0.0189492462179701,0.0577495957281809
Ridge (lambda=2.0),146,37,20.61880409144956,4.540793332827377,0.1162208771760381,29.305616581381138,5.413466226123623,0.0606558393839669,4.864864864864865,3.891171979954432,1.0472405852190905,3.72226816891874,-0.2472945344273558,-1.3958929464078382,2.1041371831995974,0.7807014441750063,-0.556979883744797
SVM (linear kernel),146,37,21.102311076940293,4.593725185178179,0.095496426930475,29.75267487279191,5.45460125699321,0.046326108619711426,4.864864864864865,,,,,,,,
"Feedforward NN (3 layers, [[16, 4, 1]] activations)",146,37,38.870302702645475,6.234605256361101,-0.6660889678219353,42.5983669398823,6.526742444733229,-0.3654217827370372,4.864864864864865,,,,,,,,
