model_type,n_train,n_test,mse_train,rmse_train,r2_train,mse_test,rmse_test,r2_test,y_test_mean,bias,Game of season_weight,Game for player_weight,Age (days)_weight,Home?_weight,Game Started?_weight,Year_weight,Month of Season_weight
Linreg,576,144,13.458184832624143,3.66853987747498,0.1027341300572112,8.73997544613704,2.9563449470819605,0.067044874541339,2.9166666666666665,2.123815660642468,-12.07292077726573,9.000801750851858,8.425685227210831,0.5448670648771804,4.0958250868124,-9.07045050321934,5.103617776842729
Lasso (lambda=0.05),576,144,14.083637285040007,3.752817246421681,0.06103481133004,8.808133848778596,2.967850038121636,0.05976925557886,2.9166666666666665,3.096558486164601,-0.0,-0.0,-0.8074521437091388,0.3638079851378411,2.561377542322961,-0.0,0.908351714531901
"Random Forest (500 estimators, 5 depth)",576,144,9.700284872284987,3.1145280336328627,0.3532757461076892,8.086121156795306,2.843610584590532,0.136841032929189,2.9166666666666665,,0.1449839926195542,0.1366315819677734,0.4644752216977096,0.0205527432664489,0.1210487778126159,0.0323896876542464,0.0799179949816511
"Random Forest (100 estimators, 5 depth)",576,144,9.793552762814748,3.1294652518944424,0.3470575156423854,8.065563928371661,2.839993649354108,0.1390354294399413,2.9166666666666665,,0.1347629532841176,0.1424707099259489,0.4673239245671445,0.0225658378074612,0.1229230687472548,0.0330959218295334,0.0768575838385393
Ridge (lambda=2.0),576,144,13.634235274399176,3.6924565365619646,0.0909967334649035,8.623503553277901,2.936580248056896,0.0794777526523219,2.9166666666666665,2.7412740291505937,-3.5889598972180874,0.9811677837546348,-0.1707667615985595,0.5476494825705028,3.5829235798501573,-0.8584151389470686,3.794352066992525
SVM (linear kernel),576,144,14.189202744650826,3.7668558168120567,0.05399669399611873,8.646380759465899,2.940472880246628,0.0770357084039367,2.9166666666666665,,,,,,,,
"Feedforward NN (3 layers, [[16, 4, 1]] activations)",576,144,13.475400139256557,3.6708854707354406,0.10158637445168395,9.0574015311945,3.009551715986037,0.03316099296367081,2.9166666666666665,,,,,,,,
