model_type,n_train,n_test,mse_train,rmse_train,r2_train,mse_test,rmse_test,r2_test,y_test_mean,bias,Game of season_weight,Game for player_weight,Age (days)_weight,Home?_weight,Game Started?_weight,Year_weight,Month of Season_weight
Linreg,576,144,13.458184832624143,3.6685398774749802,0.10273413005721121,8.73997544613704,2.9563449470819605,0.067044874541339,2.9166666666666665,2.123815660642468,-12.07292077726573,9.000801750851858,8.425685227210831,0.5448670648771804,4.0958250868124,-9.070450503219341,5.103617776842729
Lasso (lambda=0.05),576,144,14.083637285040009,3.752817246421681,0.06103481133004007,8.808133848778596,2.967850038121636,0.05976925557886004,2.9166666666666665,3.096558486164601,-0.0,-0.0,-0.8074521437091388,0.36380798513784113,2.5613775423229606,-0.0,0.908351714531901
"Random Forest (500 estimators, 5 depth)",576,144,9.700284872284987,3.1145280336328627,0.3532757461076892,8.086121156795306,2.843610584590532,0.13684103292918903,2.9166666666666665,,0.14498399261955427,0.13663158196777345,0.46447522169770966,0.020552743266448965,0.12104877781261597,0.0323896876542464,0.07991799498165116
"Random Forest (100 estimators, 5 depth)",576,144,9.793552762814747,3.1294652518944424,0.3470575156423854,8.065563928371661,2.8399936493541076,0.1390354294399413,2.9166666666666665,,0.1347629532841176,0.14247070992594899,0.4673239245671445,0.0225658378074612,0.12292306874725488,0.03309592182953345,0.07685758383853934
Ridge (lambda=2.0),576,144,13.634235274399177,3.6924565365619646,0.09099673346490356,8.623503553277901,2.936580248056896,0.07947775265232193,2.9166666666666665,2.7412740291505937,-3.5889598972180874,0.9811677837546349,-0.17076676159855952,0.5476494825705028,3.5829235798501573,-0.8584151389470686,3.7943520669925244
