model_type,n_train,n_test,mse_train,rmse_train,r2_train,mse_test,rmse_test,r2_test,y_test_mean,bias,Game of season_weight,Game for player_weight,Age (days)_weight,Home?_weight,Game Started?_weight,Year_weight,Month of Season_weight
Linreg,732,183,44.819451458306354,6.694733113299316,0.3596406337728554,44.257600104023965,6.6526385820983815,0.3495060013993233,15.57377049180328,6.211415163617376,-0.0359496740301209,-0.5056145591651446,-7.601173885973136,0.7826468198096539,10.988374431091122,8.797290542050288,1.548920889884655
Lasso (lambda=0.05),732,183,44.92612521675407,6.702695369532624,0.3581165289895519,44.27639080320892,6.654050706389975,0.3492298174892018,15.57377049180328,6.99712135293669,0.0,0.0,0.0,0.5837900238811218,10.73771452996274,0.3315569595222272,1.071420987650304
"Random Forest (500 estimators, 5 depth)",732,183,34.39995766063719,5.86514771004424,0.5085094893163011,41.56699631535311,6.447247188944528,0.3890522400798862,15.57377049180328,,0.0453459056442848,0.0524566653360044,0.2046389168731314,0.0064267130315983,0.6853798316774876,0.0020740737800425,0.0036778936574508
"Random Forest (100 estimators, 5 depth)",732,183,34.277091977811715,5.854664121690647,0.510264936744264,41.59977706724217,6.449788916487281,0.388570431705204,15.57377049180328,,0.0457673489834351,0.0504039123569692,0.2095949841682969,0.0061968939216545,0.6825652430769136,0.0022998628635292,0.0031717546292013
Ridge (lambda=2.0),732,183,44.84779257031805,6.696849451071604,0.3592357092158722,44.23598612924992,6.651013917385072,0.3498236815456343,15.57377049180328,6.274848069705852,0.1136541075936554,-0.1218568058791431,-0.1135361196306379,0.7825589944368276,10.8295742788594,1.009195708990437,1.6029158696945431
SVM (linear kernel),732,183,45.02083170148504,6.709756456197574,0.3567634070175808,45.2081338822107,6.723699419382957,0.33553514629817915,15.573770491803279,,,,,,,,
"Feedforward NN (3 layers, [[16, 4, 1]] activations)",732,183,45.20728197391781,6.723636067926179,0.3540994927035246,46.32999062635941,6.8066137415281185,0.319046202531613,15.573770491803279,,,,,,,,
