model_type,n_train,n_test,mse_train,rmse_train,r2_train,mse_test,rmse_test,r2_test,y_test_mean,bias,Game of season_weight,Game for player_weight,Age (days)_weight,Home?_weight,Game Started?_weight,Year_weight,Month of Season_weight
Linreg,236,60,21.829552052532513,4.67221061731302,0.28632214966585345,24.132405667199794,4.912474495323084,0.08458378570008374,6.733333333333333,3.2018497006184967,2.5738895024899286,2.573889502489926,1.7861129616255402,1.7629462448702766,8.456212095736866,-1.2892408744732495,-2.3679936843610845
Lasso (lambda=0.05),236,60,22.12920965856395,4.70416939093013,0.27652538445536523,24.29033776846325,4.928522878963153,0.07859293637288522,6.733333333333333,3.3793919294595294,2.6236275365377333,1.9273574396551213e-15,0.0051314238289672034,1.4863844338086323,8.246630446020792,0.0,-0.2954585574322137
"Random Forest (500 estimators, 5 depth)",236,60,12.528413494356103,3.539549899966958,0.5904061068576953,23.272033663692255,4.8241096239298145,0.1172203364527088,6.733333333333333,,0.12324569662074392,0.12284211220005421,0.28407923364668053,0.056194938295093345,0.36886091398598514,0.009735521227656202,0.035041584023786536
"Random Forest (100 estimators, 5 depth)",236,60,12.577386433245449,3.5464611140185154,0.5888050249084651,23.739624679618796,4.872332570711773,0.09948317408509999,6.733333333333333,,0.11948969818093115,0.11882543448232293,0.2722224668424491,0.04806512057932518,0.3895951761567872,0.0149494998981967,0.03685260385998764
Ridge (lambda=2.0),236,60,21.906031296309312,4.680387942928376,0.28382179866632495,23.44255220381901,4.8417509440097195,0.110752044869042,6.733333333333333,3.2907579211575975,2.1219475626950097,2.12194756269501,0.7769342160697931,1.6827766537711608,7.742197081547711,0.08480173146165784,-1.9750649382597354
