model_type,n_train,n_test,mse_train,rmse_train,r2_train,mse_test,rmse_test,r2_test,y_test_mean,bias,Game of season_weight,Game for player_weight,Age (days)_weight,Home?_weight,Game Started?_weight,Year_weight,Month of Season_weight
Linreg,181,46,17.216196737607355,4.149240501297479,0.2042991429294383,14.7649664289413,3.8425208430067497,0.5331619603783426,5.739130434782608,3.152878150931839,6.596672777500107,-4.932233656637877,0.9814995963234472,-0.0349204750643681,5.206507453785525,-1.8647139719303163,0.9588425747094304
Lasso (lambda=0.05),181,46,17.55504805330488,4.189874467487646,0.1886380601462103,17.057140471942795,4.130029112723396,0.4606881053339466,5.739130434782608,3.1695672498524448,2.0750898137661915,-0.0,0.0,0.0,4.247589118818801,0.0,0.0
"Random Forest (500 estimators, 5 depth)",181,46,8.640557651234284,2.939482548210532,0.6006493633035572,12.019484764923565,3.466912857993919,0.6199684752468732,5.739130434782608,,0.2119900390667406,0.1949707434606647,0.2356027704530049,0.0404624352771373,0.2421094029705087,0.0146158239836968,0.0602487847882466
"Random Forest (100 estimators, 5 depth)",181,46,8.71083897150154,2.951413046576426,0.5974010903182383,11.975835598269995,3.460612026545304,0.6213485726205947,5.739130434782608,,0.2087857260306418,0.1842546874049007,0.2404715086383685,0.0357181457665785,0.2472651197952225,0.0206648898676481,0.0628399224966395
Ridge (lambda=2.0),181,46,17.412421013187508,4.172819312310025,0.195230018857679,16.484636828886675,4.060127686278681,0.4787894995827474,5.739130434782608,2.9626124533794083,2.508228934320152,-1.1634810105342843,0.0345585948608193,0.004123819898504,4.3548677703653125,0.1236691171400162,1.25827536780241
SVM (linear kernel),181,46,17.903405778623227,4.231241635574979,0.17253760864535905,15.305476469399396,3.912221423871532,0.5160721384070122,5.739130434782608,,,,,,,,
"Feedforward NN (3 layers, [[16, 4, 1]] activations)",181,46,17.11643391076343,4.137201217098756,0.20890999676860778,15.498090600173125,3.9367614355169054,0.5099820735466151,5.739130434782608,,,,,,,,
