model_type,n_train,n_test,mse_train,rmse_train,r2_train,mse_test,rmse_test,r2_test,y_test_mean,bias,Game of season_weight,Game for player_weight,Age (days)_weight,Home?_weight,Game Started?_weight,Year_weight,Month of Season_weight
Linreg,432,109,17.22807088436301,4.150671136619114,0.1208835481042825,21.647114025165035,4.652645916590369,0.1036636936264585,5.412844036697248,4.674297622244678,0.7927879127939361,1.8349127833299237,-3.605763400145056,0.6576839823477578,2.787872592107944,2.2195648722872594,-2.807764401300636
Lasso (lambda=0.05),432,109,17.459840163330203,4.178497357104609,0.1090567923664128,21.132444908624485,4.597003905656867,0.1249744611674896,5.412844036697248,4.190666510354754,0.0,0.12963641194132,-0.5482733361546782,0.4082044817441586,2.6729859119379906,-0.0,-0.0
"Random Forest (500 estimators, 5 depth)",432,109,11.908895609059222,3.450926775383566,0.3923111807407841,19.870010137624742,4.457578954726965,0.1772477627429319,5.412844036697248,,0.136279861962887,0.1755822947766208,0.3472063119491075,0.0289945756215009,0.2395557928733236,0.0235752248586105,0.0488059379579495
"Random Forest (100 estimators, 5 depth)",432,109,11.900233856392129,3.4496715577562056,0.3927531738880729,20.141300817045508,4.487906061521955,0.1660145015671978,5.412844036697248,,0.1500870350859069,0.1756221144115,0.3314847792367062,0.0330850391799544,0.2315951637269304,0.0265649530228888,0.0515609153361131
Ridge (lambda=2.0),432,109,17.242329151931447,4.152388367184775,0.1201559751984663,21.49927115341281,4.636730653533027,0.1097853841869643,5.412844036697248,4.534929977901056,0.4789405050879151,1.6125699734197494,-0.8463234024773945,0.6293238822375617,2.7695196668130126,-0.5603512421326218,-1.9001509679764212
SVM (linear kernel),432,109,17.435641241509618,4.175600704271138,0.11029161839153223,21.803227363857648,4.669392611877657,0.09719955003592218,5.412844036697248,,,,,,,,
"Feedforward NN (3 layers, [[16, 4, 1]] activations)",432,109,18.80094591529349,4.336005755911019,0.040622657273956975,23.840821418168478,4.882706362066889,0.012829433705104032,5.412844036697248,,,,,,,,
