model_type,n_train,n_test,mse_train,rmse_train,r2_train,mse_test,rmse_test,r2_test,y_test_mean,bias,Game of season_weight,Game for player_weight,Age (days)_weight,Home?_weight,Game Started?_weight,Year_weight,Month of Season_weight
Linreg,110,28,6.196944903169571,2.4893663657986487,0.24416074463634063,10.387731519113105,3.2230003908025058,0.02618898589206342,1.8928571428571428,1.589477532325856,-1.6595056112168665,4.791896134661318,3.0621724816103995,-0.3896927385943183,5.745954277299297,-3.0400678955457288,-0.6136072557212402
Lasso (lambda=0.05),110,28,6.452800527331901,2.540236313285026,0.2129541214584345,10.632470994467512,3.2607469994569516,0.0032455745949384607,1.8928571428571428,1.2531073232495988,0.0,0.9976124825250332,1.000087451280904,-0.09452841717238795,4.640410985133671,0.0,0.0
"Random Forest (500 estimators, 5 depth)",110,28,2.364883618710881,1.537817810636514,0.7115559519540178,9.667824468779484,3.1093125395784007,0.09367758178606778,1.8928571428571428,,0.275172185048113,0.24401459038378487,0.25786518106619094,0.02677297572979428,0.1800440792090841,0.005132909886459241,0.010998078676573698
"Random Forest (100 estimators, 5 depth)",110,28,2.434648759264504,1.5603361045827606,0.7030467215654402,9.734974848676057,3.1200921218252606,0.08738248459141129,1.8928571428571428,,0.29328644270580206,0.23692147915716652,0.22151028428157107,0.01748661783679099,0.2181451977823772,0.005793990296074573,0.006855987940217665
Ridge (lambda=2.0),110,28,6.471861129279974,2.5439852848002036,0.21062930634254629,10.75044596076478,3.278787269824741,-0.00781413765868555,1.8928571428571428,1.1936659658946391,0.0015614716122026697,1.4132453128779148,1.3662775471996689,-0.23040071351231778,3.9838288034836546,-0.36103322532102977,-0.011853340786775636
