model_type,n_train,n_test,mse_train,rmse_train,r2_train,mse_test,rmse_test,r2_test,y_test_mean,bias,Game of season_weight,Game for player_weight,Age (days)_weight,Home?_weight,Game Started?_weight,Year_weight,Month of Season_weight
Linreg,110,28,6.196944903169571,2.4893663657986487,0.2441607446363406,10.387731519113103,3.2230003908025058,0.0261889858920634,1.8928571428571428,1.589477532325856,-1.6595056112168665,4.791896134661318,3.0621724816103995,-0.3896927385943183,5.745954277299297,-3.0400678955457288,-0.6136072557212402
Lasso (lambda=0.05),110,28,6.452800527331901,2.540236313285026,0.2129541214584345,10.632470994467512,3.260746999456952,0.0032455745949384,1.8928571428571428,1.2531073232495988,0.0,0.9976124825250332,1.000087451280904,-0.0945284171723879,4.640410985133671,0.0,0.0
"Random Forest (500 estimators, 5 depth)",110,28,2.364883618710881,1.537817810636514,0.7115559519540178,9.667824468779484,3.1093125395784007,0.0936775817860677,1.8928571428571428,,0.275172185048113,0.2440145903837848,0.2578651810661909,0.0267729757297942,0.1800440792090841,0.0051329098864592,0.0109980786765736
"Random Forest (100 estimators, 5 depth)",110,28,2.434648759264504,1.5603361045827606,0.7030467215654402,9.734974848676057,3.1200921218252606,0.0873824845914112,1.8928571428571428,,0.293286442705802,0.2369214791571665,0.221510284281571,0.0174866178367909,0.2181451977823772,0.0057939902960745,0.0068559879402176
Ridge (lambda=2.0),110,28,6.471861129279974,2.543985284800204,0.2106293063425462,10.75044596076478,3.278787269824741,-0.0078141376586855,1.8928571428571428,1.1936659658946391,0.0015614716122026,1.4132453128779148,1.3662775471996689,-0.2304007135123177,3.983828803483655,-0.3610332253210297,-0.0118533407867756
SVM (linear kernel),110,28,6.468324885320011,2.5432901693121868,0.21106062081173182,10.508310324835545,3.241652406541384,0.014885173422089393,1.8928571428571428,,,,,,,,
"Feedforward NN (3 layers, [[16, 4, 1]] activations)",110,28,6.284350618670015,2.5068607098660296,0.2334998993406866,10.776541542215426,3.2827643141437104,-0.010260500908393366,1.8928571428571428,,,,,,,,
