model_type,n_train,n_test,mse_train,rmse_train,r2_train,mse_test,rmse_test,r2_test,y_test_mean,bias,Game of season_weight,Game for player_weight,Age (days)_weight,Home?_weight,Game Started?_weight,Year_weight,Month of Season_weight
Linreg,276,70,31.267489287523343,5.591734014375446,0.266699835606546,28.73118121998438,5.360147499834718,0.17210458175041654,6.1571428571428575,4.120297089291083,10.375489635683255,-0.9538400633593733,-18.712269936170447,-0.1916304659805954,7.256057185615799,21.27213497399221,-10.99998749256925
Lasso (lambda=0.05),276,70,31.861646288608966,5.644612146871472,0.25276538047440766,28.56375202636269,5.344506714970306,0.17692909144318913,6.1571428571428575,3.271196281691093,1.4158976953540012,0.0,0.0,-0.0,7.289139919945359,2.503485124537749,0.0
"Random Forest (500 estimators, 5 depth)",276,70,15.800769597213398,3.9750181882871174,0.6294327684377551,26.962517149276284,5.192544381059856,0.22306903285844815,6.1571428571428575,,0.15203979428496128,0.18092665151809703,0.2801763467793053,0.02387194765066181,0.3339704775807152,0.009637757645013671,0.019377024541245857
"Random Forest (100 estimators, 5 depth)",276,70,15.674999279751061,3.9591664880061637,0.6323823942814825,26.581825600196282,5.155756549740909,0.23403874506194244,6.1571428571428575,,0.1492546313503787,0.1957054086764744,0.2725145483968986,0.021354242565999767,0.3338926018024992,0.007003418400283891,0.020275148807465632
Ridge (lambda=2.0),276,70,31.801610084780897,5.639291629697909,0.2541733783386382,28.86165220526567,5.372304180262476,0.1683450311039656,6.1571428571428575,3.0391334809118336,1.884820698251397,0.5225205641999867,-0.0015749954855590535,-0.10994723238955971,7.235146960361018,2.8462637172360754,-0.5595637620005915
