model_type,n_train,n_test,mse_train,rmse_train,r2_train,mse_test,rmse_test,r2_test,y_test_mean,bias,Game of season_weight,Game for player_weight,Age (days)_weight,Home?_weight,Game Started?_weight,Year_weight,Month of Season_weight
Linreg,912,228,21.226288744340827,4.607199664041144,0.381100399707531,19.96931401994637,4.468703841154208,0.3769608255537471,7.425438596491228,8.224063819176289,-10.487736102306918,3.95488406920533,-13.021833275389772,-0.2896137437652886,4.377184197818023,3.8715795417888055,6.676690825163325
Lasso (lambda=0.05),912,228,21.41815689660424,4.627975464131615,0.3755060575135223,20.10828123375589,4.484225823233692,0.3726250723035106,7.425438596491228,8.546848200066293,0.0,0.0,-8.673309784560965,-0.1070466741218229,4.291478291224166,-0.0,0.0
"Random Forest (500 estimators, 5 depth)",912,228,13.231253848934031,3.637479051339545,0.6142134022059464,15.397205985431658,3.9239273675020616,0.5196098125173352,7.425438596491228,,0.0345113158523298,0.033243976716469,0.7664274232419543,0.0061837306206101,0.1480870752240547,0.0058444823142425,0.0057019960303394
"Random Forest (100 estimators, 5 depth)",912,228,13.30495662847475,3.647596006752221,0.6120644339455219,15.426281336929334,3.9276304990323783,0.5187026665344661,7.425438596491228,,0.0339918343911475,0.0317026147900677,0.7595876627053922,0.0052670586108823,0.1516822874109826,0.0124928249123908,0.0052757171791366
Ridge (lambda=2.0),912,228,21.28526550700125,4.613595724269873,0.3793808011815377,20.071802292399877,4.480156503114581,0.3737632090208972,7.425438596491228,8.452032207572266,-1.502013140924532,-1.4771953931317767,-5.436605873974712,-0.315164687470696,4.3709528167453,-3.956148675317367,3.452350144735013
SVM (linear kernel),912,228,21.537963631294023,4.640901165861434,0.37201282602567587,19.901580037546683,4.461118697988956,0.37907411419421344,7.425438596491228,,,,,,,,
"Feedforward NN (3 layers, [[16, 4, 1]] activations)",912,228,19.816369006612156,4.451558042597238,0.4222097416483064,20.019319303564565,4.474295397441319,0.3754006692763552,7.425438596491228,,,,,,,,
