model_type,n_train,n_test,mse_train,rmse_train,r2_train,mse_test,rmse_test,r2_test,y_test_mean,bias,Game of season_weight,Game for player_weight,Age (days)_weight,Home?_weight,Game Started?_weight,Year_weight,Month of Season_weight
Linreg,111,28,20.04086269475679,4.476702211981135,0.1568088495509609,46.92134777726914,6.849915895634715,0.066241835278226,6.5,2.9088707898655644,-26.745163352640645,26.560794836448544,-6.235444544517477,0.9006961753904233,3.0702609354465924,4.2002657064563245,1.2179414229872485
Lasso (lambda=0.05),111,28,20.499268070033164,4.527611740204008,0.1375220872174993,45.76228038903661,6.764782360803384,0.0893078529544955,6.5,3.2010534450163064,0.0,0.0,-1.1081782871136974,0.7804857749573242,2.9570638449638573,0.0,2.046634340445398
"Random Forest (500 estimators, 5 depth)",111,28,9.31296400063032,3.051714927811954,0.6081701197505629,53.926940087285615,7.343496448374276,-0.0731729370604101,6.5,,0.2004879737175668,0.2086302575956281,0.318824573841697,0.0873594861636217,0.1056340172790082,0.0294309937649833,0.0496326976374946
"Random Forest (100 estimators, 5 depth)",111,28,9.162220502652112,3.026916005219192,0.6145124407084432,52.81429102587565,7.267344152155975,-0.0510306671816049,6.5,,0.2106429714620545,0.1949924858939075,0.3309009187195024,0.0673002323089492,0.1238970905205908,0.0291193943172245,0.0431469067777708
Ridge (lambda=2.0),111,28,20.332692545094293,4.509178699618623,0.1445305184736351,46.56690829213387,6.823995038988076,0.0732953573704703,6.5,2.936567317249545,0.3507690313216254,0.4673418265022809,-2.431060062600229,0.9254575981920002,2.7850508569922154,1.1939846649736092,1.297437292753211
SVM (linear kernel),111,28,20.595967553803714,4.5382780383977925,0.13345359225247733,46.896683669302995,6.848115337032737,0.06673266329745287,6.5,,,,,,,,
"Feedforward NN (3 layers, [[16, 4, 1]] activations)",111,28,20.697942358713377,4.549499132730259,0.1291631455597264,48.79655345028563,6.985452988195227,0.028924309447052154,6.5,,,,,,,,
