model_type,n_train,n_test,mse_train,rmse_train,r2_train,mse_test,rmse_test,r2_test,y_test_mean,bias,Game of season_weight,Game for player_weight,Age (days)_weight,Home?_weight,Game Started?_weight,Year_weight,Month of Season_weight
Linreg,354,89,42.47280030963839,6.51711595029875,0.20007456768842635,38.42729059788239,6.198974963482462,0.23833141781108735,8.47191011235955,6.1445778486862945,10.984779724966389,10.984779724966385,31.045895925682267,0.7343785753786477,4.0346557675368375,-25.411474333666124,-14.862021618158579
Lasso (lambda=0.05),354,89,43.996502819230386,6.632985965553552,0.17137741610402724,41.43190400987507,6.436761919620382,0.17877687722465396,8.47191011235955,5.6019643763998825,10.166867121139754,0.0,6.792073449713947,0.5144712700510159,4.1965056246964485,0.0,-6.962319425323756
"Random Forest (500 estimators, 5 depth)",354,89,27.312754102494104,5.22616055077665,0.4855962763514965,30.976502631747703,5.565653836859394,0.3860137294718723,8.47191011235955,,0.12309732345814939,0.12094906865862934,0.6128712986933417,0.024345906874220166,0.06745116144923781,0.02103481585683208,0.030250425009589563
"Random Forest (100 estimators, 5 depth)",354,89,27.214268397823798,5.216729665012727,0.4874511392122113,31.6573747973028,5.626488673880256,0.3725181400373462,8.47191011235955,,0.11673142424294933,0.12949762197231635,0.6063452622576481,0.025594373823492104,0.06360202430407731,0.023399077909482327,0.03483021549003463
Ridge (lambda=2.0),354,89,43.663124657881696,6.607807855702351,0.17765620318413355,40.72880929634736,6.38191266755879,0.1927129405084569,8.47191011235955,5.4526983406282445,6.123016327487957,6.123016327487944,5.61765739981349,0.7303113490239657,4.34738832578464,1.6256417025731786,-8.698959851379207
