model_type,n_train,n_test,mse_train,rmse_train,r2_train,mse_test,rmse_test,r2_test,y_test_mean,bias,Game of season_weight,Game for player_weight,Age (days)_weight,Home?_weight,Game Started?_weight,Year_weight,Month of Season_weight
Linreg,133,34,16.875204066062285,4.107944019343774,0.348372194396375,11.56436726127443,3.4006421836580265,0.4209802254836606,5.294117647058823,2.612143663224075,-8.908049106516653,7.194405788752103,9.64993030555459,0.3334667297173884,1.943360267045151,-3.4307067649613563,0.9222462455501854
Lasso (lambda=0.05),133,34,17.19066256318736,4.146162389871791,0.3361909178064204,12.170313424343272,3.4885976300432344,0.3906409252191257,5.294117647058823,2.5587723836418235,-0.0,0.0,7.49431758212236,0.156839110612049,1.7916260561915678,0.0,-2.721276199123991
"Random Forest (500 estimators, 5 depth)",133,34,8.09009582315431,2.844309375429176,0.6876048806445505,11.75297421721673,3.428261106919473,0.4115368072114285,5.294117647058823,,0.09468671785115,0.1011077389927766,0.6659518533508076,0.0559017293534723,0.0502905942182452,0.0016848411734653,0.0303765250600828
"Random Forest (100 estimators, 5 depth)",133,34,8.126954520832058,2.8507813877658275,0.68618159994281,12.472766337870317,3.5316803844445377,0.375497319534906,5.294117647058823,,0.0971624592533884,0.0881825241325997,0.6628064870866255,0.0537889548435527,0.0604984198130722,0.0024831432363781,0.0350780116343832
Ridge (lambda=2.0),133,34,17.197765766956874,4.147018901205644,0.3359166310442004,12.752422135384196,3.571053364958888,0.3614951494930642,5.294117647058823,2.8699621238970257,-1.667768923364125,1.3327222975191757,5.267333455538125,0.3457363310703661,2.13564564588414,1.8661995915912608,-2.920298331648568
SVM (linear kernel),133,34,17.14083896524822,4.140149630780054,0.33811483183230473,11.962854046974307,3.4587359030394773,0.4010282710368026,5.294117647058823,,,,,,,,
"Feedforward NN (3 layers, [[16, 4, 1]] activations)",133,34,16.778406822525497,4.096145361498478,0.352109972923226,13.211020666165368,3.6346967777471297,0.33853344204404157,5.294117647058823,,,,,,,,
