model_type,n_train,n_test,mse_train,rmse_train,r2_train,mse_test,rmse_test,r2_test,y_test_mean,bias,Game of season_weight,Game for player_weight,Age (days)_weight,Home?_weight,Game Started?_weight,Year_weight,Month of Season_weight
Linreg,133,34,16.875204066062285,4.107944019343774,0.348372194396375,11.56436726127443,3.4006421836580265,0.42098022548366065,5.294117647058823,2.612143663224075,-8.908049106516653,7.1944057887521025,9.64993030555459,0.33346672971738844,1.943360267045151,-3.4307067649613563,0.9222462455501854
Lasso (lambda=0.05),133,34,17.19066256318736,4.146162389871791,0.3361909178064204,12.170313424343272,3.4885976300432344,0.39064092521912575,5.294117647058823,2.5587723836418235,-0.0,0.0,7.49431758212236,0.15683911061204908,1.7916260561915678,0.0,-2.721276199123991
"Random Forest (500 estimators, 5 depth)",133,34,8.09009582315431,2.844309375429176,0.6876048806445505,11.75297421721673,3.428261106919473,0.4115368072114285,5.294117647058823,,0.09468671785115002,0.1011077389927766,0.6659518533508076,0.05590172935347238,0.050290594218245235,0.0016848411734653617,0.0303765250600828
"Random Forest (100 estimators, 5 depth)",133,34,8.126954520832058,2.8507813877658275,0.68618159994281,12.472766337870317,3.5316803844445377,0.37549731953490606,5.294117647058823,,0.09716245925338843,0.08818252413259975,0.6628064870866255,0.053788954843552714,0.060498419813072205,0.0024831432363781906,0.03507801163438325
Ridge (lambda=2.0),133,34,17.197765766956874,4.147018901205644,0.33591663104420044,12.752422135384196,3.5710533649588876,0.36149514949306427,5.294117647058823,2.8699621238970257,-1.667768923364125,1.3327222975191755,5.267333455538125,0.3457363310703661,2.1356456458841397,1.8661995915912608,-2.920298331648568
