model_type,n_train,n_test,mse_train,rmse_train,r2_train,mse_test,rmse_test,r2_test,y_test_mean,bias,Game of season_weight,Game for player_weight,Age (days)_weight,Home?_weight,Game Started?_weight,Year_weight,Month of Season_weight
Linreg,453,114,79.79047665906019,8.93255152008989,0.2598272573534114,88.00837655546465,9.381277980929072,0.0091028900539057,22.24561403508772,6.416928450709847,1.9330146149715048,5.509672467159906,-10.15790995578689,-1.4974157248251103,11.49921660096752,23.330254563537324,-4.475847439115594
Lasso (lambda=0.05),453,114,80.14035182927293,8.95211437757991,0.256581656184404,85.77389330411239,9.261419616026066,0.034261211143859,22.24561403508772,7.067362828106589,3.932831644774111,0.8505415899122457,0.0,-1.3187838746603289,11.34609826343958,11.147201138291695,0.0
"Random Forest (500 estimators, 5 depth)",453,114,58.56743602598284,7.652936431591657,0.4567018324960971,103.63525550055384,10.180140249552254,-0.1668420573501363,22.24561403508772,,0.1447634575142633,0.0939481606723856,0.6973975611616279,0.0111940516885965,0.0005979250812316,0.0397051467431065,0.0123936971387883
"Random Forest (100 estimators, 5 depth)",453,114,58.83797021167698,7.6705912556775555,0.4541922343762549,103.85460755604244,10.190908082994492,-0.169311769056583,22.24561403508772,,0.1399339941217432,0.0924657184131327,0.7011199813805058,0.0119966250450267,0.0016622477319193,0.0379205024213735,0.0149009308862984
Ridge (lambda=2.0),453,114,80.11999270905419,8.950977192969168,0.256770516640954,85.80841441788617,9.26328313385088,0.0338725336882648,22.24561403508772,6.971119597714719,3.4444511409611365,3.443035686681684,3.9809224633896942,-1.4917222082268025,10.95200733854766,7.485685736794037,-1.4596227094239578
SVM (linear kernel),453,114,80.4407384304379,8.968876096280843,0.25379513348460103,83.93796396979647,9.161766421918673,0.054932164780782444,22.24561403508772,,,,,,,,
"Feedforward NN (3 layers, [[16, 4, 1]] activations)",453,114,84.17942249728723,9.174934468282988,0.21911340008083469,94.67574344862743,9.73014611650963,-0.06596581185791295,22.24561403508772,,,,,,,,
