model_type,n_train,n_test,mse_train,rmse_train,r2_train,mse_test,rmse_test,r2_test,y_test_mean,bias,Game of season_weight,Game for player_weight,Age (days)_weight,Home?_weight,Game Started?_weight,Year_weight,Month of Season_weight
Linreg,536,135,23.91608111421228,4.890407049951188,0.1055866268510204,20.978677051340945,4.580248579645099,0.1303539910275795,5.948148148148148,7.7977495490230755,-4.229093237096084,5.195435204551869,-8.762298943515107,0.1535812763666654,1.2379050067908397,3.3727454873057545,0.1645855474440654
Lasso (lambda=0.05),536,135,24.056200706215872,4.9047120920820495,0.1003464356871882,21.096035527850283,4.5930420777356575,0.1254890355079508,5.948148148148148,7.88543172353215,0.0,0.5406595092358862,-4.9084156075939305,0.0,1.065221148827839,-0.0,0.0
"Random Forest (500 estimators, 5 depth)",536,135,16.03325096475205,4.004154213407876,0.4003886335121114,22.70719150466553,4.765206344395333,0.0587004881824709,5.948148148148148,,0.1493783649542547,0.1518696264270912,0.5961165000592954,0.0162135899093142,0.0521088032014804,0.0246224539778445,0.0096906614707192
"Random Forest (100 estimators, 5 depth)",536,135,16.311417526288164,4.038739596246354,0.3899857630998297,22.71104810908515,4.765610990112931,0.058540617250977,5.948148148148148,,0.1542375928281763,0.1623284981637096,0.5738529200997209,0.0154389470912129,0.0567326893675038,0.027619594656941,0.0097897577927352
Ridge (lambda=2.0),536,135,23.968035012070175,4.895715985641955,0.1036436554750075,21.043841858874742,4.587356739874799,0.1276526617369605,5.948148148148148,7.652991501150192,-0.6943696132564805,1.7275425751009232,-3.382855014362192,0.1486638798717166,1.2510573097417486,-2.246435703892274,0.3780810151443747
SVM (linear kernel),536,135,24.196617099812816,4.9190057023562,0.09509514474020186,20.55213657255152,4.533446434287221,0.14803571729356912,5.948148148148148,,,,,,,,
"Feedforward NN (3 layers, [[16, 4, 1]] activations)",536,135,27.89024952082518,5.281121994503174,-0.04303928527253542,25.588082220219594,5.058466390144309,-0.06072339669530069,5.948148148148148,,,,,,,,
