model_type,n_train,n_test,mse_train,rmse_train,r2_train,mse_test,rmse_test,r2_test,y_test_mean,bias,Game of season_weight,Game for player_weight,Age (days)_weight,Home?_weight,Game Started?_weight,Year_weight,Month of Season_weight
Linreg,112,28,17.74318122890912,4.212265569608488,0.09565374571156238,14.211446725526898,3.769807253100203,-0.20334531081251606,5.892857142857143,4.022543926830978,-40.29393540151275,50.20364886439687,8.099200870634505,-0.1588617484093824,1.7437992610804685,0.5533747511017619,-10.113434416353005
Lasso (lambda=0.05),112,28,18.904553059065908,4.347936643865215,0.036460174339639106,12.129530993372404,3.4827476212571598,-0.027060405962195055,5.892857142857143,4.276684039595083,0.0,0.0,0.453747920318021,-0.1338206995833988,1.4993721353415517,0.0,0.0
"Random Forest (500 estimators, 5 depth)",112,28,8.526034124668714,2.919937349442401,0.565439425709253,11.281587089277854,3.3588073909168794,0.04473871066056412,5.892857142857143,,0.21097349566935253,0.2147525517632847,0.44822505535699797,0.032703660113657565,0.0458459789646513,0.00754227533656023,0.039956982795495644
"Random Forest (100 estimators, 5 depth)",112,28,8.361239183519322,2.8915807413107664,0.5738388038045021,11.109360359565214,3.3330707102558166,0.0593219006481126,5.892857142857143,,0.19119744497790142,0.22599445773435017,0.4588502148826026,0.03482394324297029,0.047304511985914316,0.0058204013920643265,0.03600902578419694
Ridge (lambda=2.0),112,28,18.79062828406605,4.334815830466855,0.04226676799455331,12.14752522362407,3.485330002112292,-0.02858405608826753,5.892857142857143,4.148967853944687,-0.029016709699262077,0.8525824432058263,1.2056984843709928,-0.3151431273113889,1.665826080127347,0.015778783583592422,-0.7487978935811234
