model_type,n_train,n_test,mse_train,rmse_train,r2_train,mse_test,rmse_test,r2_test,y_test_mean,bias,Game of season_weight,Game for player_weight,Age (days)_weight,Home?_weight,Game Started?_weight,Year_weight,Month of Season_weight
Linreg,112,28,17.74318122890912,4.212265569608488,0.0956537457115623,14.211446725526898,3.769807253100203,-0.203345310812516,5.892857142857143,4.022543926830978,-40.29393540151275,50.20364886439687,8.099200870634505,-0.1588617484093824,1.7437992610804685,0.5533747511017619,-10.113434416353003
Lasso (lambda=0.05),112,28,18.904553059065908,4.347936643865215,0.0364601743396391,12.129530993372404,3.48274762125716,-0.027060405962195,5.892857142857143,4.276684039595083,0.0,0.0,0.453747920318021,-0.1338206995833988,1.4993721353415517,0.0,0.0
"Random Forest (500 estimators, 5 depth)",112,28,8.526034124668714,2.919937349442401,0.565439425709253,11.281587089277854,3.3588073909168794,0.0447387106605641,5.892857142857143,,0.2109734956693525,0.2147525517632847,0.4482250553569979,0.0327036601136575,0.0458459789646513,0.0075422753365602,0.0399569827954956
"Random Forest (100 estimators, 5 depth)",112,28,8.361239183519322,2.8915807413107664,0.5738388038045021,11.109360359565214,3.3330707102558166,0.0593219006481126,5.892857142857143,,0.1911974449779014,0.2259944577343501,0.4588502148826026,0.0348239432429702,0.0473045119859143,0.0058204013920643,0.0360090257841969
Ridge (lambda=2.0),112,28,18.79062828406605,4.334815830466855,0.0422667679945533,12.14752522362407,3.485330002112292,-0.0285840560882675,5.892857142857143,4.148967853944687,-0.029016709699262,0.8525824432058263,1.2056984843709928,-0.3151431273113889,1.665826080127347,0.0157787835835924,-0.7487978935811234
SVM (linear kernel),112,28,19.16506104219199,4.377791799776685,0.023182430303047674,12.542233209647353,3.541501547316809,-0.06200570648704207,5.892857142857143,,,,,,,,
"Feedforward NN (3 layers, [[16, 4, 1]] activations)",112,28,19.816694453650722,4.451594596731684,-0.010030454535311817,12.6066777274288,3.5505883635573414,-0.06746250548700461,5.892857142857143,,,,,,,,
