model_type,n_train,n_test,mse_train,rmse_train,r2_train,mse_test,rmse_test,r2_test,y_test_mean,bias,Game of season_weight,Game for player_weight,Age (days)_weight,Home?_weight,Game Started?_weight,Year_weight,Month of Season_weight
Linreg,433,109,20.213240382533648,4.495913742781733,0.1250370610465284,20.319313469640512,4.507694917542725,0.0993771233462202,7.477064220183486,6.955469397560376,6.483615065461883,-9.612427213101784,11.483023096522317,-0.1401185193044672,3.17511717038892,-13.554909802156876,2.6247233105708965
Lasso (lambda=0.05),433,109,20.869417102016865,4.5683057145967,0.096633386025279,19.30361751589725,4.393588227849448,0.1443963122589078,7.477064220183486,6.676633165829147,0.0,-0.0,0.0,-0.0,2.8034950392990594,0.0,0.0
"Random Forest (500 estimators, 5 depth)",433,109,13.686817097616848,3.699569853052764,0.4075438927151182,16.716467622589104,4.088577701669506,0.259067823317934,7.477064220183486,,0.0827956175280843,0.088422748096539,0.6696068012680216,0.0102030848730652,0.1200701034029037,0.0094231210082373,0.0194785238231485
"Random Forest (100 estimators, 5 depth)",433,109,13.875579530317228,3.724993896681876,0.3993730042403417,16.96569278182784,4.118943163218915,0.2480212945962104,7.477064220183486,,0.0876339503815088,0.0853035067675091,0.6728631814199157,0.0108833459884368,0.1141984819081446,0.0087646451558853,0.0203528883785996
Ridge (lambda=2.0),433,109,20.43861995980813,4.520909196147178,0.1152811399977407,19.595560588584537,4.426687315429511,0.1314563765501735,7.477064220183486,6.783837396262927,1.7457672110609077,-4.271572537404566,0.3629231476782235,-0.1101503036463092,3.077796002294287,-0.9539823744451168,1.9225110487213213
SVM (linear kernel),433,109,20.414884755910006,4.518283385967508,0.11630855684760422,20.20009216378343,4.494451263923487,0.10466142764123765,7.477064220183486,,,,,,,,
"Feedforward NN (3 layers, [[16, 4, 1]] activations)",433,109,19.468571490399615,4.412320420187049,0.1572712634840473,18.192023844702668,4.265210879276975,0.19366602264145605,7.477064220183486,,,,,,,,
