model_type,n_train,n_test,mse_train,rmse_train,r2_train,mse_test,rmse_test,r2_test,y_test_mean,bias,Game of season_weight,Game for player_weight,Age (days)_weight,Home?_weight,Game Started?_weight,Year_weight,Month of Season_weight
Linreg,433,109,20.213240382533648,4.495913742781733,0.12503706104652845,20.319313469640512,4.507694917542725,0.09937712334622029,7.477064220183486,6.955469397560376,6.483615065461883,-9.612427213101784,11.483023096522317,-0.14011851930446728,3.1751171703889196,-13.554909802156875,2.6247233105708965
Lasso (lambda=0.05),433,109,20.869417102016865,4.5683057145967,0.09663338602527904,19.30361751589725,4.393588227849448,0.1443963122589078,7.477064220183486,6.676633165829147,0.0,-0.0,0.0,-0.0,2.8034950392990594,0.0,0.0
"Random Forest (500 estimators, 5 depth)",433,109,13.686817097616848,3.699569853052764,0.40754389271511826,16.716467622589104,4.088577701669506,0.259067823317934,7.477064220183486,,0.08279561752808431,0.08842274809653904,0.6696068012680216,0.01020308487306527,0.1200701034029037,0.009423121008237315,0.019478523823148595
"Random Forest (100 estimators, 5 depth)",433,109,13.875579530317227,3.724993896681876,0.3993730042403417,16.96569278182784,4.118943163218915,0.24802129459621047,7.477064220183486,,0.08763395038150881,0.0853035067675091,0.6728631814199157,0.010883345988436812,0.11419848190814462,0.008764645155885317,0.020352888378599648
Ridge (lambda=2.0),433,109,20.438619959808126,4.520909196147178,0.1152811399977407,19.595560588584537,4.426687315429511,0.1314563765501735,7.477064220183486,6.783837396262927,1.7457672110609075,-4.271572537404566,0.36292314767822353,-0.11015030364630922,3.077796002294287,-0.9539823744451168,1.9225110487213215
