model_type,n_train,n_test,mse_train,rmse_train,r2_train,mse_test,rmse_test,r2_test,y_test_mean,bias,Game of season_weight,Game for player_weight,Age (days)_weight,Home?_weight,Game Started?_weight,Year_weight,Month of Season_weight
Linreg,463,116,20.806010217795173,4.56136056651907,0.348953648604559,19.13808425393488,4.374709619384454,0.2363358478586683,6.870689655172414,2.577739996550568,5.796044429063355,-2.016113281905405,-8.25414656854106,-0.191970474508195,5.321221790454502,15.979962939995982,-5.398835133162776
Lasso (lambda=0.05),463,116,21.266522304850398,4.611563976011869,0.3345436434708322,18.305713382358864,4.278517661802843,0.2695498199300131,6.870689655172414,3.145447006598209,0.0901921244077984,0.0,0.0,-0.0719738355772423,5.3253554321030325,5.466374972098235,-0.0
"Random Forest (500 estimators, 5 depth)",463,116,14.009665933491984,3.74294882859651,0.5616198495150257,18.673085625266413,4.3212365851994745,0.2548906195274143,6.870689655172414,,0.0950404593298539,0.0777866330617469,0.3159273838408484,0.0141702055683589,0.4418094653758574,0.0205557833379831,0.0347100694853513
"Random Forest (100 estimators, 5 depth)",463,116,14.068053078534607,3.750740337391354,0.5597928419652608,18.513498503395247,4.302731516536356,0.2612586009042004,6.870689655172414,,0.0967653231055239,0.0752648719382677,0.3243449403769328,0.0139474681306224,0.4333983617815898,0.0219762143988235,0.0343028202682397
Ridge (lambda=2.0),463,116,20.99522261169836,4.582054409508726,0.343032953699579,18.952214560815897,4.353414126960114,0.2437525787979363,6.870689655172414,2.7367312524633167,3.154939150154662,-0.4366483156299965,2.0786022410828835,-0.2239875522537179,5.236996738145463,4.08121006352459,-2.5447139164420074
SVM (linear kernel),463,116,20.93078346124023,4.575017318135553,0.3450493361464597,19.253202384445732,4.3878471240969334,0.23174230608268875,6.870689655172414,,,,,,,,
"Feedforward NN (3 layers, [[16, 4, 1]] activations)",463,116,20.924001944803663,4.574276111561661,0.3452615383652772,18.89497407960401,4.346834949662112,0.24603663727384406,6.870689655172414,,,,,,,,
