model_type,n_train,n_test,mse_train,rmse_train,r2_train,mse_test,rmse_test,r2_test,y_test_mean,bias,Game of season_weight,Game for player_weight,Age (days)_weight,Home?_weight,Game Started?_weight,Year_weight,Month of Season_weight
Linreg,499,125,6.990020101782043,2.6438646148738485,0.0895565820676401,8.430594282009647,2.9035485671863053,0.0577124119688639,2.584,3.115283537637212,-0.1748162779216034,-0.1748162779216039,-0.6544635004838716,-0.0345136788388759,1.3898900539998664,-1.3974701924993085,0.4332965482429379
Lasso (lambda=0.05),499,125,7.036662570740136,2.652670837239354,0.0834814451952605,8.444774854782652,2.90598947946868,0.0561274492404724,2.584,2.9010675962836627,0.0,0.0,-0.3508772726936485,-0.0,1.1658855261774097,-0.9505414625709048,0.0
"Random Forest (500 estimators, 5 depth)",499,125,4.570407532292846,2.13785114830122,0.4047087999097933,8.447964032636165,2.906538152620083,0.0557709948071472,2.584,,0.121718520915584,0.1265274891652612,0.5901071133400515,0.0156333382731728,0.1166008462900643,0.0087671555507543,0.0206455364651117
"Random Forest (100 estimators, 5 depth)",499,125,4.577710176969213,2.13955840700113,0.4037576374406894,8.389484262826217,2.8964606441010408,0.0623072791305929,2.584,,0.1344935842207223,0.1189741715567795,0.5891231124458187,0.0171792068580718,0.1074965624657159,0.0102646758822637,0.0224686865706278
Ridge (lambda=2.0),499,125,6.990837456211769,2.6440191860521303,0.0894501224366481,8.431974040160629,2.9037861560660123,0.0575581963896691,2.584,3.1163511274141364,-0.0603053401231604,-0.0603053401231601,-0.9609229641804518,-0.0331573250804094,1.3573585969719697,-1.0017436703750824,0.1623139849555521
SVM (linear kernel),499,125,7.205495371908191,2.6843053797785736,0.06149113467879275,8.606979343491346,2.933765386579395,0.037997852284383904,2.584,,,,,,,,
"Feedforward NN (3 layers, [[16, 4, 1]] activations)",499,125,7.48434705450577,2.7357534710762534,0.02517097031537341,8.953158709426237,2.992182933817088,-0.0006946181205824686,2.584,,,,,,,,
