model_type,n_train,n_test,mse_train,rmse_train,r2_train,mse_test,rmse_test,r2_test,y_test_mean,bias,Game of season_weight,Game for player_weight,Age (days)_weight,Home?_weight,Game Started?_weight,Year_weight,Month of Season_weight
Linreg,134,34,22.612934092104805,4.755305888384553,0.15853531530673526,36.411495946769236,6.0341938937002375,0.009816996060475702,4.852941176470588,1.6004633665908727,-16.859116562832586,19.894380681498056,13.319176994748734,0.8153244479925923,4.82873408434244,-12.04978932453898,1.9177896200157072
Lasso (lambda=0.05),134,34,23.900601121735306,4.8888241041926745,0.11061909502923262,37.283231166658915,6.105999604213786,-0.013889181788743654,4.852941176470588,2.9211715547630073,0.0,3.2409616914781676,-0.0,0.3413179271516504,4.321990318209606,-0.1613924907380437,-0.0
"Random Forest (500 estimators, 5 depth)",134,34,11.335902938555197,3.366883267735191,0.5781722993994303,32.81874009460295,5.728764272912873,0.10751926534707912,4.852941176470588,,0.1888234543406039,0.2485672102675605,0.3783581382278651,0.036872782537832785,0.09986976855259996,0.008935506998027509,0.03857313907551012
"Random Forest (100 estimators, 5 depth)",134,34,11.280221350883165,3.3586040777208566,0.5802443033871846,32.3532211458983,5.687989200578558,0.12017869993040453,4.852941176470588,,0.16168659766733995,0.2579808976423422,0.3925807780035561,0.03913429273060196,0.09856166056463123,0.011201020742675203,0.03885475264885314
Ridge (lambda=2.0),134,34,23.78080927333772,4.876557112691055,0.11507674787207589,37.37175411440531,6.113244156289303,-0.016296496183221043,4.852941176470588,2.9381308477556356,0.521306216204642,3.020427647677885,1.1626671301918479,0.525868717182278,4.076473467539233,-1.825337249680948,0.18837045987336332
