model_type,n_train,n_test,mse_train,rmse_train,r2_train,mse_test,rmse_test,r2_test,y_test_mean,bias,Game of season_weight,Game for player_weight,Age (days)_weight,Home?_weight,Game Started?_weight,Year_weight,Month of Season_weight
Linreg,542,136,43.26428887224747,6.577559492110084,0.2319430609337163,45.86857504919047,6.772634276940581,0.1970763717232052,11.073529411764708,13.184166234914173,25.0590372715694,-11.12216595447356,-10.811068065318064,-0.2306178031521158,5.446211040574694,2.892554812184871,-16.352876698565396
Lasso (lambda=0.05),542,136,44.36310082772696,6.660563101399683,0.2124362073800367,45.10349324248851,6.715913433218784,0.2104690323739211,11.073529411764708,10.99331025930221,0.0,3.2567825874623253,-6.240742269442071,-0.0,5.490695853141777,-0.0,-3.453622729639805
"Random Forest (500 estimators, 5 depth)",542,136,27.73654836154784,5.266549948642644,0.50760202027729,37.92898158167101,6.158650954687317,0.336057955239739,11.073529411764708,,0.0746724098608575,0.0665811082669843,0.5127371152297905,0.015293317871086,0.2884180834507041,0.0308162193659914,0.0114817459545859
"Random Forest (100 estimators, 5 depth)",542,136,27.841381557592836,5.276493301198518,0.505740950425787,37.63457651923834,6.134702643098388,0.3412114787720918,11.073529411764708,,0.0726518514033301,0.0721431753188372,0.5200994349134261,0.0170227911079663,0.2852485960999661,0.0218385482765283,0.0109956028799456
Ridge (lambda=2.0),542,136,43.63039302738897,6.605330652388945,0.2254437321776669,45.11352149979287,6.716659995845618,0.2102934889930449,11.073529411764708,11.940720393000351,4.012308047904534,3.868516423622673,-3.8637635472609815,-0.2154398836372337,5.44022128919768,-3.351023708982269,-8.400928658461428
SVM (linear kernel),542,136,43.53487550994535,6.598096355006143,0.22713942379741314,46.009165112131214,6.7830056105041825,0.1946153603812355,11.073529411764707,,,,,,,,
"Feedforward NN (3 layers, [[16, 4, 1]] activations)",542,136,38.440963326127715,6.200077687104228,0.3175700006486393,42.86478104751951,6.547120057515327,0.24965740734140862,11.073529411764707,,,,,,,,
