model_type,n_train,n_test,mse_train,rmse_train,r2_train,mse_test,rmse_test,r2_test,y_test_mean,bias,Game of season_weight,Game for player_weight,Age (days)_weight,Home?_weight,Game Started?_weight,Year_weight,Month of Season_weight
Linreg,581,146,50.24345327656095,7.088261654070125,0.21541467493770627,52.6911952470515,7.258870108153989,0.05466360251714497,14.04109589041096,8.065170599667846,-1.6618459164359842,6.42259495235886,14.9808072541848,0.1562090251949718,7.333770779806148,-18.592219078192592,0.2282552932336417
Lasso (lambda=0.05),581,146,50.4561444581259,7.103248866407955,0.21209335904591287,52.60712393977365,7.253076860186555,0.056171931686394005,14.04109589041096,9.266304174597405,0.0,2.8610369412437224,-0.0,0.0,7.249985187234609,-3.3866420675370232,0.0
"Random Forest (500 estimators, 5 depth)",581,146,33.24155986651169,5.765549398497224,0.4809106788523285,43.39290300575453,6.587328973548727,0.22148491011734273,14.04109589041096,,0.07627490772553383,0.13667605734612476,0.3801227418399364,0.009124877914369651,0.37899712708492755,0.008343423893981683,0.010460864195126204
"Random Forest (100 estimators, 5 depth)",581,146,33.51410109048882,5.789136471917796,0.4766547642831218,44.16937147642099,6.646004173668641,0.20755423529819594,14.04109589041096,,0.07585570184639785,0.1340457727114719,0.37518720526936894,0.011089673493353373,0.38655029570799543,0.008224533475043087,0.009046817496369639
Ridge (lambda=2.0),581,146,50.36682716747908,7.096959008440099,0.21348810862910905,53.31228449756656,7.301526175914633,0.04352059709006495,14.04109589041096,9.386298249807854,0.35698886786195144,3.748116825561809,-1.124242929524213,0.10382161313797011,7.286681019092879,-2.883018894160805,-0.8903442971749935
