model_type,n_train,n_test,mse_train,rmse_train,r2_train,mse_test,rmse_test,r2_test,y_test_mean,bias,Game of season_weight,Game for player_weight,Age (days)_weight,Home?_weight,Game Started?_weight,Year_weight,Month of Season_weight
Linreg,405,102,39.77717141619117,6.306914571816489,0.2304629592646785,52.93151149070428,7.27540455855922,0.1230411797643382,13.931372549019608,5.5279695790727,9.037234706199513,9.037234706199529,7.859635187225467,1.262234503967102,6.280753871152262,4.544122153943969,-18.4712342754299
Lasso (lambda=0.05),405,102,41.62977769631585,6.452114203601472,0.1946220710441926,54.29129977197656,7.368263009147852,0.1005124762882578,13.931372549019608,5.005509741842856,0.7114314629453594,2.2505214246016207e-16,8.831019879572452,1.1214049694751118,6.0705400515844525,0.0,-0.0
"Random Forest (500 estimators, 5 depth)",405,102,24.82895768930524,4.982866412950004,0.519654064265789,39.76275820605468,6.305771816840083,0.3412184813233335,13.931372549019608,,0.0562442261470094,0.0588239744622148,0.6919802349990468,0.0257935361513077,0.1462070667030842,0.0128183201578271,0.0081326413795097
"Random Forest (100 estimators, 5 depth)",405,102,24.93998422184761,4.993994815961226,0.5175061229654436,39.74900330948744,6.304681063264615,0.3414463697309446,13.931372549019608,,0.062663072224792,0.0538523644173637,0.6974637209302407,0.0217338889102132,0.145211130704952,0.0134440746872878,0.0056317481251504
Ridge (lambda=2.0),405,102,40.44486986567337,6.359628123221779,0.2175455327452818,53.20067504136907,7.293879286180233,0.1185817312582647,13.931372549019608,5.152250366988387,3.923177544130963,3.9231775441309824,6.419630147152328,1.2811547807547274,6.137019085432395,4.026646637837815,-7.686342964396842
SVM (linear kernel),405,102,40.03256507799795,6.327129292024777,0.22552206287280108,52.89292619903272,7.27275231250403,0.12368045325020272,13.931372549019608,,,,,,,,
"Feedforward NN (3 layers, [[16, 4, 1]] activations)",405,102,44.94145416068179,6.703838763028373,0.1305537218999988,57.3282864870052,7.571544524534291,0.05019628066723136,13.931372549019608,,,,,,,,
