model_type,n_train,n_test,mse_train,rmse_train,r2_train,mse_test,rmse_test,r2_test,y_test_mean,bias,Game of season_weight,Game for player_weight,Age (days)_weight,Home?_weight,Game Started?_weight,Year_weight,Month of Season_weight
Linreg,275,69,26.67547696821067,5.164830778274412,0.1591699347949779,22.079125212407774,4.698842965284941,0.1431331197421426,4.971014492753623,4.307534782538152,7.716373211337499,-8.496391792395404,7.6563048467533505,-0.3480259395275235,4.01695545347458,-11.07483746890099,3.786235443516129
Lasso (lambda=0.05),275,69,27.13194791711222,5.208833642679734,0.1447816448241375,21.549389311267536,4.642131979087576,0.1636915949808055,4.971014492753623,4.059566730054258,0.2528716291287999,0.0,-0.5945175528604294,-0.1104860972920236,3.6148129510588856,-0.0,1.9762045735919935
"Random Forest (500 estimators, 5 depth)",275,69,16.762529932408494,4.094206874647212,0.4716330975875484,23.964744451992814,4.895379908852102,0.0699542840938244,4.971014492753623,,0.2142179058550855,0.1908383716122446,0.2771688004757911,0.0405834823317492,0.2328473280994899,0.0145738437816243,0.0297702678440152
"Random Forest (100 estimators, 5 depth)",275,69,16.885422066413458,4.109187519013151,0.4677594498484013,24.210429831024637,4.9204095186299925,0.0604195012511756,4.971014492753623,,0.2228590402791655,0.1769939935827948,0.2831964253456498,0.0418033509639259,0.2309287970721225,0.0132036244996155,0.0310147682567259
Ridge (lambda=2.0),275,69,26.940178169071714,5.190392872323994,0.1508263640972516,21.71011906447839,4.659411879677347,0.1574538477479122,4.971014492753623,4.199417110307913,1.8885243485603511,-1.722972145149994,-0.3153893430759091,-0.3052667850141794,3.7098572750617618,-1.1898493455167556,2.406664275664982
SVM (linear kernel),275,69,27.162149108261126,5.211731872253323,0.14382968173259603,20.314935622171884,4.507209294249812,0.21159940252400322,4.971014492753623,,,,,,,,
"Feedforward NN (3 layers, [[16, 4, 1]] activations)",275,69,28.723573021750763,5.359437752390708,0.09461248600797023,27.269610021596694,5.222031216068772,-0.058303960879879435,4.971014492753623,,,,,,,,
