model_type,n_train,n_test,mse_train,rmse_train,r2_train,mse_test,rmse_test,r2_test,y_test_mean,bias,Game of season_weight,Game for player_weight,Age (days)_weight,Home?_weight,Game Started?_weight,Year_weight,Month of Season_weight
Linreg,275,69,26.67547696821067,5.164830778274412,0.15916993479497799,22.079125212407778,4.698842965284941,0.1431331197421426,4.971014492753623,4.307534782538152,7.716373211337499,-8.496391792395404,7.6563048467533505,-0.3480259395275235,4.01695545347458,-11.07483746890099,3.786235443516129
Lasso (lambda=0.05),275,69,27.13194791711222,5.208833642679734,0.14478164482413758,21.549389311267536,4.642131979087576,0.16369159498080554,4.971014492753623,4.059566730054258,0.2528716291287999,0.0,-0.5945175528604294,-0.11048609729202365,3.6148129510588856,-0.0,1.9762045735919938
"Random Forest (500 estimators, 5 depth)",275,69,16.762529932408494,4.094206874647212,0.47163309758754846,23.964744451992818,4.895379908852102,0.06995428409382443,4.971014492753623,,0.2142179058550855,0.19083837161224468,0.2771688004757911,0.04058348233174926,0.2328473280994899,0.014573843781624355,0.02977026784401526
"Random Forest (100 estimators, 5 depth)",275,69,16.885422066413458,4.109187519013151,0.46775944984840134,24.210429831024634,4.9204095186299925,0.06041950125117568,4.971014492753623,,0.22285904027916553,0.17699399358279486,0.2831964253456498,0.0418033509639259,0.23092879707212252,0.013203624499615544,0.03101476825672591
Ridge (lambda=2.0),275,69,26.940178169071714,5.190392872323994,0.1508263640972516,21.71011906447839,4.659411879677347,0.15745384774791227,4.971014492753623,4.199417110307913,1.8885243485603511,-1.722972145149994,-0.31538934307590916,-0.3052667850141794,3.7098572750617618,-1.1898493455167556,2.406664275664982
