model_type,n_train,n_test,mse_train,rmse_train,r2_train,mse_test,rmse_test,r2_test,y_test_mean,bias,Game of season_weight,Game for player_weight,Age (days)_weight,Home?_weight,Game Started?_weight,Year_weight,Month of Season_weight
Linreg,356,90,19.27683629240102,4.390539407908898,0.1059945979326352,24.656156681566003,4.965496619832301,0.155328944131159,7.855555555555555,6.15000631886473,-1.1101437019704008,1.3592079622237658,-4.813390791131876,1.083144451467413,3.412504937617132,5.896920820650924,-5.147524196078668
Lasso (lambda=0.05),356,90,19.53437313523033,4.419770710707777,0.0940507641401813,24.65447009533566,4.965326786359148,0.1553867232323545,7.855555555555555,6.617123535389556,-0.7480285053095361,-0.0,0.0,0.8879933249859456,2.7848322329404342,0.0,-1.313162909532589
"Random Forest (500 estimators, 5 depth)",356,90,12.82067744897554,3.580597359237079,0.4054130707088262,26.44215861430092,5.142193949502578,0.0941440580278485,7.855555555555555,,0.1562545811347536,0.1489337612542844,0.6294297500665246,0.0336992869290195,0.0091910270611625,0.0109954487480674,0.0114961448061878
"Random Forest (100 estimators, 5 depth)",356,90,12.756822022924718,3.571669360806613,0.4083745056131239,25.799697384727693,5.07934025093099,0.1161535063026535,7.855555555555555,,0.1553866980586044,0.1486072522654622,0.6338396472136987,0.0376037985094756,0.0090317545582621,0.006743826244225,0.008787023150272
Ridge (lambda=2.0),356,90,19.341841247341584,4.397936021287893,0.1029798511144075,24.492729026182577,4.949012934533772,0.1609276516675243,7.855555555555555,6.185411787932403,-1.401117869375267,0.9365269751481116,-0.0708400237808804,1.0521931275686385,3.2808810529606696,0.8314649900194108,-2.8053934194682717
SVM (linear kernel),356,90,19.446168855820712,4.409781043977207,0.09814143032012612,24.342810014463982,4.933843330960559,0.16606357984800335,7.855555555555555,,,,,,,,
"Feedforward NN (3 layers, [[16, 4, 1]] activations)",356,90,37.13536256615102,6.093879106624205,-0.7222335780771469,39.78062852976666,6.307188639145547,-0.36280548251407296,7.855555555555555,,,,,,,,
