model_type,n_train,n_test,mse_train,rmse_train,r2_train,mse_test,rmse_test,r2_test,y_test_mean,bias,Game of season_weight,Game for player_weight,Age (days)_weight,Home?_weight,Game Started?_weight,Year_weight,Month of Season_weight
Linreg,344,86,32.054643652699255,5.661682051537269,0.0901842669495129,28.284821234132732,5.318347603733018,0.1539217565574971,7.186046511627907,5.666597214863094,-16.700486323778026,23.03742768215532,2.0605334943955915,1.1759842834162375,2.941759878532804,-0.0489054913702204,-4.207885931271475
Lasso (lambda=0.05),344,86,33.60095414481616,5.796633000701024,0.0462949125972448,29.54868381210122,5.435870106257251,0.1161160861214444,7.186046511627907,6.2820173615818975,-0.0,0.6063749738725446,0.0,0.9972308818442864,2.5974456612691847,0.0,-0.0
"Random Forest (500 estimators, 5 depth)",344,86,17.965888026281284,4.238618646007362,0.4900692778982853,22.908811310368023,4.786315003253341,0.3147332743456801,7.186046511627907,,0.1242196353772523,0.0998831809873739,0.6304663594044837,0.0364943432051932,0.0841629777481462,0.009247676629717,0.0155258266478333
"Random Forest (100 estimators, 5 depth)",344,86,18.222978182687367,4.268838036595833,0.4827722175520548,23.23595760287141,4.820369031813997,0.3049474122319054,7.186046511627907,,0.1239797591195402,0.0932178512650078,0.6360880435239163,0.0304441238712997,0.0964662463432502,0.006886340389031,0.0129176354879545
Ridge (lambda=2.0),344,86,32.8952550140163,5.735438519766061,0.0663249643725263,28.50952603391359,5.339431246295208,0.1472002064823544,7.186046511627907,5.921938955224943,-2.588734360589337,6.015674172552648,0.8856672554040321,1.16579650624563,2.754940058397592,0.2615466437664724,-2.610123896919103
SVM (linear kernel),344,86,32.510154526266305,5.701767666808803,0.07725537702526086,28.382664098416395,5.3275382775177125,0.15099500237859498,7.186046511627907,,,,,,,,
"Feedforward NN (3 layers, [[16, 4, 1]] activations)",344,86,31.782620697308122,5.6376077104839535,0.09790516902058932,28.223092344704323,5.312541044048913,0.1557682405746641,7.186046511627907,,,,,,,,
