model_type,n_train,n_test,mse_train,rmse_train,r2_train,mse_test,rmse_test,r2_test,y_test_mean,bias,Game of season_weight,Game for player_weight,Age (days)_weight,Home?_weight,Game Started?_weight,Year_weight,Month of Season_weight
Linreg,344,86,32.054643652699255,5.661682051537269,0.09018426694951298,28.284821234132735,5.318347603733018,0.15392175655749718,7.186046511627907,5.666597214863094,-16.700486323778026,23.03742768215532,2.0605334943955915,1.1759842834162375,2.941759878532804,-0.04890549137022049,-4.207885931271475
Lasso (lambda=0.05),344,86,33.60095414481616,5.796633000701024,0.04629491259724483,29.54868381210122,5.435870106257251,0.11611608612144442,7.186046511627907,6.2820173615818975,-0.0,0.6063749738725446,0.0,0.9972308818442863,2.5974456612691847,0.0,-0.0
"Random Forest (500 estimators, 5 depth)",344,86,17.965888026281284,4.238618646007362,0.49006927789828536,22.908811310368026,4.786315003253341,0.3147332743456801,7.186046511627907,,0.12421963537725232,0.09988318098737393,0.6304663594044837,0.03649434320519321,0.08416297774814627,0.00924767662971705,0.015525826647833396
"Random Forest (100 estimators, 5 depth)",344,86,18.222978182687367,4.268838036595833,0.4827722175520548,23.23595760287141,4.820369031813997,0.30494741223190547,7.186046511627907,,0.12397975911954026,0.09321785126500785,0.6360880435239163,0.030444123871299796,0.0964662463432502,0.006886340389031078,0.012917635487954595
Ridge (lambda=2.0),344,86,32.8952550140163,5.735438519766061,0.06632496437252633,28.50952603391359,5.339431246295208,0.14720020648235443,7.186046511627907,5.921938955224943,-2.588734360589337,6.0156741725526475,0.8856672554040321,1.16579650624563,2.754940058397592,0.2615466437664724,-2.610123896919103
