model_type,n_train,n_test,mse_train,rmse_train,r2_train,mse_test,rmse_test,r2_test,y_test_mean,bias,Game of season_weight,Game for player_weight,Age (days)_weight,Home?_weight,Game Started?_weight,Year_weight,Month of Season_weight
Linreg,204,52,17.544105331079344,4.188568410695872,0.12204369431487194,16.955454412157245,4.117700136260197,0.2470554149139743,5.519230769230769,3.4727773132677036,-19.712557731545147,12.37067004149328,5.384259196800553,0.40059652888810915,1.1731376032046288,-4.738771646795527,11.603572594431093
Lasso (lambda=0.05),204,52,18.770823544161278,4.3325308474564,0.06065526953346301,19.0956845249436,4.369860927414464,0.15201374660545064,5.519230769230769,4.220329368820685,-0.0,1.9988495612270611,0.0,0.17303161454604132,1.7156239957344221,0.0,0.0
"Random Forest (500 estimators, 5 depth)",204,52,10.978768765634154,3.313422515411241,0.450591575657484,21.321079067350265,4.61747539975583,0.053190162780786476,5.519230769230769,,0.18202131446239456,0.3141410757571637,0.42656865073347233,0.03302695819682716,0.013077245819014016,0.01115143501968238,0.020013320011445894
"Random Forest (100 estimators, 5 depth)",204,52,11.132501002894923,3.336540274430225,0.44289838272782955,20.936579977956487,4.5756507709785375,0.07026469822478942,5.519230769230769,,0.18049494328283364,0.2908139609807552,0.45158597454062077,0.02924912298129089,0.009603475741718156,0.01346913377732643,0.02478338869545496
Ridge (lambda=2.0),204,52,18.406486454490366,4.290278132532944,0.07888772078903616,18.206757544982676,4.266937724525948,0.1914885220864634,5.519230769230769,3.9241254507125856,-2.469624356231899,3.991663294493189,0.785396373177754,0.3858160611125105,1.820478016720628,-0.372678895484927,0.723016178399517
