model_type,n_train,n_test,mse_train,rmse_train,r2_train,mse_test,rmse_test,r2_test,y_test_mean,bias,Game of season_weight,Game for player_weight,Age (days)_weight,Home?_weight,Game Started?_weight,Year_weight,Month of Season_weight
Linreg,694,174,33.59909078604769,5.79647227079089,0.37069487050616,24.507178336530718,4.950472536690888,0.4109180634727237,12.770114942528735,17.33896122950241,4.416856426330018,-0.4209190107501981,-9.03773112716648,0.6525911470533354,2.242328453526853,-4.339746601642823,-4.432939437578845
Lasso (lambda=0.05),694,174,33.88651032702281,5.821212101188447,0.365311552469247,24.15795382431173,4.915074142300575,0.4193124142672459,12.770114942528735,16.47284928288444,0.0,0.0,-10.148300324904284,0.469348221502029,2.4706084173845198,-2.30512460298176,-0.0
"Random Forest (500 estimators, 5 depth)",694,174,23.958393485377435,4.894731196437394,0.5512634549908497,25.434731706243053,5.043285804536865,0.3886223537113079,12.770114942528735,,0.0480083512887675,0.0634126308469075,0.8245634843445786,0.0150107674510713,0.0336678848780366,0.0049008143151565,0.0104360668754817
"Random Forest (100 estimators, 5 depth)",694,174,23.978259007825457,4.89676005209827,0.5508913772088577,25.70085643456736,5.069601210604968,0.382225482224663,12.770114942528735,,0.0422631077736744,0.059067471322966,0.8361275906521904,0.0160926220739639,0.0341956623718908,0.0031460383819219,0.0091075074233922
Ridge (lambda=2.0),694,174,33.6260173496689,5.7987944738254775,0.370190540650499,24.298063687640767,4.92930661327136,0.4159445769551302,12.770114942528735,16.907756365619328,1.7433895459978264,1.365713256720756,-6.666904407093552,0.6529092128799271,2.343092125270666,-6.324651505877045,-3.114258312479788
SVM (linear kernel),694,174,33.736423290724815,5.808306404686724,0.36812265656769716,24.633364135628717,4.963200996899956,0.4078849205350037,12.770114942528735,,,,,,,,
"Feedforward NN (3 layers, [[16, 4, 1]] activations)",694,174,32.93952219946728,5.739296315705199,0.38304847547217347,25.383813202094068,5.038235127710305,0.3898462878018534,12.770114942528735,,,,,,,,
