model_type,n_train,n_test,mse_train,rmse_train,r2_train,mse_test,rmse_test,r2_test,y_test_mean,bias,Game of season_weight,Game for player_weight,Age (days)_weight,Home?_weight,Game Started?_weight,Year_weight,Month of Season_weight
Linreg,597,150,26.84379268364517,5.181099563185905,0.3128724180681873,32.0029336772736,5.657113546436345,0.2722195191644875,10.0,7.975250338675789,-19.234681352253748,23.088682099141863,4.62248347572519,-0.0643129009544072,6.058757358191363,-6.760846911288576,-2.8263524859026763
Lasso (lambda=0.05),597,150,27.381906796299955,5.232772381472364,0.299098170390543,31.76568901127754,5.636105837480125,0.2776147132062414,10.0,8.177786724893307,0.0,0.5219399418572722,-0.2869799499224144,-0.0,6.568056839250179,-3.2737965543441305,-0.0
"Random Forest (500 estimators, 5 depth)",597,150,19.899330993094885,4.460866619065727,0.490631620185448,27.89465279053405,5.281538865760059,0.3656461615251505,10.0,,0.0697774562317422,0.0724794633786091,0.2893780609933149,0.0088902169983548,0.5165450354270384,0.0349256928404899,0.0080040741304504
"Random Forest (100 estimators, 5 depth)",597,150,19.928529076582223,4.464138111279962,0.4898842292060831,28.091664521903937,5.300157028042088,0.3611659068699833,10.0,,0.0688266881747286,0.0747628544897604,0.2900708861991468,0.0084303719427035,0.5198144550983371,0.0286103048803123,0.009484439215011
Ridge (lambda=2.0),597,150,27.085552020989137,5.204378158914775,0.3066840410815104,31.283138376332968,5.593133144878009,0.2885884238250538,10.0,8.422400483030268,-0.264528369703258,3.587300308859376,-1.3022952042353972,-0.0360569517061774,6.50123031726054,-1.948224664658484,-3.3084388016114605
SVM (linear kernel),597,150,27.296812954930772,5.224635198263202,0.3012763397031424,31.872817996981926,5.645601650575599,0.27517848703042924,10.0,,,,,,,,
"Feedforward NN (3 layers, [[16, 4, 1]] activations)",597,150,27.397810286107084,5.234291765473825,0.2986910846026205,31.51859669287346,5.614142560789978,0.2832338532548486,10.0,,,,,,,,
