model_type,n_train,n_test,mse_train,rmse_train,r2_train,mse_test,rmse_test,r2_test,y_test_mean,bias,Game of season_weight,Game for player_weight,Age (days)_weight,Home?_weight,Game Started?_weight,Year_weight,Month of Season_weight
Linreg,597,150,26.84379268364517,5.181099563185905,0.31287241806818733,32.0029336772736,5.657113546436345,0.2722195191644875,10.0,7.975250338675789,-19.234681352253748,23.088682099141863,4.62248347572519,-0.06431290095440723,6.058757358191363,-6.760846911288576,-2.8263524859026763
Lasso (lambda=0.05),597,150,27.381906796299955,5.232772381472364,0.299098170390543,31.76568901127754,5.636105837480125,0.2776147132062414,10.0,8.177786724893307,0.0,0.5219399418572722,-0.28697994992241443,-0.0,6.568056839250179,-3.2737965543441305,-0.0
"Random Forest (500 estimators, 5 depth)",597,150,19.899330993094885,4.460866619065727,0.49063162018544804,27.89465279053405,5.281538865760059,0.3656461615251505,10.0,,0.06977745623174224,0.07247946337860912,0.2893780609933149,0.008890216998354848,0.5165450354270384,0.03492569284048997,0.008004074130450447
"Random Forest (100 estimators, 5 depth)",597,150,19.928529076582226,4.464138111279962,0.4898842292060831,28.091664521903937,5.300157028042088,0.3611659068699833,10.0,,0.0688266881747286,0.07476285448976046,0.29007088619914684,0.008430371942703524,0.5198144550983371,0.028610304880312333,0.009484439215011044
Ridge (lambda=2.0),597,150,27.085552020989137,5.204378158914775,0.3066840410815104,31.283138376332968,5.593133144878009,0.2885884238250538,10.0,8.422400483030268,-0.26452836970325805,3.587300308859376,-1.3022952042353972,-0.0360569517061774,6.50123031726054,-1.948224664658484,-3.3084388016114605
