model_type,n_train,n_test,mse_train,rmse_train,r2_train,mse_test,rmse_test,r2_test,y_test_mean,bias,Game of season_weight,Game for player_weight,Age (days)_weight,Home?_weight,Game Started?_weight,Year_weight,Month of Season_weight
Linreg,343,86,50.226489079371824,7.08706491287979,0.12869323014967016,71.54898988760101,8.458663599387377,0.16809778085234928,11.395348837209303,7.90167813624959,-16.80265516822575,11.94922352730066,15.219546629580694,-0.723634877754646,4.6092204906997765,-10.7699652024061,8.392273836361522
Lasso (lambda=0.05),343,86,50.73352021007164,7.1227466759721025,0.11989747984338295,71.07640488158327,8.430682349702382,0.17359254067858398,11.395348837209303,7.970360465683905,-0.0,0.0,6.2078898211217455,-0.5023805432902586,3.9419923952320217,0.0,0.0
"Random Forest (500 estimators, 5 depth)",343,86,32.254325661333695,5.679289186274431,0.44046631925106183,68.80449722850506,8.294847631421874,0.2000080780783906,11.395348837209303,,0.18510739540114798,0.15232478240996433,0.5612920007013195,0.01794513132776794,0.02176727064146216,0.014320946817510508,0.047242472700827466
"Random Forest (100 estimators, 5 depth)",343,86,33.085888179227695,5.752033395176674,0.4260407429331582,69.6001889209408,8.34267276842025,0.1907565472638465,11.395348837209303,,0.176659321245838,0.15458030217219307,0.5669132208848893,0.016852019284152524,0.01912634960963108,0.01955155445917636,0.04631723234411971
Ridge (lambda=2.0),343,86,50.66819265108727,7.118159358365564,0.12103075325038792,70.83699165281563,8.416471449058426,0.17637620536229226,11.395348837209303,8.008563267749576,-1.9015774451100815,1.4197951414422978,4.726305537076881,-0.6770979922227517,4.180926157870327,1.759886809044712,0.38747491273369744
