model_type,n_train,n_test,mse_train,rmse_train,r2_train,mse_test,rmse_test,r2_test,y_test_mean,bias,Game of season_weight,Game for player_weight,Age (days)_weight,Home?_weight,Game Started?_weight,Year_weight,Month of Season_weight
Linreg,223,56,17.344739204680575,4.164701574504537,0.17891511350048117,20.708239258102708,4.550630643998995,0.14604076014293688,5.767857142857143,4.457738502422772,-7.279525936298621,9.123465212892908,1.9041125026748253,0.18010591253430908,4.425523062773809,-2.814360782848593,1.1838956597529329
Lasso (lambda=0.05),223,56,17.581888956241098,4.193076311759792,0.16768865027462232,21.880307346054288,4.6776390782160915,0.09770741992154541,5.767857142857143,4.76972626517685,0.0,1.0233634548600634,-0.0,0.0,4.051719821347703,-0.0,0.0
"Random Forest (500 estimators, 5 depth)",223,56,10.227329450451599,3.1980196138315975,0.515847108341005,17.1633882887895,4.142871985566233,0.29222210378260993,5.767857142857143,,0.20268100773184014,0.20370263350061849,0.2560233786386677,0.02726423819442996,0.27713466849148827,0.014485401654137782,0.018708671788817587
"Random Forest (100 estimators, 5 depth)",223,56,10.128081691759512,3.182464719640975,0.5205454110205308,16.677986007104412,4.083868999748206,0.312238955931471,5.767857142857143,,0.20447160910978746,0.21030834835529777,0.2554953910653663,0.034220266218283724,0.26154510884876897,0.015237139708184229,0.018722136694311484
Ridge (lambda=2.0),223,56,17.500770268916312,4.1833921964019,0.17152873846442274,21.812263778749895,4.670360133731648,0.10051337711994346,5.767857142857143,4.675203906826523,-0.3311116925556487,1.687329611727042,-0.12829367195021948,0.17536346925069896,4.1103206064064395,-0.5321883248208007,0.36596761446710285
