model_type,n_train,n_test,mse_train,rmse_train,r2_train,mse_test,rmse_test,r2_test,y_test_mean,bias,Game of season_weight,Game for player_weight,Age (days)_weight,Home?_weight,Game Started?_weight,Year_weight,Month of Season_weight
Linreg,267,67,40.38478544699015,6.354902473444431,0.1151291658120732,27.05910308911253,5.20183651118646,0.2539259642096546,9.0,6.773408520017519,-13.98005519038929,17.055130882419476,-1.2382481906950271,-0.5690737204657959,2.424903516403609,6.944388915891613,-3.1834509538578395
Lasso (lambda=0.05),267,67,41.68424891686671,6.456334015280398,0.0866566281506877,27.92290776373153,5.284213069486461,0.2301091275020524,9.0,7.968303574496815,-0.0,4.939852816360537,0.2261374579213639,-0.2644679039083634,2.441981226573324,1.388957327670605,-3.9377953885738366
"Random Forest (500 estimators, 5 depth)",267,67,23.44054845875753,4.841544015988859,0.4863942586559124,22.06667417108089,4.697517873417928,0.3915772965175228,9.0,,0.1486218798723986,0.1216257085284068,0.5933418758237106,0.0252686439932752,0.0839898376786673,0.0090459853934283,0.018106068710113
"Random Forest (100 estimators, 5 depth)",267,67,23.602491315421133,4.858239528411617,0.4828459295245172,22.271342729217192,4.719252348541789,0.3859341716635589,9.0,,0.139022335788298,0.1128133820468374,0.6346719630842986,0.0240656516275148,0.0696443612010256,0.0051188831756774,0.0146634230763479
Ridge (lambda=2.0),267,67,41.19532938150364,6.4183587763153005,0.0973693416718569,27.99048513170517,5.290603475191197,0.2282458831998984,9.0,7.606580396358011,-2.919776872370809,7.253042909983665,1.1757756552078829,-0.4872748292501195,2.4891743290019974,1.8462202149948663,-3.633379995370378
SVM (linear kernel),267,67,41.197938500221596,6.4185620274498865,0.09731217328453234,26.419093642785732,5.139950743225633,0.2715723151989119,9.0,,,,,,,,
"Feedforward NN (3 layers, [[16, 4, 1]] activations)",267,67,43.583336195697704,6.601767656900514,0.04504573617700991,36.593892485069404,6.049288593303299,-0.008967405966934239,9.0,,,,,,,,
