model_type,n_train,n_test,mse_train,rmse_train,r2_train,mse_test,rmse_test,r2_test,y_test_mean,bias,Game of season_weight,Game for player_weight,Age (days)_weight,Home?_weight,Game Started?_weight,Year_weight,Month of Season_weight
Linreg,778,195,31.007268612178255,5.568417065215056,0.17273345399326545,36.05269987138022,6.004390049903505,0.20210185373913192,9.994871794871795,10.70049940908313,2.4032307651317506,2.4607442015569942,12.808178599891097,-0.08040103897108039,3.3202716811924247,-21.785586609644152,-2.6651749977037498
Lasso (lambda=0.05),778,195,31.30958943385712,5.595497246345236,0.16466760643138223,36.25363589489863,6.021099226461779,0.19765485028989405,9.994871794871795,10.043319470647269,0.42889325013463936,0.9031836504643139,-0.0,-0.0,3.410888796295002,-7.686708307639323,-0.0
"Random Forest (500 estimators, 5 depth)",778,195,23.21899578580266,4.818609320727575,0.38052271918198743,34.76437863359128,5.896132514928008,0.23061425727860518,9.994871794871795,,0.08806063083554382,0.11314851838290448,0.6343573580958994,0.01455394324564578,0.08557823308158605,0.023519767751058875,0.04078154860736153
"Random Forest (100 estimators, 5 depth)",778,195,23.198361854202457,4.816467777760218,0.38107322756564876,34.833048890525774,5.901952972578295,0.22909448564134172,9.994871794871795,,0.0990414640868803,0.1050986038736149,0.6178970329754889,0.01650667401326129,0.08608718447187597,0.03533626847492113,0.040032772103957344
Ridge (lambda=2.0),778,195,31.083552494970938,5.575262549420515,0.17069821815797803,35.86289913512149,5.98856402947497,0.2063024172519914,9.994871794871795,10.628999981412656,1.8781623088956096,2.279984765191291,-3.343026818336131,-0.07829929349531542,3.3458466421193926,-4.926956183211066,-2.908045148984028
