model_type,n_train,n_test,mse_train,rmse_train,r2_train,mse_test,rmse_test,r2_test,y_test_mean,bias,Game of season_weight,Game for player_weight,Age (days)_weight,Home?_weight,Game Started?_weight,Year_weight,Month of Season_weight
Linreg,494,124,18.2526230989911,4.272308872142919,0.12736810882576877,16.46860819561285,4.0581532986831395,0.12240175638044348,5.475806451612903,5.725138290538568,-8.169236298493393,10.3650101751761,4.706758684726635,0.13052233329725493,2.0393616297317796,-7.861993690918761,1.025353463819263
Lasso (lambda=0.05),494,124,18.98323621368144,4.356975581028822,0.09243853730439289,16.55584091015998,4.068886937500228,0.1177531985810587,5.475806451612903,5.435402954024461,-0.0,1.6547542649188849,-0.0,0.0,2.3220058640942285,-2.273211731452329,-0.0
"Random Forest (500 estimators, 5 depth)",494,124,13.50969537201477,3.675553750391194,0.35412072238972403,16.173701268875316,4.021654046393762,0.1381170978265437,5.475806451612903,,0.12099931772669865,0.24627353458524434,0.4861673966199029,0.015168717285350889,0.10033811227048754,0.014896264295016896,0.01615665721729893
"Random Forest (100 estimators, 5 depth)",494,124,13.725941032749304,3.7048537127327044,0.3437823256090756,16.22199053925644,4.027653229767483,0.13554380332777516,5.475806451612903,,0.10314779773411642,0.25501390584482597,0.5034127841773156,0.016205989088795614,0.09418210892738077,0.013015693441932218,0.015021720785633465
Ridge (lambda=2.0),494,124,18.436730236854213,4.293801373707709,0.1185662090100078,16.536981850074966,4.066568805525731,0.11875818199012012,5.475806451612903,5.7917218574027025,-3.385720123852323,6.092275780225788,-1.041759178037196,0.15709849826900155,2.3722535486563108,-1.850235412831406,-0.6515463259544024
