model_type,n_train,n_test,mse_train,rmse_train,r2_train,mse_test,rmse_test,r2_test,y_test_mean,bias,Game of season_weight,Game for player_weight,Age (days)_weight,Home?_weight,Game Started?_weight,Year_weight,Month of Season_weight
Linreg,564,142,26.77198313116896,5.174164969458256,0.1429377816022258,26.59746655235884,5.157273170228511,0.1330478865570077,8.866197183098592,4.451192088677494,34.898127420124915,-31.4466046976912,-3.2463081801788727,-0.1736981601485228,6.1513412157081255,3.3799392760853344,-9.614276985280783
Lasso (lambda=0.05),564,142,27.77026161693762,5.26974967308103,0.1109794926178153,27.09175361279828,5.20497393007864,0.1169364568893767,8.866197183098592,3.840781887593492,-0.0,-0.0,0.0,-0.0,6.051196914147098,0.0,-0.1726025192461029
"Random Forest (500 estimators, 5 depth)",564,142,16.231798503662443,4.028870623842672,0.4803649335211885,18.63477987845439,4.316802043000627,0.3925939612568775,8.866197183098592,,0.0630365973130311,0.0690152262221075,0.7911683848387798,0.0167727981163729,0.0008132729494215,0.0451124468560817,0.0140812737042051
"Random Forest (100 estimators, 5 depth)",564,142,16.307658840673504,4.038274240399419,0.477936386169707,18.655604528805288,4.319213415519693,0.3919151757568417,8.866197183098592,,0.0651563189135059,0.0700155437460742,0.8042622774910837,0.0155276549572344,0.0009366902515222,0.0314987339125769,0.0126027807280025
Ridge (lambda=2.0),564,142,27.383637238884443,5.2329377254926746,0.1233566536789672,27.050861807567035,5.201044299712033,0.1182693371055407,8.866197183098592,3.828650330715925,3.5470821579076026,-1.2895199328983746,0.2166234187923574,-0.0994318017753811,6.223380726434946,0.1582510835906823,-4.623410389189677
SVM (linear kernel),564,142,27.447786344486207,5.239063498802644,0.12130302266904502,27.117973883619793,5.207492091556145,0.11608179957985398,8.866197183098592,,,,,,,,
"Feedforward NN (3 layers, [[16, 4, 1]] activations)",564,142,38.24105919996336,6.183935575340623,-0.2242263440560497,35.29639315687833,5.9410767674621345,-0.15049614157919144,8.866197183098592,,,,,,,,
