model_type,n_train,n_test,mse_train,rmse_train,r2_train,mse_test,rmse_test,r2_test,y_test_mean,bias,Game of season_weight,Game for player_weight,Age (days)_weight,Home?_weight,Game Started?_weight,Year_weight,Month of Season_weight
Linreg,582,146,21.507257519697344,4.637591780191239,0.11252929086978258,25.24803219192913,5.0247420025240235,0.017067396603009044,6.671232876712328,5.570931979235861,5.526195858681353,1.456250120776591,15.808823721491995,0.03718155775822069,4.084638208413535,-15.061622211301895,-4.467467368069524
Lasso (lambda=0.05),582,146,22.05022137924913,4.695766325026101,0.09012455046867884,25.118590381817434,5.011845007760858,0.022106703208542355,6.671232876712328,5.837060935825826,0.3061534519784818,1.21369355900294,0.2373686301795498,0.0,3.76793540696581,0.0,-0.0
"Random Forest (500 estimators, 5 depth)",582,146,15.540468854153255,3.942140136290598,0.35874153635904726,24.332454168708257,4.9327937488514815,0.052711817646849624,6.671232876712328,,0.13061925228294416,0.15370895561728837,0.4493445116961263,0.025882711020609156,0.19841996642285425,0.026062439746372585,0.015962163213805204
"Random Forest (100 estimators, 5 depth)",582,146,15.531196283416861,3.940963877456486,0.3591241576634767,24.745791470316306,4.974514194402937,0.03662015922126505,6.671232876712328,,0.1263937371843729,0.16330271499132976,0.4470835180694008,0.02318600865796724,0.20077194294457237,0.02742424232251255,0.011837835829844386
Ridge (lambda=2.0),582,146,21.63384355319049,4.651219576970162,0.10730587283020876,25.165220761845493,5.016494868117129,0.02029133318326881,6.671232876712328,5.608111763224242,3.230390462536161,2.011982242040478,1.4998598354518125,0.08316377481114046,3.930929722199148,-0.36116985927978046,-3.5837147395009783
