model_type,n_train,n_test,mse_train,rmse_train,r2_train,mse_test,rmse_test,r2_test,y_test_mean,bias,Game of season_weight,Game for player_weight,Age (days)_weight,Home?_weight,Game Started?_weight,Year_weight,Month of Season_weight
Linreg,582,146,21.507257519697344,4.637591780191239,0.1125292908697825,25.24803219192913,5.024742002524024,0.017067396603009,6.671232876712328,5.570931979235861,5.526195858681353,1.456250120776591,15.808823721491995,0.0371815577582206,4.084638208413535,-15.061622211301897,-4.467467368069524
Lasso (lambda=0.05),582,146,22.05022137924913,4.695766325026101,0.0901245504686788,25.118590381817437,5.011845007760858,0.0221067032085423,6.671232876712328,5.837060935825826,0.3061534519784818,1.21369355900294,0.2373686301795498,0.0,3.76793540696581,0.0,-0.0
"Random Forest (500 estimators, 5 depth)",582,146,15.540468854153255,3.942140136290598,0.3587415363590472,24.332454168708257,4.9327937488514815,0.0527118176468496,6.671232876712328,,0.1306192522829441,0.1537089556172883,0.4493445116961263,0.0258827110206091,0.1984199664228542,0.0260624397463725,0.0159621632138052
"Random Forest (100 estimators, 5 depth)",582,146,15.53119628341686,3.940963877456486,0.3591241576634767,24.745791470316306,4.974514194402937,0.036620159221265,6.671232876712328,,0.1263937371843729,0.1633027149913297,0.4470835180694008,0.0231860086579672,0.2007719429445723,0.0274242423225125,0.0118378358298443
Ridge (lambda=2.0),582,146,21.63384355319049,4.651219576970162,0.1073058728302087,25.165220761845493,5.016494868117129,0.0202913331832688,6.671232876712328,5.608111763224242,3.230390462536161,2.011982242040478,1.4998598354518125,0.0831637748111404,3.930929722199148,-0.3611698592797804,-3.5837147395009783
SVM (linear kernel),582,146,21.80471391871814,4.669551789917116,0.10025511592523006,25.719214227907326,5.071411463084742,-0.0012762185261729897,6.671232876712328,,,,,,,,
"Feedforward NN (3 layers, [[16, 4, 1]] activations)",582,146,21.47001257118961,4.633574491814026,0.1140661581729896,24.98561569267073,4.998561362299229,0.027283548532379354,6.671232876712328,,,,,,,,
