model_type,n_train,n_test,mse_train,rmse_train,r2_train,mse_test,rmse_test,r2_test,y_test_mean,bias,Game of season_weight,Game for player_weight,Age (days)_weight,Home?_weight,Game Started?_weight,Year_weight,Month of Season_weight
Linreg,187,47,4.664525023258947,2.159751148456448,0.132151956146558,4.944567662148376,2.2236383838538982,0.050708329073026,1.9361702127659572,-0.1013242858519871,-1.0242154594427628,-0.7511813074785219,2.9163958084780304,0.0252113355328166,4.988249818163864,-2.1038283931136696,3.771531150861013
Lasso (lambda=0.05),187,47,4.934483916435689,2.2213698288298795,0.0819253422478099,4.861512606467017,2.2048838079288933,0.0666538025651276,1.9361702127659572,1.0049374474161343,0.0,0.0,0.0820441127358723,0.0,1.7877580809329792,0.0,1.1404387602144967
"Random Forest (500 estimators, 5 depth)",187,47,3.024309732794169,1.7390542639015525,0.4373186396203322,4.911606061233916,2.2162143536296117,0.0570365210094108,1.9361702127659572,,0.2043938203109319,0.3495393250136349,0.225798353989347,0.0256184973429012,0.1421317499766508,0.0122255562998297,0.0402926970667041
"Random Forest (100 estimators, 5 depth)",187,47,3.0333778462740337,1.741659509282464,0.4356314915172135,4.985928014174645,2.232919168750773,0.0427676878748661,1.9361702127659572,,0.2172145277510806,0.3606355991736744,0.2123795548202562,0.0234406238739818,0.1409485313581319,0.0135306880863344,0.0318504749365405
Ridge (lambda=2.0),187,47,4.765405795158382,2.182980942463397,0.1133828038494216,4.711907398241191,2.1706928382986828,0.0953760261850521,1.9361702127659572,0.3475208301144443,0.3737198824024509,-0.3207009478383805,0.4378222635982058,0.0753149600051091,3.0175694845613195,0.2583428352746835,1.4892875633263287
SVM (linear kernel),187,47,5.3552280385290505,2.314136564364569,0.0036447109936452726,5.929193427932997,2.434993517020733,-0.1383268105600548,1.9361702127659575,,,,,,,,
"Feedforward NN (3 layers, [[16, 4, 1]] activations)",187,47,4.9771791927511915,2.2309592539423915,0.07398176560336456,4.5141679366562935,2.1246571339056786,0.1333393905724185,1.9361702127659575,,,,,,,,
