model_type,n_train,n_test,mse_train,rmse_train,r2_train,mse_test,rmse_test,r2_test,y_test_mean,bias,Game of season_weight,Game for player_weight,Age (days)_weight,Home?_weight,Game Started?_weight,Year_weight,Month of Season_weight
Linreg,403,101,24.83206848284357,4.98317855217366,0.1219440410067432,18.104227390151628,4.254906272781062,0.0554839482077597,5.6138613861386135,5.863684249515259,-27.76161726990208,35.09378426035416,-20.195053055668943,-0.2029725286011423,2.2597988850026747,21.400332106574677,-6.850199558389058
Lasso (lambda=0.05),403,101,26.40899081501483,5.138967874487525,0.0661844472544488,17.741059750316957,4.212013740518537,0.0744307752621938,5.6138613861386135,6.710354651588498,0.0,1.7622418392277748,-2.1587158023392647,-0.0,2.5393358328344906,-0.0,-0.7649259146742342
"Random Forest (500 estimators, 5 depth)",403,101,14.919489101560991,3.862575449303352,0.4724504597830243,19.47509125826165,4.413059172304587,-0.016035421293546,5.6138613861386135,,0.1082060740588031,0.1020417017180499,0.6924093332825271,0.0158703939308576,0.04028153706277,0.0294750929270135,0.0117158670199785
"Random Forest (100 estimators, 5 depth)",403,101,15.0484117998076,3.8792282479647415,0.467891784233175,20.008026771850865,4.473033285350207,-0.0438392118838573,5.6138613861386135,,0.1004218469041542,0.1030914345784682,0.6910018083786806,0.0172506035965938,0.0387075210502848,0.0385480297490694,0.0109787557427488
Ridge (lambda=2.0),403,101,25.84230892959477,5.083533114832122,0.0862221821974879,17.13297087988105,4.139199304198947,0.1061553933121947,5.6138613861386135,6.772575481416014,0.6924651414090894,5.292560284980814,-2.7305447387966493,-0.0751108090432274,2.7015312981366693,0.3804682511491584,-4.256023801490644
SVM (linear kernel),403,101,25.712202996501507,5.070720165469744,0.09082269664644926,16.654131058718487,4.0809473236882745,0.131136956323903,5.6138613861386135,,,,,,,,
"Feedforward NN (3 layers, [[16, 4, 1]] activations)",403,101,26.679661844226114,5.165235894344625,0.056613584871800016,20.26474145386532,4.501637641332909,-0.05723227929668129,5.6138613861386135,,,,,,,,
