model_type,n_train,n_test,mse_train,rmse_train,r2_train,mse_test,rmse_test,r2_test,y_test_mean,bias,Game of season_weight,Game for player_weight,Age (days)_weight,Home?_weight,Game Started?_weight,Year_weight,Month of Season_weight
Linreg,368,92,27.383757479653895,5.2329492143201515,0.26591201380819673,17.862121165727036,4.2263602740096635,0.2571930038189888,8.58695652173913,7.173082575493859,-12.429464581558504,23.743714386887508,14.2291639954491,0.9799009813955112,3.5479782673455738,-14.3814369854626,-10.88753692581429
Lasso (lambda=0.05),368,92,28.246248014729535,5.314719937562988,0.24279086469366806,18.391185958572724,4.288494602838241,0.23519152785134767,8.58695652173913,6.01376606694741,0.0,6.673704558565573,2.529145061945698,0.7327214876410577,3.968896006004365,0.0,-7.945946479314546
"Random Forest (500 estimators, 5 depth)",368,92,17.214233349699665,4.149003898491741,0.5385307548496254,16.905880936217258,4.1116761711274465,0.29695882591365075,8.58695652173913,,0.1382625802543163,0.13214934565021827,0.6607083158116468,0.01641954611864562,0.028200476968188788,0.00734716846113967,0.016912566735844525
"Random Forest (100 estimators, 5 depth)",368,92,17.460664911915387,4.178596045553505,0.5319245595758231,16.927041993175127,4.114248654757649,0.29607883069869,8.58695652173913,,0.1408656843256298,0.12969529799826418,0.6560508598936753,0.016042367907442477,0.03393811660775401,0.007232355524007662,0.01617531774322644
Ridge (lambda=2.0),368,92,28.1717879382466,5.30771023495505,0.24478694750435104,18.708460948425266,4.325327842883735,0.22199745756209632,8.58695652173913,5.6339284792346715,0.9543174896265645,6.1464006270805545,3.0253783697691787,0.9101454090044887,3.991996231981995,0.2438392285840338,-8.384043621938716
