model_type,n_train,n_test,mse_train,rmse_train,r2_train,mse_test,rmse_test,r2_test,y_test_mean,bias,Game of season_weight,Game for player_weight,Age (days)_weight,Home?_weight,Game Started?_weight,Year_weight,Month of Season_weight
Linreg,97,25,6.704189081028105,2.589244886260877,0.2218145193265059,11.020644746931977,3.319735644133728,0.2672443652305868,3.4,3.827003736765112,4.9635718484970095,-3.321125326557098,-9.3587062436203,0.3850731946942894,2.924128565509537,8.7029320557719,-4.498523976039928
Lasso (lambda=0.05),97,25,6.901782895114706,2.627124453678338,0.1988789136425579,11.854762987083369,3.4430746415207687,0.2117843758588187,3.4,3.5744956754948705,-0.0,-0.0,-0.255025387429454,0.0846137271941702,1.9066149473907024,-0.0,-1.666190053180236
"Random Forest (500 estimators, 5 depth)",97,25,2.986538217068312,1.7281603562946095,0.6533390317740471,14.820161934021556,3.849696343092732,0.0146168926847372,3.4,,0.2163223241873613,0.1751500363058529,0.308828552606857,0.0372801500471253,0.1646643625737384,0.0091564364900706,0.0885981377889941
"Random Forest (100 estimators, 5 depth)",97,25,3.1042164519618733,1.7618786711808148,0.6396795880025998,15.06238246759144,3.88102853217951,-0.0014881959834731,3.4,,0.2169223961974528,0.1590789362390651,0.341836879798539,0.0323786779172352,0.1424418250417839,0.0072334422954454,0.1001078425104784
Ridge (lambda=2.0),97,25,6.85184757949831,2.617603403783375,0.2046751310695832,11.641181757523992,3.411917607083148,0.2259852554837771,3.4,3.773716436263429,-0.6136102210064445,-0.290090306049294,-0.5560735556323725,0.2511971053703821,2.0420000248819576,-0.0820014795634004,-1.081242395962838
SVM (linear kernel),97,25,6.913005127675219,2.629259425708163,0.19757629846661584,12.004141676837936,3.464699363124878,0.2018522821251374,3.4,,,,,,,,
"Feedforward NN (3 layers, [[16, 4, 1]] activations)",97,25,8.167709012047645,2.857920399879543,0.051937156496961734,11.85229520674746,3.442716254173071,0.21194845699817433,3.4,,,,,,,,
