model_type,n_train,n_test,mse_train,rmse_train,r2_train,mse_test,rmse_test,r2_test,y_test_mean,bias,Game of season_weight,Game for player_weight,Age (days)_weight,Home?_weight,Game Started?_weight,Year_weight,Month of Season_weight
Linreg,118,30,14.990987398654713,3.8718196495517083,0.05591006377832153,16.935209697365927,4.115241146927593,0.021965559058692685,4.466666666666667,5.504047878276873,7.872816248070655,-3.7342713777186374,-3.530870688886039,0.29526471026194445,1.7671510254224556,-0.7441746432833571,-4.76539354225066
Lasso (lambda=0.05),118,30,15.183077566378975,3.896546877220775,0.04381276895890995,16.298540233148987,4.037145059711007,0.058734201114342466,4.466666666666667,4.088663541497584,-0.0,-0.0,-0.3704640562806646,0.021945633103823522,1.234237308328604,-0.17898464137236658,-0.5952271474169604
"Random Forest (500 estimators, 5 depth)",118,30,7.801864504170057,2.793181788600602,0.5086606661537799,17.84347881056381,4.22415421245056,-0.03048838100021989,4.466666666666667,,0.28264775784077967,0.27683498871779993,0.3095006348804294,0.03423214898156022,0.045287537590555337,0.0067482433798992094,0.04474868860897622
"Random Forest (100 estimators, 5 depth)",118,30,7.715088816255345,2.7776048704334,0.5141255532549688,18.34970570134012,4.283655646914224,-0.05972376355275344,4.466666666666667,,0.2956390595030516,0.2763958440612198,0.31404678188714963,0.02804623985447917,0.044801945991719896,0.006900114458301423,0.03417001424407859
Ridge (lambda=2.0),118,30,15.110966179287502,3.8872826214834832,0.0483541399193147,16.358466183646463,4.04456007294322,0.055273385184688384,4.466666666666667,4.431285834707324,0.09932352494650881,-0.19234433987368785,-0.5524295517321499,0.24743888140058898,1.2651951537528312,-0.6685933536162125,-0.8352232436633296
