model_type,n_train,n_test,mse_train,rmse_train,r2_train,mse_test,rmse_test,r2_test,y_test_mean,bias,Game of season_weight,Game for player_weight,Age (days)_weight,Home?_weight,Game Started?_weight,Year_weight,Month of Season_weight
Linreg,199,50,21.999890674019454,4.690404105620266,0.26946325204529,25.39157157655679,5.039005018508791,0.07574250605856103,5.74,4.906530781919976,-13.82190774830778,12.215422563769021,0.05308481352573319,0.8946489226570744,4.354839032902795,-5.215056891278319,5.811159848432407
Lasso (lambda=0.05),199,50,22.33498737918528,4.725990624111021,0.258335903238449,25.611877903076515,5.060817908508121,0.0677233185642131,5.74,5.65752088343272,0.0,1.957983808707837,-4.513736952626464,0.663557595845635,3.9923703532264327,-0.0,0.0
"Random Forest (500 estimators, 5 depth)",199,50,11.760292735355698,3.429328321312455,0.6094832407495555,25.026776458291742,5.002676929234162,0.08902110997613089,5.74,,0.14117162128726998,0.15736539009048783,0.5329361306809954,0.034397324907437916,0.07405668856140156,0.022351755245867196,0.03772108922654005
"Random Forest (100 estimators, 5 depth)",199,50,11.892307864421328,3.448522562550712,0.6050994960983915,25.429060785460685,5.042723548387388,0.07437789252265248,5.74,,0.13501810791582544,0.165274023424813,0.5163380652094605,0.03616654826945298,0.0800562840236356,0.024969120667303907,0.04217785048950862
Ridge (lambda=2.0),199,50,22.264002485713174,4.718474593098195,0.2606930546443087,25.607203189446437,5.060356033862285,0.06789347892989206,5.74,5.496005833327006,-0.044465302077150014,2.247018817890171,-2.748449515070878,0.8324574524851769,4.013135789131502,-2.2955289272090815,0.539119091639509
