model_type,n_train,n_test,mse_train,rmse_train,r2_train,mse_test,rmse_test,r2_test,y_test_mean,bias,Game of season_weight,Game for player_weight,Age (days)_weight,Home?_weight,Game Started?_weight,Year_weight,Month of Season_weight
Linreg,199,50,21.99989067401945,4.690404105620266,0.26946325204529,25.39157157655679,5.039005018508791,0.075742506058561,5.74,4.906530781919976,-13.82190774830778,12.21542256376902,0.0530848135257331,0.8946489226570744,4.354839032902795,-5.215056891278319,5.811159848432407
Lasso (lambda=0.05),199,50,22.33498737918528,4.725990624111021,0.258335903238449,25.611877903076515,5.060817908508121,0.0677233185642131,5.74,5.65752088343272,0.0,1.957983808707837,-4.513736952626464,0.663557595845635,3.9923703532264327,-0.0,0.0
"Random Forest (500 estimators, 5 depth)",199,50,11.760292735355698,3.429328321312455,0.6094832407495555,25.026776458291742,5.002676929234162,0.0890211099761308,5.74,,0.1411716212872699,0.1573653900904878,0.5329361306809954,0.0343973249074379,0.0740566885614015,0.0223517552458671,0.03772108922654
"Random Forest (100 estimators, 5 depth)",199,50,11.892307864421328,3.448522562550712,0.6050994960983915,25.429060785460685,5.042723548387388,0.0743778925226524,5.74,,0.1350181079158254,0.165274023424813,0.5163380652094605,0.0361665482694529,0.0800562840236356,0.0249691206673039,0.0421778504895086
Ridge (lambda=2.0),199,50,22.26400248571317,4.718474593098195,0.2606930546443087,25.60720318944644,5.060356033862285,0.067893478929892,5.74,5.496005833327006,-0.04446530207715,2.247018817890171,-2.748449515070878,0.8324574524851769,4.013135789131502,-2.295528927209081,0.539119091639509
SVM (linear kernel),199,50,23.003791607226994,4.796226809402053,0.2361273353409301,26.53749535030768,5.151455653532085,0.03403068715118884,5.74,,,,,,,,
"Feedforward NN (3 layers, [[16, 4, 1]] activations)",199,50,25.00618369712158,5.000618331478776,0.16963514103155897,27.94792844365465,5.286580032843034,-0.017309315664253866,5.74,,,,,,,,
