model_type,n_train,n_test,mse_train,rmse_train,r2_train,mse_test,rmse_test,r2_test,y_test_mean,bias,Game of season_weight,Game for player_weight,Age (days)_weight,Home?_weight,Game Started?_weight,Year_weight,Month of Season_weight
Linreg,228,58,25.95314166588293,5.094422603777874,0.24712170548153634,30.484223251341753,5.521251964123875,0.07051702618972644,7.568965517241379,6.322395648622239,-38.86125972183335,29.733896502882427,12.77628578111148,-0.5512299581749036,3.590932086674531,-14.380500296651949,12.736400273082387
Lasso (lambda=0.05),228,58,27.54365797180783,5.24820521433831,0.200982196853851,29.81282980693466,5.4601126185212205,0.09098823092271113,7.568965517241379,5.603144124949836,0.0,2.975258686281014,-1.2215139668265822,-0.1024973782253034,4.0717006111730605,-0.0,0.877230257123904
"Random Forest (500 estimators, 5 depth)",228,58,12.589988427805825,3.548237369146239,0.6347752754729482,26.60343196352758,5.157851487153113,0.18884477222392315,7.568965517241379,,0.09886152245042545,0.20364085361253673,0.3566083887215,0.029389414932883745,0.1858283386472281,0.02597274154761205,0.09969874008781393
"Random Forest (100 estimators, 5 depth)",228,58,12.808787203653198,3.5789366023517655,0.6284281113676005,27.205606614228476,5.215899406068763,0.1704840916688758,7.568965517241379,,0.09508410076334586,0.21034731860345648,0.3755936236723577,0.03329729874342579,0.16665866954777045,0.027603550862036405,0.09141543780760746
Ridge (lambda=2.0),228,58,27.29995459647503,5.224935846158786,0.208051821947839,30.031918780424352,5.480138573104183,0.08430807151929653,7.568965517241379,5.996392029652262,-1.6644883704369788,2.5889233795876003,-1.5876334656908824,-0.3374270643812515,4.022493618273529,-1.316997975896622,2.9122915184161737
