model_type,n_train,n_test,mse_train,rmse_train,r2_train,mse_test,rmse_test,r2_test,y_test_mean,bias,Game of season_weight,Game for player_weight,Age (days)_weight,Home?_weight,Game Started?_weight,Year_weight,Month of Season_weight
Linreg,783,196,57.58660998214288,7.58858418824901,0.0597036972977491,55.377555775026,7.441609756969657,0.0345952804666328,19.01530612244898,13.061343470197071,6.308127145773828,6.308127145773825,-10.136178959132948,-0.848663326657054,9.723731120797911,6.842000553346329,-13.471642026922646
Lasso (lambda=0.05),783,196,58.90063702790608,7.6746750437986675,0.0382477586139988,55.62110315964876,7.457955695741881,0.0303494846518082,19.01530612244898,21.66917493327734,0.0,0.0,-3.8006798278735054,-0.6120003773943435,0.090917967387678,-0.6723094383287804,-0.0487120660046934
"Random Forest (500 estimators, 5 depth)",783,196,46.25377625082446,6.801012884183095,0.2447505625326096,55.53713905447663,7.452324406148502,0.0318132427081204,19.01530612244898,,0.1239268371947569,0.1271265699162652,0.637814073950839,0.0353963727439291,0.0361086910256807,0.0104638465115027,0.0291636086570262
"Random Forest (100 estimators, 5 depth)",783,196,46.29380041034781,6.803954762514798,0.244097032671584,55.29498176590456,7.43605955906114,0.0360348047829548,19.01530612244898,,0.1320156738229538,0.1202565014457156,0.6442245858177491,0.0315138443549753,0.0339228053525226,0.0097807796077185,0.0282858095983648
Ridge (lambda=2.0),783,196,57.81610681167615,7.603690341648333,0.0559563848520445,54.63598819812746,7.391616074859912,0.0475231323476224,19.01530612244898,15.948836551843682,3.516917415090062,3.516917415090078,-2.459435056508092,-0.8238796138737166,6.472539402744476,-1.7375907295349045,-7.174801969136027
SVM (linear kernel),783,196,57.77927763850836,7.601268159886767,0.056557745747780386,55.99885660098429,7.48323837659768,0.02376405577215812,19.01530612244898,,,,,,,,
"Feedforward NN (3 layers, [[16, 4, 1]] activations)",783,196,72.69832697266597,8.526331390033228,-0.18704622630563517,67.10549095269694,8.191794122943822,-0.1698594632006738,19.01530612244898,,,,,,,,
