model_type,n_train,n_test,mse_train,rmse_train,r2_train,mse_test,rmse_test,r2_test,y_test_mean,bias,Game of season_weight,Game for player_weight,Age (days)_weight,Home?_weight,Game Started?_weight,Year_weight,Month of Season_weight
Linreg,424,106,28.8860995131738,5.374579007994375,0.2717500350127029,22.487957746621927,4.742146955401311,0.3728538053466802,6.622641509433962,1.635212677877731,-1.452828519685531,4.074059945009633,-18.88388678744377,1.0438490946309804,4.682580540198958,21.751867827135065,1.2578150909115156
Lasso (lambda=0.05),424,106,29.18832292425644,5.402621856493052,0.2641306543331169,22.349494082112965,4.727525154043389,0.3767152925156337,6.622641509433962,2.008554090413722,0.0,2.88434632143882,0.0,0.8212503607674206,4.750832076659333,1.394755179970936,1.6926415520215794
"Random Forest (500 estimators, 5 depth)",424,106,16.457502108896946,4.056784700831059,0.5850884841992389,18.929919657687453,4.3508527506326224,0.4720806926011274,6.622641509433962,,0.1450524863525266,0.1622748806689678,0.469731715163184,0.013203744044385,0.1784089855420668,0.0130289541377922,0.0182992340910774
"Random Forest (100 estimators, 5 depth)",424,106,16.581730396130915,4.072067091310126,0.5819565540545231,19.23668720855758,4.385964797915913,0.4635255314638197,6.622641509433962,,0.1439852773781229,0.1703729633929545,0.4955810857962998,0.0152396127848479,0.1491608460088615,0.0069855231649333,0.0186746914739799
Ridge (lambda=2.0),424,106,29.11214566893628,5.395567224021612,0.2660511657366878,22.82581509090892,4.777636977723289,0.3634316092454316,6.622641509433962,1.2849713771017752,0.569061381187416,2.548155034264968,-0.1809312922964549,1.004212913451544,4.725911265652357,2.2213888821952694,1.9761889565794368
SVM (linear kernel),424,106,29.141450690017475,5.3982821980716675,0.2653123543036455,21.667004462828032,4.6547829662432205,0.3957486245970778,6.622641509433962,,,,,,,,
"Feedforward NN (3 layers, [[16, 4, 1]] activations)",424,106,27.9742763030516,5.289071402718212,0.2947380891992246,20.403693602867822,4.5170447864580465,0.43097995184409177,6.622641509433962,,,,,,,,
