model_type,n_train,n_test,mse_train,rmse_train,r2_train,mse_test,rmse_test,r2_test,y_test_mean,bias,Game of season_weight,Game for player_weight,Age (days)_weight,Home?_weight,Game Started?_weight,Year_weight,Month of Season_weight
Linreg,480,120,19.03611615652724,4.363039783972551,0.1675066732650049,25.83255314279345,5.082573476379211,0.1150183419029446,6.041666666666667,6.336322043539086,1.4375112395035723,1.4375112395035774,3.1449959046499525,0.3551175136266571,2.668028885491136,-6.528597127795379,-3.2012690451156707
Lasso (lambda=0.05),480,120,19.167543737986023,4.378075346312124,0.1617590415730305,25.926100340082467,5.091767899274521,0.1118135656150748,6.041666666666667,6.360530397393508,-0.0,-0.0,-0.0,0.141486932771986,2.5251428266337,-3.661789884274158,-0.3785723746505874
"Random Forest (500 estimators, 5 depth)",480,120,11.703975556461655,3.421107358219215,0.4881581165555708,22.949150994096467,4.790527214628518,0.2137990547658673,6.041666666666667,,0.1129722368943296,0.1172089972795796,0.6523625634421523,0.0306610719840577,0.0614363385243995,0.011474904695022,0.0138838871804592
"Random Forest (100 estimators, 5 depth)",480,120,11.83576416733673,3.440314544825332,0.4823946962133623,22.869930823883347,4.782251647904295,0.2165130101849234,6.041666666666667,,0.1059059537948555,0.1205619666646894,0.657896879930567,0.0280399824708404,0.0640594689880836,0.0085429560083115,0.0149927921426523
Ridge (lambda=2.0),480,120,19.064551336831094,4.366297211234148,0.1662631371543391,26.03696899653655,5.102643334247119,0.1080153840386206,6.041666666666667,6.481009373105132,0.7586103827901792,0.7586103827901783,-1.3103444943018967,0.3560646408160096,2.618628616950512,-2.1809763693567588,-2.3359447787823937
SVM (linear kernel),480,120,19.759579102593825,4.445174811252514,0.1358679676704312,28.478930493938265,5.336565421124177,0.024357716790866735,6.041666666666667,,,,,,,,
"Feedforward NN (3 layers, [[16, 4, 1]] activations)",480,120,20.69591289759626,4.549276085004762,0.09491992818976747,27.332614962122058,5.228060344154613,0.06362864035933802,6.041666666666667,,,,,,,,
