model_type,n_train,n_test,mse_train,rmse_train,r2_train,mse_test,rmse_test,r2_test,y_test_mean,bias,Game of season_weight,Game for player_weight,Age (days)_weight,Home?_weight,Game Started?_weight,Year_weight,Month of Season_weight
Linreg,503,126,13.198274647982917,3.632942973400892,0.1547794157178226,14.496260866107802,3.807395548942584,0.1889189086431357,4.873015873015873,3.2797205385277004,-6.325747092499771,6.50163486591585,6.831927613465913,-0.1416860578427989,1.8340426097373048,-7.949487025588454,3.175369663397378
Lasso (lambda=0.05),503,126,13.589052946610334,3.686333265809039,0.1297538824038042,14.547863595855668,3.8141661730784175,0.1860316814645226,4.873015873015873,3.5302508958826464,-0.0,1.94406146552824,-0.0,-0.0024833193301484,1.7671862365822129,-1.0033126338760312,-0.0
"Random Forest (500 estimators, 5 depth)",503,126,9.384988100664472,3.063492794289628,0.3989831748851197,14.888548038248285,3.8585681331613526,0.1669700274355068,4.873015873015873,,0.1413944628925807,0.2200686030752403,0.3803049282196474,0.0329646260418196,0.1842690092251402,0.0186962024346553,0.0223021681109164
"Random Forest (100 estimators, 5 depth)",503,126,9.388849374236292,3.0641229371936585,0.39873589802572,14.874563527801843,3.856755570139472,0.1677524755509037,4.873015873015873,,0.1472977877005458,0.2234303688539645,0.38598778110135,0.0348940400309831,0.1706568517789171,0.0138882453036273,0.0238449252306119
Ridge (lambda=2.0),503,126,13.307126768644835,3.64789347002415,0.147808500542915,14.207973393769942,3.769346547316914,0.205048896910316,4.873015873015873,3.651734769027755,-2.860291368164789,4.430460136990312,-0.1108056931835525,-0.169153285422402,1.8107543627813492,-1.0263588772822112,0.8087447014019007
SVM (linear kernel),503,126,13.446712590694968,3.666975946293481,0.1388693919686932,14.468070229962999,3.8036916581083435,0.19049620448111493,4.873015873015873,,,,,,,,
"Feedforward NN (3 layers, [[16, 4, 1]] activations)",503,126,13.801390197509113,3.715022233783953,0.11615575537157385,14.772573305532633,3.8435105444804796,0.17345893610303464,4.873015873015873,,,,,,,,
