model_type,n_train,n_test,mse_train,rmse_train,r2_train,mse_test,rmse_test,r2_test,y_test_mean,bias,Game of season_weight,Game for player_weight,Age (days)_weight,Home?_weight,Game Started?_weight,Year_weight,Month of Season_weight
Linreg,468,118,57.09668577131802,7.55623489386864,0.33832467693463975,50.6730756967441,7.118502349282755,0.4189576676995086,15.73728813559322,6.552770395783167,7.491619063821792,0.7704337375862038,12.196616222114777,1.7560242030802764,12.168488906232135,-11.844130254442533,-5.883139084832949
Lasso (lambda=0.05),468,118,57.724218511712834,7.597645590030693,0.331052399689024,53.36118255892695,7.3048738906929085,0.3881345163671722,15.73728813559322,6.901283643300314,1.2656290940390853,0.0,0.0,1.6822203197227579,11.74641185951972,0.0,-0.0
"Random Forest (500 estimators, 5 depth)",468,118,34.79337622935846,5.898591037642673,0.5967906342357225,35.226195444774945,5.935165999765713,0.5960791706862959,15.73728813559322,,0.05744405695214125,0.03994274743562645,0.34723064566612133,0.01696774518375768,0.5169961580455166,0.014997029575872069,0.006421617140964735
"Random Forest (100 estimators, 5 depth)",468,118,34.566158322480405,5.879299135311998,0.5994237902571058,35.60379760988908,5.96689178801569,0.5917493991126764,15.73728813559322,,0.057917768761130264,0.04334337555644984,0.3522759040234697,0.014756662881962042,0.5129998814236205,0.011207862263067445,0.007498545090300172
Ridge (lambda=2.0),468,118,57.31358971011128,7.570573935317671,0.3358110462074553,51.651353647229605,7.186887618936977,0.40774025304344963,15.73728813559322,6.792306469947546,3.729338043600851,1.6855556937094045,1.6100926068638712,1.7935547879196025,11.693195753416893,-0.7080109395391911,-3.8392325255891615
