model_type,n_train,n_test,mse_train,rmse_train,r2_train,mse_test,rmse_test,r2_test,y_test_mean,bias,Game of season_weight,Game for player_weight,Age (days)_weight,Home?_weight,Game Started?_weight,Year_weight,Month of Season_weight
Linreg,117,30,9.826910575012535,3.1347903558312376,0.1423834976389084,13.89764261357904,3.7279542129134366,0.0089629702700946,3.9,3.5015100071821537,-0.5323256965268455,0.6608037842646015,7.952947935577194,-0.8703817637040066,2.04582768219658,-7.030238359566258,-0.472121205286672
Lasso (lambda=0.05),117,30,10.180671819488715,3.190716505659617,0.1115099612570856,13.177943217227645,3.630143690989056,0.0602845340698139,3.9,3.831022336725445,-0.0,-0.0,1.5460585395158253,-0.6989529922295399,1.083322982106359,-0.0,-1.9738724735465796
"Random Forest (500 estimators, 5 depth)",117,30,4.3449541818313735,2.0844553681552824,0.6208061139971586,14.8761248127277,3.85695797393849,-0.0608123232275514,3.9,,0.3093135930943946,0.2065647232373884,0.2653034161486929,0.077528695690214,0.0185937404162132,0.0089386713417236,0.1137571600713732
"Random Forest (100 estimators, 5 depth)",117,30,4.33883143009522,2.0829861809659755,0.6213404602587536,15.120605416756376,3.888522266460149,-0.0782461671088454,3.9,,0.3352461595906501,0.1922245914162749,0.257556886231351,0.0798526243055447,0.0253242257846439,0.0055379901256093,0.1042575225459259
Ridge (lambda=2.0),117,30,10.087244274759602,3.176042234410557,0.1196635924032271,13.001744156764945,3.6057931383767623,0.0728492400690558,3.9,3.880852222202389,-0.3867714345634278,-0.1566376447949544,2.195026080842723,-0.8339895561029439,1.3809454119763576,-0.5493555959449433,-1.6152168666324331
SVM (linear kernel),117,30,10.52773702857627,3.244647442878235,0.08122080288560962,16.635824943196685,4.078703831267561,-0.18629605014475992,3.9,,,,,,,,
"Feedforward NN (3 layers, [[16, 4, 1]] activations)",117,30,11.84941691684359,3.4422982027772653,-0.03412516209132033,16.57005654807834,4.070633433272804,-0.1816061241795821,3.9,,,,,,,,
