model_type,n_train,n_test,mse_train,rmse_train,r2_train,mse_test,rmse_test,r2_test,y_test_mean,bias,Game of season_weight,Game for player_weight,Age (days)_weight,Home?_weight,Game Started?_weight,Year_weight,Month of Season_weight
Linreg,198,50,23.16224605545394,4.812717117746891,0.2247929819168559,34.823923225979414,5.901179816441744,-0.0208222886467397,10.08,6.636905300368787,14.194312590486312,-2.877495467213598,4.171272326612697,-0.4120325942003598,2.116995835413749,-2.4201040278253187,-9.349134593967907
Lasso (lambda=0.05),198,50,23.757751542699584,4.874192399023615,0.2048622708832796,32.92561941425589,5.738084995384426,0.0348242514933665,10.08,5.365228539377762,0.0,3.709345906651039,4.4814489282063965,-0.289217198584522,1.901976347538521,0.0,-1.187526219690077
"Random Forest (500 estimators, 5 depth)",198,50,14.688499121488933,3.832557777971381,0.5083970882260297,30.52523851081496,5.524965023492453,0.1051885901571524,10.08,,0.1920155308089509,0.2016578126350703,0.52446855883,0.0293299013269036,0.0308187072452387,0.0045719328192041,0.0171375563346323
"Random Forest (100 estimators, 5 depth)",198,50,14.665874435777036,3.82960499735639,0.5091543038735881,30.37293669786222,5.511164731512044,0.1096531384004554,10.08,,0.1949722826484778,0.2152052533877338,0.5033661598766802,0.0301947796835321,0.0292821382651333,0.0069393307886279,0.0200400553498147
Ridge (lambda=2.0),198,50,23.48751670495948,4.846392132809672,0.213906641720423,33.32738121645794,5.772987200441201,0.0230470775157725,10.08,5.722717540629994,2.5332537430580624,3.177327750114971,3.467384149829622,-0.4509543512511174,2.095209715644654,0.4333293279602022,-3.5863039286361293
SVM (linear kernel),198,50,23.458260763940682,4.843372870628555,0.2148857959330197,33.02030960990797,5.746330099281451,0.032048519947822096,10.08,,,,,,,,
"Feedforward NN (3 layers, [[16, 4, 1]] activations)",198,50,33.826470877831625,5.816052860646267,-0.13212326467387792,44.24814023604633,6.6519275579373485,-0.2970821090722273,10.08,,,,,,,,
