model_type,n_train,n_test,mse_train,rmse_train,r2_train,mse_test,rmse_test,r2_test,y_test_mean,bias,Game of season_weight,Game for player_weight,Age (days)_weight,Home?_weight,Game Started?_weight,Year_weight,Month of Season_weight
Linreg,728,182,17.837334388151564,4.223426853652324,0.2224868401496155,16.637509447679236,4.0789103260159125,0.17064334417129634,6.164835164835165,6.9209293871158195,1.868471812663562,1.1132917697097642,3.669836319866569,0.45425222882720573,3.174578725707733,-9.32478624553649,-1.2658824336337955
Lasso (lambda=0.05),728,182,17.974648186599,4.2396518945072605,0.2165014567398139,16.554897695475933,4.068771030111664,0.17476142487051038,6.164835164835165,6.943746771040847,0.0,0.5293779402783586,-4.657863886192658,0.28960813729214435,3.064926918008931,-0.0,0.0
"Random Forest (500 estimators, 5 depth)",728,182,12.386671466785137,3.5194703389551583,0.46007627246333627,16.82648434245664,4.102009793071762,0.16122320906868137,6.164835164835165,,0.10842674357443965,0.07986847900498724,0.6995055020751748,0.01494486753051178,0.062009928704720774,0.02083701489627172,0.014407464213893918
"Random Forest (100 estimators, 5 depth)",728,182,12.419630516265277,3.524149616044313,0.4586396175153866,16.77083954645482,4.095221550350459,0.1639970245890553,6.164835164835165,,0.11748768767113234,0.07705430533424423,0.6790604858253637,0.011607755960525696,0.07460723358990004,0.02184758222792354,0.01833494939091051
Ridge (lambda=2.0),728,182,17.85655814854209,4.225702089421602,0.22164889394306964,16.53586190969473,4.066431102292861,0.17571033225873556,6.164835164835165,6.889342363488021,1.2084933643278408,1.0406414106477364,-2.2637086939142237,0.4729072136814325,3.1384810552208986,-3.0573644937689077,-0.9657976803263985
