model_type,n_train,n_test,mse_train,rmse_train,r2_train,mse_test,rmse_test,r2_test,y_test_mean,bias,Game of season_weight,Game for player_weight,Age (days)_weight,Home?_weight,Game Started?_weight,Year_weight,Month of Season_weight
Linreg,332,83,24.15161417225232,4.914429180713903,0.153114121430172,19.984070245866825,4.470354599566663,0.0774996654709549,4.891566265060241,4.281750457183058,3.957356980892275,3.957356980892273,0.2044616068591513,0.4176337501694653,5.605422108902047,-1.2758931205522306,-3.504059392958652
Lasso (lambda=0.05),332,83,24.48232202161409,4.947961400578434,0.1415177202306837,19.77157543334354,4.446523971974461,0.0873088051120128,4.891566265060241,4.164909165306428,3.3320770734361664,2.0468041717063137e-15,-1.1050288490091076,0.1949339329071932,5.067466726932908,-0.0,-0.0
"Random Forest (500 estimators, 5 depth)",332,83,14.04433253605989,3.7475768886121457,0.5075299392455184,21.80270012175924,4.669336154289947,-0.0064515340722035,4.891566265060241,,0.1476017069552856,0.1486670409726386,0.3700688583162957,0.0356596389873019,0.186278818341777,0.0513383766677648,0.0603855597589361
"Random Forest (100 estimators, 5 depth)",332,83,14.060031832344883,3.749670896538106,0.5069794372280375,22.28880806646118,4.721102420670534,-0.0288911440259123,4.891566265060241,,0.1521410427292532,0.132291027139222,0.3842944729382696,0.0345373302044246,0.1813714208691805,0.0479386691472294,0.0674260369724206
Ridge (lambda=2.0),332,83,24.218359389991654,4.921215235080829,0.1507736740396843,19.736207958561064,4.442545211763305,0.0889414308442523,4.891566265060241,4.286748644332086,2.9394107024372405,2.939410702437241,-0.5662325264613843,0.4030189751388277,5.204228904901523,-0.7420795770470355,-1.918635897203515
SVM (linear kernel),332,83,24.342145042389618,4.933775941648507,0.14643308130589405,19.634808427704105,4.431118191574685,0.09362221408739457,4.891566265060241,,,,,,,,
"Feedforward NN (3 layers, [[16, 4, 1]] activations)",332,83,22.173379044048534,4.708861756735755,0.2224817165986701,22.947392649281436,4.790343688012524,-0.05929258329692444,4.891566265060241,,,,,,,,
