model_type,n_train,n_test,mse_train,rmse_train,r2_train,mse_test,rmse_test,r2_test,y_test_mean,bias,Game of season_weight,Game for player_weight,Age (days)_weight,Home?_weight,Game Started?_weight,Year_weight,Month of Season_weight
Linreg,204,52,45.799580608285815,6.767538740804209,0.13363650981278496,36.472642769242945,6.039258461867893,0.19217894197410867,12.346153846153847,10.18429218847773,-14.40797659028959,23.316661444843806,-0.32212892211512467,1.8158966168297812,6.386961399736176,-8.655949900593649,-5.642469394984268
Lasso (lambda=0.05),204,52,47.71732454008541,6.907772762626562,0.09735968579010679,41.49235230053405,6.4414557594175905,0.08099897922214161,12.346153846153847,7.739345970465835,-4.915317236880625,7.931217836550855,-0.0,1.7668106115732811,5.090594849695616,-1.5942828309190133,-0.8687076429996985
"Random Forest (500 estimators, 5 depth)",204,52,24.175178687263166,4.9168260786063165,0.5426924896424111,31.42609598608591,5.605898321062014,0.3039533145508314,12.346153846153847,,0.1778458226191749,0.18963325731780495,0.5317443512828196,0.05516240389242387,0.0021981632044526596,0.010868514994673072,0.032547486688651
"Random Forest (100 estimators, 5 depth)",204,52,24.471151415755504,4.946832462875158,0.5370937491593932,31.40071156186889,5.603633781919451,0.30451554615434073,12.346153846153847,,0.16274096919564662,0.18361029308141522,0.5484964068149345,0.06081221850567971,0.0016684888941369508,0.009282848708976301,0.03338877479921068
Ridge (lambda=2.0),204,52,47.600052234848626,6.899279109794633,0.09957805640219175,42.52839265951486,6.521379659206697,0.05805204816906262,12.346153846153847,7.971206228647313,-3.7355358081824606,7.663059248855363,-0.7995023686366872,1.8854713286651494,5.497797819541338,-1.6379019504848604,-2.880385267846751
