model_type,n_train,n_test,mse_train,rmse_train,r2_train,mse_test,rmse_test,r2_test,y_test_mean,bias,Game of season_weight,Game for player_weight,Age (days)_weight,Home?_weight,Game Started?_weight,Year_weight,Month of Season_weight
Linreg,462,116,31.02784888133194,5.570264704781268,0.1363682604770962,28.42203820386909,5.331232334448489,0.13577366089322,11.974137931034482,4.921642441517699,-5.962953295499455,3.0987216574454566,0.00560487062191,0.817093806432018,6.98041081448564,-0.3334339634727252,5.416778999413457
Lasso (lambda=0.05),462,116,31.31124665019348,5.595645329199616,0.1284801432880874,28.15065891867963,5.305719453446406,0.144025466216484,11.974137931034482,5.634776313384958,0.0,0.0,0.0,0.6196368260890531,6.531267576916837,0.0,1.176793174183485
"Random Forest (500 estimators, 5 depth)",462,116,20.41418629300569,4.518206092356312,0.4317898322052063,25.900338534356703,5.08923751993918,0.212450754143091,11.974137931034482,,0.093606568914588,0.1239817072748263,0.7001090136982655,0.0221690377765921,0.0315975900066332,0.0090288589262671,0.0195072234028275
"Random Forest (100 estimators, 5 depth)",462,116,20.249131751327425,4.499903526891152,0.4363839741159439,25.930475462502123,5.092197508198413,0.2115343833009922,11.974137931034482,,0.098367704920587,0.1197048199680777,0.6882905071034525,0.0235767065961246,0.0377163219701663,0.0113028649244595,0.021041074517132
Ridge (lambda=2.0),462,116,31.111715766038294,5.577787712528893,0.1340339025973627,28.29598156647848,5.319396729562336,0.1396066536388762,11.974137931034482,5.184245272298258,-2.3673790251881703,0.9655968703569392,-0.0781140038744301,0.8060048786199006,6.708241589944919,0.0169924477551349,3.3051888520838317
SVM (linear kernel),462,116,31.530123864922377,5.615169086049179,0.12238789659637517,29.225610664083696,5.4060716480716104,0.11133950594215947,11.974137931034482,,,,,,,,
"Feedforward NN (3 layers, [[16, 4, 1]] activations)",462,116,32.01030203892,5.657764756413967,0.1090225771610338,30.956158859869426,5.563825919263598,0.05871888383321611,11.974137931034482,,,,,,,,
