model_type,n_train,n_test,mse_train,rmse_train,r2_train,mse_test,rmse_test,r2_test,y_test_mean,bias,Game of season_weight,Game for player_weight,Age (days)_weight,Home?_weight,Game Started?_weight,Year_weight,Month of Season_weight
Linreg,407,102,29.722593993174826,5.451843173934374,0.1844737398727666,23.376584241972157,4.834933737081839,0.19705384188856823,5.696078431372549,7.34991287614087,-5.654558063848422,12.89099134775047,4.677031889928432,-0.6375099459207799,4.7045212935748335,-6.721436137729411,-4.842845569691661
Lasso (lambda=0.05),407,102,30.384759127823337,5.512237216214786,0.16630530356567474,24.09957593502598,4.909131892201103,0.1722202992171915,5.696078431372549,7.0970654130198225,-0.0,5.790820426868072,-0.0,-0.43636069380273923,4.568528443489901,-1.541052643114803,-4.54505722971619
"Random Forest (500 estimators, 5 depth)",407,102,19.178179078399182,4.37928979155287,0.47379058962859344,22.563168908798122,4.7500704109305705,0.22499328376598093,5.696078431372549,,0.1021025308057078,0.13928763177262848,0.49038471528209676,0.02342492230598838,0.21025491591368003,0.014064769299331094,0.02048051462056758
"Random Forest (100 estimators, 5 depth)",407,102,19.0439185968418,4.363933844232953,0.47747441845028094,21.815265531871717,4.670681484737716,0.2506825006731881,5.696078431372549,,0.09355683792881202,0.15084306378611975,0.5025487937364912,0.025001353115553206,0.20151718490591777,0.012133478981734348,0.014399287545371803
Ridge (lambda=2.0),407,102,29.98783036062402,5.476114531364736,0.17719620471398323,23.78388654134128,4.876872618937394,0.18306369631883224,5.696078431372549,7.486104732015118,-2.4981921539173677,8.347956425122682,-0.37468861502053347,-0.6263266638087754,4.6677930574524655,-1.6405887631327998,-4.499680900165941
