model_type,n_train,n_test,mse_train,rmse_train,r2_train,mse_test,rmse_test,r2_test,y_test_mean,bias,Game of season_weight,Game for player_weight,Age (days)_weight,Home?_weight,Game Started?_weight,Year_weight,Month of Season_weight
Linreg,164,42,21.41170131747777,4.62727795982452,0.1985020255152534,20.82010450456009,4.562905270171636,0.2313542130544775,5.357142857142857,2.565839360392778,-3.692544598439007,2.719904957259687,2.8612278972912284,0.1892199162895259,4.149175593456795,-3.3316471416395177,3.334014197079613
Lasso (lambda=0.05),164,42,21.717497771333683,4.66020361908508,0.1870552359894689,22.81460437559417,4.776463584661164,0.1577203884693052,5.357142857142857,2.8136565392461814,-0.0,0.3147968259839001,-0.0,0.0,4.203743520298066,-0.0,0.8196122792756575
"Random Forest (500 estimators, 5 depth)",164,42,11.241568703529913,3.352844867203061,0.5791976353342994,18.50978642882049,4.302300132350194,0.3166475532023323,5.357142857142857,,0.19697996591976,0.188591321016004,0.2573441155644896,0.0336211738508802,0.2747814744054819,0.0083893467425716,0.0402926025008125
"Random Forest (100 estimators, 5 depth)",164,42,11.249870775713804,3.3540827025751474,0.5788868662860696,19.253226653880965,4.387849889624868,0.2892008995741815,5.357142857142857,,0.2146344865447156,0.1827210946663459,0.2454644048424364,0.0295225007314075,0.2737346246422552,0.0068167473571824,0.0471061412156569
Ridge (lambda=2.0),164,42,21.53288263152488,4.640353718362952,0.1939658807076066,21.58007772511336,4.645436225492,0.2032971870178527,5.357142857142857,2.7837952204338614,-1.4278362013040276,1.6799669190305826,0.227398549836181,0.1728868365388216,4.115536516300032,-0.540103465668695,1.4011931323923517
SVM (linear kernel),164,42,22.378500720546423,4.730592005293462,0.16231210525608808,25.094701842389718,5.009461232746464,0.07354274607112721,5.357142857142857,,,,,,,,
"Feedforward NN (3 layers, [[16, 4, 1]] activations)",164,42,21.295103457195378,4.614661792287207,0.20286659923407846,23.614342842965375,4.859459110123819,0.12819529153866738,5.357142857142857,,,,,,,,
