model_type,n_train,n_test,mse_train,rmse_train,r2_train,mse_test,rmse_test,r2_test,y_test_mean,bias,Game of season_weight,Game for player_weight,Age (days)_weight,Home?_weight,Game Started?_weight,Year_weight,Month of Season_weight
Linreg,199,50,20.915984873286877,4.5733997062674145,0.2817592414955665,18.17099504649922,4.262745013075403,0.45278635906032527,5.56,5.647362740458593,-6.740260868516126,6.264910089990634,-1.5538296858859297,-0.4384248301366654,4.858291788539967,-1.5147732282526989,1.4282949738359791
Lasso (lambda=0.05),199,50,21.053338075148005,4.588391665403903,0.27704262554439785,18.174901284605852,4.26320317186571,0.4526687239626743,5.56,5.637071996786963,-0.0,0.0,-2.4851898051456134,-0.24484427115352617,5.146706953067928,-0.0017663276478611105,0.10064162614528237
"Random Forest (500 estimators, 5 depth)",199,50,11.375193916468973,3.372713138775513,0.6093835429602803,20.849786728430026,4.566156669282169,0.372115413642249,5.56,,0.16274922961902422,0.16817815998181498,0.24406740800830895,0.024394204050143403,0.37172067937961323,0.015847742746793368,0.013042576214301984
"Random Forest (100 estimators, 5 depth)",199,50,11.313835015548712,3.363604467762033,0.6114905660722663,22.02529098209867,4.693111013187166,0.336715483096672,5.56,,0.15569761077638508,0.17489190401199564,0.24057934859121266,0.02623915351741468,0.3769005004463657,0.013226719652816655,0.012464763003809557
Ridge (lambda=2.0),199,50,20.966714270333874,4.57894248384208,0.2800172283494373,18.286676559657156,4.276292384725015,0.4493026476926991,5.56,5.480126632189998,-0.7938656871222298,0.04549435680108138,-1.3226777370087228,-0.43508344675195043,5.003973427329145,-1.1784488042633037,1.377899266669475
