model_type,n_train,n_test,mse_train,rmse_train,r2_train,mse_test,rmse_test,r2_test,y_test_mean,bias,Game of season_weight,Game for player_weight,Age (days)_weight,Home?_weight,Game Started?_weight,Year_weight,Month of Season_weight
Linreg,594,149,37.227048639417035,6.101397269430752,0.2134761346782329,43.63609621447231,6.605762349227552,0.12851066726264382,12.322147651006711,9.639497080842446,-15.440690585879688,12.133012845073118,-0.6058493009297303,-0.11836744824774947,4.784119060881149,-4.158737725104949,5.726339093224932
Lasso (lambda=0.05),594,149,37.46525754113448,6.120886989737229,0.20844331598912313,43.325099417727166,6.5821804455459265,0.13472181845148434,12.322147651006711,9.891148835480253,0.0,0.0,-4.1151998986503955,-0.0,4.8418861682976555,-0.0,1.3832342452364434
"Random Forest (500 estimators, 5 depth)",594,149,25.291655926484943,5.029081022064065,0.4656441564205981,38.28509594047631,6.187495126501217,0.2353795227015395,12.322147651006711,,0.06496351677029248,0.06719230414165323,0.7010698473667847,0.014732724768055035,0.13808992753287347,0.007404798435637859,0.00654688098470339
"Random Forest (100 estimators, 5 depth)",594,149,25.382267720437653,5.0380817500748885,0.46372973287567154,38.953390327229464,6.241265122331326,0.2220325123200182,12.322147651006711,,0.0669397526516053,0.05908687677618101,0.7085624903101634,0.013957647673097925,0.13009745804053646,0.01271764743138268,0.008638127117033205
Ridge (lambda=2.0),594,149,37.31420802608885,6.1085356695437945,0.21163465273943627,43.56815925054583,6.6006180960987155,0.12986748752148392,12.322147651006711,9.847072385711703,-1.4717916634687485,-0.15167181405784425,-2.4204337701741734,-0.15185533683863411,4.832852325654208,-2.3214242176136644,3.6631490103697577
