model_type,n_train,n_test,mse_train,rmse_train,r2_train,mse_test,rmse_test,r2_test,y_test_mean,bias,Game of season_weight,Game for player_weight,Age (days)_weight,Home?_weight,Game Started?_weight,Year_weight,Month of Season_weight
Linreg,594,149,37.22704863941704,6.101397269430752,0.2134761346782329,43.63609621447231,6.605762349227552,0.1285106672626438,12.322147651006713,9.639497080842446,-15.440690585879688,12.133012845073118,-0.6058493009297303,-0.1183674482477494,4.784119060881149,-4.158737725104949,5.726339093224932
Lasso (lambda=0.05),594,149,37.46525754113448,6.120886989737229,0.2084433159891231,43.325099417727166,6.582180445545927,0.1347218184514843,12.322147651006713,9.891148835480251,0.0,0.0,-4.115199898650396,-0.0,4.841886168297656,-0.0,1.3832342452364434
"Random Forest (500 estimators, 5 depth)",594,149,25.291655926484943,5.029081022064065,0.4656441564205981,38.28509594047631,6.187495126501217,0.2353795227015395,12.322147651006713,,0.0649635167702924,0.0671923041416532,0.7010698473667847,0.014732724768055,0.1380899275328734,0.0074047984356378,0.0065468809847033
"Random Forest (100 estimators, 5 depth)",594,149,25.382267720437653,5.0380817500748885,0.4637297328756715,38.95339032722946,6.241265122331326,0.2220325123200182,12.322147651006713,,0.0669397526516053,0.059086876776181,0.7085624903101634,0.0139576476730979,0.1300974580405364,0.0127176474313826,0.0086381271170332
Ridge (lambda=2.0),594,149,37.31420802608885,6.1085356695437945,0.2116346527394362,43.56815925054583,6.600618096098716,0.1298674875214839,12.322147651006713,9.847072385711703,-1.4717916634687485,-0.1516718140578442,-2.4204337701741734,-0.1518553368386341,4.832852325654208,-2.3214242176136644,3.6631490103697577
SVM (linear kernel),594,149,37.29726912706404,6.107149017918593,0.21199253360354475,43.46245328283824,6.592605955374418,0.13197862099252278,12.322147651006711,,,,,,,,
"Feedforward NN (3 layers, [[16, 4, 1]] activations)",594,149,36.76586759181784,6.063486422168177,0.22321985365215102,44.43059946776597,6.665628212536758,0.112643044580097,12.322147651006711,,,,,,,,
