model_type,n_train,n_test,mse_train,rmse_train,r2_train,mse_test,rmse_test,r2_test,y_test_mean,bias,Game of season_weight,Game for player_weight,Age (days)_weight,Home?_weight,Game Started?_weight,Year_weight,Month of Season_weight
Linreg,192,49,22.163318396745083,4.70779336810199,0.23985957954855497,13.471699684139217,3.6703814085377036,0.3221519983733966,4.591836734693878,5.000875803833324,3.003760048379693,3.0037600483796942,-5.7145938816099076,-0.9444265994712524,6.914011339289786,3.070315603338473,-2.0794111382130036
Lasso (lambda=0.05),192,49,22.39146803402386,4.731962387215674,0.23203467904843844,14.079737290909017,3.7522976015914593,0.29155770913549295,4.591836734693878,4.926928692351265,3.3622880397421655,0.0,-2.455631942923775,-0.7750272937417031,6.542355107698781,-0.0,-0.0
"Random Forest (500 estimators, 5 depth)",192,49,12.516643686448964,3.537886895655225,0.5707137972689356,12.654696921476111,3.557344082525067,0.36326067084823044,4.591836734693878,,0.1512527672060519,0.15508419465139983,0.4427962823780589,0.02810574266690872,0.16355607593957183,0.012721773617771716,0.046483163540237134
"Random Forest (100 estimators, 5 depth)",192,49,12.340433878726396,3.5128953697379597,0.5767573055077366,12.079543568944645,3.4755637771366885,0.39220034140081117,4.591836734693878,,0.15647471202185062,0.16119438185183826,0.42656951890192385,0.032149018599185904,0.1629144012571308,0.013527186328831181,0.04717078103923941
Ridge (lambda=2.0),192,49,22.263589146591,4.718430792815658,0.23642057061575694,13.930845465970645,3.7324047832423863,0.29904941607369295,4.591836734693878,5.137760003134146,2.444478453706649,2.444478453706651,-1.5905787498306172,-0.9098783692395088,6.129403016886303,-1.283149291689674,-0.9819124672404448
