model_type,n_train,n_test,mse_train,rmse_train,r2_train,mse_test,rmse_test,r2_test,y_test_mean,bias,Game of season_weight,Game for player_weight,Age (days)_weight,Home?_weight,Game Started?_weight,Year_weight,Month of Season_weight
Linreg,148,38,9.15301113219409,3.0253943763076725,0.15128202113426514,6.035967294597885,2.456820566219252,0.09095361145188297,2.789473684210526,2.792371110914649,4.435814895979063,-6.645822963188698,-0.07558112419573959,0.32937748858127824,2.7818886674582446,-2.6322386678272425,3.539454901573534
Lasso (lambda=0.05),148,38,9.384356162846718,3.0633896524677886,0.12983042624375796,6.07097294766553,2.463934444676954,0.08568158777335988,2.789473684210526,2.6800682936099096,-0.0,-0.0,-0.41807612689226514,0.12954970763356685,2.5617994274362474,-0.0,0.0
"Random Forest (500 estimators, 5 depth)",148,38,4.153379567699513,2.037984192210409,0.6148756009089249,8.781113099148431,2.963294298436865,-0.3224788605726254,2.789473684210526,,0.13874144659280843,0.1688935140847291,0.43763523364280615,0.0343480437847013,0.1670113385978146,0.025163641954743753,0.028206781342396747
"Random Forest (100 estimators, 5 depth)",148,38,4.143424954546779,2.0355404576050016,0.6157986478749296,8.637930332793134,2.939035612712635,-0.3009148310965044,2.789473684210526,,0.12861576615909948,0.18020457454189312,0.43488385760192794,0.03500734217950386,0.164310599876242,0.0269986971982786,0.02997916244305507
Ridge (lambda=2.0),148,38,9.280132615258339,3.0463310088134445,0.13949461187424383,6.0971842651912,2.4692477123997096,0.08173403432039095,2.789473684210526,2.679079845567715,0.2868825302765934,-0.865280746638774,-0.612664226816133,0.2977748029801048,2.731209144630358,-0.5234886319537115,0.8533893413933623
