model_type,n_train,n_test,mse_train,rmse_train,r2_train,mse_test,rmse_test,r2_test,y_test_mean,bias,Game of season_weight,Game for player_weight,Age (days)_weight,Home?_weight,Game Started?_weight,Year_weight,Month of Season_weight
Linreg,887,222,43.08106298951602,6.563616608967652,0.11462657060274772,41.370414253129276,6.431983695029806,0.11052287340523226,14.815315315315315,11.56758079498143,-14.922162865566309,17.500755171940348,-11.598014131887453,-0.9257045298825207,5.085097017947042,8.68173167235202,-2.11310253189197
Lasso (lambda=0.05),887,222,43.47952154740275,6.593900328895088,0.106437714632441,41.36824662670617,6.431815189097566,0.11056947806600648,14.815315315315315,11.336013403881859,0.0,0.32605700768992035,-2.7074737866401613,-0.6476092857563337,5.0984543196377,-0.0,0.0
"Random Forest (500 estimators, 5 depth)",887,222,31.976541166985292,5.654780381852623,0.3428393370849312,36.83312668744332,6.069030127412725,0.20807600598367249,14.815315315315315,,0.11128881623367776,0.07218768971192266,0.611095537538569,0.036727367875302126,0.14853621018411686,0.01044183990837336,0.009722538548038223
"Random Forest (100 estimators, 5 depth)",887,222,32.202120295248214,5.674691207039218,0.33820338447533116,36.74561599298598,6.061816228902521,0.20995751387904815,14.815315315315315,,0.10147998008569308,0.08220288394674843,0.6278328298988111,0.032573705362378746,0.14002945145052262,0.008058640339600806,0.007822508916245401
Ridge (lambda=2.0),887,222,43.280618103109354,6.578800658411026,0.1105254462800056,41.47129389822081,6.439820952341828,0.10835392879909678,14.815315315315315,11.713453219558733,-1.81493662241433,4.070042567949796,-2.330419514269508,-0.8791397837501583,5.092174833381206,-1.2527878783214936,-1.5281419427546974
