model_type,n_train,n_test,mse_train,rmse_train,r2_train,mse_test,rmse_test,r2_test,y_test_mean,bias,Game of season_weight,Game for player_weight,Age (days)_weight,Home?_weight,Game Started?_weight,Year_weight,Month of Season_weight
Linreg,526,132,30.13770900240957,5.489782236337756,0.1934859724471999,39.39166795265504,6.276278192739312,0.0988482574534936,8.878787878787879,12.800989280426853,-0.7617401929087105,3.332351517411153,2.407467194941981,-0.5617787346472367,2.924702094329049,-11.347472051837345,-3.940884083861226
Lasso (lambda=0.05),526,132,30.434651228245592,5.516760936296369,0.1855395133951745,39.21810847099946,6.262436304745898,0.1028187272878093,8.878787878787879,11.852285558838398,-0.0,0.0,-0.0,-0.2980434732660192,2.898072669911308,-8.17757963392428,-0.9720889172850172
"Random Forest (500 estimators, 5 depth)",526,132,18.55104559356675,4.307092475622825,0.5035562094057338,31.48559461324253,5.611202599554085,0.2797132001382032,8.878787878787879,,0.0946043640529443,0.08025196873653,0.7134829765493005,0.0248363607475179,0.0158734866681137,0.0506405091084561,0.0203103341371373
"Random Forest (100 estimators, 5 depth)",526,132,18.59050399347448,4.3116706731236425,0.5025002647409345,31.95286334953086,5.652686383440254,0.2690236290225594,8.878787878787879,,0.0922106003852562,0.0789263194032816,0.71734046628005,0.0239785243047402,0.0155515410655032,0.0527200981951192,0.0192724503660495
Ridge (lambda=2.0),526,132,30.18424781555988,5.494019276955613,0.1922405491262572,39.178718242174426,6.259290554222134,0.1037198461078513,8.878787878787879,12.612149347624204,-0.7013126959144921,2.3883336733119167,-3.7164315208419274,-0.5448260884700498,2.9228902095953564,-4.663665080258234,-3.508772728416181
SVM (linear kernel),526,132,30.518051151321036,5.524314541309269,0.183307651382976,40.003960292824125,6.324868401225761,0.08484102348832068,8.878787878787879,,,,,,,,
"Feedforward NN (3 layers, [[16, 4, 1]] activations)",526,132,31.71979701634963,5.632033115700726,0.15114777826117887,41.880372086190114,6.471504623052518,0.04191489608089749,8.878787878787879,,,,,,,,
