model_type,n_train,n_test,mse_train,rmse_train,r2_train,mse_test,rmse_test,r2_test,y_test_mean,bias,Game of season_weight,Game for player_weight,Age (days)_weight,Home?_weight,Game Started?_weight,Year_weight,Month of Season_weight
Linreg,526,132,30.13770900240957,5.4897822363377555,0.1934859724471999,39.39166795265504,6.276278192739312,0.09884825745349368,8.878787878787879,12.800989280426851,-0.7617401929087105,3.332351517411153,2.4074671949419812,-0.5617787346472367,2.924702094329049,-11.347472051837343,-3.940884083861226
Lasso (lambda=0.05),526,132,30.434651228245592,5.516760936296369,0.1855395133951745,39.21810847099946,6.262436304745898,0.10281872728780939,8.878787878787879,11.852285558838398,-0.0,0.0,-0.0,-0.2980434732660192,2.898072669911308,-8.17757963392428,-0.9720889172850173
"Random Forest (500 estimators, 5 depth)",526,132,18.55104559356675,4.307092475622825,0.5035562094057338,31.485594613242526,5.611202599554085,0.2797132001382032,8.878787878787879,,0.09460436405294437,0.08025196873653002,0.7134829765493005,0.02483636074751794,0.015873486668113702,0.050640509108456126,0.020310334137137336
"Random Forest (100 estimators, 5 depth)",526,132,18.59050399347448,4.3116706731236425,0.5025002647409345,31.95286334953086,5.652686383440254,0.2690236290225594,8.878787878787879,,0.09221060038525626,0.07892631940328167,0.71734046628005,0.023978524304740224,0.0155515410655032,0.052720098195119205,0.019272450366049552
Ridge (lambda=2.0),526,132,30.18424781555988,5.494019276955613,0.1922405491262572,39.178718242174426,6.259290554222134,0.10371984610785134,8.878787878787879,12.612149347624205,-0.7013126959144921,2.3883336733119167,-3.7164315208419265,-0.5448260884700498,2.9228902095953564,-4.663665080258234,-3.508772728416181
