model_type,n_train,n_test,mse_train,rmse_train,r2_train,mse_test,rmse_test,r2_test,y_test_mean,bias,Game of season_weight,Game for player_weight,Age (days)_weight,Home?_weight,Game Started?_weight,Year_weight,Month of Season_weight
Linreg,103,26,18.521390483668743,4.30364850837853,0.0949841023174629,21.176844331752918,4.601830541399033,0.0157077304548287,5.846153846153846,4.528405089271264,-1.8158096309097211,-1.8158096309097125,10.97451549083382,0.9361392330447572,-0.6865403918186892,-9.454475734423625,2.7601013634700613
Lasso (lambda=0.05),103,26,19.3811406735696,4.402401693799601,0.0529738876641986,19.590921921741337,4.426163341059764,0.0894208457716484,5.846153846153846,5.081964399101329,-0.2280294424274914,-0.0,1.8213745315476648,0.9252763388181132,-0.0,-0.0,-1.6860540359873897
"Random Forest (500 estimators, 5 depth)",103,26,6.810009652658774,2.609599519592762,0.6672405884179106,16.79919963288901,4.098682670430709,0.2191791149729806,5.846153846153846,,0.2029018074261879,0.2069777955728081,0.4469857341943938,0.0552291116971105,0.0018421308301781,0.011120172541609,0.0749432477377124
"Random Forest (100 estimators, 5 depth)",103,26,6.822032752538116,2.611902133032192,0.6666531003165272,17.528870748219866,4.186749425057567,0.1852642584023219,5.846153846153846,,0.2140039882013816,0.1986081334079626,0.4592598926829269,0.0558408453404628,0.0021465185459757,0.0043997797652092,0.065740842056081
Ridge (lambda=2.0),103,26,19.14025235668874,4.374957411985714,0.0647444810510933,19.884089683975933,4.459157956831753,0.0757945113883573,5.846153846153846,5.139427306771078,-0.6129199727731267,-0.6129199727731268,3.020551713960624,0.9770867553687284,-0.3942661704515958,-1.2065089195584298,-0.9778154345404196
SVM (linear kernel),103,26,19.637657357183606,4.431439648374285,0.04043964101051578,20.839389776585808,4.565018047783142,0.03139249938311284,5.846153846153846,,,,,,,,
"Feedforward NN (3 layers, [[16, 4, 1]] activations)",103,26,24.4821935608595,4.947948419381461,-0.19628029020043858,24.049464457581323,4.904025332069699,-0.11781064173026512,5.846153846153846,,,,,,,,
