model_type,n_train,n_test,mse_train,rmse_train,r2_train,mse_test,rmse_test,r2_test,y_test_mean,bias,Game of season_weight,Game for player_weight,Age (days)_weight,Home?_weight,Game Started?_weight,Year_weight,Month of Season_weight
Linreg,103,26,18.521390483668746,4.30364850837853,0.0949841023174629,21.176844331752914,4.601830541399033,0.01570773045482876,5.846153846153846,4.528405089271264,-1.8158096309097214,-1.8158096309097125,10.97451549083382,0.9361392330447573,-0.6865403918186892,-9.454475734423625,2.7601013634700613
Lasso (lambda=0.05),103,26,19.3811406735696,4.402401693799601,0.05297388766419864,19.590921921741337,4.426163341059764,0.08942084577164844,5.846153846153846,5.081964399101329,-0.22802944242749143,-0.0,1.8213745315476648,0.9252763388181133,-0.0,-0.0,-1.6860540359873897
"Random Forest (500 estimators, 5 depth)",103,26,6.810009652658774,2.609599519592762,0.6672405884179106,16.79919963288901,4.098682670430709,0.2191791149729806,5.846153846153846,,0.2029018074261879,0.2069777955728081,0.4469857341943938,0.055229111697110554,0.0018421308301781946,0.011120172541609,0.07494324773771248
"Random Forest (100 estimators, 5 depth)",103,26,6.8220327525381155,2.611902133032192,0.6666531003165272,17.528870748219866,4.186749425057567,0.18526425840232197,5.846153846153846,,0.21400398820138164,0.19860813340796266,0.45925989268292694,0.055840845340462825,0.0021465185459757,0.004399779765209264,0.06574084205608105
Ridge (lambda=2.0),103,26,19.14025235668874,4.374957411985714,0.06474448105109332,19.884089683975933,4.459157956831753,0.07579451138835736,5.846153846153846,5.139427306771078,-0.6129199727731267,-0.6129199727731268,3.020551713960624,0.9770867553687285,-0.3942661704515958,-1.2065089195584298,-0.9778154345404195
