model_type,n_train,n_test,mse_train,rmse_train,r2_train,mse_test,rmse_test,r2_test,y_test_mean,bias,Game of season_weight,Game for player_weight,Age (days)_weight,Home?_weight,Game Started?_weight,Year_weight,Month of Season_weight
Linreg,144,36,16.56315079524847,4.0697851043081466,0.1610644690412312,15.27856825170386,3.9087809163093112,0.2570250852047502,5.861111111111111,1.3190150889921872,4.3229880493232296,4.322988049323232,5.655926582919196,0.965354723710386,6.220532301679748,-5.31200647336338,-1.9917205439977936
Lasso (lambda=0.05),144,36,17.108155706139264,4.136200636591419,0.1334595773183067,16.085571397408486,4.010682161105326,0.2177816768210798,5.861111111111111,2.0737364205413447,4.318055687355595,0.0,0.5208845424039993,0.6577426337023418,3.249387676579272,0.0,0.0
"Random Forest (500 estimators, 5 depth)",144,36,7.719834005961426,2.7784589264485136,0.6089848410628049,21.43796074059683,4.630114549403376,-0.0424973591915309,5.861111111111111,,0.2794899829411376,0.280920544691883,0.318907157790102,0.0547351789067104,0.0127547827390115,0.0132113864814891,0.0399809664496661
"Random Forest (100 estimators, 5 depth)",144,36,7.569173442570009,2.7512130856351367,0.6166159072352861,22.112830630757724,4.702428163274557,-0.0753153164032123,5.861111111111111,,0.2960051713732898,0.2926562647742589,0.2943504796452335,0.0648012818312867,0.014399508780051,0.0173266667148102,0.0204606268810698
Ridge (lambda=2.0),144,36,16.96397533326518,4.118734676240408,0.1407624171684186,16.014453189316868,4.001806240851357,0.2212400535306494,5.861111111111111,1.6719558193066786,2.2110402249578467,2.2110402249578485,1.6496378177714217,0.8370705132660508,3.3109625943544967,-1.1279212634991256,0.5980900592256231
SVM (linear kernel),144,36,17.1322499752322,4.139112220661842,0.13223918521511202,15.534677837804672,3.9414055662675302,0.24457084245263383,5.861111111111111,,,,,,,,
"Feedforward NN (3 layers, [[16, 4, 1]] activations)",144,36,16.822728150245112,4.10155191973052,0.1479166888373915,17.07526184169691,4.1322223853148214,0.1696544464808376,5.861111111111111,,,,,,,,
