model_type,n_train,n_test,mse_train,rmse_train,r2_train,mse_test,rmse_test,r2_test,y_test_mean,bias,Game of season_weight,Game for player_weight,Age (days)_weight,Home?_weight,Game Started?_weight,Year_weight,Month of Season_weight
Linreg,188,47,6.224312782566632,2.4948572669727285,0.0132404954291883,8.375268983045682,2.894005698516449,-0.008776945667825,2.3191489361702127,2.0034359791578567,0.0629560635939642,0.0629560635939637,1.5036305711683748,0.5152021006565894,-0.0913435767534988,-1.8342359897763796,0.069441348031722
Lasso (lambda=0.05),188,47,6.250840433968312,2.5001680811434084,0.0090349850268407,8.454941412972698,2.90773819539736,-0.0183732596105064,2.3191489361702127,1.9525773195876288,-0.0,-0.0,-0.0,0.3177523507420415,-0.0,-0.0,-0.0
"Random Forest (500 estimators, 5 depth)",188,47,3.670597791621694,1.9158804220571009,0.418088809983327,7.919153005376245,2.814098968653421,0.0461609057319453,2.3191489361702127,,0.2436644048549023,0.2568113019374902,0.3413221553434244,0.0741803165275492,0.0046237062797705,0.0196212107923001,0.0597769042645632
"Random Forest (100 estimators, 5 depth)",188,47,3.604945361980676,1.8986693661563816,0.4284968921619555,7.904021631565771,2.811409189635292,0.0479834359798915,2.3191489361702127,,0.2226025664099395,0.2537702909459808,0.3447401412246897,0.0829573832440773,0.005239136644616,0.0230135243243381,0.0676769572063582
Ridge (lambda=2.0),188,47,6.231187188431146,2.4962346020418726,0.0121506746630974,8.476109892855067,2.911375944953703,-0.0209229418384317,2.3191489361702127,2.048962366776612,0.0166629762006954,0.0166629762006955,0.1195550987458481,0.4820972420402933,-0.0693687663264449,-0.322381095044332,-0.1293066955983104
SVM (linear kernel),188,47,6.695984747987483,2.5876600912769594,-0.06153511614068807,8.884179801513495,2.980634127415422,-0.07007378307215428,2.3191489361702127,,,,,,,,
"Feedforward NN (3 layers, [[16, 4, 1]] activations)",188,47,6.448105100792795,2.5393119345194273,-0.022237991075877872,8.998589562171633,2.999764917818,-0.08385410811543803,2.3191489361702127,,,,,,,,
