model_type,n_train,n_test,mse_train,rmse_train,r2_train,mse_test,rmse_test,r2_test,y_test_mean,bias,Game of season_weight,Game for player_weight,Age (days)_weight,Home?_weight,Game Started?_weight,Year_weight,Month of Season_weight
Linreg,402,101,31.95925240088464,5.65325148926568,0.2635754080704515,23.589087866167898,4.856859877139539,0.4052999660854446,9.673267326732674,7.350247180420729,-33.83544361891926,32.40165208284584,2.258573364539288,0.3909965117395302,4.202628671811853,-2.9317021401741066,6.069309405972504
Lasso (lambda=0.05),402,101,35.09464415905116,5.924073274281064,0.1913277982989808,25.66879616554573,5.066438212940698,0.3528688333858951,9.673267326732674,6.66887118024405,-0.0,1.2946516327100337,0.0,0.0687706940511508,5.497139850491983,0.0,0.0
"Random Forest (500 estimators, 5 depth)",402,101,21.020301064498828,4.584790187620239,0.5156373985384177,21.548575763061045,4.642044351690433,0.4567429308921139,9.673267326732674,,0.0619594283056634,0.0577795446169394,0.5350596205026049,0.0215846135977113,0.2373759775440512,0.0619522407230642,0.0242885747099653
"Random Forest (100 estimators, 5 depth)",402,101,20.929489124511598,4.574875858918097,0.5177299426633102,21.69341075053829,4.657618570743884,0.4530915234085602,9.673267326732674,,0.0556377529808136,0.0688037519448562,0.5113936030312033,0.0266503433787064,0.2649012336785217,0.0431635491885179,0.0294497657973808
Ridge (lambda=2.0),402,101,33.834486745670304,5.816741935626017,0.2203651142310113,24.49201458213005,4.948940753548182,0.3825364513767988,9.673267326732674,6.64705565125035,-7.426744234753445,6.851511850299618,0.4108166634451539,0.294904728890104,5.24717749362842,-0.6113862869567726,3.4817271047713847
SVM (linear kernel),402,101,32.80642046093802,5.727688928436845,0.24405444477960514,22.710733553255942,4.765577987322833,0.4274439905869988,9.673267326732674,,,,,,,,
"Feedforward NN (3 layers, [[16, 4, 1]] activations)",402,101,48.231065063407364,6.9448588944202,-0.11136962661442329,33.15856255780276,5.758347207124867,0.16404574905309088,9.673267326732674,,,,,,,,
