model_type,n_train,n_test,mse_train,rmse_train,r2_train,mse_test,rmse_test,r2_test,y_test_mean,bias,Game of season_weight,Game for player_weight,Age (days)_weight,Home?_weight,Game Started?_weight,Year_weight,Month of Season_weight
Linreg,188,48,23.864622203979028,4.885143007525883,0.33653693717578104,21.98876119780641,4.689217546436336,0.22029509665498093,7.583333333333333,4.18661755225767,0.12251372396426223,4.4552037235982915,-20.619487481516767,-0.39229493975584806,6.4709010914138405,21.042800690907416,-6.054094812704973
Lasso (lambda=0.05),188,48,24.751646705947532,4.97510268295515,0.3118766686055948,18.56670091916333,4.308909481430694,0.34163877558248734,7.583333333333333,3.7163149001486735,0.0,3.3570861905161298,-1.1226384518692059,-0.24485900879052955,6.066442313980371,-0.0,-0.9578878962874353
"Random Forest (500 estimators, 5 depth)",188,48,13.32810005261595,3.6507670498973157,0.6294639820000235,18.833289233076016,4.3397337744470015,0.3321857548478341,7.583333333333333,,0.17061464953580308,0.09169929404443165,0.24520981725868807,0.025760149060025862,0.4113454851722957,0.006313991219702387,0.04905661370905323
"Random Forest (100 estimators, 5 depth)",188,48,13.401508350958377,3.6608070627879825,0.6274231495896592,19.401211464617187,4.404680631398511,0.31204766045189014,7.583333333333333,,0.1700147176984274,0.09525225158334018,0.23569432659732328,0.025937723023676862,0.41698436257669824,0.004448836821368792,0.05166778169916532
Ridge (lambda=2.0),188,48,24.55694333463022,4.95549627531191,0.3172896390675721,19.495688225033305,4.415392193795848,0.30869758571662265,7.583333333333333,4.04632694239012,1.6033137768211376,2.7404943456956943,-1.938983179564613,-0.45719734258886324,6.064066953909849,0.7765490064581504,-2.129210322801015
