model_type,n_train,n_test,mse_train,rmse_train,r2_train,mse_test,rmse_test,r2_test,y_test_mean,bias,Game of season_weight,Game for player_weight,Age (days)_weight,Home?_weight,Game Started?_weight,Year_weight,Month of Season_weight
Linreg,460,116,54.54538244624879,7.385484577619047,0.1512032112728019,60.91448567666548,7.804773262348207,-0.010370784004489986,18.32758620689655,16.582322835030716,-36.50837375443916,18.60695554053943,-18.582050316333316,0.09859368259991988,3.5378073366382545,13.644078784755207,16.002911281319587
Lasso (lambda=0.05),460,116,57.274762731998685,7.568009165692037,0.10873051939933687,54.672626909972514,7.394094056067485,0.09316110444030956,18.32758620689655,16.51615611210832,-1.8262870545240164,0.0,-5.71561049867642,0.0,5.304960446716434,-0.0,0.0
"Random Forest (500 estimators, 5 depth)",460,116,37.25334357147684,6.103551717768666,0.4202897298597057,61.57079135561487,7.8467057645622775,-0.021256734628886775,18.32758620689655,,0.10352047979785352,0.11576576448613039,0.6992876836959776,0.018649538402996924,0.00770671300415005,0.037498407626707836,0.017571412986183765
"Random Forest (100 estimators, 5 depth)",460,116,37.464837360411735,6.120852666125181,0.4169986126132442,61.02593110439142,7.811909568370043,-0.012219296766837973,18.32758620689655,,0.09601487037308805,0.12242135458926212,0.6868406080618986,0.018420995662464794,0.010402831757898379,0.045257938909331885,0.02064140064605632
Ridge (lambda=2.0),460,116,56.29506758449709,7.5030039040704954,0.12397584462829503,54.78339750485329,7.401580743655594,0.0913237849332812,18.32758620689655,16.187087010851958,-9.249681045184815,3.4012568974928974,-4.924906948030581,0.0652164089532769,5.233446228476485,-0.7947501545669222,4.485570012742343
