model_type,n_train,n_test,mse_train,rmse_train,r2_train,mse_test,rmse_test,r2_test,y_test_mean,bias,Game of season_weight,Game for player_weight,Age (days)_weight,Home?_weight,Game Started?_weight,Year_weight,Month of Season_weight
Linreg,597,150,43.83199205974399,6.620573393577326,0.14682988344930603,47.33123048274929,6.879769653320472,0.12023444450716148,15.653333333333334,19.89925392849412,32.096072082804966,-15.027433532982002,-15.798286321559894,1.0384399321555837,2.437620461130367,7.2497521115288155,-21.22760365791578
Lasso (lambda=0.05),597,150,45.28935262057604,6.729736445105115,0.11846301210458798,49.10277598630558,7.007337296456164,0.08730598061300854,15.653333333333334,17.375026516656913,10.14767723637152,0.0,-3.3519811899137477,0.8584477526404193,2.0698565971530885,-1.9990279652759415,-11.172931612706313
"Random Forest (500 estimators, 5 depth)",597,150,33.55795105353065,5.792922496765398,0.3468094953905124,44.23906868706592,6.651245649279984,0.17770976074354383,15.653333333333334,,0.1142518333776324,0.10053640176555062,0.7121464704944511,0.02169543631259588,0.03336956926245138,0.005728065830855824,0.012272222956462821
"Random Forest (100 estimators, 5 depth)",597,150,33.54461195940393,5.791771055506591,0.3470691348902474,44.41689649990838,6.664600250570801,0.17440440014015846,15.653333333333334,,0.11269619865255225,0.10469660112989454,0.7064275786747646,0.02377505652276387,0.03348522664159846,0.008255980869377287,0.01066335750904889
Ridge (lambda=2.0),597,150,44.929665472126246,6.702959456249623,0.12546416153777873,48.95805754468803,6.997003468963555,0.08999592336077056,15.653333333333334,17.58277497165765,10.54896647613687,1.4596741710393888,-3.634969991966458,1.043049931298747,2.469656567582989,-2.554159858488465,-13.319309158648807
