model_type,n_train,n_test,mse_train,rmse_train,r2_train,mse_test,rmse_test,r2_test,y_test_mean,bias,Game of season_weight,Game for player_weight,Age (days)_weight,Home?_weight,Game Started?_weight,Year_weight,Month of Season_weight
Linreg,597,150,43.83199205974399,6.620573393577326,0.146829883449306,47.33123048274929,6.879769653320472,0.1202344445071614,15.653333333333334,19.89925392849412,32.096072082804966,-15.027433532982002,-15.798286321559894,1.0384399321555835,2.437620461130367,7.249752111528815,-21.22760365791578
Lasso (lambda=0.05),597,150,45.28935262057604,6.729736445105115,0.1184630121045879,49.10277598630558,7.007337296456164,0.0873059806130085,15.653333333333334,17.375026516656913,10.14767723637152,0.0,-3.351981189913748,0.8584477526404193,2.0698565971530885,-1.9990279652759413,-11.172931612706313
"Random Forest (500 estimators, 5 depth)",597,150,33.55795105353065,5.792922496765398,0.3468094953905124,44.23906868706592,6.651245649279984,0.1777097607435438,15.653333333333334,,0.1142518333776324,0.1005364017655506,0.7121464704944511,0.0216954363125958,0.0333695692624513,0.0057280658308558,0.0122722229564628
"Random Forest (100 estimators, 5 depth)",597,150,33.54461195940393,5.791771055506591,0.3470691348902474,44.41689649990838,6.664600250570801,0.1744044001401584,15.653333333333334,,0.1126961986525522,0.1046966011298945,0.7064275786747646,0.0237750565227638,0.0334852266415984,0.0082559808693772,0.0106633575090488
Ridge (lambda=2.0),597,150,44.929665472126246,6.702959456249623,0.1254641615377787,48.95805754468803,6.997003468963555,0.0899959233607705,15.653333333333334,17.58277497165765,10.54896647613687,1.4596741710393888,-3.634969991966458,1.043049931298747,2.469656567582989,-2.554159858488465,-13.319309158648808
SVM (linear kernel),597,150,44.131897914350915,6.643184320365567,0.14099235015671774,47.72838406691178,6.908573229467267,0.11285238323338942,15.653333333333334,,,,,,,,
"Feedforward NN (3 layers, [[16, 4, 1]] activations)",597,150,46.99875292831817,6.8555636477475845,0.08519029983998672,52.84014018141831,7.269122380412804,0.01783801509305938,15.653333333333334,,,,,,,,
