model_type,n_train,n_test,mse_train,rmse_train,r2_train,mse_test,rmse_test,r2_test,y_test_mean,bias,Game of season_weight,Game for player_weight,Age (days)_weight,Home?_weight,Game Started?_weight,Year_weight,Month of Season_weight
Linreg,480,120,41.72920269166846,6.459814447154691,0.33663902916888255,44.43583846733125,6.6660211871348904,0.17710457820426162,10.275,4.795770737249316,4.13249841163654,4.132498411636534,16.665806993617704,-0.6656284674358078,9.359981481253604,-19.554351512930133,-2.2731745636420975
Lasso (lambda=0.05),480,120,42.23057645765159,6.498505709595983,0.3286687885053047,44.80644872414826,6.6937619261629155,0.17024134586468342,10.275,4.740996116451098,3.0663147854950656,1.2919209443649452e-15,-0.0,-0.5320702211729575,8.85712084409476,-0.0,0.0
"Random Forest (500 estimators, 5 depth)",480,120,28.45314814365137,5.334149242723845,0.5476858708459663,37.36882760107448,6.113004793149968,0.3079766645248305,10.275,,0.0620933804656346,0.06466774596282071,0.27679023062676705,0.016666302278620204,0.5566960503725922,0.011270656558362397,0.011815633735202906
"Random Forest (100 estimators, 5 depth)",480,120,28.58853418496833,5.346824682460453,0.5455336654355587,37.210235573800944,6.100019309297385,0.3109135879109537,10.275,,0.06948348952933019,0.06272534369187806,0.2638342476583406,0.014914617800883214,0.5634976339405845,0.012062216402867552,0.013482450976115935
Ridge (lambda=2.0),480,120,41.9797759437239,6.479180190712703,0.33265571520585313,44.29723804332161,6.655617029496335,0.1796712824301835,10.275,4.831367600594794,3.0118035447682328,3.011803544768246,1.0253369096971492,-0.7118149799679365,9.005387716632393,-1.8995779405495783,-1.9357264859260839
