model_type,n_train,n_test,mse_train,rmse_train,r2_train,mse_test,rmse_test,r2_test,y_test_mean,bias,Game of season_weight,Game for player_weight,Age (days)_weight,Home?_weight,Game Started?_weight,Year_weight,Month of Season_weight
Linreg,407,102,54.19915762543732,7.362007717018321,0.1951965618684931,60.51806742475076,7.779335924405808,0.2442260666130828,13.362745098039216,12.119318835499296,6.3571856103445645,16.947642914091958,8.337885758592943,0.3898347592924139,0.3709233961552033,-5.615153872797424,-20.65866335052539
Lasso (lambda=0.05),407,102,54.91890653131178,7.410729149774115,0.1845090084190038,61.21626888241536,7.824082622417491,0.2355066463736349,13.362745098039216,11.63730505810533,0.0,14.648305996381763,3.7174860194712913,0.2464811717213621,0.5103286172996697,0.0,-12.887564116706406
"Random Forest (500 estimators, 5 depth)",407,102,35.17058634884544,5.9304794366767215,0.4777518682067624,52.71680055205926,7.260633619186363,0.3416514207373912,13.362745098039216,,0.082361370903995,0.1112762428123058,0.7504223334764846,0.0266791848347852,0.0049111122726206,0.0115225245793183,0.0128272311204902
"Random Forest (100 estimators, 5 depth)",407,102,35.27458471592274,5.9392410892236684,0.4762075961728259,52.90507732903986,7.273587651842787,0.3393001447241416,13.362745098039216,,0.0837569733376293,0.1223825010212693,0.739102228739526,0.0245162744145051,0.0043706852678539,0.0122645931812255,0.0136067440379908
Ridge (lambda=2.0),407,102,55.08126271993984,7.421675196338078,0.1820981809350639,61.07910621358176,7.815312291494292,0.2372195888741056,13.362745098039216,10.970246050233625,2.4214673259192065,11.831252172659568,3.3911350554166164,0.4499198574680226,0.6999133549754563,1.149010690984979,-12.777991065167813
SVM (linear kernel),407,102,54.99978177491306,7.416183774348709,0.18330809170808637,59.70001007581495,7.726578160855874,0.2544422953634483,13.362745098039216,,,,,,,,
"Feedforward NN (3 layers, [[16, 4, 1]] activations)",407,102,101.5153779569721,10.075484006089837,-0.5074021217747906,109.19416411782363,10.449601146351167,-0.3636605798894448,13.362745098039216,,,,,,,,
