model_type,n_train,n_test,mse_train,rmse_train,r2_train,mse_test,rmse_test,r2_test,y_test_mean,bias,Game of season_weight,Game for player_weight,Age (days)_weight,Home?_weight,Game Started?_weight,Year_weight,Month of Season_weight
Linreg,195,49,28.614150208052827,5.349219588692619,0.2479277121934771,31.33812686656555,5.598046700998979,-0.0520825890911922,6.26530612244898,3.961286160515132,3.612620869884963,3.6126208698849576,16.906343147564005,1.3238699709245003,3.8834865614640384,-20.596478645892194,-1.928002880327395
Lasso (lambda=0.05),195,49,29.179660579526708,5.401820117287016,0.2330642730991725,30.573996857887703,5.529375810874832,-0.0264292409713411,6.26530612244898,4.723492167424559,1.662519654112938,0.0,-0.0,1.2572843953166954,4.0180532395429225,-3.133832850688586,0.0
"Random Forest (500 estimators, 5 depth)",195,49,12.759919800521926,3.572102994108922,0.6646280946024536,25.61852665689224,5.061474751185887,0.1399356455270245,6.26530612244898,,0.1975087496697576,0.2045881188529809,0.4427882476218296,0.0277265664465361,0.0827658778293051,0.0305838508337059,0.0140385887458845
"Random Forest (100 estimators, 5 depth)",195,49,12.67129957087768,3.559676891359338,0.6669573204704204,26.792130547884515,5.176111527767202,0.1005354533757835,6.26530612244898,,0.207600214575673,0.2068576256663802,0.4088853564483815,0.0302976740014656,0.0936240238726984,0.0353519563315896,0.0173831491038117
Ridge (lambda=2.0),195,49,29.10319798508007,5.394737990401394,0.2350739570464148,30.61656974029481,5.533224172243052,-0.027858496412761,6.26530612244898,4.548905439651928,1.6283128905011583,1.6283128905011526,-0.4240751577500834,1.382376606848046,3.855862875118121,-2.654010749746478,-1.034901214847744
SVM (linear kernel),195,49,29.664667663627196,5.4465280375324605,0.22031672041318806,30.106084993075253,5.486901219547811,-0.010720518867609163,6.26530612244898,,,,,,,,
"Feedforward NN (3 layers, [[16, 4, 1]] activations)",195,49,29.621777392322283,5.442589217672254,0.2214440152736118,32.18216505209238,5.672932667685417,-0.08041861195886058,6.26530612244898,,,,,,,,
