model_type,n_train,n_test,mse_train,rmse_train,r2_train,mse_test,rmse_test,r2_test,y_test_mean,bias,Game of season_weight,Game for player_weight,Age (days)_weight,Home?_weight,Game Started?_weight,Year_weight,Month of Season_weight
Linreg,379,95,36.14796245312277,6.0123175609013515,0.24454197665896193,42.801218619156955,6.5422640285421805,0.30682585266966556,11.25263157894737,11.867117995603211,0.10504527358301732,0.10504527358301852,-0.696917981899703,0.49353994390143047,3.4565043246754854,-7.4553516194355485,3.287516582225612
Lasso (lambda=0.05),379,95,36.312910175296885,6.026019430378306,0.24109472620024364,42.68367664884125,6.533274573201501,0.30872946797964285,11.25263157894737,12.194651965642603,0.0,0.0,-6.265426940226364,0.2861407944323131,3.4481791004776325,-0.6366308223739827,1.6644322047184585
"Random Forest (500 estimators, 5 depth)",379,95,21.5769145422954,4.645095751682133,0.5490630147948268,39.53668976508879,6.287820748485821,0.35969553904446305,11.25263157894737,,0.08766685005749836,0.08959300671121814,0.6246856421592476,0.01273302225857994,0.12641020617144094,0.014602185919603976,0.04430908672241107
"Random Forest (100 estimators, 5 depth)",379,95,21.488371260237276,4.635555118886764,0.550913485147907,39.33820089720501,6.272017290888555,0.3629101052691809,11.25263157894737,,0.08843995552943808,0.09039126261090374,0.6164835253829376,0.011390313465486556,0.1361525986900972,0.01387610842482919,0.043266235896307556
Ridge (lambda=2.0),379,95,36.179177039882454,6.014912887139967,0.2438896214938968,42.623201673485816,6.528644704185227,0.30970887209076936,11.25263157894737,11.980026188287738,0.6460918692409843,0.6460918692409836,-3.5485010129267343,0.49939117354581075,3.3667654866181436,-4.130500674725346,1.6076074576934483
