model_type,n_train,n_test,mse_train,rmse_train,r2_train,mse_test,rmse_test,r2_test,y_test_mean,bias,Game of season_weight,Game for player_weight,Age (days)_weight,Home?_weight,Game Started?_weight,Year_weight,Month of Season_weight
Linreg,769,193,30.4549705829513,5.518602230905151,0.4449960049649095,31.730631469759302,5.632994893461143,0.4129449887861965,12.709844559585491,19.832980110909432,2.317161756713245,2.3171617567132388,-23.99140000192416,0.4672743371448782,1.6550241713817502,9.570263974183762,-6.674800116473142
Lasso (lambda=0.05),769,193,30.719732538918628,5.542538456241745,0.4401710473148953,31.82057899051488,5.6409732307922615,0.411280851000091,12.709844559585491,19.84052266065595,0.0,0.0,-15.32756111226125,0.2113273759885843,1.4188187331359996,-0.0,-1.3158918128782373
"Random Forest (500 estimators, 5 depth)",769,193,22.543499763725784,4.747999553888541,0.5891727297236499,27.6686296177288,5.260097871497146,0.4880969297447907,12.709844559585491,,0.0420956258046432,0.0425398656174634,0.8840862365385472,0.0075095139452083,0.0077311888580433,0.0101176326651905,0.0059199365709037
"Random Forest (100 estimators, 5 depth)",769,193,22.488545535149083,4.742208929934349,0.5901742022524467,28.152683528303207,5.3059102450289535,0.4791413476861365,12.709844559585491,,0.0434519808821752,0.0474183421902515,0.8821151936381209,0.0060877386809264,0.0078884152320657,0.0069177644074563,0.0061205649690038
Ridge (lambda=2.0),769,193,30.54762203336322,5.526990323255797,0.4433075474113437,31.876369343947992,5.645916165154066,0.4102486620696087,12.709844559585491,19.54762782978993,1.6773997608165827,1.6773997608166045,-8.398116134416377,0.4321367939737952,1.7158451846563,-6.628440119741485,-4.411142680043908
SVM (linear kernel),769,193,30.55051526807375,5.527252053966215,0.4432548218039246,31.469939025469483,5.609807396468214,0.41776811390905366,12.709844559585493,,,,,,,,
"Feedforward NN (3 layers, [[16, 4, 1]] activations)",769,193,32.98952653312011,5.743650975914197,0.3988068722533148,34.92167980278614,5.90945681114484,0.3539067399976652,12.709844559585493,,,,,,,,
