model_type,n_train,n_test,mse_train,rmse_train,r2_train,mse_test,rmse_test,r2_test,y_test_mean,bias,Game of season_weight,Game for player_weight,Age (days)_weight,Home?_weight,Game Started?_weight,Year_weight,Month of Season_weight
Linreg,704,176,61.7683844695533,7.859286511481389,0.10484245932201663,66.03930243958524,8.126456942578681,0.09418392319260738,14.443181818181818,9.862848215052622,-18.8748031712019,16.081216156474817,-1.4813805997309006,-0.9833132139950842,5.7275731178157185,2.005183714054921,3.8296638723541774
Lasso (lambda=0.05),704,176,62.24869665479086,7.8897843224508275,0.09788169649509082,66.01105742094683,8.124718913349977,0.094571340851899,14.443181818181818,10.34447890278041,-0.0,-0.0,-0.0,-0.712005625519864,5.757926958026386,-0.0,0.0
"Random Forest (500 estimators, 5 depth)",704,176,47.72857147409903,6.908586792832455,0.3083097279015363,61.77620688913421,7.859784150289002,0.1526578976882843,14.443181818181818,,0.09653430072538159,0.08943705111536433,0.6576855658119318,0.019189263032921833,0.10496812940558646,0.013749781283687982,0.01843590862512609
"Random Forest (100 estimators, 5 depth)",704,176,47.801555142927164,6.913866873387653,0.3072520366237266,61.3035934266704,7.829661131024152,0.15914041425948766,14.443181818181818,,0.10024369360457501,0.08612055271206036,0.651924218417615,0.01865505143556521,0.12267964251981964,0.005689127558160822,0.014687713752203896
Ridge (lambda=2.0),704,176,61.99737541241063,7.873841210769407,0.1015238850868957,66.2563316721242,8.139799240283768,0.09120708121050414,14.443181818181818,10.282478201130349,-3.6912789524619525,1.422000386258965,-0.5823724086796267,-0.919310931297982,5.785272562455424,0.29340565156237386,2.7542586607463155
