model_type,n_train,n_test,mse_train,rmse_train,r2_train,mse_test,rmse_test,r2_test,y_test_mean,bias,Game of season_weight,Game for player_weight,Age (days)_weight,Home?_weight,Game Started?_weight,Year_weight,Month of Season_weight
Linreg,215,54,10.55031694487615,3.2481251430442377,0.12241432534442054,15.00309640918454,3.873383070286818,-0.06986767898811808,4.703703703703703,4.238720227863601,8.258159367769263,-7.683361652715381,-10.306193430139952,-0.210393544550575,1.6196975385632724,8.178118691832282,-0.6731426476214413
Lasso (lambda=0.05),215,54,11.09832904913328,3.331415472308022,0.07683014292158963,14.567323307374604,3.8167162990422283,-0.03879278989299495,4.703703703703703,3.1168942431133555,0.7678621046178218,0.0,-0.48858118273602197,-0.0,1.7614845896229363,-0.0,0.034257247382690974
"Random Forest (500 estimators, 5 depth)",215,54,5.6132117062184905,2.369221751170306,0.533087564295522,16.381206787761894,4.047370354657687,-0.16814044295005592,4.703703703703703,,0.2315618903761566,0.17274014216999783,0.492469056276257,0.03299542453223355,0.03225163611489615,0.020388219139734837,0.017593631390724056
"Random Forest (100 estimators, 5 depth)",215,54,5.554415506677655,2.3567807506591816,0.5379782896368386,16.53951924830198,4.066880776258627,-0.1794296715261805,4.703703703703703,,0.20560455058691818,0.19050251349171377,0.5017849370038822,0.031362213183008976,0.030740485403751655,0.016721541906921357,0.02328375842380382
Ridge (lambda=2.0),215,54,10.895224781831674,3.300791538681544,0.09372455437639171,14.865509317573403,3.8555815796807367,-0.06005637215210924,4.703703703703703,3.5005317407436665,1.80150310950418,-1.5706720196416923,-1.7082696777563071,-0.2103933917197066,1.786391051745801,0.36205377284719,0.8832783158566542
