model_type,n_train,n_test,mse_train,rmse_train,r2_train,mse_test,rmse_test,r2_test,y_test_mean,bias,Game of season_weight,Game for player_weight,Age (days)_weight,Home?_weight,Game Started?_weight,Year_weight,Month of Season_weight
Linreg,215,54,10.55031694487615,3.2481251430442377,0.1224143253444205,15.00309640918454,3.873383070286818,-0.069867678988118,4.703703703703703,4.238720227863601,8.258159367769263,-7.683361652715381,-10.306193430139952,-0.210393544550575,1.6196975385632724,8.178118691832282,-0.6731426476214413
Lasso (lambda=0.05),215,54,11.09832904913328,3.331415472308022,0.0768301429215896,14.567323307374604,3.816716299042228,-0.0387927898929949,4.703703703703703,3.1168942431133555,0.7678621046178218,0.0,-0.4885811827360219,-0.0,1.7614845896229363,-0.0,0.0342572473826909
"Random Forest (500 estimators, 5 depth)",215,54,5.6132117062184905,2.369221751170306,0.533087564295522,16.381206787761894,4.047370354657687,-0.1681404429500559,4.703703703703703,,0.2315618903761566,0.1727401421699978,0.492469056276257,0.0329954245322335,0.0322516361148961,0.0203882191397348,0.017593631390724
"Random Forest (100 estimators, 5 depth)",215,54,5.554415506677655,2.3567807506591816,0.5379782896368386,16.53951924830198,4.066880776258627,-0.1794296715261805,4.703703703703703,,0.2056045505869181,0.1905025134917137,0.5017849370038822,0.0313622131830089,0.0307404854037516,0.0167215419069213,0.0232837584238038
Ridge (lambda=2.0),215,54,10.895224781831674,3.300791538681544,0.0937245543763917,14.865509317573403,3.8555815796807367,-0.0600563721521092,4.703703703703703,3.5005317407436665,1.80150310950418,-1.5706720196416923,-1.7082696777563071,-0.2103933917197066,1.786391051745801,0.36205377284719,0.8832783158566542
SVM (linear kernel),215,54,11.037122053211775,3.322216436840287,0.08192140066200315,16.772101940599217,4.0953756775904235,-0.19601509485442903,4.703703703703703,,,,,,,,
"Feedforward NN (3 layers, [[16, 4, 1]] activations)",215,54,10.998157228720638,3.316346970496398,0.08516253284481379,17.087860091328416,4.133746495774555,-0.2185317427935456,4.703703703703703,,,,,,,,
