model_type,n_train,n_test,mse_train,rmse_train,r2_train,mse_test,rmse_test,r2_test,y_test_mean,bias,Game of season_weight,Game for player_weight,Age (days)_weight,Home?_weight,Game Started?_weight,Year_weight,Month of Season_weight
Linreg,1005,252,38.041752679079565,6.167799662690055,0.2994471250860198,38.40067772239564,6.196828037181251,0.2473820246448277,14.031746031746032,10.74210031682792,-21.08802172288752,21.0170867599563,-3.7405268229014457,1.6252432422944478,6.301077926088348,-4.299692836686516,3.1469807753943044
Lasso (lambda=0.05),1005,252,38.45753826049363,6.201414214555711,0.291790280595582,38.54071598911876,6.208116943898428,0.2446374033770645,14.031746031746032,11.360480143086791,0.0,1.398336148584346,-7.924829209883788,1.3606970767036872,6.443168822466839,-0.0,0.0
"Random Forest (500 estimators, 5 depth)",1005,252,30.39211572395326,5.512904472594574,0.4403180046737796,36.07744311569032,6.006450125963781,0.2929152868079033,14.031746031746032,,0.0452864017524022,0.0430482731518547,0.7046048834029182,0.0252021135014721,0.1575606918147045,0.0126394032028719,0.0116582331737759
"Random Forest (100 estimators, 5 depth)",1005,252,30.336781716059,5.50788359681457,0.4413370007920145,36.17650767848502,6.014690987780255,0.2909737124633311,14.031746031746032,,0.0479085811701982,0.0441128604257149,0.6977445091382032,0.0240612623282858,0.1546152329486645,0.0153135304566264,0.0162440235323066
Ridge (lambda=2.0),1005,252,38.26028329428973,6.185489737627064,0.2954228033878664,38.66860708003615,6.218408725714012,0.2421308555862145,14.031746031746032,10.900211742070844,-3.0430030916369613,3.3072886361441283,-4.521818950287223,1.5613897868639266,6.657286739979383,-4.239673684598088,2.345899227652448
SVM (linear kernel),1005,252,38.32567977296897,6.190773762056644,0.2942185031671464,38.13593884961037,6.175430256234003,0.2525706631338107,14.031746031746032,,,,,,,,
"Feedforward NN (3 layers, [[16, 4, 1]] activations)",1005,252,38.3137437292109,6.189809668254017,0.294438309805404,39.11040874191939,6.253831524906903,0.23347194923360104,14.031746031746032,,,,,,,,
