model_type,n_train,n_test,mse_train,rmse_train,r2_train,mse_test,rmse_test,r2_test,y_test_mean,bias,Game of season_weight,Game for player_weight,Age (days)_weight,Home?_weight,Game Started?_weight,Year_weight,Month of Season_weight
Linreg,255,64,16.265294297903477,4.033025452176502,0.1697563068165469,16.114337675605544,4.014266766871073,0.1054869745855653,4.78125,5.081537722231866,-0.3512956964898063,6.112911748297932,8.496202239163217,-0.007020776639419,2.213420925500236,-11.70550752467477,-3.3092687137108903
Lasso (lambda=0.05),255,64,16.676362590765176,4.083670235311022,0.1487737871421192,15.713453634556709,3.964019883219143,0.1277402004777975,4.78125,5.582312278462315,-0.0,1.859332916684952,-0.0,0.0,2.0870727716868784,-3.2228621846768224,-1.1521288469729445
"Random Forest (500 estimators, 5 depth)",255,64,10.325119787297494,3.213272442121504,0.4729658481573026,16.925977720631565,4.114119312882353,0.0604325263768242,4.78125,,0.2151663703561889,0.2036832025460389,0.3857252286065104,0.0292948385831651,0.094378407240739,0.0225786719198792,0.0491732807474781
"Random Forest (100 estimators, 5 depth)",255,64,10.745798558052671,3.2780784856456187,0.4514927724244721,16.1028066497425,4.01283025428967,0.1061270662256019,4.78125,,0.2163289732449556,0.2063632407583904,0.3914548027052034,0.0239360732709258,0.091666606285985,0.0221653651573139,0.0480849385772256
Ridge (lambda=2.0),255,64,16.470537196248674,4.058390961483218,0.1592799134110026,15.845790792631274,3.9806771776459433,0.1203941144004757,4.78125,5.5770772182351775,0.0629287881708504,3.297052570364009,-0.704158924433644,0.0134263636890192,2.252593354803825,-2.3415313261260238,-2.7438209852030053
SVM (linear kernel),255,64,16.92420016072848,4.113903275567922,0.13612319652707772,16.417838064702092,4.051893145765581,0.08863955232531351,4.78125,,,,,,,,
"Feedforward NN (3 layers, [[16, 4, 1]] activations)",255,64,19.75296753873045,4.4444310703092755,-0.008268059607276168,16.65759078282376,4.081371189052003,0.07533078757459044,4.78125,,,,,,,,
