model_type,n_train,n_test,mse_train,rmse_train,r2_train,mse_test,rmse_test,r2_test,y_test_mean,bias,Game of season_weight,Game for player_weight,Age (days)_weight,Home?_weight,Game Started?_weight,Year_weight,Month of Season_weight
Linreg,174,44,18.52827690814814,4.304448502206542,0.13722029027178162,23.3949770995245,4.836835442675769,0.07194747019343861,5.136363636363637,4.982699289327909,-3.590146843735159,-3.5901468437351682,5.77823280300058,0.2706980436301884,3.9971793654364633,-8.490074367639458,6.566162669194515
Lasso (lambda=0.05),174,44,19.194562399059325,4.38115993762603,0.10619432896440961,23.529347515015704,4.850705878015663,0.06661714635951177,5.136363636363637,4.281239995527022,-0.0,-0.0,-0.0,0.060644008498658156,2.9611154003652933,-0.0,0.0
"Random Forest (500 estimators, 5 depth)",174,44,8.265932615741919,2.8750534978921554,0.6150921654400284,18.558693060526362,4.307980160182538,0.2637974394480159,5.136363636363637,,0.1659980919960253,0.15734966572963427,0.44893118163249385,0.03743439670652193,0.12473530873247557,0.0374919667740103,0.028059388428838875
"Random Forest (100 estimators, 5 depth)",174,44,8.40878908068651,2.899791213292176,0.608439973227622,18.250608703267407,4.2720731153934395,0.27601880072277496,5.136363636363637,,0.145659940241651,0.15722241032784498,0.471841557579593,0.03668195898610172,0.1333250968227366,0.03601828837015888,0.019250747671913846
Ridge (lambda=2.0),174,44,18.856450590291374,4.342401477326961,0.12193869686600389,23.400417192288476,4.837397770732574,0.07173166780857154,5.136363636363637,4.619290749603671,-1.3909969625214178,-1.390996962521416,0.3241565045185804,0.24450041117428628,3.336279967710465,-1.2681158792686307,2.0652391391784155
