model_type,n_train,n_test,mse_train,rmse_train,r2_train,mse_test,rmse_test,r2_test,y_test_mean,bias,Game of season_weight,Game for player_weight,Age (days)_weight,Home?_weight,Game Started?_weight,Year_weight,Month of Season_weight
Linreg,652,164,18.0132273904295,4.244199263751585,0.1714916539340681,20.83004743647237,4.563994679715608,0.0136949216030292,6.878048780487805,5.8655777789827885,5.40967159498072,-1.6278342849401497,-2.545102406411118,0.3721932664339889,3.686835339810618,0.2474612339484858,-4.781829562493979
Lasso (lambda=0.05),652,164,18.251962149683063,4.272231518736206,0.1605111818481662,20.160943653790955,4.490093947100768,0.0453770606306044,6.878048780487805,5.134751758077873,-0.0,-0.0,-0.0,0.1284767230781973,3.467759780057023,-1.625769484063363,-0.1128894467753006
"Random Forest (500 estimators, 5 depth)",652,164,12.46385647679748,3.5304187395828106,0.4267318736740594,19.76226169160561,4.44547654268984,0.0642546961793434,6.878048780487805,,0.0689926666498754,0.0921836167820367,0.5775918813027144,0.0118055009694979,0.2259416658627671,0.0091470896758499,0.0143375787572582
"Random Forest (100 estimators, 5 depth)",652,164,12.517653654196684,3.53802962879011,0.4242575025075847,19.620559434907825,4.429510067141492,0.0709643138999743,6.878048780487805,,0.0697554852065383,0.0953996573757816,0.5800536388377934,0.0095186196149937,0.2240919966114083,0.0060637503016223,0.0151168520518622
Ridge (lambda=2.0),652,164,18.05438630130756,4.249045339991979,0.1695985727866237,20.551611143395533,4.533388483617474,0.0268789112559217,6.878048780487805,5.6646628281437605,2.379112943361844,-0.2956731740790353,-1.0885898269771404,0.3512373528603473,3.614715697504542,-1.1393073231425888,-2.8107193424972925
SVM (linear kernel),652,164,18.16679921228875,4.262252832985011,0.16442820364983202,20.78925862569986,4.559523947266848,0.01562627636011249,6.878048780487805,,,,,,,,
"Feedforward NN (3 layers, [[16, 4, 1]] activations)",652,164,17.952519106037098,4.237041315120387,0.17428389761168772,20.286555310480946,4.504059869770932,0.0394293346219603,6.878048780487805,,,,,,,,
