model_type,n_train,n_test,mse_train,rmse_train,r2_train,mse_test,rmse_test,r2_test,y_test_mean,bias,Game of season_weight,Game for player_weight,Age (days)_weight,Home?_weight,Game Started?_weight,Year_weight,Month of Season_weight
Linreg,230,58,19.65725867521144,4.433650716419985,0.1211978703952698,17.674689161047674,4.204127633772275,0.096786304854025,6.017241379310345,3.8226908036726353,-3.0625304226641585,7.930404018008613,-4.36648626504368,0.1934546930788218,0.967895285774644,6.044004822498897,-0.0082313181781632
Lasso (lambda=0.05),230,58,19.938152642142573,4.465215856164467,0.1086401572160926,18.411138506780343,4.290820260367514,0.0591521983197514,6.017241379310345,4.297244692276254,-0.0,5.352509312516823,0.0,0.0,0.2888631849264921,0.6195686125338152,0.0
"Random Forest (500 estimators, 5 depth)",230,58,9.037643767536958,3.0062674145087223,0.5959609261521321,15.993504157708614,3.9991879372828447,0.1826983854147597,6.017241379310345,,0.1770298007874146,0.1826562709181386,0.4519212880493409,0.0243231127343722,0.0160672543143198,0.0062991296666644,0.1417031435297493
"Random Forest (100 estimators, 5 depth)",230,58,9.176463945393216,3.029267889341122,0.5897547979250042,15.766009890098092,3.9706435108302154,0.1943238197406919,6.017241379310345,,0.1889591519576822,0.1708423527277948,0.4528360568610293,0.0221184774469492,0.0140104495501483,0.004414935740851,0.1468185757155448
Ridge (lambda=2.0),230,58,19.84558338731073,4.454838199902521,0.1127785805652614,17.551851905359232,4.18949303679565,0.1030635463150212,6.017241379310345,3.642997928086176,-0.5162969392801535,4.947305492615776,0.0666906879876508,0.1844948185141403,0.8100470220154605,1.5265171224917928,1.066153274984941
SVM (linear kernel),230,58,20.14134438348438,4.4879109152794445,0.0995562184044998,17.990895977369643,4.241567632063603,0.08062747318246533,6.017241379310345,,,,,,,,
"Feedforward NN (3 layers, [[16, 4, 1]] activations)",230,58,21.77351411343814,4.66620982312606,0.026588046277400634,18.45958844405228,4.296462317308541,0.056676304883989226,6.017241379310345,,,,,,,,
