model_type,n_train,n_test,mse_train,rmse_train,r2_train,mse_test,rmse_test,r2_test,y_test_mean,bias,Game of season_weight,Game for player_weight,Age (days)_weight,Home?_weight,Game Started?_weight,Year_weight,Month of Season_weight
Linreg,126,32,26.28835251408087,5.127216838995682,0.16197364661349378,24.22835225292843,4.922230414449168,0.00855847558349132,6.0,6.733451275755497,-2.3512889492182447,-2.351288949218246,-2.385741244322432,-0.4024483846174738,4.387141840560746,1.044574702576704,1.6843319767007878
Lasso (lambda=0.05),126,32,26.413823178493733,5.139438021660903,0.15797386293368454,23.81178372754943,4.879731931935343,0.025604757951941504,6.0,6.299218107099907,-1.7155654402267513,-9.071870784823314e-16,-0.0,-0.09117595767921483,4.098190913367958,-0.6184647509896636,-0.0
"Random Forest (500 estimators, 5 depth)",126,32,12.126264813878818,3.4822786812486473,0.6134360463733584,29.558753261521773,5.436796231377609,-0.20956535085511097,6.0,,0.182193839859635,0.1808540374312967,0.43232283584405096,0.045518423018019734,0.13381320078207035,0.009719307933013174,0.015578355131914239
"Random Forest (100 estimators, 5 depth)",126,32,12.221032837287506,3.4958593846560113,0.6104150087852367,29.96439137737918,5.473974002256421,-0.22616435303853422,6.0,,0.1820516946521516,0.16275073693291714,0.4954608462657067,0.044604269691427174,0.08937627690211873,0.009719063530113235,0.016037112025565528
Ridge (lambda=2.0),126,32,26.354409825543033,5.133654626632282,0.159867855928836,24.015634740722753,4.900574939812955,0.017263028512623957,6.0,6.806184102910428,-0.9454144673514577,-0.9454144673514593,-0.7797109078076027,-0.2849140124794077,4.025143008339786,-0.2991174717441122,-0.40153932339719883
