model_type,n_train,n_test,mse_train,rmse_train,r2_train,mse_test,rmse_test,r2_test,y_test_mean,bias,Game of season_weight,Game for player_weight,Age (days)_weight,Home?_weight,Game Started?_weight,Year_weight,Month of Season_weight
Linreg,126,32,26.28835251408087,5.127216838995682,0.1619736466134937,24.22835225292843,4.922230414449168,0.0085584755834913,6.0,6.733451275755497,-2.3512889492182447,-2.351288949218246,-2.385741244322432,-0.4024483846174738,4.387141840560746,1.044574702576704,1.6843319767007878
Lasso (lambda=0.05),126,32,26.413823178493733,5.139438021660903,0.1579738629336845,23.81178372754943,4.879731931935343,0.0256047579519415,6.0,6.299218107099907,-1.7155654402267513,-9.071870784823314e-16,-0.0,-0.0911759576792148,4.098190913367958,-0.6184647509896636,-0.0
"Random Forest (500 estimators, 5 depth)",126,32,12.126264813878818,3.4822786812486477,0.6134360463733584,29.558753261521773,5.436796231377609,-0.2095653508551109,6.0,,0.182193839859635,0.1808540374312967,0.4323228358440509,0.0455184230180197,0.1338132007820703,0.0097193079330131,0.0155783551319142
"Random Forest (100 estimators, 5 depth)",126,32,12.221032837287506,3.4958593846560118,0.6104150087852367,29.96439137737918,5.473974002256421,-0.2261643530385342,6.0,,0.1820516946521516,0.1627507369329171,0.4954608462657067,0.0446042696914271,0.0893762769021187,0.0097190635301132,0.0160371120255655
Ridge (lambda=2.0),126,32,26.354409825543037,5.133654626632282,0.159867855928836,24.015634740722756,4.900574939812955,0.0172630285126239,6.0,6.806184102910428,-0.9454144673514576,-0.9454144673514592,-0.7797109078076027,-0.2849140124794077,4.025143008339786,-0.2991174717441122,-0.4015393233971988
SVM (linear kernel),126,32,26.703431864143536,5.167536343766102,0.14874164837728876,24.45497546622299,4.945197212065763,-0.0007151085922452172,6.0,,,,,,,,
"Feedforward NN (3 layers, [[16, 4, 1]] activations)",126,32,25.508616356694702,5.050605543565514,0.1868302612768865,25.95827253091823,5.094926155590308,-0.062231101009441625,6.0,,,,,,,,
