model_type,n_train,n_test,mse_train,rmse_train,r2_train,mse_test,rmse_test,r2_test,y_test_mean,bias,Game of season_weight,Game for player_weight,Age (days)_weight,Home?_weight,Game Started?_weight,Year_weight,Month of Season_weight
Linreg,321,81,34.00074564250211,5.831015832811819,0.1249220499126887,25.62637024266696,5.062249523943576,0.2233751736208026,6.876543209876544,6.09148014892553,-48.03875354639956,53.76473918504799,21.733388803180134,0.6956492983760669,2.062819344313919,-23.195156043552057,1.6887536899957851
Lasso (lambda=0.05),321,81,35.79411851202192,5.982818609319684,0.0787659723106769,28.92577287316957,5.378268575775068,0.1233845010907201,6.876543209876544,7.515917230816601,0.0,4.271932885423373,-0.0,0.5583433466901384,2.141070497754173,-3.011139529909524,-0.6090570392986665
"Random Forest (500 estimators, 5 depth)",321,81,17.77102993777583,4.215569942223214,0.5426266055339157,23.920642329805485,4.890873370861843,0.2750684345716101,6.876543209876544,,0.1042876716995044,0.1471727999424544,0.6469641027488449,0.0242977201256522,0.015075540498297,0.044126606187249,0.0180755587979981
"Random Forest (100 estimators, 5 depth)",321,81,18.02595018184041,4.245697843916877,0.5360657175181853,23.628670691735422,4.860933109160774,0.2839168364551621,6.876543209876544,,0.1070338846288209,0.1424167592015867,0.647549931068946,0.0248038703282534,0.0145712561141969,0.038578903286356,0.0250453953718399
Ridge (lambda=2.0),321,81,35.50359317986331,5.958489169232693,0.0862432292740063,28.171370020043312,5.3076708658359095,0.1462471999154516,6.876543209876544,7.277497862755581,1.4834213503649425,4.802860183488325,0.7550482176659717,0.7489253503693444,2.383646329975945,-3.853323295574464,-2.4367975849318197
SVM (linear kernel),321,81,35.43587241955434,5.95280374441778,0.08798615999477988,25.763904594138207,5.075815658013814,0.21920710023307433,6.8765432098765435,,,,,,,,
"Feedforward NN (3 layers, [[16, 4, 1]] activations)",321,81,35.47213865631075,5.955849112957005,0.0870527750492891,30.90044213794569,5.558816613088229,0.06354078696378795,6.8765432098765435,,,,,,,,
