model_type,n_train,n_test,mse_train,rmse_train,r2_train,mse_test,rmse_test,r2_test,y_test_mean,bias,Game of season_weight,Game for player_weight,Age (days)_weight,Home?_weight,Game Started?_weight,Year_weight,Month of Season_weight
Linreg,521,131,42.9674690432559,6.554957592788522,0.1424429396446089,27.102216540370357,5.205978922390135,0.2051156552194675,8.282442748091603,10.508976864842063,-8.525682197391824,14.34796712012212,-9.947514121835525,1.947451146968625,7.458425580123331,10.305455916316946,-9.409030679334588
Lasso (lambda=0.05),521,131,43.544358369319184,6.598814921583965,0.1309292171558306,27.78264673640865,5.270924656681088,0.1851592317387109,8.282442748091603,10.052103914178364,0.0,4.135717069263484,0.0,1.669251704384472,6.517090245509136,0.0,-7.423598933486028
"Random Forest (500 estimators, 5 depth)",521,131,26.10249790305784,5.109060373792605,0.4790388666564374,23.34721119804757,4.831895197336918,0.3152466829431082,8.282442748091603,,0.0764770699126539,0.0731766394878216,0.7040205124575346,0.0457341643016045,0.0484289628345671,0.0150188642047701,0.0371437868010477
"Random Forest (100 estimators, 5 depth)",521,131,26.35428084908993,5.133642064761618,0.4740137104660755,24.120472738906127,4.911259791428888,0.2925675971814778,8.282442748091603,,0.0733495334010094,0.0800633725768103,0.7118701574381624,0.0474739117505305,0.0394843050588762,0.0166881963048458,0.0310705234697654
Ridge (lambda=2.0),521,131,43.276247800260094,6.578468499602328,0.1362802447255732,27.38769688570387,5.233325604785533,0.196742765979573,8.282442748091603,9.842585833303737,-1.1607920270709289,6.1732546444783605,-0.1750875678867541,1.844056599037729,6.940446196282383,0.6660554834154907,-8.257875057551471
SVM (linear kernel),521,131,43.91141083443029,6.626568556532883,0.12360347887089684,26.694122378247815,5.166635498876209,0.2170847006362635,8.282442748091603,,,,,,,,
"Feedforward NN (3 layers, [[16, 4, 1]] activations)",521,131,42.25419752720721,6.500322878688967,0.1566786169641684,27.536293330981426,5.2475035332033295,0.1923845619977983,8.282442748091603,,,,,,,,
