model_type,n_train,n_test,mse_train,rmse_train,r2_train,mse_test,rmse_test,r2_test,y_test_mean,bias,Game of season_weight,Game for player_weight,Age (days)_weight,Home?_weight,Game Started?_weight,Year_weight,Month of Season_weight
Linreg,521,131,42.9674690432559,6.554957592788522,0.14244293964460897,27.102216540370353,5.205978922390135,0.2051156552194675,8.282442748091603,10.508976864842063,-8.525682197391824,14.34796712012212,-9.947514121835523,1.947451146968625,7.458425580123331,10.305455916316946,-9.409030679334588
Lasso (lambda=0.05),521,131,43.544358369319184,6.598814921583965,0.1309292171558306,27.78264673640865,5.270924656681088,0.18515923173871096,8.282442748091603,10.052103914178364,0.0,4.1357170692634835,0.0,1.669251704384472,6.517090245509136,0.0,-7.423598933486028
"Random Forest (500 estimators, 5 depth)",521,131,26.102497903057838,5.109060373792605,0.47903886665643747,23.347211198047574,4.831895197336918,0.3152466829431082,8.282442748091603,,0.07647706991265399,0.07317663948782163,0.7040205124575346,0.045734164301604555,0.04842896283456717,0.015018864204770143,0.037143786801047726
"Random Forest (100 estimators, 5 depth)",521,131,26.35428084908993,5.133642064761618,0.47401371046607554,24.120472738906127,4.911259791428888,0.29256759718147785,8.282442748091603,,0.07334953340100941,0.08006337257681032,0.7118701574381624,0.04747391175053051,0.039484305058876214,0.016688196304845804,0.031070523469765406
Ridge (lambda=2.0),521,131,43.276247800260094,6.5784684996023275,0.1362802447255732,27.38769688570387,5.233325604785533,0.19674276597957308,8.282442748091603,9.842585833303735,-1.1607920270709289,6.1732546444783605,-0.17508756788675411,1.8440565990377287,6.940446196282383,0.6660554834154907,-8.257875057551471
