model_type,n_train,n_test,mse_train,rmse_train,r2_train,mse_test,rmse_test,r2_test,y_test_mean,bias,Game of season_weight,Game for player_weight,Age (days)_weight,Home?_weight,Game Started?_weight,Year_weight,Month of Season_weight
Linreg,151,38,17.710923449676212,4.208434798078285,0.08503166247639704,22.898346637640092,4.785221691587558,0.09452549374942376,6.026315789473684,3.912053144099697,-2.7587998242382894,5.216419574100975,-5.054917047671271,0.8727710744752587,1.75703004134332,4.639435246832912,-1.1849247079771477
Lasso (lambda=0.05),151,38,17.986488385610443,4.241048029156289,0.07079563508754005,22.955854297758044,4.791226805084272,0.09225145532320256,6.026315789473684,3.9915655630202034,-0.0,1.8883539155468827,-1.0923240874457738,0.6420942245344857,1.5965827942111899,-0.0,-0.0
"Random Forest (500 estimators, 5 depth)",151,38,8.209958997040138,2.8653026013041165,0.575863305151596,21.99578589822452,4.689966513550445,0.13021565744622499,6.026315789473684,,0.17074058809521167,0.24500615884281055,0.4390526393807923,0.03087916190258444,0.04217138497816667,0.012429814335819123,0.059720252464615264
"Random Forest (100 estimators, 5 depth)",151,38,8.302170936585464,2.881348805088593,0.5710995216444659,22.017836809846518,4.692316784899174,0.1293436932546932,6.026315789473684,,0.19766405292204683,0.21803259979050502,0.43968759366925925,0.02680838402480791,0.04649533099792075,0.01489300875676191,0.05641902983869833
Ridge (lambda=2.0),151,38,17.877220687706703,4.228146247199439,0.07644054028856417,22.467682137493647,4.74000866428466,0.11155535759945168,6.026315789473684,3.9538450966367744,-0.3955069943289482,2.704209927854851,-1.2399823308492353,0.8036399777582953,1.748128746937669,-0.04119183791773968,-0.22835191560796797
