model_type,n_train,n_test,mse_train,rmse_train,r2_train,mse_test,rmse_test,r2_test,y_test_mean,bias,Game of season_weight,Game for player_weight,Age (days)_weight,Home?_weight,Game Started?_weight,Year_weight,Month of Season_weight
Linreg,88,23,5.75930181091917,2.3998545395334214,0.025263720085714425,2.302795069367054,1.5174963160966994,-0.20611741751997137,1.2173913043478262,2.256516678578822,0.25352000089270943,0.253520000892714,-5.955596287919519,-0.10877013348943514,4.440892098500626e-16,5.325797626784619,-1.1775955113408223
Lasso (lambda=0.05),88,23,5.845403528554336,2.41772693424099,0.010691386372830292,2.068987196905662,1.4383974405238846,-0.08365765065652941,1.2173913043478262,1.3660716986840116,0.0,0.0,0.0,-0.0,0.0,0.35806988352745384,0.0
"Random Forest (500 estimators, 5 depth)",88,23,2.2031004538638483,1.4842844922264222,0.6271350224075173,2.036054378063344,1.4269037732318688,-0.06640867920347415,1.2173913043478262,,0.16821871547275524,0.15782893517091642,0.5693458921286402,0.04813262588955033,0.0,0.019615492531086083,0.03685833880705179
"Random Forest (100 estimators, 5 depth)",88,23,2.0912176212977034,1.4461042912935786,0.6460706954425777,1.9521784652065441,1.3972038023160918,-0.02247763177649653,1.2173913043478262,,0.15083548206124212,0.1733475349034385,0.57099302996087,0.04139970629330254,0.0,0.028036633574550558,0.03538761320659631
Ridge (lambda=2.0),88,23,5.828752805837826,2.4142810121934493,0.013509447320392387,2.1005293630277255,1.4493203107069623,-0.10017825053630336,1.2173913043478262,1.2913636318855275,-0.06812214503561022,-0.06812214503561025,-0.07412569857693381,-0.044456481210997,0.0,0.6090468040931359,0.15857524616032886
