model_type,n_train,n_test,mse_train,rmse_train,r2_train,mse_test,rmse_test,r2_test,y_test_mean,bias,Game of season_weight,Game for player_weight,Age (days)_weight,Home?_weight,Game Started?_weight,Year_weight,Month of Season_weight
Linreg,405,102,37.67203249215604,6.1377546783947015,0.1053053194517154,55.048066569988,7.419438426861429,0.09441634105460317,14.607843137254902,14.178565685496867,-11.018058969788768,15.658095850130419,-18.263929968560355,0.6603141822508527,2.881743253792652,13.410567591121392,-4.574666867309043
Lasso (lambda=0.05),405,102,38.348681848672214,6.192631254052853,0.08923518625681826,55.09648621874947,7.422700736170728,0.09361980004195003,14.607843137254902,13.507440310243425,0.0,1.7903777482046326,-4.93070664482865,0.4733621913066963,2.2541780842573735,-0.0,-0.47838362324949685
"Random Forest (500 estimators, 5 depth)",405,102,28.639420544154905,5.351581125625856,0.3198259950488227,52.92658413710753,7.275065919777465,0.12931638284832714,14.607843137254902,,0.16749279221212787,0.14796909950329223,0.5322737502762321,0.07132431797618098,0.021955826752674667,0.024886577722120926,0.034097635557371275
"Random Forest (100 estimators, 5 depth)",405,102,28.75126084738617,5.362020220717763,0.3171698356182755,53.3866228630999,7.306615007176709,0.12174838675511135,14.607843137254902,,0.17620024534267617,0.12679138968585915,0.5304282624546975,0.07225717807709164,0.020165682562765967,0.03745637506204736,0.03670086681486216
Ridge (lambda=2.0),405,102,38.007790087583906,6.165045830128427,0.09733121997498695,54.818912394260565,7.403979497152903,0.09818610609537959,14.607843137254902,13.791426504440084,1.0540265259228963,3.3164860913086005,-4.037153178528273,0.6607620295116519,2.532842471777998,-1.5607691534038601,-2.9195923181649728
