model_type,n_train,n_test,mse_train,rmse_train,r2_train,mse_test,rmse_test,r2_test,y_test_mean,bias,Game of season_weight,Game for player_weight,Age (days)_weight,Home?_weight,Game Started?_weight,Year_weight,Month of Season_weight
Linreg,136,34,5.664143718518502,2.3799461587436177,0.212442850780925,7.0262035703663,2.6506986947531965,-0.0663373148671975,2.3823529411764706,1.5804236109898966,-4.116149963381226,1.579126490845343,18.269156198383968,0.4416399697272533,1.1134339746668898,-17.77065065937012,1.9614204842148704
Lasso (lambda=0.05),136,34,6.046741024527722,2.4590122050383814,0.1592455347180602,6.561758012376962,2.561592866241035,0.0041496307853789,2.3823529411764706,2.5884188612301307,-0.0,-0.3741844563583626,0.2200970578281706,0.1755806610981409,1.4638425628540046,0.0,-0.816239284985142
"Random Forest (500 estimators, 5 depth)",136,34,2.6734041205738506,1.635054776016342,0.6282829969469123,8.115366215030496,2.8487481838573405,-0.2316349408658597,2.3823529411764706,,0.2192760000012098,0.1780324587360166,0.2453784327404226,0.0338572394392932,0.1380736947468822,0.0357206391740913,0.1496615351620842
"Random Forest (100 estimators, 5 depth)",136,34,2.678865042020328,1.6367238747022443,0.6275236963464639,8.133012267628267,2.851843661147691,-0.2343130079267792,2.3823529411764706,,0.2485436412132535,0.1815626151413927,0.2276487852549273,0.0307753568741057,0.12331602913949,0.0247755308212871,0.1633780415555435
Ridge (lambda=2.0),136,34,5.916538323980329,2.4323935380567696,0.1773492539666512,6.7819375116223775,2.604215335110055,-0.029266084211037,2.3823529411764706,2.4192961624953018,-0.7818178387420067,-0.9302250642483428,1.1730622863140692,0.3631986709850793,1.1640871735796614,0.07257988070254,-0.6928448168104944
SVM (linear kernel),136,34,5.989848237049753,2.4474166455774857,0.16715605460313732,6.615528538101773,2.57206697776356,-0.004010895371622691,2.3823529411764706,,,,,,,,
"Feedforward NN (3 layers, [[16, 4, 1]] activations)",136,34,6.251286392440259,2.50025726525097,0.1308050192854293,7.265995872207098,2.695551125875207,-0.10272958228586138,2.3823529411764706,,,,,,,,
