model_type,n_train,n_test,mse_train,rmse_train,r2_train,mse_test,rmse_test,r2_test,y_test_mean,bias,Game of season_weight,Game for player_weight,Age (days)_weight,Home?_weight,Game Started?_weight,Year_weight,Month of Season_weight
Linreg,137,35,18.64890018408809,4.318437238641786,0.1241674901783853,13.80045213520062,3.714895979055217,0.0391295972706171,4.742857142857143,5.658314821983188,17.340549694266844,-4.640136837836231,-6.35338584524932,0.9718395101238138,2.548086930429617,4.262480220683382,-14.277917111991869
Lasso (lambda=0.05),137,35,20.13966645675967,4.487723972879757,0.0541546983642384,13.674460511211016,3.6978994728373857,0.0479018911996421,4.742857142857143,3.787874070029018,2.659269938839814,0.0,-0.0282609716878688,0.8393641169997089,1.671943785475078,-0.0,-1.8477318525728368
"Random Forest (500 estimators, 5 depth)",137,35,11.134391645702827,3.3368235862422857,0.4770811101925803,12.668909017771869,3.559341093204172,0.1179144283977184,4.742857142857143,,0.2361396069450613,0.2092273444526941,0.4433327645058515,0.0255257207030325,0.0208725547230553,0.0057619858573009,0.059140022813004
"Random Forest (100 estimators, 5 depth)",137,35,11.07110658609867,3.3273272436144103,0.4800532486050436,12.669621346193718,3.559441156444888,0.1178648318127028,4.742857142857143,,0.2409528083244697,0.2167475392317066,0.4523672484219666,0.0276166489420392,0.0171102741717709,0.0048653381271928,0.0403401427808541
Ridge (lambda=2.0),137,35,19.768350450203855,4.446161316259663,0.0715932940319979,13.493847221920996,3.673397231708136,0.0604772736811856,4.742857142857143,4.338765643592232,2.8588472321642797,1.3695260187073788,-0.9822048716194678,0.9930171505881562,2.1009838419888625,-0.2364807842992111,-3.5917088768224006
SVM (linear kernel),137,35,19.586661990855607,4.425682093288628,0.0801261650209465,15.357691534448064,3.918889068913289,-0.06929476694889614,4.742857142857143,,,,,,,,
"Feedforward NN (3 layers, [[16, 4, 1]] activations)",137,35,25.693030269461385,5.068829279968046,-0.2066551358897437,18.61700866677393,4.3147431750654555,-0.2962280105034709,4.742857142857143,,,,,,,,
