model_type,n_train,n_test,mse_train,rmse_train,r2_train,mse_test,rmse_test,r2_test,y_test_mean,bias,Game of season_weight,Game for player_weight,Age (days)_weight,Home?_weight,Game Started?_weight,Year_weight,Month of Season_weight
Linreg,715,179,41.945185431909415,6.476510281927252,0.17954773284023673,40.94108661946793,6.398522221534276,0.1285305345537786,14.296089385474861,3.3201672786788574,-7.557340566991166,6.9513279594307935,-17.421604570876298,0.3666638320026969,8.20015764958213,21.09082836791062,4.053597472751266
Lasso (lambda=0.05),715,179,42.28588170173602,6.50275954512667,0.17288367773799218,40.840817644092105,6.390682095370736,0.13066485383024995,14.296089385474861,4.4285317024200435,0.0,0.0,0.0,0.14072012013997026,7.646647510689298,3.001134798510212,3.8127143656437137
"Random Forest (500 estimators, 5 depth)",715,179,32.84132248982437,5.7307348996288745,0.3576202556777026,33.04062407389615,5.748097430793614,0.29669929703341047,14.296089385474861,,0.09944254426906718,0.09240366637058338,0.4827101166158408,0.009054042134670006,0.2752776809432438,0.004848256623583369,0.03626369304301146
"Random Forest (100 estimators, 5 depth)",715,179,32.91347260870113,5.73702646051952,0.3562089917150154,32.694645299939666,5.717923163172068,0.3040637800525843,14.296089385474861,,0.10605919172560029,0.08656992694260843,0.47671745312321967,0.00823703283603437,0.278838950907371,0.004442326082283673,0.039135118382882486
Ridge (lambda=2.0),715,179,42.14410597920091,6.491849195660733,0.17565682587846165,40.72172137387061,6.381357330056875,0.13319992975315453,14.296089385474861,3.4028348505054637,-1.4542089982266877,1.9571522704171989,0.4312681251529029,0.34137566791491253,8.055553715696767,3.288081546847118,3.9384510281070204
