model_type,n_train,n_test,mse_train,rmse_train,r2_train,mse_test,rmse_test,r2_test,y_test_mean,bias,Game of season_weight,Game for player_weight,Age (days)_weight,Home?_weight,Game Started?_weight,Year_weight,Month of Season_weight
Linreg,377,95,10.824189424210832,3.2900135902775283,0.13691820374821373,8.183493759800262,2.8606806462449215,0.1561818067523093,3.0842105263157893,3.7974518636520065,-0.9311226782333005,1.2187244592401214,-5.334824095164852,0.7166480697368889,2.444016529839736,4.157401927181861,-1.6600574981296043
Lasso (lambda=0.05),377,95,10.947386584585848,3.30868351230302,0.12709490684325042,8.274452298747562,2.876534772733951,0.14680287004779413,3.0842105263157893,3.267415170351987,-0.0687774735673998,-0.0,-0.9308523248869559,0.5233758565820367,2.1133389403918743,-0.0,-0.07946867502600229
"Random Forest (500 estimators, 5 depth)",377,95,7.284849505550324,2.6990460362043334,0.41913239409770287,7.994510000142778,2.8274564541550022,0.1756683413924024,3.0842105263157893,,0.20495812905441296,0.18173792917386233,0.32356056009728756,0.03824548038973246,0.21574600665318266,0.021822569255205853,0.013929325376316097
"Random Forest (100 estimators, 5 depth)",377,95,7.38368070710577,2.7172929004996442,0.41125195080340815,8.02205817967873,2.832323812645498,0.17282778749628036,3.0842105263157893,,0.2004052046967388,0.16219773657753975,0.35301963187837715,0.041387539848761985,0.20872563145385356,0.02266083913685826,0.011603416407870687
Ridge (lambda=2.0),377,95,10.846853658168031,3.293456187376421,0.13511103953592662,8.114179838439044,2.848539948541892,0.16332891892794832,3.0842105263157893,3.699274095818999,-0.47023712126762773,0.4143071112871441,-1.0961472788825137,0.6967545790274189,2.368018055488695,-0.3962506916293611,-0.7811038334536935
