model_type,n_train,n_test,mse_train,rmse_train,r2_train,mse_test,rmse_test,r2_test,y_test_mean,bias,Game of season_weight,Game for player_weight,Age (days)_weight,Home?_weight,Game Started?_weight,Year_weight,Month of Season_weight
Linreg,282,71,26.60390472985311,5.157897316722495,0.149593509896926,25.468796745569755,5.046661940884267,0.2009894924546491,8.408450704225352,8.614220242564413,47.292920245917,-36.37529374898806,-2.97486098948489,-0.6749437267312239,3.8878516651534607,1.3026560783588632,-9.439379654522536
Lasso (lambda=0.05),282,71,27.182511771605,5.21368504721996,0.1310980601303734,26.264254383244328,5.124866279547626,0.176034288753487,8.408450704225352,6.999753346580931,0.0,4.179464952313113,0.0,-0.4210152934149521,3.5903690745573296,0.0,-2.4578720899637143
"Random Forest (500 estimators, 5 depth)",282,71,16.55486251477176,4.068766706850094,0.4708159321617097,25.88029908088832,5.0872683319133385,0.1880797859976225,8.408450704225352,,0.1465378738056909,0.1371640947274318,0.5245967702174741,0.0195065083576905,0.1411841991957188,0.0136736771704584,0.0173368765255351
"Random Forest (100 estimators, 5 depth)",282,71,16.560080760045143,4.069407912712259,0.4706491284653162,26.223980960839757,5.120935555232047,0.1772977519629009,8.408450704225352,,0.1596029903780823,0.1352031778150568,0.5225849347410474,0.0156755379615795,0.1270530480943066,0.0176776574206572,0.0222026535892698
Ridge (lambda=2.0),282,71,26.866789493712524,5.183318386295841,0.1411902731688828,25.876149840733767,5.086860509266376,0.1882099565162746,8.408450704225352,7.28232637739254,3.0504221359517336,3.057399438443572,0.092071877302191,-0.6101108147067442,3.672105259926605,-0.0657020872588211,-4.4646634477227405
SVM (linear kernel),282,71,26.956187256041844,5.191934827792221,0.1383326311025198,25.93688735671521,5.092827049558546,0.18630449101838753,8.408450704225352,,,,,,,,
"Feedforward NN (3 layers, [[16, 4, 1]] activations)",282,71,29.291598395707258,5.412171319877749,0.06368010131797741,29.261442675271457,5.409384685458361,0.08200609565331063,8.408450704225352,,,,,,,,
