model_type,n_train,n_test,mse_train,rmse_train,r2_train,mse_test,rmse_test,r2_test,y_test_mean,bias,Game of season_weight,Game for player_weight,Age (days)_weight,Home?_weight,Game Started?_weight,Year_weight,Month of Season_weight
Linreg,684,172,49.51020829702624,7.0363490744153845,0.0665385113717275,47.999609912668,6.928175078090045,0.0256400768660298,15.872093023255816,15.936279230273378,-3.308997752647689,-0.2602882937140034,-40.74927491898693,0.4533261993046976,2.643426340166563,39.06648018422671,0.640597163278716
Lasso (lambda=0.05),684,172,50.09820551339426,7.078008583874016,0.0554524591053479,47.19806013578429,6.870084434399936,0.0419110003258962,15.872093023255816,15.508713253980794,-0.1735942670195979,-0.0,-2.967511997349907,0.2082208507074078,2.3952314759758475,-0.0,-0.0
"Random Forest (500 estimators, 5 depth)",684,172,36.59689087520085,6.049536418206014,0.3100051603381497,44.63291816066874,6.680787241086842,0.093981663863553,15.872093023255816,,0.0854667374827434,0.0801403248104855,0.7084412377539587,0.0133674409587578,0.0662876409910553,0.0332731551006827,0.0130234629023162
"Random Forest (100 estimators, 5 depth)",684,172,36.483400991865466,6.04014908689061,0.3121448894785916,44.80801743489039,6.693879102201532,0.0904272659073647,15.872093023255816,,0.0951637463520656,0.0821199372946371,0.7025332427977575,0.0138992273012499,0.067452474156228,0.0275804041854921,0.0112509679125695
Ridge (lambda=2.0),684,172,49.96996799554857,7.0689439094923205,0.057870238961738,47.31754193581407,6.878774740883297,0.0394855998340017,15.872093023255816,15.695974655191083,-1.3086839695938404,-0.5711330770812545,-3.758018259018832,0.4208986793882084,2.595300827266932,0.4442885471698844,1.5918265514802334
SVM (linear kernel),684,172,49.98022690552102,7.069669504688393,0.05767681829751592,47.19437753055412,6.8698164117066565,0.041985754744849446,15.872093023255815,,,,,,,,
"Feedforward NN (3 layers, [[16, 4, 1]] activations)",684,172,50.98092422449092,7.140092732205298,0.038809751460956665,49.5708648036364,7.040657980873407,-0.006255344733715029,15.872093023255815,,,,,,,,
