model_type,n_train,n_test,mse_train,rmse_train,r2_train,mse_test,rmse_test,r2_test,y_test_mean,bias,Game of season_weight,Game for player_weight,Age (days)_weight,Home?_weight,Game Started?_weight,Year_weight,Month of Season_weight
Linreg,692,173,45.19126486771079,6.72244485791522,0.153646744764468,42.99967962916013,6.557414096208972,0.1856785003473003,17.3121387283237,7.971921447857147,-7.84490645847537,8.932343087893365,-17.814477082349207,0.2852822997148269,4.464386962372483,26.35152652914436,0.4744609324987916
Lasso (lambda=0.05),692,173,45.63326141103536,6.7552395524537365,0.1453689235009856,43.75958544256877,6.615102829326901,0.1712875177421629,17.3121387283237,9.109238102803372,0.0,1.4085413811022094,0.0,0.0692616045910262,3.851843428131071,7.166267699350965,0.0
"Random Forest (500 estimators, 5 depth)",692,173,30.25193922149093,5.500176290037523,0.4334341534310477,41.25100445676589,6.422694485709708,0.2187946491435313,17.3121387283237,,0.093533884546688,0.0797950731785271,0.7701761765836415,0.0081906444301445,0.0036937192403812,0.0160393237412969,0.0285711782793206
"Random Forest (100 estimators, 5 depth)",692,173,30.42828616092225,5.516184021669532,0.4301314840617475,41.13044289817673,6.413302027674725,0.2210778259029275,17.3121387283237,,0.0896263254031839,0.076697174109103,0.7663270868425405,0.0111620987052264,0.0050205685723951,0.0196303613154537,0.031536385052097
Ridge (lambda=2.0),692,173,45.48884498945112,6.744541866535571,0.1480735901854671,43.44110049636383,6.590986306795352,0.1773189380049905,17.3121387283237,8.352168451618967,-2.2683026940604827,4.019452860651262,2.029760235097372,0.2704706959665024,4.231808027385607,5.2067096874804175,0.7796570400742717
SVM (linear kernel),692,173,45.358580144766954,6.734877886403506,0.1505132226158481,43.22813726984737,6.574810816278091,0.18135200372741878,17.3121387283237,,,,,,,,
"Feedforward NN (3 layers, [[16, 4, 1]] activations)",692,173,45.94638006250165,6.77837591628715,0.13950475947018837,45.12619129015751,6.717603091144751,0.14540694065786464,17.3121387283237,,,,,,,,
