model_type,n_train,n_test,mse_train,rmse_train,r2_train,mse_test,rmse_test,r2_test,y_test_mean,bias,Game of season_weight,Game for player_weight,Age (days)_weight,Home?_weight,Game Started?_weight,Year_weight,Month of Season_weight
Linreg,90,23,17.47706714133106,4.180558233218509,0.2672847812179727,22.52224118991969,4.745760338441006,-0.0010305486025472,6.608695652173913,-0.1350157403756133,13.878651267950945,-24.56537549748238,3.4822726779360225,-1.349029710334969,2.614823566570219,9.6568254311818,3.51178728761589
Lasso (lambda=0.05),90,23,19.630903915432626,4.43067759100486,0.1769865080354842,21.43161838458994,4.629429596029077,0.0474436123804334,6.608695652173913,3.774709572346168,0.1499611742767726,-2.848682576250881,0.0,-1.4715724840423423,2.311289991820599,4.9548438136425865,1.347451532671081
"Random Forest (500 estimators, 5 depth)",90,23,7.385363747430204,2.717602573488295,0.6903731976181535,18.321693799229035,4.2803847723340285,0.1856682893805947,6.608695652173913,,0.2130182545862908,0.2115911669671893,0.4247083772830839,0.050963941385964,0.0534800323112006,0.0083287100485092,0.0379095174177619
"Random Forest (100 estimators, 5 depth)",90,23,7.451724409176228,2.729784681834124,0.6875910679623848,17.871395804315057,4.227457368716456,0.2056823743503052,6.608695652173913,,0.24770381497162,0.2170723189028644,0.3803774910327221,0.0547361483318776,0.0508615295007262,0.0077928239691372,0.0414558732910523
Ridge (lambda=2.0),90,23,19.737474095744805,4.442687710805791,0.172518619209995,20.92081158343304,4.573927369715554,0.0701470906035893,6.608695652173913,3.5201747556567176,0.9849110934202276,-2.8214593190784325,1.319232467109042,-1.5359140834580824,2.1416605440808905,3.3869896208756964,1.276988505444372
SVM (linear kernel),90,23,18.882755569209188,4.345429273295009,0.2083521642266276,21.25017990352645,4.609791741882322,0.05550788363590198,6.608695652173913,,,,,,,,
"Feedforward NN (3 layers, [[16, 4, 1]] activations)",90,23,21.765977160075106,4.6654021434464905,0.08747488420792238,18.700897607042563,4.32445344604871,0.1688140787997381,6.608695652173913,,,,,,,,
