model_type,n_train,n_test,mse_train,rmse_train,r2_train,mse_test,rmse_test,r2_test,y_test_mean,bias,Game of season_weight,Game for player_weight,Age (days)_weight,Home?_weight,Game Started?_weight,Year_weight,Month of Season_weight
Linreg,465,117,22.28177880707389,4.720357910908229,0.2770059508874455,26.691448849312405,5.166376762230219,0.314199829388155,6.213675213675214,5.399860893193855,8.919981171546647,-6.076631190182804,-17.157332989129863,-0.1302667084501207,5.4638831286658895,12.016726286542074,-0.8179704551046276
Lasso (lambda=0.05),465,117,22.58641870112176,4.75251709109202,0.2671210654648794,26.839241829326667,5.180660366143169,0.3104024914661402,6.213675213675214,4.91029468321322,2.5743039269684838,0.0,-3.7961697687130895,-0.0404649914812216,5.2482151713620135,-0.0,0.1526241359022139
"Random Forest (500 estimators, 5 depth)",465,117,13.423449508989847,3.663802602350439,0.5644389885747637,25.250601134581714,5.024997625330953,0.3512204352820703,6.213675213675214,,0.1543792522418603,0.1577281949788175,0.276782299395915,0.0152846076712108,0.3403389639473709,0.0141439250006358,0.0413427567641894
"Random Forest (100 estimators, 5 depth)",465,117,13.46512950965851,3.6694862732620366,0.5630865654710533,25.71059100141982,5.070561211682571,0.3394016265340611,6.213675213675214,,0.1582974034003639,0.1509821009262798,0.2734190113429117,0.0163489012436677,0.3399750844391634,0.0127713072494256,0.0482061913981877
Ridge (lambda=2.0),465,117,22.45751838015188,4.738936418665255,0.2713035935205091,26.72565630919205,5.16968628730913,0.313320915622398,6.213675213675214,4.9704003917839215,3.468209591086928,-1.168014983828321,-2.994346779702227,-0.1954165757832298,5.335122440890604,-1.823485652954223,0.9306896773748676
SVM (linear kernel),465,117,22.525437147307986,4.746097043604143,0.26909978093884324,27.429934045126586,5.237359453496254,0.29522546512104875,6.213675213675214,,,,,,,,
"Feedforward NN (3 layers, [[16, 4, 1]] activations)",465,117,23.249594811750356,4.821783364249202,0.2456024791056134,29.09530448493137,5.394006348247226,0.25243605574136774,6.213675213675214,,,,,,,,
