model_type,n_train,n_test,mse_train,rmse_train,r2_train,mse_test,rmse_test,r2_test,y_test_mean,bias,Game of season_weight,Game for player_weight,Age (days)_weight,Home?_weight,Game Started?_weight,Year_weight,Month of Season_weight
Linreg,372,93,13.18308657437114,3.630852045232791,0.3666448344814501,17.91498466214367,4.232609675146489,0.3172469757170024,4.774193548387097,5.913739807320689,-0.5246385915373033,2.2264840846512803,-12.80720996288414,-0.1207821604148004,1.912763143250945,7.265179471178571,-1.89505099066753
Lasso (lambda=0.05),372,93,13.32441346654396,3.6502621092935175,0.3598550651296843,17.411211534560355,4.172674386357071,0.3364461340136223,4.774193548387097,5.740846996822086,0.0,0.2791717830472773,-5.92531223551697,-0.0,1.9973922055706912,-0.0,0.0
"Random Forest (500 estimators, 5 depth)",372,93,6.928056793618561,2.6321202088085878,0.6671552953483117,14.139589631403092,3.760264569335925,0.4611300112714795,4.774193548387097,,0.0861963423080481,0.0823707731725479,0.7375094166022513,0.013083940402792,0.0706243227852436,0.0029312570757158,0.007283947653401
"Random Forest (100 estimators, 5 depth)",372,93,6.996474047272611,2.6450848847007937,0.6638683245188379,14.006875409400529,3.742576039227597,0.4661878462708635,4.774193548387097,,0.0899422525146702,0.0773630122188959,0.7421828892308542,0.0122644359840829,0.0677114356483523,0.0040403334374694,0.0064956409656748
Ridge (lambda=2.0),372,93,13.284864205549033,3.644840765458628,0.3617551306873418,17.83430806121273,4.223068559852271,0.3203216193359204,4.774193548387097,5.742143913083022,-0.0963099186385263,1.6925820373834497,-4.14065915963701,-0.1153804410928355,1.918449650452808,-2.0064843175839475,-0.5190521231721797
SVM (linear kernel),372,93,13.641323402331667,3.6934162238138915,0.34462975778584104,18.677663801515752,4.321766282611284,0.28818072203138334,4.774193548387097,,,,,,,,
"Feedforward NN (3 layers, [[16, 4, 1]] activations)",372,93,13.03817265078228,3.610840989407077,0.37360693562087477,18.225659455969126,4.269152076931569,0.30540693459762347,4.774193548387097,,,,,,,,
