model_type,n_train,n_test,mse_train,rmse_train,r2_train,mse_test,rmse_test,r2_test,y_test_mean,bias,Game of season_weight,Game for player_weight,Age (days)_weight,Home?_weight,Game Started?_weight,Year_weight,Month of Season_weight
Linreg,464,117,22.68393056693901,4.762765012777663,0.1104961495118139,23.689151731473792,4.867150268018627,0.0225911517043283,5.051282051282051,3.481770559549322,7.751734393252088,-1.2459933402776664,-17.884964789879707,1.012635952935667,3.4718013726312646,17.59070621715606,-4.6463525830408585
Lasso (lambda=0.05),464,117,22.946464452934016,4.790246805012662,0.1002014211891775,23.78235291399036,4.876715381687798,0.0187456927577219,5.051282051282051,3.1134241035036485,3.163166116314476,0.0,-0.0,0.7645158606562623,2.641413655791196,-0.0,0.0
"Random Forest (500 estimators, 5 depth)",464,117,12.371958203688862,3.517379451195003,0.5148590131773995,18.70967051598493,4.3254676644248455,0.228043379589489,5.051282051282051,,0.1687992826575997,0.1538609229982992,0.5209558129760514,0.0213952856464793,0.0632927367392616,0.057921709822608,0.0137742491597006
"Random Forest (100 estimators, 5 depth)",464,117,12.363480336814726,3.5161741050202173,0.5151914553529835,18.336213151145028,4.2820804699520805,0.2434521429337134,5.051282051282051,,0.1674433994528644,0.1628111985566752,0.5072123061579278,0.0222671717789636,0.0598058458161975,0.0647205207143471,0.0157395575230244
Ridge (lambda=2.0),464,117,22.86841148027752,4.782092792938832,0.1032621085561719,23.873138960462374,4.8860146295792415,0.0149998817582662,5.051282051282051,2.9164352035072456,3.1745767117956025,0.1448086371313307,-1.0303534828272607,0.9772735151301118,3.11841979798791,0.6477061406711024,0.2073489020335933
SVM (linear kernel),464,117,23.172208726696287,4.8137520425024265,0.09134932211645974,23.735751908907076,4.8719351297925835,0.020668439305347674,5.051282051282051,,,,,,,,
"Feedforward NN (3 layers, [[16, 4, 1]] activations)",464,117,22.29585643007431,4.7218488360042095,0.12571368149981688,24.210372667038396,4.920403709761873,0.0010856980640895353,5.051282051282051,,,,,,,,
