model_type,n_train,n_test,mse_train,rmse_train,r2_train,mse_test,rmse_test,r2_test,y_test_mean,bias,Game of season_weight,Game for player_weight,Age (days)_weight,Home?_weight,Game Started?_weight,Year_weight,Month of Season_weight
Linreg,220,55,45.36394746577602,6.735276346652453,0.0806386672854491,79.92564738745325,8.940114506394941,-0.04413223301078806,15.327272727272728,10.27524500373363,13.575914453706076,-6.912679664783299,7.742953717098539,1.5797772224453859,3.3492634564381403,-10.095701762387707,-3.6919866261125804
Lasso (lambda=0.05),220,55,46.310705483914454,6.805196946739636,0.061451344269289665,77.17757304152582,8.785076723713107,-0.008231954475874215,15.327272727272728,9.437534041552029,1.4290445787163253,0.0,1.2420711242636657,1.4032549753965038,3.0187918525826727,-0.0,-0.0
"Random Forest (500 estimators, 5 depth)",220,55,30.29941727710169,5.504490646472359,0.3859416077190809,72.9844254025169,8.543092262320295,0.046546464602024606,15.327272727272728,,0.18824059835602822,0.1555192904683824,0.5241462199471136,0.035111017926860486,0.04605331354913692,0.0121624707886568,0.0387670889638216
"Random Forest (100 estimators, 5 depth)",220,55,30.966717805884056,5.564774730919847,0.3724178661195361,71.99563086407386,8.48502391652928,0.05946387325820368,15.327272727272728,,0.17252965086118946,0.17467986835443886,0.5315096002699425,0.044167845613751366,0.03953430529739913,0.008393024320193253,0.029185705283085353
Ridge (lambda=2.0),220,55,45.77259664110408,6.765544814802728,0.07235684280961963,76.94146307523835,8.771628302387096,-0.005147462396119851,15.327272727272728,9.840680180820895,2.232251812450556,1.9869346887122443,2.6493058744331965,1.511444718183421,3.027580409029579,-2.6102788803778285,-2.299992815018978
