model_type,n_train,n_test,mse_train,rmse_train,r2_train,mse_test,rmse_test,r2_test,y_test_mean,bias,Game of season_weight,Game for player_weight,Age (days)_weight,Home?_weight,Game Started?_weight,Year_weight,Month of Season_weight
Linreg,644,161,40.516741209475065,6.365276208419794,0.3280463513223214,42.407875601579335,6.512132953309487,0.19313305783247647,11.22360248447205,9.040931817137878,-9.503572123312242,12.002455656694407,-3.85230080422381,0.3825348150873141,7.898733373599033,-1.737570593574031,-1.046909969288759
Lasso (lambda=0.05),644,161,41.17368854817593,6.416672700720828,0.3171511473140113,42.48583848212577,6.51811617586905,0.19164970904084933,11.22360248447205,8.781838572383261,-0.0,1.0594654713880254,-2.874887584175316,0.19568156709428294,7.838982988482864,-2.709744302716581,-0.0
"Random Forest (500 estimators, 5 depth)",644,161,26.492496164730305,5.147086181980082,0.560632742686944,35.446233524650985,5.953673951825963,0.32558767328760085,11.22360248447205,,0.04405858834117423,0.05584053740179477,0.2675268173751366,0.019270889809468734,0.49936402937564134,0.09667170219260553,0.017267435504178842
"Random Forest (100 estimators, 5 depth)",644,161,26.7515710623398,5.172192094493378,0.5563360910428876,35.31129566395538,5.942330827541948,0.32815504780230165,11.22360248447205,,0.051284426078416934,0.05742936641210819,0.26330368617399347,0.019436371448730907,0.49389601909342185,0.09836056125931154,0.016289569534017084
Ridge (lambda=2.0),644,161,40.69034498378435,6.37889841459984,0.32516720344198646,42.38247759426809,6.510182608365766,0.19361628912396833,11.22360248447205,9.192546111479377,-3.33112875790846,5.926096695736961,-3.5987740688703336,0.3849685260383937,7.8216228777845345,-2.461465272573758,-1.3460243122511817
