model_type,n_train,n_test,mse_train,rmse_train,r2_train,mse_test,rmse_test,r2_test,y_test_mean,bias,Game of season_weight,Game for player_weight,Age (days)_weight,Home?_weight,Game Started?_weight,Year_weight,Month of Season_weight
Linreg,705,177,31.117566829792583,5.578312184683875,0.2329633137850066,32.206981518304644,5.675119515772742,0.126751431030692,10.80225988700565,9.447287427408096,-27.51380881281384,40.39079883424623,-3.808656237922477,0.4661115147483167,7.389061631177281,-2.5636846547753525,-10.529286855737478
Lasso (lambda=0.05),705,177,32.43983597025693,5.695597946682765,0.2003698611756248,32.606280810851324,5.710190960979442,0.1159249729346836,10.80225988700565,7.531933354463983,0.0,3.893568588943372,-0.0,0.2751579442748799,6.632891675907199,-3.949435431730265,-1.2736639146899564
"Random Forest (500 estimators, 5 depth)",705,177,22.53562506147034,4.747170216188834,0.4445050519700616,25.010944150711943,5.001094295322969,0.3218622125216107,10.80225988700565,,0.0820066139335145,0.0573026974486374,0.5165249598232062,0.0121689585105868,0.3087061910119142,0.0171582500479128,0.0061323292242278
"Random Forest (100 estimators, 5 depth)",705,177,22.54475731919093,4.748131982073679,0.4442799451441335,25.03087747474509,5.003086794644391,0.3213217475085559,10.80225988700565,,0.0802283897104112,0.0543166503165975,0.525893224977857,0.0121794194441326,0.3103478323031456,0.0128166590766171,0.0042178241712388
Ridge (lambda=2.0),705,177,31.4508064116816,5.608101854610132,0.2247490794907271,32.95397581634613,5.740555357833085,0.10649769500696,10.80225988700565,9.01284635506072,3.699559733853072,6.172775881861979,-3.0325842694366045,0.4504334893272644,7.429486645933766,-3.4749298862904765,-7.475457380755979
SVM (linear kernel),705,177,31.466192296284298,5.609473441980477,0.22436982304035313,33.405988360890326,5.779791376934839,0.09424198866406486,10.80225988700565,,,,,,,,
"Feedforward NN (3 layers, [[16, 4, 1]] activations)",705,177,33.488404232234664,5.7869166429312475,0.17452303551162152,34.224659342294245,5.850184556259251,0.07204483670304163,10.80225988700565,,,,,,,,
