model_type,n_train,n_test,mse_train,rmse_train,r2_train,mse_test,rmse_test,r2_test,y_test_mean,bias,Game of season_weight,Game for player_weight,Age (days)_weight,Home?_weight,Game Started?_weight,Year_weight,Month of Season_weight
Linreg,705,177,31.117566829792583,5.578312184683875,0.23296331378500668,32.206981518304644,5.675119515772742,0.12675143103069209,10.80225988700565,9.447287427408096,-27.513808812813842,40.390798834246226,-3.808656237922477,0.4661115147483167,7.389061631177281,-2.5636846547753525,-10.529286855737478
Lasso (lambda=0.05),705,177,32.43983597025693,5.695597946682765,0.20036986117562483,32.606280810851324,5.710190960979442,0.11592497293468362,10.80225988700565,7.531933354463983,0.0,3.8935685889433715,-0.0,0.2751579442748799,6.632891675907199,-3.949435431730265,-1.2736639146899564
"Random Forest (500 estimators, 5 depth)",705,177,22.53562506147034,4.747170216188834,0.4445050519700616,25.010944150711943,5.001094295322969,0.32186221252161074,10.80225988700565,,0.08200661393351455,0.05730269744863748,0.5165249598232062,0.012168958510586867,0.30870619101191427,0.01715825004791289,0.006132329224227805
"Random Forest (100 estimators, 5 depth)",705,177,22.54475731919093,4.748131982073679,0.4442799451441335,25.03087747474509,5.003086794644391,0.3213217475085559,10.80225988700565,,0.08022838971041121,0.054316650316597534,0.525893224977857,0.012179419444132606,0.3103478323031456,0.012816659076617172,0.004217824171238893
Ridge (lambda=2.0),705,177,31.450806411681597,5.6081018546101316,0.2247490794907271,32.95397581634613,5.740555357833085,0.10649769500696005,10.80225988700565,9.01284635506072,3.6995597338530724,6.172775881861979,-3.0325842694366045,0.45043348932726446,7.429486645933766,-3.4749298862904765,-7.475457380755979
