model_type,n_train,n_test,mse_train,rmse_train,r2_train,mse_test,rmse_test,r2_test,y_test_mean,bias,Game of season_weight,Game for player_weight,Age (days)_weight,Home?_weight,Game Started?_weight,Year_weight,Month of Season_weight
Linreg,272,68,12.683788883498751,3.561430735462751,0.09866197738122207,15.336329008341677,3.91616253599639,0.22951776038057448,4.647058823529412,4.980718338541904,-2.394649409943726,-2.3946494099437263,-6.407360639010225,0.1236291438117168,3.033581546859468,3.6805943548451134,4.980051361619086
Lasso (lambda=0.05),272,68,12.913138735934433,3.5934855970122426,0.08236387084688634,16.45179212749366,4.056080882760311,0.17347797916633312,4.647058823529412,4.766035555489817,0.0,0.0,-1.6709386838419344,0.0,2.495142863344144,-0.0,0.39965266182363796
"Random Forest (500 estimators, 5 depth)",272,68,7.598678555935043,2.7565700709278267,0.4600211366626791,15.464023206501501,3.932432225290285,0.22310252817402265,4.647058823529412,,0.1414052315523666,0.14363804927858245,0.4810171106600171,0.06820352599602846,0.12093594226729014,0.017030521671147967,0.02776961857456727
"Random Forest (100 estimators, 5 depth)",272,68,7.597273781449396,2.756315254365762,0.4601209630370179,15.155409678962954,3.892994949773626,0.23860697136544207,4.647058823529412,,0.13095240997399976,0.15032615111878783,0.4971078244036521,0.0567185201017066,0.1245885569084625,0.019349390726259748,0.02095714676713134
Ridge (lambda=2.0),272,68,12.792876052884184,3.5767130235572693,0.09091000244297132,15.785064347976402,3.973042203145645,0.2069737337565961,4.647058823529412,4.638690231575636,-0.2052617906819956,-0.20526179068199407,-2.1236742479497646,0.1279751592015121,2.9093718563483035,-0.19081005874080958,1.4988467522626505
