model_type,n_train,n_test,mse_train,rmse_train,r2_train,mse_test,rmse_test,r2_test,y_test_mean,bias,Game of season_weight,Game for player_weight,Age (days)_weight,Home?_weight,Game Started?_weight,Year_weight,Month of Season_weight
Linreg,137,35,10.891901772558263,3.300288134778275,0.11039215150198844,9.336677240431598,3.0555976895579033,0.035955021954761524,3.1714285714285713,2.602239228410963,1.5105977726233584,1.6222953955293968,2.7101840261108205,-0.21205446987035137,1.3448566077719435,-4.944708147703278,-0.05773855668940597
Lasso (lambda=0.05),137,35,11.018139256431002,3.31935825972898,0.1000815685778228,9.565630406688523,3.092835334557681,0.012314797016736101,3.1714285714285713,2.585701083501725,0.0,1.8649920092125425,-0.0,-0.06729201652193142,1.1447122410147001,-1.1014776744649968,0.0
"Random Forest (500 estimators, 5 depth)",137,35,5.525331346868945,2.350602337033839,0.5487125908433353,10.305500998268464,3.2102182166121453,-0.06407946079558924,3.1714285714285713,,0.19571886337684855,0.30798430387010056,0.3725162732861117,0.044676377945942605,0.03585657591766332,0.008164986806623309,0.03508261879671002
"Random Forest (100 estimators, 5 depth)",137,35,5.4821332357975034,2.341395574395216,0.5522408432506665,10.28124125100653,3.206437470309772,-0.061574556008344716,3.1714285714285713,,0.17286742416257483,0.3167110975519812,0.39956069381285336,0.04613927404141517,0.03025316834982572,0.009036835283269014,0.025431506798080747
Ridge (lambda=2.0),137,35,10.953003461452157,3.3095322118771042,0.1054016050270431,9.439637358372059,3.0723992836823895,0.025324025286094565,3.1714285714285713,2.739347729956384,0.6865274400898219,1.0432443758414034,-0.5737807415715807,-0.24174207584141577,1.3364670105939764,-1.429180488213483,0.33069967867416455
