model_type,n_train,n_test,mse_train,rmse_train,r2_train,mse_test,rmse_test,r2_test,y_test_mean,bias,Game of season_weight,Game for player_weight,Age (days)_weight,Home?_weight,Game Started?_weight,Year_weight,Month of Season_weight
Linreg,640,160,54.074559355653356,7.353540599986741,0.20445582416950858,52.194708884518676,7.224590568642536,0.2565646415986559,14.89375,9.792666157098466,-16.258636523416406,9.099924531678447,-1.5852666686296475,0.3824379706736788,7.7432508625480425,-6.994701048793023,10.94931262820515
Lasso (lambda=0.05),640,160,55.34241546555982,7.439248313207445,0.18580314246398966,54.77506825847291,7.401018055542961,0.2198112917481133,14.89375,10.620372378322035,-0.2982446887630579,-0.0,-7.249488137555914,0.180029980903764,7.442983680560078,-0.0,1.854846598288752
"Random Forest (500 estimators, 5 depth)",640,160,39.43215741477236,6.2795029592136,0.41987464076351033,50.38291112266056,7.098092076231511,0.28237098379740033,14.89375,,0.09156265546421385,0.10407660388646092,0.4865141809538913,0.021334566102833227,0.2445434727463441,0.03584578115607528,0.01612273969018128
"Random Forest (100 estimators, 5 depth)",640,160,39.526277091981264,6.2869926906257225,0.41848995336287687,50.110096907442994,7.07884855802432,0.2862568131889579,14.89375,,0.0879088110621028,0.11665974507638051,0.4942403317661785,0.01789040517466319,0.23066096117402363,0.03773927134545243,0.014900474401199041
Ridge (lambda=2.0),640,160,54.40446802422828,7.375938450409431,0.19960221236077302,53.11280726692911,7.287853405971412,0.2434877068946969,14.89375,10.244733380170018,-6.666803653222947,2.040384223316559,-4.316308994261154,0.3791536025204076,7.679861390306452,-4.146587447913887,7.280791994766593
