model_type,n_train,n_test,mse_train,rmse_train,r2_train,mse_test,rmse_test,r2_test,y_test_mean,bias,Game of season_weight,Game for player_weight,Age (days)_weight,Home?_weight,Game Started?_weight,Year_weight,Month of Season_weight
Linreg,640,160,54.07455935565336,7.353540599986741,0.2044558241695085,52.19470888451868,7.224590568642536,0.2565646415986559,14.89375,9.792666157098466,-16.258636523416406,9.099924531678449,-1.5852666686296475,0.3824379706736788,7.743250862548042,-6.994701048793023,10.94931262820515
Lasso (lambda=0.05),640,160,55.34241546555982,7.439248313207445,0.1858031424639896,54.77506825847291,7.401018055542961,0.2198112917481133,14.89375,10.620372378322037,-0.2982446887630579,-0.0,-7.249488137555914,0.180029980903764,7.442983680560078,-0.0,1.854846598288752
"Random Forest (500 estimators, 5 depth)",640,160,39.43215741477236,6.2795029592136,0.4198746407635103,50.38291112266056,7.098092076231511,0.2823709837974003,14.89375,,0.0915626554642138,0.1040766038864609,0.4865141809538913,0.0213345661028332,0.2445434727463441,0.0358457811560752,0.0161227396901812
"Random Forest (100 estimators, 5 depth)",640,160,39.526277091981264,6.2869926906257225,0.4184899533628768,50.110096907442994,7.07884855802432,0.2862568131889579,14.89375,,0.0879088110621028,0.1166597450763805,0.4942403317661785,0.0178904051746631,0.2306609611740236,0.0377392713454524,0.014900474401199
Ridge (lambda=2.0),640,160,54.40446802422828,7.375938450409431,0.199602212360773,53.11280726692911,7.287853405971412,0.2434877068946969,14.89375,10.244733380170018,-6.666803653222947,2.040384223316559,-4.316308994261154,0.3791536025204076,7.679861390306452,-4.146587447913887,7.280791994766593
SVM (linear kernel),640,160,54.38717615524045,7.374766176309622,0.19985661010023525,53.10063552656654,7.287018287788672,0.24366107508377588,14.89375,,,,,,,,
"Feedforward NN (3 layers, [[16, 4, 1]] activations)",640,160,57.585900966521066,7.588537472169526,0.15279701453401184,61.37047231316584,7.833930834081052,0.12586965126400174,14.89375,,,,,,,,
