model_type,n_train,n_test,mse_train,rmse_train,r2_train,mse_test,rmse_test,r2_test,y_test_mean,bias,Game of season_weight,Game for player_weight,Age (days)_weight,Home?_weight,Game Started?_weight,Year_weight,Month of Season_weight
Linreg,788,198,62.878976347311976,7.929626494817519,0.2753828429914882,61.1803550655027,7.8217872040539875,0.24218241286636932,18.449494949494948,16.605781242484934,-11.252145594922874,14.090171754027725,2.905270463835765,1.2946889653554334,7.070844921250277,-13.329416786431384,-2.3081526278892106
Lasso (lambda=0.05),788,198,63.26554424119737,7.953964058329492,0.2709280356054583,60.90575712552712,7.80421406200055,0.24558375220285023,18.449494949494948,16.436747245003808,0.0,0.2963094876777575,-0.6505202125909479,1.0687486179446466,7.307818557170929,-10.044750558731305,-0.0
"Random Forest (500 estimators, 5 depth)",788,198,32.93016382932103,5.738480968803594,0.6205128791851395,40.224505945657874,6.342279239016355,0.5017544764697033,18.449494949494948,,0.027332020838757746,0.028764986481207837,0.8961854138251442,0.013411405484231146,0.012028425316748874,0.01415937891065539,0.00811836914325477
"Random Forest (100 estimators, 5 depth)",788,198,32.89103422124957,5.735070550677609,0.6209638086849931,40.60805807284949,6.372445219289805,0.49700356341506147,18.449494949494948,,0.028447227776631397,0.02922299997606795,0.8826021562737454,0.013730940853940688,0.01247945466164996,0.026333954145189988,0.00718326631277451
Ridge (lambda=2.0),788,198,63.03043821152803,7.939171128746882,0.27363739686912714,60.996000870921705,7.809993653705598,0.24446593754950918,18.449494949494948,16.504201891235404,-1.6212671907764782,3.963398839526217,-4.803698433157486,1.2676052411212688,7.366366568859188,-5.642617784548964,-2.4213972905567247
