model_type,n_train,n_test,mse_train,rmse_train,r2_train,mse_test,rmse_test,r2_test,y_test_mean,bias,Game of season_weight,Game for player_weight,Age (days)_weight,Home?_weight,Game Started?_weight,Year_weight,Month of Season_weight
Linreg,788,198,62.878976347311976,7.929626494817519,0.2753828429914882,61.1803550655027,7.8217872040539875,0.2421824128663693,18.449494949494948,16.605781242484934,-11.252145594922874,14.090171754027724,2.905270463835765,1.2946889653554334,7.070844921250277,-13.329416786431384,-2.3081526278892106
Lasso (lambda=0.05),788,198,63.26554424119737,7.953964058329492,0.2709280356054583,60.90575712552712,7.80421406200055,0.2455837522028502,18.449494949494948,16.436747245003808,0.0,0.2963094876777575,-0.6505202125909479,1.0687486179446466,7.307818557170929,-10.044750558731304,-0.0
"Random Forest (500 estimators, 5 depth)",788,198,32.93016382932103,5.738480968803594,0.6205128791851395,40.224505945657874,6.342279239016355,0.5017544764697033,18.449494949494948,,0.0273320208387577,0.0287649864812078,0.8961854138251442,0.0134114054842311,0.0120284253167488,0.0141593789106553,0.0081183691432547
"Random Forest (100 estimators, 5 depth)",788,198,32.89103422124957,5.735070550677609,0.6209638086849931,40.60805807284949,6.372445219289805,0.4970035634150614,18.449494949494948,,0.0284472277766313,0.0292229999760679,0.8826021562737454,0.0137309408539406,0.0124794546616499,0.0263339541451899,0.0071832663127745
Ridge (lambda=2.0),788,198,63.03043821152803,7.939171128746882,0.2736373968691271,60.996000870921705,7.809993653705598,0.2444659375495091,18.449494949494948,16.504201891235404,-1.6212671907764782,3.963398839526217,-4.803698433157486,1.2676052411212688,7.366366568859188,-5.642617784548964,-2.4213972905567247
SVM (linear kernel),788,198,63.18142494725562,7.948674414470354,0.2718974261262097,60.59958608420762,7.784573596813613,0.24937617543306057,18.449494949494948,,,,,,,,
"Feedforward NN (3 layers, [[16, 4, 1]] activations)",788,198,62.807886918623694,7.925142706514735,0.27620207737954394,61.45813942699376,7.839524183711264,0.23874160454900617,18.449494949494948,,,,,,,,
