model_type,n_train,n_test,mse_train,rmse_train,r2_train,mse_test,rmse_test,r2_test,y_test_mean,bias,Game of season_weight,Game for player_weight,Age (days)_weight,Home?_weight,Game Started?_weight,Year_weight,Month of Season_weight
Linreg,500,126,25.484058482184935,5.048173776940026,0.13576741052361385,24.564984935276364,4.956307590866044,0.04666829428493435,7.420634920634921,6.310719796184682,-10.301133276789763,13.351183470288046,7.3300472519484705,0.05781301358576635,3.0165357095359697,-10.3706851978171,1.309121481104632
Lasso (lambda=0.05),500,126,26.29610134106279,5.127972439577146,0.10822886507629359,25.020540667430314,5.002053644997254,0.02898883206149394,7.420634920634921,5.5357677315559695,-0.0,2.647393543278074,-0.0,0.0,2.7514924237989384,-0.8293383679616643,-0.0
"Random Forest (500 estimators, 5 depth)",500,126,16.64022861439357,4.0792436326350465,0.43568533736689874,22.217755439669478,4.713571410265201,0.13776089233241817,7.420634920634921,,0.1455964086741431,0.22707558256672886,0.4058890024503134,0.018142847273819256,0.14367542612427683,0.024178943887968294,0.03544178902275039
"Random Forest (100 estimators, 5 depth)",500,126,16.74394001040763,4.091935973400321,0.43216820651436605,22.19584122061975,4.711246249201983,0.13861135162971205,7.420634920634921,,0.1286964062462874,0.24482148751149452,0.4050891998101892,0.01774680829330442,0.14598648669948186,0.02533362955231987,0.03232598188692269
Ridge (lambda=2.0),500,126,25.77880377773621,5.077283109866556,0.12577180914841157,24.59432264260602,4.959266341164389,0.04552974009310229,7.420634920634921,6.073003084615761,-2.3628407875174493,6.571429620415607,-0.049159353834594,0.08058484292511049,3.064986730579506,-1.8219910877680807,-1.6069151207972048
