model_type,n_train,n_test,mse_train,rmse_train,r2_train,mse_test,rmse_test,r2_test,y_test_mean,bias,Game of season_weight,Game for player_weight,Age (days)_weight,Home?_weight,Game Started?_weight,Year_weight,Month of Season_weight
Linreg,137,35,19.843852470878478,4.45464392189527,0.16256865168471857,20.4877270030561,4.526337040373385,0.005647164075129885,5.285714285714286,2.792822358793868,0.5017592083157947,5.3791633462327475,9.804635578269997,-1.2932140113789328,3.4926336996530423,-9.720210345669145,1.0068322038145738
Lasso (lambda=0.05),137,35,20.405198019068976,4.517211309986392,0.13887928189214327,20.887152646454165,4.5702464535792995,-0.013738589219744357,5.285714285714286,3.2609393163331446,0.0,4.49043561516958,1.0940689701477246,-1.4066541067172387,0.8149458589049191,0.0,0.0
"Random Forest (500 estimators, 5 depth)",137,35,9.324003225698416,3.0535230841928174,0.606517302804409,23.49267990757104,4.846924788726461,-0.14019543925414113,5.285714285714286,,0.1977619044120481,0.3320607879394657,0.2687347970897592,0.04247621536808977,0.05081875916768681,0.006942841990166638,0.10120469403278379
"Random Forest (100 estimators, 5 depth)",137,35,9.263320806470048,3.043570404388577,0.6090781644227878,22.86937391082215,4.782193420473721,-0.10994386056882455,5.285714285714286,,0.20796783693109683,0.3177138249647205,0.26461799480462034,0.05118252966638759,0.04140755315699016,0.007317627014434133,0.10979263346175043
Ridge (lambda=2.0),137,35,20.281595610101324,4.50350925502561,0.14409543294691962,21.11772811703792,4.5954029330449275,-0.024929355918044793,5.285714285714286,3.205495315552928,1.060836237840592,3.6474193461052526,1.8230354652721665,-1.4923166570353557,1.8904074001830768,-0.7805349063862804,0.0018832542790955054
