model_type,n_train,n_test,mse_train,rmse_train,r2_train,mse_test,rmse_test,r2_test,y_test_mean,bias,Game of season_weight,Game for player_weight,Age (days)_weight,Home?_weight,Game Started?_weight,Year_weight,Month of Season_weight
Linreg,576,144,29.31981006417411,5.414777009644451,0.2139122033757856,37.02857056143007,6.0851105627942434,0.1881643252379877,9.23611111111111,8.853445710603832,4.354900228437822,4.35490022843782,-1.9808097437496168,0.2455739600399554,3.272490682773594,-3.3700860438393256,-5.893304000366976
Lasso (lambda=0.05),576,144,29.720512273066888,5.4516522516634245,0.2031690534098905,37.31737597077735,6.108794968795183,0.1818323893620567,9.23611111111111,8.727562743259021,2.287088238261726,0.0,-3.6928883138232313,0.1075174468748377,3.486400747245966,-2.2241970601314733,-0.0
"Random Forest (500 estimators, 5 depth)",576,144,20.64302254949328,4.543459315267749,0.4465438870143567,36.335401376544986,6.027885315477144,0.2033617650635903,9.23611111111111,,0.1368890133390705,0.1420382873173801,0.5997601359573985,0.0190807999882575,0.0685531585375856,0.0127806612998312,0.0208979435604762
"Random Forest (100 estimators, 5 depth)",576,144,20.89483767849326,4.571087144049352,0.439792519953009,36.76818899828141,6.063677844203253,0.1938730803643487,9.23611111111111,,0.1379384414422954,0.1408244028058976,0.5913233615127482,0.0188374104174782,0.0713431994495686,0.0147603996503845,0.0249727847216273
Ridge (lambda=2.0),576,144,29.370440905228268,5.4194502401284455,0.2125547496201719,37.03361883188708,6.085525353811869,0.1880536440534131,9.23611111111111,8.770709867282878,3.17142418441964,3.171424184419641,-2.698014948563887,0.2638944393309582,3.377602173990451,-2.978605375075104,-3.638650171087396
SVM (linear kernel),576,144,29.45592777025509,5.427331551532032,0.21026277770008905,37.54638881324138,6.127510817064412,0.17681138010698672,9.23611111111111,,,,,,,,
"Feedforward NN (3 layers, [[16, 4, 1]] activations)",576,144,31.525934646492935,5.6147960467405165,0.15476422089575748,40.552463101260855,6.368081587201977,0.11090447873334708,9.23611111111111,,,,,,,,
