model_type,n_train,n_test,mse_train,rmse_train,r2_train,mse_test,rmse_test,r2_test,y_test_mean,bias,Game of season_weight,Game for player_weight,Age (days)_weight,Home?_weight,Game Started?_weight,Year_weight,Month of Season_weight
Linreg,176,44,22.324834581640594,4.724916357105234,0.1490947798941571,36.77470301888108,6.064214954870999,0.16541637796952469,7.431818181818182,4.076852935981998,-307.6758107138567,300.8427903492091,-0.8555575556748103,0.14288841352228565,3.751549121067786,2.2520453325729406,6.097850628361982
Lasso (lambda=0.05),176,44,22.799369306760557,4.77486851198654,0.1310080131927308,37.365248774242225,6.112712063744065,0.15201423532731273,7.431818181818182,4.575080375571547,-3.8182087373627858,-0.0,0.0,0.0,3.430103622958886,0.41973421940938455,4.114132226246753
"Random Forest (500 estimators, 5 depth)",176,44,12.439379142546652,3.526950402620747,0.5258763235821098,34.40515955253896,5.865591151157653,0.21919199017999202,7.431818181818182,,0.1763261711364245,0.17879206104349418,0.33061288564403696,0.03170474293706167,0.11377736440782857,0.02988433848994203,0.13890243634121222
"Random Forest (100 estimators, 5 depth)",176,44,12.724542782674236,3.567147709679855,0.5150073861625917,34.735945965669366,5.893720893092017,0.2116849568085164,7.431818181818182,,0.18763952814687376,0.1539342691908682,0.3323216895928345,0.03087549384134389,0.11129120193271418,0.03236053143638424,0.15157728585898114
Ridge (lambda=2.0),176,44,22.6470554943446,4.758892254962766,0.13681341424083282,37.01691571842851,6.084152834900559,0.15991948104050568,7.431818181818182,4.363417390362169,-2.3678753624843876,-2.3205762344337857,0.0999295026343785,0.0763509198679208,3.510456613179212,0.8838103673652221,4.57311151879764
