model_type,n_train,n_test,mse_train,rmse_train,r2_train,mse_test,rmse_test,r2_test,y_test_mean,bias,Game of season_weight,Game for player_weight,Age (days)_weight,Home?_weight,Game Started?_weight,Year_weight,Month of Season_weight
Linreg,262,66,24.186481583223774,4.917975354068356,0.2634972781123902,14.809775290042253,3.8483470854436,0.28248138491781627,5.5606060606060606,4.318830213764533,-2.934484494303771,-3.9162135134681826,-4.683178017546685,-0.7300951553428198,5.788947768454903,2.1225165735404277,14.866964269003729
Lasso (lambda=0.05),262,66,24.97928468869506,4.997928039567503,0.23935562513606168,14.948371117373075,3.866312340897082,0.2757665574383308,5.5606060606060606,3.5173522072362164,-0.0,-0.0,-1.0237430052947816,-0.45586190719853625,5.028467407703491,-0.0,6.533362189666428
"Random Forest (500 estimators, 5 depth)",262,66,14.693409021784083,3.8331982758245213,0.5525708978746992,12.496922049595844,3.5350985912129587,0.3945367822126873,5.5606060606060606,,0.14210495840647056,0.16106845920936483,0.23579633715677734,0.02737901123278187,0.25882664599598415,0.009877926997918543,0.1649466610007027
"Random Forest (100 estimators, 5 depth)",262,66,14.52715352531352,3.8114503178335566,0.5576335451745147,12.365116555685859,3.516406767665803,0.4009226249144402,5.5606060606060606,,0.1373533780287031,0.16861905434008415,0.22894814014081707,0.03624728514513519,0.2563604831112556,0.00957687348022526,0.1628947857537797
Ridge (lambda=2.0),262,66,24.68693620571684,4.9685949931260085,0.24825793086053372,14.810478514310745,3.8484384514125654,0.2824473144141565,5.5606060606060606,4.067462925097919,-0.6874699958762794,-0.8701951224411638,-1.2972502338896181,-0.6634152885969004,5.238884068672393,-0.34700628676618345,8.028375856188855
