model_type,n_train,n_test,mse_train,rmse_train,r2_train,mse_test,rmse_test,r2_test,y_test_mean,bias,Game of season_weight,Game for player_weight,Age (days)_weight,Home?_weight,Game Started?_weight,Year_weight,Month of Season_weight
Linreg,376,95,16.70705479202607,4.087426426497005,0.2866213974997439,14.014884699641444,3.74364591002427,0.30290921588646724,4.978947368421053,3.4104851515833654,7.30995710081528,-5.582156526795934,-3.738992523577895,0.6613409977256749,6.097767766401754,-3.5248907728246976,-0.029308536130716156
Lasso (lambda=0.05),376,95,17.145694928742095,4.1407360370762705,0.26789179544682273,13.797842223491356,3.7145446858923847,0.313704760275732,4.978947368421053,3.064219516466177,1.7158107023254625,0.0,-3.9212804611875085,0.4457786829063334,5.002523691960129,-0.0,0.0
"Random Forest (500 estimators, 5 depth)",376,95,10.371367045521396,3.220460688398695,0.557150471998062,11.606229367482355,3.406791653078062,0.4227140855046224,4.978947368421053,,0.15192745696697052,0.10490987036626621,0.37822440371351074,0.021349970210158147,0.3256504528220306,0.006972664561020881,0.010965181360042962
"Random Forest (100 estimators, 5 depth)",376,95,10.452136964985264,3.2329764869211877,0.5537016575308529,11.850924438992752,3.4425171661144627,0.4105431199259856,4.978947368421053,,0.14253606273010422,0.10205857333662445,0.3889241157850724,0.024347063583491514,0.32350914178974755,0.006796502329503975,0.01182854044545586
Ridge (lambda=2.0),376,95,16.85464891644484,4.105441379004801,0.2803192400264013,13.91215184564943,3.729899709864788,0.3080190778138613,4.978947368421053,3.0006067036910653,3.3296415778438164,-2.0644802119993675,-2.809583524406508,0.6471299753731843,5.526334336081609,-2.7238862499727,0.8385412206483436
