model_type,n_train,n_test,mse_train,rmse_train,r2_train,mse_test,rmse_test,r2_test,y_test_mean,bias,Game of season_weight,Game for player_weight,Age (days)_weight,Home?_weight,Game Started?_weight,Year_weight,Month of Season_weight
Linreg,546,137,35.36060378274983,5.9464782672393435,0.24481061472061227,36.0129202149371,6.001076587991283,0.0522676548166382,8.678832116788321,7.442321051038697,6.974138618682126,6.974138618682137,-11.495301646380236,-0.5260838956542861,6.217276735199039,12.117724631033823,-13.848434046567371
Lasso (lambda=0.05),546,137,36.14721917405316,6.012255747558745,0.2280110261881486,34.796594727003956,5.898863850522739,0.08427702812780458,8.678832116788321,6.928264612218084,0.7524125187468973,9.974615682148733e-17,-0.3304363741543172,-0.3296468879690464,6.304367187283174,-0.0,-0.0
"Random Forest (500 estimators, 5 depth)",546,137,23.557113031516266,4.853567042033752,0.4968954201538136,32.857610301277624,5.732155816207165,0.13530422187104985,8.678832116788321,,0.07776289922469201,0.07956789516288701,0.3442986560515562,0.022636293063597136,0.4390924174156705,0.025715385233054222,0.010926453848542936
"Random Forest (100 estimators, 5 depth)",546,137,23.54792894475415,4.852620832576367,0.49709156286899014,33.05266962507837,5.749145121240059,0.1301709522197072,8.678832116788321,,0.06923792675558478,0.0859080920270681,0.34958566229806254,0.02292251404646965,0.43604516734821974,0.02760366020011775,0.008696977324477396
Ridge (lambda=2.0),546,137,35.665036436588615,5.972021134975044,0.23830890705396768,35.12066651052067,5.926269189846228,0.07574860806170103,8.678832116788321,7.145694368726714,3.146189886585996,3.146189886585994,-0.7568749103619016,-0.5339447566574088,6.287816899343559,0.571346407948735,-5.135792952699557
