model_type,n_train,n_test,mse_train,rmse_train,r2_train,mse_test,rmse_test,r2_test,y_test_mean,bias,Game of season_weight,Game for player_weight,Age (days)_weight,Home?_weight,Game Started?_weight,Year_weight,Month of Season_weight
Linreg,546,137,35.36060378274983,5.946478267239344,0.2448106147206122,36.0129202149371,6.001076587991283,0.0522676548166382,8.678832116788321,7.442321051038697,6.974138618682126,6.974138618682137,-11.495301646380236,-0.5260838956542861,6.217276735199039,12.117724631033823,-13.848434046567371
Lasso (lambda=0.05),546,137,36.14721917405316,6.012255747558745,0.2280110261881486,34.79659472700396,5.898863850522739,0.0842770281278045,8.678832116788321,6.928264612218084,0.7524125187468973,9.974615682148732e-17,-0.3304363741543172,-0.3296468879690464,6.304367187283174,-0.0,-0.0
"Random Forest (500 estimators, 5 depth)",546,137,23.557113031516263,4.853567042033752,0.4968954201538136,32.857610301277624,5.732155816207165,0.1353042218710498,8.678832116788321,,0.077762899224692,0.079567895162887,0.3442986560515562,0.0226362930635971,0.4390924174156705,0.0257153852330542,0.0109264538485429
"Random Forest (100 estimators, 5 depth)",546,137,23.54792894475415,4.852620832576367,0.4970915628689901,33.05266962507837,5.749145121240059,0.1301709522197072,8.678832116788321,,0.0692379267555847,0.0859080920270681,0.3495856622980625,0.0229225140464696,0.4360451673482197,0.0276036602001177,0.0086969773244773
Ridge (lambda=2.0),546,137,35.665036436588615,5.972021134975044,0.2383089070539676,35.12066651052067,5.926269189846228,0.075748608061701,8.678832116788321,7.145694368726714,3.146189886585996,3.146189886585994,-0.7568749103619016,-0.5339447566574088,6.287816899343559,0.571346407948735,-5.135792952699557
SVM (linear kernel),546,137,35.70228719544998,5.975139094234542,0.23751335000243823,36.54570530686857,6.045304401506062,0.0382466406461317,8.678832116788321,,,,,,,,
"Feedforward NN (3 layers, [[16, 4, 1]] activations)",546,137,33.779146564498994,5.81198301481508,0.2785854821361715,36.45790640942711,6.038038291484007,0.04055719626006382,8.678832116788321,,,,,,,,
