model_type,n_train,n_test,mse_train,rmse_train,r2_train,mse_test,rmse_test,r2_test,y_test_mean,bias,Game of season_weight,Game for player_weight,Age (days)_weight,Home?_weight,Game Started?_weight,Year_weight,Month of Season_weight
Linreg,412,103,45.21986768873829,6.724571933494227,0.1761269384533719,51.06848264986861,7.146221564566034,0.1910364619181873,13.0873786407767,11.07653644232742,-33.97671294394541,41.44894442608289,-14.565736364869828,1.3968272491776323,2.8148444072597627,14.242243857909486,-2.9356295823378105
Lasso (lambda=0.05),412,103,47.35502213984887,6.881498538824873,0.1372259791091349,55.46665141262378,7.447593665918125,0.1213661294786454,13.0873786407767,9.865662249382195,-16.388650253209757,21.02465852927808,0.0,1.315291283845794,2.0765881565696205,0.3524374399348636,-0.0
"Random Forest (500 estimators, 5 depth)",412,103,24.24197598281087,4.92361411798395,0.5583288498680814,38.8964676301523,6.236703266161723,0.3838504212332682,13.0873786407767,,0.0540707939107967,0.0623338966813202,0.7801020966378353,0.0189157023201934,0.0456997821882865,0.0027369704887478,0.0361407577728201
"Random Forest (100 estimators, 5 depth)",412,103,24.355665387187617,4.935145933727554,0.5562575117055284,38.45478769944901,6.201192441736429,0.3908469666738517,13.0873786407767,,0.055356001079806,0.0601225546781409,0.7754062402271172,0.02072710536107,0.0450287200147082,0.0032110349505365,0.0401483436886208
Ridge (lambda=2.0),412,103,48.460932980106094,6.9613887249676045,0.1170770888905278,57.94097167602356,7.611896720005045,0.0821710179193134,13.0873786407767,9.17542894240701,-9.7472542124377,15.370418603969606,-0.255192091230989,1.484755808399081,2.6142155069078568,2.055514307829328,-2.2420575209261653
SVM (linear kernel),412,103,46.18069200181137,6.795637718552348,0.15862141911243177,53.76617122351566,7.332541934657835,0.14830302673581253,13.087378640776699,,,,,,,,
"Feedforward NN (3 layers, [[16, 4, 1]] activations)",412,103,49.03704717794048,7.002645727004936,0.10658070771494776,61.17372494330968,7.821363368576458,0.030961751750602562,13.087378640776699,,,,,,,,
