model_type,n_train,n_test,mse_train,rmse_train,r2_train,mse_test,rmse_test,r2_test,y_test_mean,bias,Game of season_weight,Game for player_weight,Age (days)_weight,Home?_weight,Game Started?_weight,Year_weight,Month of Season_weight
Linreg,412,103,45.21986768873829,6.724571933494227,0.1761269384533719,51.06848264986861,7.146221564566034,0.19103646191818735,13.087378640776699,11.07653644232742,-33.97671294394541,41.44894442608289,-14.565736364869828,1.3968272491776323,2.8148444072597627,14.242243857909486,-2.9356295823378105
Lasso (lambda=0.05),412,103,47.35502213984887,6.881498538824873,0.13722597910913492,55.46665141262378,7.447593665918125,0.12136612947864545,13.087378640776699,9.865662249382195,-16.388650253209757,21.024658529278078,0.0,1.315291283845794,2.0765881565696205,0.3524374399348636,-0.0
"Random Forest (500 estimators, 5 depth)",412,103,24.24197598281087,4.92361411798395,0.5583288498680814,38.8964676301523,6.236703266161723,0.3838504212332682,13.087378640776699,,0.0540707939107967,0.062333896681320215,0.7801020966378353,0.01891570232019341,0.04569978218828655,0.0027369704887478257,0.03614075777282015
"Random Forest (100 estimators, 5 depth)",412,103,24.355665387187617,4.935145933727554,0.5562575117055284,38.454787699449014,6.201192441736429,0.39084696667385177,13.087378640776699,,0.055356001079806046,0.06012255467814095,0.7754062402271172,0.02072710536107009,0.04502872001470823,0.003211034950536556,0.04014834368862088
Ridge (lambda=2.0),412,103,48.460932980106094,6.9613887249676045,0.11707708889052781,57.94097167602356,7.611896720005045,0.08217101791931347,13.087378640776699,9.17542894240701,-9.747254212437701,15.370418603969606,-0.255192091230989,1.484755808399081,2.6142155069078568,2.055514307829328,-2.2420575209261653
