model_type,n_train,n_test,mse_train,rmse_train,r2_train,mse_test,rmse_test,r2_test,y_test_mean,bias,Game of season_weight,Game for player_weight,Age (days)_weight,Home?_weight,Game Started?_weight,Year_weight,Month of Season_weight
Linreg,279,70,24.07462116906471,4.906589565988244,0.1309946828066266,39.7925897392292,6.308136788246526,0.0907477489590612,5.485714285714286,0.3632807616106204,5.285179520355365,-0.9736265079590648,0.7455443856311867,0.4109786314622148,3.226674973687424,3.101611366671388,0.0566264152932529
Lasso (lambda=0.05),279,70,24.18552552875152,4.917878153101348,0.1269914431464484,39.35534295272623,6.273383692452282,0.100738745461013,5.485714285714286,1.5129485240313176,3.645610354479495,0.3207310557913165,0.791528288708593,0.2130132439679318,2.818320079902493,1.8151819557421784,0.0
"Random Forest (500 estimators, 5 depth)",279,70,13.821858784479376,3.717776053567425,0.5010817120294837,40.542516291900725,6.367300549832772,0.0736120859976797,5.485714285714286,,0.2766922490323958,0.2782020349756356,0.2712468451389617,0.0341198282120407,0.0939513769616643,0.0204620521665369,0.0253256135127647
"Random Forest (100 estimators, 5 depth)",279,70,13.929898033799862,3.732277861279873,0.4971818923203484,40.48907493031181,6.363102618244641,0.0748332097959006,5.485714285714286,,0.3072741495286545,0.2537411191563899,0.2532196629767516,0.0378424257573702,0.1048499639283017,0.0171322887082495,0.0259403899442823
Ridge (lambda=2.0),279,70,24.12151290936749,4.911365686788909,0.1293020633726838,39.48948634912195,6.284066068169713,0.0976735972529073,5.485714285714286,1.0328503705789291,3.1883946626157664,1.1882982943911995,1.144769541389563,0.3924087743887397,3.016202375955284,1.677351185153806,0.4154160215085806
SVM (linear kernel),279,70,24.651266685982176,4.965004197982331,0.11017989960327079,40.67285588315966,6.3775274114001,0.07063385393164467,5.485714285714286,,,,,,,,
"Feedforward NN (3 layers, [[16, 4, 1]] activations)",279,70,25.742578537032546,5.073714471374256,0.07078755383720214,37.65036785706619,6.135989558096249,0.13969706543608407,5.485714285714286,,,,,,,,
