model_type,n_train,n_test,mse_train,rmse_train,r2_train,mse_test,rmse_test,r2_test,y_test_mean,bias,Game of season_weight,Game for player_weight,Age (days)_weight,Home?_weight,Game Started?_weight,Year_weight,Month of Season_weight
Linreg,342,86,34.129984773086264,5.842087364383236,0.1319662589295163,21.647084590955817,4.652642753420449,0.2136954043469268,8.872093023255815,6.835861604673882,-4.979469033987152,9.816769079884299,-9.486212210142169,0.17370187703274897,3.7176928972847145,9.870388980720467,-2.9412437653158685
Lasso (lambda=0.05),342,86,34.53279232140339,5.876460867001787,0.12172158564818325,22.993630681667096,4.795167429993149,0.1647837194991979,8.872093023255815,6.792785403184949,0.0,3.011319333375995,-0.6360629306342646,0.0,3.6771860959084846,-0.0,0.0
"Random Forest (500 estimators, 5 depth)",342,86,21.46387234005895,4.632911864050399,0.4541056631266739,21.599917286830447,4.647571116920154,0.21540870055744,8.872093023255815,,0.18713816835744673,0.20761617205116828,0.3395872629954673,0.0322935608494795,0.18418549137073598,0.018406652029775795,0.03077269234592641
"Random Forest (100 estimators, 5 depth)",342,86,21.838714406735154,4.673191030413282,0.4445722407237398,23.098371864400523,4.8060765562359204,0.16097912064010533,8.872093023255815,,0.19036920688411893,0.21360858061147908,0.3229064550850948,0.03406743021239901,0.1879470654743772,0.01498179910946046,0.03611946262307062
Ridge (lambda=2.0),342,86,34.389215741488975,5.864231896974145,0.1253731933656146,22.463436341262543,4.739560775141779,0.18404239817704304,8.872093023255815,7.013141937447559,-0.06901043835153363,4.173252283715633,-1.7642461346550018,0.15734603468398586,3.656881047734299,0.4988877229375052,-0.9719673594341703
