model_type,n_train,n_test,mse_train,rmse_train,r2_train,mse_test,rmse_test,r2_test,y_test_mean,bias,Game of season_weight,Game for player_weight,Age (days)_weight,Home?_weight,Game Started?_weight,Year_weight,Month of Season_weight
Linreg,188,48,18.318683348044182,4.280033101279029,0.12675935442750108,22.344580194081953,4.727005415067975,0.15145765246716214,5.520833333333333,3.7876026408403436,-5.626340562144326,0.012671699421792582,2.792720426400134,-0.14088324840749167,2.3088818128633,-5.22466733827896,11.883220039121966
Lasso (lambda=0.05),188,48,19.125407854766827,4.373260551895671,0.0883032811571014,24.777610967138248,4.977711418627867,0.05906255594457799,5.520833333333333,3.594344261671093,-0.8547117654185765,-0.0,-0.0,0.0,1.873741116277426,-0.37790435857501553,3.6803114755186455
"Random Forest (500 estimators, 5 depth)",188,48,9.967949748907296,3.1572060035587315,0.52483381537902,20.696076459474806,4.5492940616621835,0.21406009192810493,5.520833333333333,,0.2891946197972052,0.2085609375826682,0.258080427617945,0.017396382993705464,0.07878097795281848,0.035187860022136,0.11279879403352178
"Random Forest (100 estimators, 5 depth)",188,48,10.29073290023996,3.207917221537981,0.5094469361970205,20.98351838961523,4.580777050852315,0.2031443956804161,5.520833333333333,,0.3365086519680564,0.20994143286848946,0.24242601893883678,0.014890657590651786,0.0785250766294792,0.026846264095690846,0.09086189790879569
Ridge (lambda=2.0),188,48,18.81700774809836,4.337857506661366,0.10300452922854408,24.205138831017777,4.919871830751059,0.08080236246864325,5.520833333333333,3.7836397364522694,-2.079314109581319,0.017929246189590017,-0.02554705247516897,-0.003045365361774245,2.0401896904719474,-0.9628329274774975,5.29696853376471
