model_type,n_train,n_test,mse_train,rmse_train,r2_train,mse_test,rmse_test,r2_test,y_test_mean,bias,Game of season_weight,Game for player_weight,Age (days)_weight,Home?_weight,Game Started?_weight,Year_weight,Month of Season_weight
Linreg,342,86,11.848610441427727,3.4421810587805703,0.10114562145795558,12.715906517760452,3.565936976134106,0.15355469808333966,4.023255813953488,2.5247697136399685,-0.7097349907750646,4.40174366389881,2.215232497472932,-0.3093734616779028,2.530156098123986,-2.853140230781186,0.10468176841101373
Lasso (lambda=0.05),342,86,11.99158428297812,3.4628866979700796,0.09029939909881601,13.312605037682559,3.6486442739300524,0.11383494565017638,4.023255813953488,2.4722782258300304,0.0,2.8832184509796526,-0.0,-0.06651779708723865,1.560719164957624,-0.0,0.0
"Random Forest (500 estimators, 5 depth)",342,86,7.465596349776696,2.732324349299822,0.43364802137796576,13.086366464274294,3.617508322626818,0.12889471172397426,4.023255813953488,,0.23703518404902496,0.3393816031992527,0.291824961688784,0.020076372184192535,0.06572262645231657,0.018316457685755603,0.02764279474067354
"Random Forest (100 estimators, 5 depth)",342,86,7.53032316752832,2.744143430567783,0.4287377423344656,13.183316875108193,3.6308837595147816,0.12244112387676676,4.023255813953488,,0.2632226778942694,0.3298045341640707,0.2818317040964818,0.020148034760829988,0.059741844558054535,0.014002997499399844,0.031248207026893928
Ridge (lambda=2.0),342,86,11.877829064201203,3.4464226473549644,0.09892905039717703,12.897615961218369,3.5913250982357985,0.1414590520109168,4.023255813953488,2.7318012532172244,0.1788446152111701,3.21148945529919,-0.22243650616668179,-0.27753610577591226,2.2530708948978413,-0.544459241495934,-0.08111690954818157
