model_type,n_train,n_test,mse_train,rmse_train,r2_train,mse_test,rmse_test,r2_test,y_test_mean,bias,Game of season_weight,Game for player_weight,Age (days)_weight,Home?_weight,Game Started?_weight,Year_weight,Month of Season_weight
Linreg,118,30,28.085866300362937,5.299610013988099,0.1208012536729911,56.39039248962616,7.509353666569857,-0.08794086134029744,10.033333333333333,5.79386044371381,-6.881213481933927,6.019609334197633,-10.028007863895093,0.4078833604216241,1.6771724971082524,7.93804979613763,2.63740540439961
Lasso (lambda=0.05),118,30,28.634776647769954,5.351147227256035,0.10361818785173382,55.57388977652886,7.4547897204769535,-0.07218805974138709,10.033333333333333,5.1576320639943845,-0.0,3.831548641749503,-1.0327851804057013,0.09961980412849566,1.6873089596517659,-0.0,-0.0
"Random Forest (500 estimators, 5 depth)",118,30,11.612686837433554,3.4077392560807165,0.6364769525080378,47.06297672882986,6.860246112846816,0.09201313948965972,10.033333333333333,,0.32732686790625815,0.2465573075458919,0.36084308904286005,0.02563659652888023,0.014796950061996755,0.0066825622387767175,0.01815662667533628
"Random Forest (100 estimators, 5 depth)",118,30,11.53882880215665,3.3968851617557885,0.6387890012562294,46.67031643261979,6.83156764093131,0.09958874168025444,10.033333333333333,,0.31791922693885083,0.2506321951872366,0.3625245015850165,0.02407311623414335,0.011298949530508235,0.006255119026391877,0.027296891497852683
Ridge (lambda=2.0),118,30,28.55079238486995,5.343294151071037,0.10624722759233551,56.035242328791,7.485669130331035,-0.0810889428693411,10.033333333333333,5.422067387205496,-0.4697421711865187,3.812124222350441,-1.686270736721288,0.32733002637899916,1.75858170208285,0.3008722367015532,-0.08939120174028962
