model_type,n_train,n_test,mse_train,rmse_train,r2_train,mse_test,rmse_test,r2_test,y_test_mean,bias,Game of season_weight,Game for player_weight,Age (days)_weight,Home?_weight,Game Started?_weight,Year_weight,Month of Season_weight
Linreg,601,151,37.35113293994903,6.111557325260807,0.219395716890093,45.11120689466826,6.716487690353364,0.2629198351783394,10.298013245033111,9.69151694517955,-0.7130748863525269,4.226326208206384,-14.43915415381986,0.5856529448077085,5.187443875298354,9.174527478864004,-2.8094311251613004
Lasso (lambda=0.05),601,151,37.623282725171606,6.133782089801659,0.2137080369920365,45.61191694798335,6.753659522657575,0.2547386430970216,10.298013245033111,9.267688365065448,-0.0,1.1788375076788675,-5.030717812881871,0.4159393100343121,4.987275962137881,-0.0,-0.0
"Random Forest (500 estimators, 5 depth)",601,151,25.63092975759044,5.062699848656885,0.4643371706815068,41.79803720108184,6.465140153243535,0.3170543137688344,10.298013245033111,,0.1175362985142315,0.0939474576381782,0.4181989229504707,0.0148469455729135,0.2997548145487705,0.0408179689408363,0.0148975918345991
"Random Forest (100 estimators, 5 depth)",601,151,25.503002896608297,5.050049791497931,0.4670107242727196,41.74896787695657,6.4613441230874376,0.3178560663266498,10.298013245033111,,0.1068412511822465,0.1007033676220074,0.4414966537990084,0.0129142705174377,0.2886681171782379,0.0401754138012939,0.0092009258997679
Ridge (lambda=2.0),601,151,37.432610246487855,6.118219532387495,0.2176929162129965,45.37815710028411,6.736331130540133,0.2585580875085432,10.298013245033111,9.469160332904524,-0.5617277457133034,3.407827007720137,-3.7606656268484784,0.6120756945102233,5.1185118034542905,-1.884141244564673,-1.255040698399931
SVM (linear kernel),601,151,37.78862298734881,6.147245154323098,0.21025257776852257,45.36846020043903,6.735611345708645,0.2587165269081533,10.298013245033113,,,,,,,,
"Feedforward NN (3 layers, [[16, 4, 1]] activations)",601,151,36.89963096691214,6.074506643910445,0.22883169235439305,43.7679649177921,6.615736158417452,0.2848673086747373,10.298013245033113,,,,,,,,
