model_type,n_train,n_test,mse_train,rmse_train,r2_train,mse_test,rmse_test,r2_test,y_test_mean,bias,Game of season_weight,Game for player_weight,Age (days)_weight,Home?_weight,Game Started?_weight,Year_weight,Month of Season_weight
Linreg,357,90,38.68697145066449,6.219885163784335,0.1132221976077364,32.38817999825174,5.691061412272033,0.2014578378595524,6.455555555555556,5.753727106682582,-29.53308025409373,22.92108235383428,-0.9272662804194438,-0.4706372968488113,2.187036949298528,6.681066966830105,10.348364848351462
Lasso (lambda=0.05),357,90,41.10425166024331,6.411259756104357,0.0578136103847685,39.0603271636497,6.249826170674646,0.0369536630691275,6.455555555555556,7.193540206941704,-4.975132672615752,0.0,0.0,-0.2779641137338404,2.05601544992182,0.0,6.850836342603475
"Random Forest (500 estimators, 5 depth)",357,90,20.13305761047271,4.486987587510435,0.538512633225386,28.00128522871453,5.291624063434073,0.3096182974635795,6.455555555555556,,0.1014983507410229,0.1307797615219819,0.6842680857985967,0.0120367075452891,0.0349710848752917,0.0181210669354344,0.0183249425823833
"Random Forest (100 estimators, 5 depth)",357,90,20.364210523372748,4.51267221537004,0.5332141757749373,28.73746605160987,5.360733723251872,0.2914674959652269,6.455555555555556,,0.0942696404929737,0.1430548601388506,0.6783509632866475,0.0102731797572404,0.0299354907687438,0.0199244530663977,0.0241914124891462
Ridge (lambda=2.0),357,90,40.34777294005488,6.3519896835601735,0.0751535186766514,37.36900017981906,6.113018908838665,0.0786539347925621,6.455555555555556,6.7379080747925215,-8.930030158620516,4.330468508913256,-0.0157957204849314,-0.4636909710418342,2.474298618784557,1.6604289410390851,6.740797961767731
SVM (linear kernel),357,90,40.58369606450909,6.370533420719892,0.06974571904819449,32.070381195049265,5.663071710216044,0.20929328101963884,6.455555555555556,,,,,,,,
"Feedforward NN (3 layers, [[16, 4, 1]] activations)",357,90,53.30767337919465,7.301210405076315,-0.2219116585574663,46.752229267597464,6.837560183837321,-0.15269293446709264,6.455555555555556,,,,,,,,
