model_type,n_train,n_test,mse_train,rmse_train,r2_train,mse_test,rmse_test,r2_test,y_test_mean,bias,Game of season_weight,Game for player_weight,Age (days)_weight,Home?_weight,Game Started?_weight,Year_weight,Month of Season_weight
Linreg,441,111,35.60248372639489,5.966781689185124,0.2999776327101209,37.295007888333224,6.106963884642943,0.20584601206296071,9.288288288288289,7.176828746142344,-0.6464735970971375,2.1008014578925143,-23.603098180441297,1.857626357308988,7.965209809404551,19.800381300701062,-1.529249681407926
Lasso (lambda=0.05),441,111,35.86909922732283,5.989081668112635,0.29473539131061455,37.45561951346302,6.1200996326418595,0.2024259735691285,9.288288288288289,7.647446200562326,0.0,0.4213777013553749,-4.798676506080214,1.6339755135119074,7.451247655427349,-0.0,0.0
"Random Forest (500 estimators, 5 depth)",441,111,19.369776331731238,4.401110806572727,0.6191480126550433,35.65599252409086,5.971263896704856,0.24074694549888942,9.288288288288289,,0.07468278890280705,0.07914016657652265,0.3684866334644844,0.05479625699059695,0.3444628931164732,0.060940803918682916,0.017490457030432748
"Random Forest (100 estimators, 5 depth)",441,111,19.533186458191828,4.4196364622208275,0.6159350136844328,36.32353153695242,6.026900657630954,0.22653247554208322,9.288288288288289,,0.07812838623480861,0.07489708173315573,0.35602642236516624,0.054808533054363895,0.35183957517524567,0.067141959685229,0.017158041752030943
Ridge (lambda=2.0),441,111,35.81216761326915,5.984326830418702,0.29585479083200084,37.71290781917943,6.1410836030117215,0.1969473171589723,9.288288288288289,7.3804698971026745,0.09954887751332533,1.3857457704235119,-3.5793253418873503,1.8291151810090076,7.550466222956423,-1.4123190024716645,-0.36197203590397375
