model_type,n_train,n_test,mse_train,rmse_train,r2_train,mse_test,rmse_test,r2_test,y_test_mean,bias,Game of season_weight,Game for player_weight,Age (days)_weight,Home?_weight,Game Started?_weight,Year_weight,Month of Season_weight
Linreg,288,73,15.656977847596863,3.956889921086618,0.0921809702694796,14.793938132571324,3.846288877940829,-0.0083765612093908,4.013698630136986,3.527254978641563,-0.4995334260147914,-1.5698641868326426,7.6523676790604815,-0.2124689038172406,2.5890392726816858,-10.139039238006117,4.926581364277586
Lasso (lambda=0.05),288,73,15.922773850805044,3.990335054955291,0.0767696519366932,14.48470203377699,3.8058773014611216,0.0127014256734595,4.013698630136986,3.8351450636911855,0.0359630190978875,0.0,-0.0,-0.0,2.2184884793474637,-0.8695272866757832,1.0430347755389449
"Random Forest (500 estimators, 5 depth)",288,73,10.480420139306766,3.23734770133002,0.3923268631631873,11.646383400026942,3.412679797465174,0.2061653943523628,4.013698630136986,,0.196830262158371,0.3194822908466027,0.296347717717567,0.0385887281197863,0.0992987808570105,0.0104575813028353,0.038994638997827
"Random Forest (100 estimators, 5 depth)",288,73,10.58878126603578,3.254040759737926,0.3860438950268597,11.60431059073051,3.40651003091588,0.2090331388554541,4.013698630136986,,0.2055765478287367,0.3333223953461174,0.2796236364370282,0.0335742952955395,0.0976472467003508,0.0146910545568655,0.0355648238353618
Ridge (lambda=2.0),288,73,15.798074888520432,3.974679218316924,0.0839999164265286,14.58686403486798,3.819275328497276,0.0057379135630776,4.013698630136986,3.7728138428663462,0.5645891644239794,-0.4875066412424761,0.1255430947520737,-0.1588285431022909,2.572741831952197,-1.6478668563477032,1.6481817211319014
SVM (linear kernel),288,73,16.131352600312248,4.016385514403747,0.06467589030254117,14.513726445014358,3.8096884971102765,0.01072307915528492,4.013698630136986,,,,,,,,
"Feedforward NN (3 layers, [[16, 4, 1]] activations)",288,73,22.439262415327217,4.737009860167827,-0.30106778153726066,17.49720846601077,4.182966467234798,-0.1926354393002403,4.013698630136986,,,,,,,,
