model_type,n_train,n_test,mse_train,rmse_train,r2_train,mse_test,rmse_test,r2_test,y_test_mean,bias,Game of season_weight,Game for player_weight,Age (days)_weight,Home?_weight,Game Started?_weight,Year_weight,Month of Season_weight
Linreg,488,122,20.01310333247097,4.473600712230693,0.1889115265245193,20.560108658079,4.534325601242041,0.1442582933444598,6.918032786885246,7.044299647582344,0.6139582967069124,0.0769287347922271,-11.507580159591456,-0.3497942409295609,3.9670553211243686,7.131669073974495,-0.6356016324054988
Lasso (lambda=0.05),488,122,20.126465817963545,4.486252981939778,0.184317186317502,20.324632770076956,4.508284903383653,0.1540591432147702,6.918032786885246,6.872708220974531,0.0,0.2513924391782583,-3.937319882992265,-0.1622514758656238,3.708244445100494,-0.0,0.0
"Random Forest (500 estimators, 5 depth)",488,122,13.871825928137516,3.72449002255846,0.4378044259574867,20.72807280063056,4.552809330581566,0.1372673807771021,6.918032786885246,,0.116285762656672,0.1332968190822663,0.4614180982855175,0.0226749623752824,0.2401240700784413,0.0087191801665693,0.0174811073552509
"Random Forest (100 estimators, 5 depth)",488,122,13.807814075682153,3.715886714592111,0.4403986900668475,20.402152231347745,4.516874165985559,0.1508326701843947,6.918032786885246,,0.1181373945376219,0.1348720493476718,0.4668266563438296,0.0189496691085288,0.2310261334162244,0.0119019189195515,0.0182861783265718
Ridge (lambda=2.0),488,122,20.062317769457582,4.479097874511963,0.1869169701628548,20.2978369188641,4.505312077854774,0.1551744256205938,6.918032786885246,6.871138515064529,0.20876216963961,0.5172413767610091,-3.0015012462165265,-0.3495503224983677,3.855407902144975,-1.5639854045248929,0.2400323258952727
SVM (linear kernel),488,122,20.169437988505408,4.4910397447033805,0.1825756157260897,20.339970353074456,4.509985626703754,0.15342077064249804,6.918032786885246,,,,,,,,
"Feedforward NN (3 layers, [[16, 4, 1]] activations)",488,122,20.867958027375636,4.568146016424566,0.15426608558440258,20.911721801262473,4.572933609977568,0.1296236415420673,6.918032786885246,,,,,,,,
