model_type,n_train,n_test,mse_train,rmse_train,r2_train,mse_test,rmse_test,r2_test,y_test_mean,bias,Game of season_weight,Game for player_weight,Age (days)_weight,Home?_weight,Game Started?_weight,Year_weight,Month of Season_weight
Linreg,239,60,22.99423636250227,4.795230584914793,0.14676886187076144,28.478508432645825,5.336525876695982,0.09632678109910908,6.55,2.569725396625613,13.095804525592165,-6.187822123317512,-5.8152080102387265,1.0652541680028487,3.4978575334779807,7.3373812114483625,-3.9003336320745943
Lasso (lambda=0.05),239,60,23.300391532055777,4.827047910685762,0.13540857489953273,27.843595882599722,5.276703126252198,0.1164736742967537,6.55,2.924872348231931,4.245354297730893,0.0,0.0,0.8525670025482688,2.741476332756883,0.0,0.0
"Random Forest (500 estimators, 5 depth)",239,60,13.350794736779035,3.65387393553459,0.504601344066892,32.08870005714085,5.664688875581858,-0.018230956145887323,6.55,,0.29909452348795884,0.2520617504389779,0.2731689367127123,0.04360222783100127,0.07676486640294189,0.021281184332464162,0.03402651079394368
"Random Forest (100 estimators, 5 depth)",239,60,13.67245425904735,3.697628193727345,0.49266574786145945,31.858981952309403,5.644376134907152,-0.010941596180852109,6.55,,0.3397280478146527,0.21345026003684073,0.25311997991649166,0.046959696551986306,0.08846803870250587,0.0253105491508996,0.0329634278266232
Ridge (lambda=2.0),239,60,23.217516891337528,4.818455861719347,0.1384837465602623,28.25455665968909,5.3155015435694395,0.10343316520012413,6.55,2.337982341137957,2.3288121130782735,1.1546247301205401,-0.7617754899880181,1.0052201302489954,3.076537617698441,1.5614214914274986,0.8680776228990901
