model_type,n_train,n_test,mse_train,rmse_train,r2_train,mse_test,rmse_test,r2_test,y_test_mean,bias,Game of season_weight,Game for player_weight,Age (days)_weight,Home?_weight,Game Started?_weight,Year_weight,Month of Season_weight
Linreg,239,60,22.99423636250227,4.795230584914793,0.1467688618707614,28.478508432645825,5.336525876695982,0.096326781099109,6.55,2.569725396625613,13.095804525592165,-6.187822123317512,-5.815208010238727,1.065254168002849,3.4978575334779807,7.337381211448362,-3.9003336320745934
Lasso (lambda=0.05),239,60,23.300391532055777,4.827047910685762,0.1354085748995327,27.84359588259972,5.276703126252198,0.1164736742967537,6.55,2.924872348231931,4.245354297730893,0.0,0.0,0.8525670025482688,2.741476332756883,0.0,0.0
"Random Forest (500 estimators, 5 depth)",239,60,13.350794736779036,3.65387393553459,0.504601344066892,32.08870005714085,5.664688875581858,-0.0182309561458873,6.55,,0.2990945234879588,0.2520617504389779,0.2731689367127123,0.0436022278310012,0.0767648664029418,0.0212811843324641,0.0340265107939436
"Random Forest (100 estimators, 5 depth)",239,60,13.67245425904735,3.697628193727345,0.4926657478614594,31.858981952309403,5.644376134907152,-0.0109415961808521,6.55,,0.3397280478146527,0.2134502600368407,0.2531199799164916,0.0469596965519863,0.0884680387025058,0.0253105491508996,0.0329634278266232
Ridge (lambda=2.0),239,60,23.217516891337528,4.818455861719347,0.1384837465602623,28.25455665968909,5.31550154356944,0.1034331652001241,6.55,2.337982341137957,2.328812113078273,1.15462473012054,-0.7617754899880181,1.0052201302489954,3.076537617698441,1.5614214914274986,0.8680776228990901
SVM (linear kernel),239,60,23.44327904252685,4.841826002917376,0.1301065474148323,29.947163956091977,5.472400200651628,0.049723755260587144,6.55,,,,,,,,
"Feedforward NN (3 layers, [[16, 4, 1]] activations)",239,60,23.464689857458488,4.8440365251986375,0.12931207119460053,30.141022352391246,5.4900840023073645,0.04357228699078464,6.55,,,,,,,,
