model_type,n_train,n_test,mse_train,rmse_train,r2_train,mse_test,rmse_test,r2_test,y_test_mean,bias,Game of season_weight,Game for player_weight,Age (days)_weight,Home?_weight,Game Started?_weight,Year_weight,Month of Season_weight
Linreg,112,28,17.381912452134664,4.169162080338766,0.2309121603666374,16.53053015832913,4.06577546826299,0.2823558533623101,4.535714285714286,2.636648093812284,-7.771239043689017,7.898813915904206,8.720430085843613,0.875321322993556,1.2604031986170758,-14.170385741236904,7.245647362527301
Lasso (lambda=0.05),112,28,18.36271220423775,4.285173532569917,0.1875152577222875,18.072427794296186,4.251167815353351,0.2154170557213462,4.535714285714286,1.582905075069604,-0.8220548557523097,2.357757661678809,-1.016406201377546,0.6538344246467315,1.925924621690243,-0.0,3.667189470214537
"Random Forest (500 estimators, 5 depth)",112,28,4.597135562160504,2.1440931794491824,0.7965930925184518,14.737126158658114,3.8388964766789577,0.3602133612942044,4.535714285714286,,0.1699885688327523,0.3397460389699442,0.2653615496753831,0.0339503966845468,0.0498184649262262,0.0210276740618348,0.1201073068493123
"Random Forest (100 estimators, 5 depth)",112,28,4.654343089342061,2.157392659981502,0.7940618627926096,14.515085963174217,3.8098669219769623,0.3698528492647108,4.535714285714286,,0.1431347332513453,0.3479947053434499,0.2762861462285146,0.0446096984939867,0.0403586274597135,0.0218199586189211,0.1257961306040686
Ridge (lambda=2.0),112,28,18.099095682593436,4.254303195893945,0.1991793517442425,17.800550602614845,4.219069874109084,0.2272201299933528,4.535714285714286,2.012118384327233,-1.9230770564097197,3.061862576577679,-1.0271584125252078,0.8049872836734059,1.9378563669963904,-0.9300598138942722,3.8776286299513982
SVM (linear kernel),112,28,18.22553242302816,4.269137198899581,0.19358497541660857,19.483726685159336,4.414037458513389,0.15414797490642218,4.535714285714286,,,,,,,,
"Feedforward NN (3 layers, [[16, 4, 1]] activations)",112,28,19.857913678464616,4.456221906331036,0.12135790738489494,16.7393004657904,4.091369020974569,0.27329245444489314,4.535714285714286,,,,,,,,
