model_type,n_train,n_test,mse_train,rmse_train,r2_train,mse_test,rmse_test,r2_test,y_test_mean,bias,Game of season_weight,Game for player_weight,Age (days)_weight,Home?_weight,Game Started?_weight,Year_weight,Month of Season_weight
Linreg,410,103,35.84946301672643,5.987442109676421,0.1504512097073735,42.51447107453026,6.520312191492848,0.0180182019418356,10.436893203883496,13.68623703087338,-6.287527694138249,3.992679139314017,3.7893566273926784,-0.517634217402627,4.609696813395759,-9.472160164901368,1.886404895744435
Lasso (lambda=0.05),410,103,36.23356563884106,6.019432335265599,0.1413488720290251,42.80678508393593,6.542689438139023,0.011266452965574,10.436893203883496,13.298711283763634,-1.8943445236381744,0.8445044575020021,-0.0,-0.2476790034107911,4.453770207481228,-5.061270081202386,-0.0
"Random Forest (500 estimators, 5 depth)",410,103,22.3036929920602,4.722678582336532,0.4714544150459885,33.43955876958319,5.782694767111886,0.2276268005484113,10.436893203883496,,0.1678189110036487,0.0899070389777119,0.6329513255665556,0.0148950012975948,0.0664910159511258,0.0115203954506853,0.0164163117526776
"Random Forest (100 estimators, 5 depth)",410,103,22.235008667075792,4.715401220158873,0.4730820736018599,33.90511359042299,5.822809767665692,0.2168736064357178,10.436893203883496,,0.1723787166909402,0.0988442225040904,0.6009322808319685,0.0142241294579171,0.0835393047467223,0.0106694481065485,0.0194118976618128
Ridge (lambda=2.0),410,103,35.94305068452608,5.995252345358457,0.1482333999195839,42.53867910476566,6.522168282462947,0.0174590547983527,10.436893203883496,13.700107123526204,-3.6474306655860422,3.051514272114109,-2.0281720589612964,-0.4808111135561284,4.603880489360874,-3.128958465273436,-0.5729954234195289
SVM (linear kernel),410,103,36.123684489135016,6.010298203012478,0.14395279939511085,42.17575315147106,6.4942861926058555,0.025841769463988418,10.436893203883495,,,,,,,,
"Feedforward NN (3 layers, [[16, 4, 1]] activations)",410,103,34.08296142718926,5.83806144428005,0.19231318369959483,40.78729789483786,6.386493395818856,0.05791173893489632,10.436893203883495,,,,,,,,
