model_type,n_train,n_test,mse_train,rmse_train,r2_train,mse_test,rmse_test,r2_test,y_test_mean,bias,Game of season_weight,Game for player_weight,Age (days)_weight,Home?_weight,Game Started?_weight,Year_weight,Month of Season_weight
Linreg,627,157,40.42497589989166,6.358063848365449,0.3735102121421474,38.77198641160537,6.226715539640892,0.3558768348895735,13.898089171974522,8.949985937350604,-863163359599399.6,863163359599402.2,-0.21875,1.0078125,8.5625,-3.38671875,1.125
Lasso (lambda=0.05),627,157,40.48279530573491,6.362609158649847,0.3726141505739103,38.05986546740175,6.169267822635175,0.3677073764473968,13.898089171974522,8.95481061027073,3.126485694068359,0.0,-2.630295458309218,0.7915787047729868,8.548671856435204,-0.0,0.0
"Random Forest (500 estimators, 5 depth)",627,157,25.346365291385183,5.03451738415761,0.6071923690519727,31.808960016066614,5.639943263550318,0.4715543385652527,13.898089171974522,,0.0373946628659522,0.0373771155322177,0.34198285651754,0.0131923271546263,0.5445859736113967,0.0189458277659553,0.0065212365523115
"Random Forest (100 estimators, 5 depth)",627,157,25.416080711315384,5.04143637382397,0.6061119479095916,31.977610871387125,5.654874965141769,0.4687525238329771,13.898089171974522,,0.0382872867414569,0.0369523379151035,0.3463111735384124,0.0123395757695431,0.5391734532601107,0.0186869230656488,0.0082492497097244
Ridge (lambda=2.0),627,157,40.40426317308484,6.356434784773996,0.3738312095338415,38.691477872118845,6.220247412452244,0.3572143318834586,13.898089171974522,8.811683437140772,1.5037922302396456,1.5037922302396358,-1.5984117987518418,0.9939569723709254,8.537958193531828,-1.7375478225425265,0.8713219082363056
SVM (linear kernel),627,157,40.504618146291,6.364323856176004,0.3722759490921259,38.065255418015376,6.169704645930417,0.36761783262025893,13.898089171974522,,,,,,,,
"Feedforward NN (3 layers, [[16, 4, 1]] activations)",627,157,39.62512215393118,6.294848858704328,0.3859060192507284,37.59452816868042,6.1314376918207705,0.3754380748571797,13.898089171974522,,,,,,,,
