model_type,n_train,n_test,mse_train,rmse_train,r2_train,mse_test,rmse_test,r2_test,y_test_mean,bias,Game of season_weight,Game for player_weight,Age (days)_weight,Home?_weight,Game Started?_weight,Year_weight,Month of Season_weight
Linreg,453,114,38.30482190389221,6.189088939730322,0.1296128506602772,34.56680624444981,5.8793542370272105,0.1049283134993521,10.271929824561404,7.097365164602485,6.762864311963453,-3.697135143741648,21.147537823527536,1.0909091047485355,2.5649617347526377,-16.602613590274682,-1.0215694975599003
Lasso (lambda=0.05),453,114,38.82708623805465,6.231138438363783,0.1177456197890832,34.916721048580925,5.909037235335459,0.0958676316518508,10.271929824561404,8.244399156008676,0.2184086357852911,0.0,4.61168322783679,0.8782357615353199,2.741221495194918,0.0,0.0
"Random Forest (500 estimators, 5 depth)",453,114,25.94922101299472,5.094037790691655,0.4103648735985398,35.024592342140885,5.918157850390684,0.0930744161037055,10.271929824561404,,0.1113112333478232,0.1030975534138543,0.6425510499746679,0.0245644713378834,0.0935649550638799,0.0089285377661037,0.0159821990957874
"Random Forest (100 estimators, 5 depth)",453,114,25.927699577560603,5.09192493832741,0.410853897692796,35.18044995777634,5.93131098137472,0.0890386443898177,10.271929824561404,,0.1077665716325214,0.109433404836572,0.6335314171943273,0.0288730212446143,0.0935499960267511,0.0098019782925012,0.0170436107727127
Ridge (lambda=2.0),453,114,38.64168838358627,6.216243912813129,0.1219583507723863,34.19663882754166,5.847789225642599,0.1145134158023097,10.271929824561404,7.5889676235569565,2.9245952445261776,-1.093891410765746,4.619969637509528,1.0522101723690385,2.7034879815498867,0.7542844509462523,-1.4929930207033184
SVM (linear kernel),453,114,38.49923517476388,6.204775191315466,0.12519526550474835,33.145294926789234,5.7571950572122566,0.14173687844111638,10.271929824561404,,,,,,,,
"Feedforward NN (3 layers, [[16, 4, 1]] activations)",453,114,37.18247876459559,6.097743743762572,0.15511546357006656,35.52377811522419,5.960182724986222,0.0801485169439432,10.271929824561404,,,,,,,,
