model_type,n_train,n_test,mse_train,rmse_train,r2_train,mse_test,rmse_test,r2_test,y_test_mean,bias,Game of season_weight,Game for player_weight,Age (days)_weight,Home?_weight,Game Started?_weight,Year_weight,Month of Season_weight
Linreg,436,109,40.610022201569734,6.372599328497731,0.09714418000064784,43.23862880939175,6.575608626537299,0.11445310941576414,9.211009174311927,6.394862055831026,-5.862479604187574,9.615394075395015,-2.8186819756902626,0.44127043692569856,3.425260801186612,6.133161657908757,-1.102328608444437
Lasso (lambda=0.05),436,109,41.18094077207633,6.417237783663337,0.08445132424279822,44.21536723484608,6.649463680241142,0.09444905981030227,9.211009174311927,6.700743816016278,-1.9431315617951155,4.3854238129860805,1.919511595971608,0.20880221935061918,3.431374507454656,0.0,-0.0
"Random Forest (500 estimators, 5 depth)",436,109,25.78559278672266,5.077951632964089,0.4267259346948602,42.722812662591934,6.536269016999831,0.12501725997949575,9.211009174311927,,0.14505420378340483,0.16596843983355808,0.44813285787366897,0.05179737853699309,0.10291161639138456,0.06884196252082697,0.017293541060163467
"Random Forest (100 estimators, 5 depth)",436,109,25.29493122281841,5.029406647191934,0.4376344893965075,42.020075794137085,6.482289394506935,0.1394096323995927,9.211009174311927,,0.13859454730936827,0.15789525461328258,0.4469320399035365,0.053885683667828116,0.10337161292754729,0.07941243884546462,0.019908422732972733
Ridge (lambda=2.0),436,109,40.743641819437215,6.383074636837424,0.0941735032288169,43.41732968352172,6.589182778123682,0.11079323379556161,9.211009174311927,6.543157107795489,-3.516225313348049,7.071961315606435,1.1354734439017808,0.41892410284014236,3.433654065976442,1.6336971948840127,-1.0543422649026766
