model_type,n_train,n_test,mse_train,rmse_train,r2_train,mse_test,rmse_test,r2_test,y_test_mean,bias,Game of season_weight,Game for player_weight,Age (days)_weight,Home?_weight,Game Started?_weight,Year_weight,Month of Season_weight
Linreg,436,109,40.61002220156973,6.372599328497731,0.0971441800006478,43.23862880939175,6.575608626537299,0.1144531094157641,9.211009174311927,6.394862055831026,-5.862479604187574,9.615394075395017,-2.8186819756902626,0.4412704369256985,3.425260801186612,6.133161657908757,-1.102328608444437
Lasso (lambda=0.05),436,109,41.18094077207633,6.417237783663337,0.0844513242427982,44.21536723484608,6.649463680241142,0.0944490598103022,9.211009174311927,6.700743816016278,-1.9431315617951157,4.3854238129860805,1.919511595971608,0.2088022193506191,3.431374507454656,0.0,-0.0
"Random Forest (500 estimators, 5 depth)",436,109,25.78559278672266,5.077951632964089,0.4267259346948602,42.722812662591934,6.536269016999831,0.1250172599794957,9.211009174311927,,0.1450542037834048,0.165968439833558,0.4481328578736689,0.051797378536993,0.1029116163913845,0.0688419625208269,0.0172935410601634
"Random Forest (100 estimators, 5 depth)",436,109,25.29493122281841,5.029406647191934,0.4376344893965075,42.020075794137085,6.482289394506935,0.1394096323995927,9.211009174311927,,0.1385945473093682,0.1578952546132825,0.4469320399035365,0.0538856836678281,0.1033716129275472,0.0794124388454646,0.0199084227329727
Ridge (lambda=2.0),436,109,40.743641819437215,6.383074636837424,0.0941735032288169,43.41732968352172,6.589182778123682,0.1107932337955616,9.211009174311927,6.543157107795489,-3.516225313348049,7.071961315606435,1.1354734439017808,0.4189241028401423,3.433654065976442,1.6336971948840129,-1.0543422649026766
SVM (linear kernel),436,109,40.720477527868475,6.381259869952679,0.09468849963426551,43.77922222882205,6.616586901781163,0.10338150897817533,9.211009174311927,,,,,,,,
"Feedforward NN (3 layers, [[16, 4, 1]] activations)",436,109,46.47518646062711,6.817271188725523,-0.03325214581907687,48.75868236356574,6.982741751172368,0.0013998883641411775,9.211009174311927,,,,,,,,
