model_type,n_train,n_test,mse_train,rmse_train,r2_train,mse_test,rmse_test,r2_test,y_test_mean,bias,Game of season_weight,Game for player_weight,Age (days)_weight,Home?_weight,Game Started?_weight,Year_weight,Month of Season_weight
Linreg,200,51,16.16644913597367,4.0207523097019635,0.3472822025293355,24.143269969654757,4.913580158057336,0.21919969672653095,7.980392156862745,6.757406192163172,70.60957290749947,-65.75094113657379,-5.441330357811129,0.01891894451834819,3.3048672299605144,-0.5418000105439589,-4.23345725781725
Lasso (lambda=0.05),200,51,16.42713134842998,4.053039766450606,0.3367571999067349,24.222951799929156,4.9216818060424385,0.21662276338975284,7.980392156862745,6.946264976140625,0.0,0.0,-4.178641222649365,0.0,3.5393217426174814,-2.2318060818219623,-0.39548246757098965
"Random Forest (500 estimators, 5 depth)",200,51,8.656973563786702,2.94227353653373,0.6504760773506555,22.691037924467555,4.763511092090324,0.2661652992621776,7.980392156862745,,0.11170192494147926,0.1175141553154897,0.603237297428845,0.029491973937997764,0.08897346386191103,0.009030986463802723,0.040050198050474495
"Random Forest (100 estimators, 5 depth)",200,51,8.634042936058467,2.9383741994610673,0.6514018977766194,22.542092845462793,4.747851392520915,0.2709822260083963,7.980392156862745,,0.1140738863294794,0.10919740438746803,0.608686624424093,0.032176408596760235,0.08131297376375224,0.0064046175292471075,0.048148084969200027
Ridge (lambda=2.0),200,51,16.23547255917274,4.0293265639772535,0.3444953928604064,24.03546982736445,4.902598273096058,0.22268598437103748,7.980392156862745,6.695005298101752,1.3006807412075154,1.3104818475694011,-3.0553143120419626,0.040374959561952146,3.486107876852399,-2.829246838127471,-2.2892048515123364
