model_type,n_train,n_test,mse_train,rmse_train,r2_train,mse_test,rmse_test,r2_test,y_test_mean,bias,Game of season_weight,Game for player_weight,Age (days)_weight,Home?_weight,Game Started?_weight,Year_weight,Month of Season_weight
Linreg,711,178,18.856526888496862,4.342410262572718,0.18774770907229565,25.46869300072698,5.046651662313041,0.11885101869632808,8.151685393258427,4.146172141744292,-7.53946838280684,11.085868428491917,-2.5623745090609056,0.3048948361613115,3.978582707838692,3.40956858118731,-2.23029660056158
Lasso (lambda=0.05),711,178,19.031541917352754,4.36251554923908,0.18020886806644232,25.643333606400407,5.063924723611164,0.11280891862550768,8.151685393258427,4.509514573349817,0.0,1.4416201773389665,-0.0,0.08744060676880429,3.772454067089017,-0.0,0.0
"Random Forest (500 estimators, 5 depth)",711,178,14.309253412475979,3.7827573821851144,0.38362329741438495,23.7170361256875,4.8700139759232215,0.17945368374044934,8.151685393258427,,0.08865068321015042,0.1087525639476015,0.3332147269415925,0.014384014664267173,0.4254747397887787,0.015151506857252878,0.014371764590356809
"Random Forest (100 estimators, 5 depth)",711,178,14.464081408230557,3.803167286385199,0.37695402077637796,24.03160926158447,4.9022045307784206,0.16857029061803008,8.151685393258427,,0.09551514425561428,0.12031317985648006,0.3170042315489952,0.013685146199253057,0.4211285543209748,0.01594688945190224,0.016406854366780216
Ridge (lambda=2.0),711,178,18.92110636669833,4.349839809314629,0.18496592272180623,25.842439987232105,5.083546005224316,0.10592036786101011,8.151685393258427,4.312633712909873,0.3502346938235188,2.875764036871468,-0.02631732575836983,0.2974755561041949,3.8494422202618557,0.19868704619352381,-1.6953682142469193
