model_type,n_train,n_test,mse_train,rmse_train,r2_train,mse_test,rmse_test,r2_test,y_test_mean,bias,Game of season_weight,Game for player_weight,Age (days)_weight,Home?_weight,Game Started?_weight,Year_weight,Month of Season_weight
Linreg,368,92,50.966738147141726,7.1390992532070685,0.3934934674843154,54.59598268491138,7.388909438131677,0.2941357295246991,14.684782608695652,7.236064476227901,-20.465515160660978,16.081367206892878,-6.2197122381887455,-0.8479739446748555,8.481515870140589,10.74467440819315,9.277627846704831
Lasso (lambda=0.05),368,92,52.79277729479487,7.265863836791525,0.3717635174827356,51.93881555327141,7.206858924196546,0.3284898934515691,14.684782608695652,6.916917324428471,-4.858904246556281,5.529933310068679,0.0,-0.662762335601331,9.300226695494478,3.7982746210160223,0.0199047094521654
"Random Forest (500 estimators, 5 depth)",368,92,37.54225947666778,6.127173857225514,0.5532453822675167,55.05901219966392,7.420176022148256,0.2881492819040822,14.684782608695652,,0.0702362782329416,0.0623915320267501,0.3111136909155091,0.0110245988547329,0.5197896714937783,0.006375817096222,0.0190684113800657
"Random Forest (100 estimators, 5 depth)",368,92,37.33421956056994,6.110173447666599,0.5557210668556314,55.26655727880396,7.434148053328233,0.2854659589071612,14.684782608695652,,0.0818658343516355,0.070798535921685,0.3038373904069227,0.0123024426679182,0.5081357576940561,0.0055156743103013,0.0175443646474811
Ridge (lambda=2.0),368,92,52.04892949121163,7.214494403020327,0.3806153406221371,52.35833964850012,7.235906276928974,0.3230659216708164,14.684782608695652,6.84389402870432,-8.450944426914921,6.958819489445503,1.507399707287406,-0.8488388600282706,8.508417849749664,3.345999995467603,4.099823617577105
SVM (linear kernel),368,92,52.23027075395147,7.227051318065444,0.3784573712392656,52.28995077194572,7.2311790720425195,0.323950112449766,14.684782608695652,,,,,,,,
"Feedforward NN (3 layers, [[16, 4, 1]] activations)",368,92,57.54844478402914,7.586069125972235,0.315170855218066,49.572537101661325,7.040776739938664,0.35908319594099913,14.684782608695652,,,,,,,,
