model_type,n_train,n_test,mse_train,rmse_train,r2_train,mse_test,rmse_test,r2_test,y_test_mean,bias,Game of season_weight,Game for player_weight,Age (days)_weight,Home?_weight,Game Started?_weight,Year_weight,Month of Season_weight
Linreg,858,215,39.790919095503895,6.3080043671119865,0.239034350122187,40.78863438346114,6.386598028955724,0.23809117571745975,14.590697674418605,9.568214496643705,-93.61351923973642,96.41157744365057,-12.402014508215643,1.0372914860441322,6.231443407626228,11.624385990474627,-2.0533350872860012
Lasso (lambda=0.05),858,215,40.25865069730754,6.34497050405339,0.23008940262095878,41.111271718515916,6.4118072115836355,0.23206449116827288,14.590697674418605,9.673233074544708,0.0,0.4414430019138397,-1.2674339788019724,0.8396127428800161,6.461550907524654,-0.0,0.0
"Random Forest (500 estimators, 5 depth)",858,215,29.6287440183701,5.443229190321688,0.43337683673785843,36.49160932955943,6.04082853005773,0.3183571948234678,14.590697674418605,,0.04367432065470355,0.04474352714755981,0.3763461202533704,0.021048040959705604,0.4899105866434688,0.015614826968955072,0.00866257737223674
"Random Forest (100 estimators, 5 depth)",858,215,29.619811150521723,5.442408579895644,0.4335476698259607,36.307453388438965,6.025566644593599,0.32179712456626475,14.590697674418605,,0.0424031066206421,0.04471503300431646,0.36712810054774325,0.021406478411985664,0.4976738827281536,0.01947488838144523,0.00719851030571378
Ridge (lambda=2.0),858,215,40.18717478672238,6.3393355161816745,0.23145631532328914,40.996077956285134,6.402817969947696,0.2342162460694256,14.590697674418605,9.659231042102832,-0.22925754979217108,1.3817407581585461,-1.7863847554565335,1.0181275775606464,6.361551480425648,-0.08650669757713682,-0.06836125936663948
