model_type,n_train,n_test,mse_train,rmse_train,r2_train,mse_test,rmse_test,r2_test,y_test_mean,bias,Game of season_weight,Game for player_weight,Age (days)_weight,Home?_weight,Game Started?_weight,Year_weight,Month of Season_weight
Linreg,273,69,22.42948894442714,4.735978140197349,0.0992628877627962,26.0954997823025,5.108375454320336,0.0338983323208227,10.27536231884058,9.645760848400275,-12.163999599346056,13.055774758826605,-4.877092824019615,-0.7900990152827971,3.0659437189087595,2.7671123216814992,2.9342392935198056
Lasso (lambda=0.05),273,69,23.35031069961108,4.832215920218289,0.0622839654741698,24.483700191109573,4.948100665013756,0.0935700108096992,10.27536231884058,9.220278625593474,-0.0,2.189598651278273,-0.1794425746332645,-0.6076244591488551,1.5728603395230445,-0.0,0.0
"Random Forest (500 estimators, 5 depth)",273,69,15.711167068549146,3.9637314576733305,0.369061359790039,28.067409895083784,5.297868429385896,-0.0391052761313679,10.27536231884058,,0.1889395563764028,0.2785093074468228,0.3698946297492834,0.029717717162966,0.0526683627136533,0.0220001907816463,0.0582702357692253
"Random Forest (100 estimators, 5 depth)",273,69,15.587342686039529,3.948080886461108,0.3740339749487086,27.75896372778952,5.2686776071220685,-0.0276860521617878,10.27536231884058,,0.2087977607712709,0.2507125665014917,0.373700793689002,0.0291841752197211,0.0570331639940494,0.0175855210514049,0.0629860187730597
Ridge (lambda=2.0),273,69,22.919898798117345,4.787473111999413,0.079568709419275,24.779938466485184,4.977945205251378,0.0826027446427997,10.27536231884058,9.748010687579937,-2.360649941799354,4.036990496241422,-1.6065920680512915,-0.7745679478378246,2.5463079550860828,-0.4181095659502596,1.3246782137464224
SVM (linear kernel),273,69,22.64638944206296,4.75882227468761,0.09055246514160464,25.719301308468673,5.071420048513895,0.0478258667992274,10.27536231884058,,,,,,,,
"Feedforward NN (3 layers, [[16, 4, 1]] activations)",273,69,27.322150785641952,5.2270594779131745,-0.097219613863883,26.135810065029325,5.112319440824226,0.032405974186589304,10.27536231884058,,,,,,,,
