model_type,n_train,n_test,mse_train,rmse_train,r2_train,mse_test,rmse_test,r2_test,y_test_mean,bias,Game of season_weight,Game for player_weight,Age (days)_weight,Home?_weight,Game Started?_weight,Year_weight,Month of Season_weight
Linreg,560,140,33.383013884145534,5.777803551882457,0.2164775374342551,32.51219823631658,5.701946881225445,0.1568859544759507,9.628571428571428,7.760843768649693,2.458175686427162,2.458175686427148,-11.569650828134757,-0.335470810249396,4.836868769936934,10.277648345700628,-3.5184884294213123
Lasso (lambda=0.05),560,140,33.604004844567456,5.796896138845982,0.2112907264975474,33.22641618559366,5.76423595852856,0.1383646850058272,9.628571428571428,7.470501723883522,1.933874224809419,1.6827879263803936e-16,-1.9237413338210636,-0.0951351809546051,4.908085113263796,-0.0,-0.0
"Random Forest (500 estimators, 5 depth)",560,140,22.383977341371125,4.73117082141103,0.4746325448806657,29.60524386147008,5.441070102605744,0.2322697856557503,9.628571428571428,,0.0961054563557281,0.0956497621869503,0.3722806178731034,0.0088137749396493,0.3944284794620648,0.0134673984139309,0.0192545107685729
"Random Forest (100 estimators, 5 depth)",560,140,22.61823231737966,4.755862941399769,0.4691344183092463,30.223226342002896,5.497565492288645,0.2162441172146969,9.628571428571428,,0.1009884385557978,0.0998318689076603,0.3651797549377272,0.0092309748609089,0.3901706238126937,0.0149554018684302,0.0196429370567817
Ridge (lambda=2.0),560,140,33.46171193988319,5.784609921151398,0.214630439546548,32.742709018674965,5.722124519675797,0.1509082941271033,9.628571428571428,7.644804200661694,2.0070082520606247,2.007008252060629,-1.8961061158426349,-0.2948242818482728,4.820733326070987,-0.1241314385244439,-1.6537653700775092
SVM (linear kernel),560,140,33.67886076361549,5.803349098892422,0.20953380621965745,33.377249960620084,5.777304731500675,0.13445322773247248,9.628571428571428,,,,,,,,
"Feedforward NN (3 layers, [[16, 4, 1]] activations)",560,140,34.10352231104187,5.839822112962164,0.19956670550936118,33.22282694176484,5.763924612775989,0.13845776212915473,9.628571428571428,,,,,,,,
