model_type,n_train,n_test,mse_train,rmse_train,r2_train,mse_test,rmse_test,r2_test,y_test_mean,bias,Game of season_weight,Game for player_weight,Age (days)_weight,Home?_weight,Game Started?_weight,Year_weight,Month of Season_weight
Linreg,593,149,41.89048325631263,6.472285782960501,0.1314366073074804,50.76345365482784,7.124847623270819,0.1061760060158012,14.771812080536913,8.430292657297692,-3.0796930292012314,10.196547264808052,13.126575460066956,0.9765575175673192,7.5288150512693,-16.33543569669567,-6.989170321450851
Lasso (lambda=0.05),593,149,42.45421987351524,6.515690283731666,0.1197480100233057,52.09627761621854,7.21777511538137,0.0827081378808129,14.771812080536913,9.393218529363626,0.0,2.603075178250676,-0.0,0.7768228210103368,6.682764668691759,-3.499646762081916,-3.4075312645963405
"Random Forest (500 estimators, 5 depth)",593,149,25.40150772741225,5.039990845965124,0.4733214320724812,42.46765545181805,6.516721219433746,0.2522453324552552,14.771812080536913,,0.073978891515143,0.0716702143558544,0.8037827545033736,0.0141975570823609,0.0051102053952903,0.0145737372452277,0.0166866399027499
"Random Forest (100 estimators, 5 depth)",593,149,25.51039061693608,5.050781188780214,0.4710638383523913,41.92193151774071,6.474714782732959,0.2618542363270545,14.771812080536913,,0.0662859235147578,0.0701307136092222,0.818733237319218,0.0134889496302345,0.0059589285367554,0.0078994955433314,0.0175027518464804
Ridge (lambda=2.0),593,149,42.05045562012657,6.484632265605088,0.1281197169722432,51.48842927073158,7.175543831009018,0.0934109052613412,14.771812080536913,8.782525838595458,2.428535732547445,3.061352368562441,-0.2844161702529189,0.948481863107239,7.317270403027051,-2.773129859202802,-6.430062300971504
SVM (linear kernel),593,149,42.27013753708374,6.501548856778955,0.12356480004903558,52.40546491004781,7.239161892791721,0.0772640831137994,14.771812080536913,,,,,,,,
"Feedforward NN (3 layers, [[16, 4, 1]] activations)",593,149,40.34977560694534,6.3521473225158545,0.16338186453676062,50.26267118222666,7.089617139326119,0.11499359736451553,14.771812080536913,,,,,,,,
