model_type,n_train,n_test,mse_train,rmse_train,r2_train,mse_test,rmse_test,r2_test,y_test_mean,bias,Game of season_weight,Game for player_weight,Age (days)_weight,Home?_weight,Game Started?_weight,Year_weight,Month of Season_weight
Linreg,959,240,61.87990882912366,7.866378380749534,0.2022311201753993,65.29286808991239,8.080400243175605,0.1428317979713618,16.6375,16.25261497262095,-10.743205882684306,20.937545624484024,-17.229949978233343,-0.4395428099934818,4.608909473309718,12.178383066343669,-7.771955191370349
Lasso (lambda=0.05),959,240,62.60755626078169,7.912493681563461,0.1928501354996775,65.1091673980214,8.069025182636462,0.1452434303040506,16.6375,15.63914512296941,0.0,2.686395892039843,-6.296899531365984,-0.1175379933845052,4.649802221322338,-0.0,-0.0
"Random Forest (500 estimators, 5 depth)",959,240,42.3041233070262,6.504161998830149,0.4546062898088141,56.30953818764413,7.503968162755232,0.2607654248102639,16.6375,,0.0616486954904021,0.0642203657203429,0.7733285946305792,0.0079936498276835,0.0719402946494526,0.008049882208145,0.0128185174733944
"Random Forest (100 estimators, 5 depth)",959,240,42.24000355082928,6.499230996881806,0.4554329352749071,56.02484304351947,7.484974485161554,0.2645029176169756,16.6375,,0.0675459798257922,0.061515237941209,0.7754299788501495,0.0075992404714371,0.0676929455508358,0.0078062084865076,0.0124104088740684
Ridge (lambda=2.0),959,240,62.093871458595096,7.8799664630374595,0.1994726686768829,65.27315059574553,8.079180069521012,0.1430906502705171,16.6375,16.319928642317315,1.7367977816271387,6.762265270110473,-3.9165198594109207,-0.3934209862191017,4.573791757906463,-2.4801249381955093,-5.514981281168293
SVM (linear kernel),959,240,62.05605111905643,7.877566319559387,0.19996025649786164,65.77387261762365,8.110109285183748,0.1365171452650643,16.6375,,,,,,,,
"Feedforward NN (3 layers, [[16, 4, 1]] activations)",959,240,56.15132167504925,7.493418557310759,0.2760852780653773,61.053945638852916,7.813702428353214,0.198480594573618,16.6375,,,,,,,,
