model_type,n_train,n_test,mse_train,rmse_train,r2_train,mse_test,rmse_test,r2_test,y_test_mean,bias,Game of season_weight,Game for player_weight,Age (days)_weight,Home?_weight,Game Started?_weight,Year_weight,Month of Season_weight
Linreg,164,42,9.654426909477069,3.1071573679936244,0.0981426764888696,4.774477648253322,2.185057813480761,-0.2722324126161419,2.238095238095238,1.9176372863937368,0.3801505460459122,0.3801505460459113,-2.0306480803588265,1.4138647092812036,6.156975954881183,1.04791595859252,0.9029107124971
Lasso (lambda=0.05),164,42,9.962973084589906,3.1564177614171904,0.0693201860110859,4.495903608299703,2.1203545949438984,-0.1980021095227608,2.238095238095238,2.1498796939593183,0.3145754709273086,1.3653984615605103e-16,-0.474324891263945,1.1386551133014438,0.0,-0.0,0.8859369731760386
"Random Forest (500 estimators, 5 depth)",164,42,4.602711980905315,2.145393199603587,0.5700428884165929,5.343453766338327,2.311591176297904,-0.4238447800333549,2.238095238095238,,0.1888063551696661,0.1863261553534876,0.4287380355739347,0.0881935780256681,0.0283898574445099,0.0286940354051173,0.0508519830276161
"Random Forest (100 estimators, 5 depth)",164,42,4.712871310540798,2.1709148556635744,0.5597524797660995,5.351333472233574,2.3132949384446366,-0.4259444478882213,2.238095238095238,,0.2070362634601811,0.1786445639049363,0.4243988412766222,0.0847748174395797,0.0298851903787667,0.0225776835571031,0.0526826399828105
Ridge (lambda=2.0),164,42,9.764256829741552,3.1247810850908504,0.0878830392405997,4.750893395725799,2.1796544211699707,-0.2659480287100166,2.238095238095238,2.0453482250767108,0.3656080375057082,0.3656080375057089,-0.7454758122569011,1.3057394983588049,2.0392309878465658,-0.2539552636941339,1.0630569254181923
SVM (linear kernel),164,42,10.117106158879194,3.1807398760161436,0.05492201995250545,4.14623291410843,2.0362300739622796,-0.104827018200494,2.238095238095238,,,,,,,,
"Feedforward NN (3 layers, [[16, 4, 1]] activations)",164,42,11.438897451357613,3.3821439134604567,-0.06855161224255912,6.261481973395145,2.5022953409610036,-0.6684674019741745,2.238095238095238,,,,,,,,
