model_type,n_train,n_test,mse_train,rmse_train,r2_train,mse_test,rmse_test,r2_test,y_test_mean,bias,Game of season_weight,Game for player_weight,Age (days)_weight,Home?_weight,Game Started?_weight,Year_weight,Month of Season_weight
Linreg,532,134,43.58658499972142,6.602013707931953,0.2135470293311381,61.922119525458925,7.869060904927533,0.1299355921069139,13.21641791044776,4.283365292650871,3.28573272251854,3.2857327225185475,-22.55876169093773,1.6750330295598412,6.276310879420396,29.595228225416676,-4.284314654112636
Lasso (lambda=0.05),532,134,44.05243220569013,6.637200630212268,0.2051415321118853,61.09597706326506,7.81639156281625,0.1415436759017284,13.21641791044776,4.52869146862418,3.9591582990173526,2.5773210022101927e-16,0.0,1.4577529892740806,5.843101978128124,5.243955493284512,0.0
"Random Forest (500 estimators, 5 depth)",532,134,30.3084911546462,5.505314809767576,0.4531298355855413,52.300546743400176,7.231911693556564,0.2651277995083472,13.21641791044776,,0.1496039387771299,0.1519156107111194,0.3698406756996834,0.0367373921074732,0.2253527081605909,0.019145069808031,0.0474046047359721
"Random Forest (100 estimators, 5 depth)",532,134,30.521854517616628,5.5246587693374,0.4492800214594504,51.92159774878491,7.205664282270227,0.270452391675869,13.21641791044776,,0.1510490259614064,0.1369858942272661,0.3821258913713464,0.0355284948077237,0.2260333883841516,0.0277934805568653,0.04048382469124
Ridge (lambda=2.0),532,134,43.968919221932055,6.630906365040307,0.2066483956151026,61.11018288012826,7.817300229627123,0.141344070724573,13.21641791044776,4.074736449043892,2.605113928550154,2.605113928550173,0.96976297105889,1.6528139852947603,6.047434880730651,4.685834841239485,-0.8158232952078114
SVM (linear kernel),532,134,44.15064229897981,6.64459496876821,0.20336948184417503,63.86778741560821,7.991732441442732,0.10259711607003807,13.216417910447761,,,,,,,,
"Feedforward NN (3 layers, [[16, 4, 1]] activations)",532,134,43.61017507589172,6.603800048145894,0.21312138264460478,65.09656161611751,8.068244023089381,0.08533167513562578,13.216417910447761,,,,,,,,
