model_type,n_train,n_test,mse_train,rmse_train,r2_train,mse_test,rmse_test,r2_test,y_test_mean,bias,Game of season_weight,Game for player_weight,Age (days)_weight,Home?_weight,Game Started?_weight,Year_weight,Month of Season_weight
Linreg,608,152,16.76145481163736,4.094075574734467,0.1714777099789739,17.258237145485044,4.154303448893093,0.1935491281709958,6.282894736842105,7.166916480112689,-0.9050072445491336,3.495048750836367,-12.4793920895252,0.3674077067599451,2.3266155416932826,7.816572330161126,-3.5970586524151127
Lasso (lambda=0.05),608,152,17.037184408856003,4.127612434429376,0.1578483371183584,17.43659775088203,4.175715238241471,0.1852146114697938,6.282894736842105,6.531907473887946,-0.0,0.0,-4.270805365149927,0.1201198315815836,2.324155620604839,-0.0,-0.0
"Random Forest (500 estimators, 5 depth)",608,152,13.536057943384414,3.679138206616383,0.3309097658203445,17.782267339019068,4.21690257642017,0.1690620033923914,6.282894736842105,,0.1053056436897815,0.1240814580895638,0.5453810437609943,0.0242159039413306,0.1566219796941803,0.0115086843545489,0.0328852864696005
"Random Forest (100 estimators, 5 depth)",608,152,13.587914234666217,3.686178812085249,0.3283464982706228,18.27426746680758,4.274841221239401,0.1460715943111934,6.282894736842105,,0.1139126147445778,0.1156721865597974,0.5683144026378113,0.0185557300998691,0.1417537629214659,0.0110305215075855,0.0307607815288927
Ridge (lambda=2.0),608,152,16.80665847846156,4.099592477120325,0.169243283076571,17.170954007069327,4.1437849856223625,0.1976277349532499,6.282894736842105,6.985929187892372,-0.1698876574033886,2.238734682307385,-2.889130468180893,0.3320224630396973,2.3412366000243754,-2.013856780167021,-2.362615060361451
SVM (linear kernel),608,152,16.909249439880725,4.112085777300946,0.164172189949771,17.477597390513797,4.1806216512037775,0.18329876138342716,6.282894736842105,,,,,,,,
"Feedforward NN (3 layers, [[16, 4, 1]] activations)",608,152,16.196074974351397,4.024434739730712,0.19942455604836484,17.81018065092359,4.220210972323966,0.16775765726878233,6.282894736842105,,,,,,,,
