model_type,n_train,n_test,mse_train,rmse_train,r2_train,mse_test,rmse_test,r2_test,y_test_mean,bias,Game of season_weight,Game for player_weight,Age (days)_weight,Home?_weight,Game Started?_weight,Year_weight,Month of Season_weight
Linreg,608,152,16.76145481163736,4.094075574734467,0.17147770997897394,17.258237145485044,4.154303448893093,0.1935491281709958,6.282894736842105,7.166916480112689,-0.9050072445491337,3.495048750836367,-12.479392089525199,0.36740770675994516,2.3266155416932826,7.816572330161126,-3.5970586524151127
Lasso (lambda=0.05),608,152,17.037184408856003,4.127612434429376,0.15784833711835844,17.43659775088203,4.175715238241471,0.1852146114697938,6.282894736842105,6.531907473887946,-0.0,0.0,-4.270805365149927,0.12011983158158365,2.324155620604839,-0.0,-0.0
"Random Forest (500 estimators, 5 depth)",608,152,13.536057943384414,3.6791382066163827,0.3309097658203445,17.782267339019068,4.21690257642017,0.1690620033923914,6.282894736842105,,0.1053056436897815,0.12408145808956389,0.5453810437609943,0.024215903941330653,0.15662197969418032,0.01150868435454892,0.03288528646960052
"Random Forest (100 estimators, 5 depth)",608,152,13.587914234666217,3.686178812085249,0.3283464982706228,18.27426746680758,4.274841221239401,0.14607159431119343,6.282894736842105,,0.11391261474457787,0.11567218655979747,0.5683144026378113,0.018555730099869126,0.1417537629214659,0.0110305215075855,0.03076078152889278
Ridge (lambda=2.0),608,152,16.80665847846156,4.099592477120325,0.169243283076571,17.170954007069327,4.1437849856223625,0.19762773495324992,6.282894736842105,6.9859291878923715,-0.16988765740338868,2.238734682307385,-2.889130468180893,0.3320224630396973,2.3412366000243754,-2.013856780167021,-2.362615060361451
