model_type,n_train,n_test,mse_train,rmse_train,r2_train,mse_test,rmse_test,r2_test,y_test_mean,bias,Game of season_weight,Game for player_weight,Age (days)_weight,Home?_weight,Game Started?_weight,Year_weight,Month of Season_weight
Linreg,619,155,17.3368237496244,4.163751163269054,0.2727593799499339,23.454722618406432,4.84300760049026,0.1723876797950656,7.090322580645161,5.978782378942647,-7.276551030812913,10.276298776611853,-4.289587964586973,0.3608717629947213,4.820506871562049,0.3999228885814163,-3.0629235432487727
Lasso (lambda=0.05),619,155,17.755647280541645,4.213745042185353,0.255190678282628,23.13753238893066,4.810148894673704,0.1835799051747326,7.090322580645161,5.831121029167685,0.0,0.0,-3.626749110750156,0.1181687781196051,4.523106163616239,-0.0018620391087932,-0.0
"Random Forest (500 estimators, 5 depth)",619,155,12.292949878847864,3.50613032827473,0.4843385027588236,20.81579695035479,4.562433226947523,0.2655035708041813,7.090322580645161,,0.0734020440933325,0.0822326840090604,0.4019383905490265,0.0105206522700769,0.3727799086369273,0.0438282681105727,0.0152980523310035
"Random Forest (100 estimators, 5 depth)",619,155,12.337128174351518,3.5124248282848014,0.4824853229907863,20.869071219818977,4.568267857713575,0.2636237599671144,7.090322580645161,,0.0775665643348453,0.0864294557215211,0.40727421005975,0.0107127066025701,0.3664856272526992,0.0364724632787838,0.0150589727498304
Ridge (lambda=2.0),619,155,17.426494524905642,4.174505303015633,0.268997893350215,23.16190030585804,4.812681197197467,0.1827200703092798,7.090322580645161,6.072248424430656,-0.6308201862298585,3.1752390869194738,-2.2085781513043616,0.3402678265868,4.7889941541976375,-2.083211140575649,-2.487076271179642
SVM (linear kernel),619,155,17.5211629343505,4.1858288228677605,0.26502676727902097,23.866105792585433,4.885294852164548,0.15787180643281284,7.090322580645161,,,,,,,,
"Feedforward NN (3 layers, [[16, 4, 1]] activations)",619,155,17.931808310632672,4.234596593612274,0.24780112073724248,23.17104986641012,4.813631671244708,0.18239722321530405,7.090322580645161,,,,,,,,
