model_type,n_train,n_test,mse_train,rmse_train,r2_train,mse_test,rmse_test,r2_test,y_test_mean,bias,Game of season_weight,Game for player_weight,Age (days)_weight,Home?_weight,Game Started?_weight,Year_weight,Month of Season_weight
Linreg,885,222,23.900784952701965,4.888842905299982,0.21366975709977154,22.163534565646096,4.707816326668458,0.1468586077925622,6.801801801801802,7.314633662400248,-2.6738816782540855,6.031542426702783,11.983422724786633,0.1905239649984708,2.9299040751544196,-16.49708535613105,-1.4925753545397913
Lasso (lambda=0.05),885,222,24.140337202472768,4.913281714136975,0.20578854402989388,21.982055106927284,4.688502437551599,0.15384430033225327,6.801801801801802,7.274090481397278,0.0,0.7651022935926604,-0.0,0.004797923031328953,2.962355870502369,-3.7292429162071072,0.0
"Random Forest (500 estimators, 5 depth)",885,222,19.246099993162215,4.387037724155357,0.3668078051639694,21.871972454983634,4.6767480640915045,0.15808171411925198,6.801801801801802,,0.09606114231823344,0.10524069626371355,0.4703390489004802,0.01302549167360168,0.28743917990246753,0.017203389592537813,0.010691051348965638
"Random Forest (100 estimators, 5 depth)",885,222,19.272440212741003,4.390038748432752,0.3659412180916025,21.956547193413744,4.685781385576342,0.1548261769721363,6.801801801801802,,0.09383126888324442,0.10617715389522542,0.4679840233460582,0.014110253308841973,0.286305519291265,0.024653766212017696,0.006938015063347478
Ridge (lambda=2.0),885,222,23.97147504840163,4.8960673043169685,0.21134406946096984,22.13442497960361,4.704723687912353,0.14797912368723198,6.801801801801802,7.589139252685739,-0.14652874783616066,3.1809234617012985,-1.335660963227164,0.20191557620662273,2.826820355186985,-3.030357352045752,-2.1685484261551764
