model_type,n_train,n_test,mse_train,rmse_train,r2_train,mse_test,rmse_test,r2_test,y_test_mean,bias,Game of season_weight,Game for player_weight,Age (days)_weight,Home?_weight,Game Started?_weight,Year_weight,Month of Season_weight
Linreg,693,174,44.83931561717298,6.6962165151056,0.10816555648645043,45.74152588734817,6.763248175791582,0.008205494865566543,15.080459770114942,5.515748855220094,-77.25720749701661,77.86522807925758,5.517645568566835,1.5956712602005636,5.499930833725198,-2.848629011797085,4.116911795232511
Lasso (lambda=0.05),693,174,45.4136106129529,6.7389621317345965,0.09674307933834159,46.134454054511785,6.792234835053319,-0.00031420336367871116,15.080459770114942,6.929457000801147,0.0,0.0,0.0,1.3893326252645282,5.331546865370935,1.651127205705934,2.8832060269750555
"Random Forest (500 estimators, 5 depth)",693,174,35.53372539980703,5.961017144733526,0.2932496898823501,41.35448401687058,6.430745214737603,0.10332790139940362,15.080459770114942,,0.12131641990577276,0.11020197712906761,0.53802473542969,0.04553768006612537,0.15269262238260026,0.008261371124206008,0.023965193962538017
"Random Forest (100 estimators, 5 depth)",693,174,35.56715347206836,5.963820375570374,0.2925848200953658,41.7611189115737,6.462284341591115,0.09451100589058914,15.080459770114942,,0.11537970703645235,0.1163947650741364,0.5367739410169742,0.04422969179583657,0.1451001859860324,0.014092505873861164,0.028029203216706978
Ridge (lambda=2.0),693,174,45.29503616635499,6.730158702909983,0.09910147339813113,46.65800517889876,6.830666525230079,-0.01166614491461826,15.080459770114942,5.960277903642,-1.2017578593332245,0.8739485714336542,0.8581569711672185,1.5545322556562966,5.733976641409198,1.0408723088389524,3.9790705372892905
