model_type,n_train,n_test,mse_train,rmse_train,r2_train,mse_test,rmse_test,r2_test,y_test_mean,bias,Game of season_weight,Game for player_weight,Age (days)_weight,Home?_weight,Game Started?_weight,Year_weight,Month of Season_weight
Linreg,532,133,25.871558656856735,5.086409210519415,0.2001848160588205,25.69981966334266,5.069498955847871,0.2718155271603172,8.699248120300751,6.748347385753153,-721713314436596.6,721713314436606.8,-6.546875,0.828125,3.6875,4.298828125,-7.8125
Lasso (lambda=0.05),532,133,26.4643893252886,5.144355093234583,0.1818575487918314,27.029988497091157,5.1990372663687605,0.2341262241348755,8.699248120300751,6.2198447346526775,1.841330214586196,9.144607849216387e-17,-2.031148077036068,0.5973256708905019,4.243095978666084,-0.7373419149666902,-0.0
"Random Forest (500 estimators, 5 depth)",532,133,18.343946964034853,4.282983418603772,0.4328997525876424,24.277017443322126,4.927171343004232,0.3121295253950434,8.699248120300751,,0.0870498935009127,0.0824449087811286,0.507526510573692,0.0243312478129354,0.2589783842591527,0.0204954547947819,0.0191736002773963
"Random Forest (100 estimators, 5 depth)",532,133,18.47236708363066,4.297949171829591,0.4289296647031598,24.590460704311493,4.958876959989176,0.3032483535129601,8.699248120300751,,0.0903536865549205,0.0815182973675964,0.496530977424637,0.023538139091062,0.2712905958296247,0.0172857726193782,0.019482531112781
Ridge (lambda=2.0),532,133,25.9641416896551,5.095502103782816,0.1973226260999705,26.00743815540256,5.099748832580145,0.2630993955916632,8.699248120300751,6.579369366864692,3.3833776377280778,3.383377637728105,-1.5867158382915274,0.7732234546499772,3.962292693238869,-1.1285256382887534,-4.417814152362595
SVM (linear kernel),532,133,26.059755037703756,5.104875614322425,0.1943667544197577,26.092707782045927,5.108102170282612,0.2606833468045542,8.699248120300751,,,,,,,,
"Feedforward NN (3 layers, [[16, 4, 1]] activations)",532,133,24.798457648395296,4.979804980960128,0.2333595656691454,26.479797693200133,5.145852474877232,0.24971545416609187,8.699248120300751,,,,,,,,
