model_type,n_train,n_test,mse_train,rmse_train,r2_train,mse_test,rmse_test,r2_test,y_test_mean,bias,Game of season_weight,Game for player_weight,Age (days)_weight,Home?_weight,Game Started?_weight,Year_weight,Month of Season_weight
Linreg,532,133,25.871558656856738,5.086409210519415,0.20018481605882055,25.69981966334266,5.069498955847871,0.2718155271603172,8.699248120300751,6.748347385753153,-721713314436596.6,721713314436606.8,-6.546875,0.828125,3.6875,4.298828125,-7.8125
Lasso (lambda=0.05),532,133,26.464389325288597,5.144355093234583,0.18185754879183147,27.029988497091153,5.1990372663687605,0.2341262241348755,8.699248120300751,6.2198447346526775,1.8413302145861956,9.144607849216387e-17,-2.031148077036068,0.5973256708905019,4.243095978666084,-0.7373419149666902,-0.0
"Random Forest (500 estimators, 5 depth)",532,133,18.343946964034853,4.282983418603772,0.43289975258764246,24.277017443322126,4.927171343004232,0.31212952539504346,8.699248120300751,,0.08704989350091279,0.08244490878112866,0.507526510573692,0.024331247812935452,0.25897838425915276,0.020495454794781955,0.019173600277396306
"Random Forest (100 estimators, 5 depth)",532,133,18.47236708363066,4.297949171829591,0.42892966470315985,24.590460704311493,4.958876959989176,0.3032483535129601,8.699248120300751,,0.09035368655492058,0.0815182973675964,0.49653097742463703,0.023538139091062067,0.2712905958296247,0.017285772619378255,0.019482531112781008
Ridge (lambda=2.0),532,133,25.9641416896551,5.095502103782816,0.19732262609997053,26.007438155402557,5.099748832580145,0.2630993955916632,8.699248120300751,6.579369366864692,3.3833776377280778,3.383377637728105,-1.5867158382915274,0.7732234546499772,3.962292693238869,-1.1285256382887534,-4.417814152362595
