model_type,n_train,n_test,mse_train,rmse_train,r2_train,mse_test,rmse_test,r2_test,y_test_mean,bias,Game of season_weight,Game for player_weight,Age (days)_weight,Home?_weight,Game Started?_weight,Year_weight,Month of Season_weight
Linreg,304,77,29.983812340152518,5.475747651248414,0.26903918557476114,33.643039470042204,5.8002620173611295,0.20384773404107814,8.051948051948052,7.0462862121522996,-16.00488811662599,14.584661983310987,-0.3802881199510735,-0.6753245015721477,8.261675327597745,0.20194285353081304,3.0184130104938323
Lasso (lambda=0.05),304,77,30.98886506009646,5.566764325898525,0.2445374929155283,32.58541641958402,5.708363725235457,0.22887606089312917,8.051948051948052,8.06903221286188,-1.2596669597632364,0.0,-2.137881657216095,-0.4384738775325082,8.542757305706823,-0.0,0.0
"Random Forest (500 estimators, 5 depth)",304,77,18.39771774035672,4.289256082394326,0.5514909648414505,30.14847666303731,5.4907628489161056,0.28654549682229646,8.051948051948052,,0.09796197393065739,0.10965564995194475,0.34610348903584226,0.033962301580282066,0.3861222688676553,0.0045468599291861225,0.021647456704431967
"Random Forest (100 estimators, 5 depth)",304,77,18.335930907152953,4.282047513416094,0.5529972360723074,30.755640904700797,5.545776853128946,0.2721771402640236,8.051948051948052,,0.09575187031346123,0.1085290611668302,0.34967617252400424,0.0354909247891393,0.38700320906058766,0.004671738218570426,0.018877023927406908
Ridge (lambda=2.0),304,77,30.53568081298367,5.525909953390814,0.2555854518140255,32.97152667753962,5.74208382710838,0.21973887942487735,8.051948051948052,8.041925177524565,-4.764568700225682,2.5558068047741043,-1.2144188218110352,-0.6639901708408689,8.271865028847868,-1.138786944132617,1.7846131743893348
