model_type,n_train,n_test,mse_train,rmse_train,r2_train,mse_test,rmse_test,r2_test,y_test_mean,bias,Game of season_weight,Game for player_weight,Age (days)_weight,Home?_weight,Game Started?_weight,Year_weight,Month of Season_weight
Linreg,444,111,26.244402618413915,5.122929105347244,0.123820623252093,25.34258325552583,5.034141759577876,0.0210190679061487,6.072072072072072,7.489734426173221,-6.73041758513327,10.889421286370167,9.911866877480731,-0.1659182615103771,4.620094610360738,-13.950256613411636,0.4089971168461428
Lasso (lambda=0.05),444,111,27.213167670509595,5.216624164199448,0.0914780330281194,25.23208314268455,5.02315470025407,0.0252876739268963,6.072072072072072,6.670695519326442,-0.4385702173934138,3.546428333021553,-0.0,-0.0322740476480211,3.579021993553156,-2.4450428339859536,-0.0
"Random Forest (500 estimators, 5 depth)",444,111,18.88592929617335,4.345794437864423,0.3694860576321149,23.210151371874524,4.81769149820477,0.1033946541687848,6.072072072072072,,0.214848251470176,0.1941859218162687,0.4490609999150443,0.0251101068029536,0.0804262120078352,0.015924987499631,0.020443520488091
"Random Forest (100 estimators, 5 depth)",444,111,19.107585296932275,4.371222403050693,0.3620859876278115,23.056520106819757,4.801720536101591,0.1093294113932396,6.072072072072072,,0.20697346045901,0.1826308794946033,0.4716338751819536,0.0288181243364812,0.0858584071066057,0.0097889577363627,0.0142962956849831
Ridge (lambda=2.0),444,111,26.541043805559934,5.151800054889547,0.1139171442417156,25.070184386410904,5.007013519695239,0.0315418033391791,6.072072072072072,7.31660220500228,-3.1939627285743764,7.262178233569726,-0.1375999520470721,-0.1784468903602025,4.356588820450928,-2.904245228824913,-1.7106351324734834
SVM (linear kernel),444,111,26.84146331968572,5.180874763945344,0.10388752434612103,24.641004095678007,4.963970597785407,0.0481209861644496,6.072072072072072,,,,,,,,
"Feedforward NN (3 layers, [[16, 4, 1]] activations)",444,111,26.45019019605837,5.142974839143039,0.11695032659704674,26.174470360754885,5.116099135157067,-0.011116630552942652,6.072072072072072,,,,,,,,
