model_type,n_train,n_test,mse_train,rmse_train,r2_train,mse_test,rmse_test,r2_test,y_test_mean,bias,Game of season_weight,Game for player_weight,Age (days)_weight,Home?_weight,Game Started?_weight,Year_weight,Month of Season_weight
Linreg,1169,293,41.03789541078211,6.406082688412796,0.29431566932874453,41.89756428362569,6.4728327866264,0.2360608226079789,18.09556313993174,5.666945808837436,-42.080306381611784,45.124888380482716,-26.028858762250334,0.5846979446822206,16.065479293916944,17.411239816718847,-0.5924618146549179
Lasso (lambda=0.05),1169,293,43.79425903894658,6.617723100806392,0.24691746329119058,43.85203995750352,6.622087281024278,0.2004238932526733,18.09556313993174,7.998383731472163,-0.0,0.8312462065621891,-10.772237455829599,0.3814983239348827,14.675062800881367,-0.0,-0.0
"Random Forest (500 estimators, 5 depth)",1169,293,24.890226820621933,4.989010605382788,0.5719896725125073,29.837669546199702,5.462386799394538,0.45595489575208736,18.09556313993174,,0.01778775751807385,0.017209116537656628,0.9329699871374478,0.004703873846650319,0.00011977069617083101,0.02454536530263647,0.002664128961363941
"Random Forest (100 estimators, 5 depth)",1169,293,24.88092664959435,4.988078452630266,0.5721495975013753,29.90588850358893,5.468627661816896,0.45471102549180986,18.09556313993174,,0.018086247455442468,0.01760048398925114,0.915209918238059,0.004751384349318358,0.00028759291117163086,0.04160771309514231,0.0024566599616151446
Ridge (lambda=2.0),1169,293,42.43835543834328,6.51447276748804,0.2702334719526652,42.85090516286759,6.546060277973889,0.21867808307371728,18.09556313993174,6.96683873174592,-11.209344700741733,13.765261846783758,-6.582347686701338,0.5957784019444985,15.614303151461765,-4.317436806971153,-0.9783574025314871
