model_type,n_train,n_test,mse_train,rmse_train,r2_train,mse_test,rmse_test,r2_test,y_test_mean,bias,Game of season_weight,Game for player_weight,Age (days)_weight,Home?_weight,Game Started?_weight,Year_weight,Month of Season_weight
Linreg,703,176,34.57026773651808,5.879648606551083,0.2769116014193126,42.15637823679193,6.492794331933819,0.24808833120119034,10.840909090909092,13.162486604193726,2.785202981587542,5.58624404784852,-36.004882946111174,0.4374375137046015,2.5389114922054516,28.251345907191315,-8.691732827590544
Lasso (lambda=0.05),703,176,35.40478734875152,5.95019221107617,0.2594563865915541,42.17401169022242,6.494152114804705,0.24777381653104646,10.840909090909092,12.372616326040522,0.0,1.4325020039916037,-8.871204837305555,0.16441364077543047,2.647941233456608,-0.0,-0.0
"Random Forest (500 estimators, 5 depth)",703,176,25.434438242343525,5.043256709938879,0.4680010187474485,41.36342013211651,6.43143997345202,0.26223172958387386,10.840909090909092,,0.0877224393236311,0.07589913609730585,0.796893214792074,0.011420331297789328,0.009363562715737789,0.005541185674042779,0.013160130099419092
"Random Forest (100 estimators, 5 depth)",703,176,25.282962529586058,5.028216635108919,0.4711693578357212,40.99963213553801,6.403095511979968,0.2687203429571543,10.840909090909092,,0.09472032737813624,0.07552454306755231,0.7851932755278248,0.010946223979058131,0.015768498650943333,0.006752570579663319,0.011094560816821915
Ridge (lambda=2.0),703,176,35.01012299780025,5.9169352707123855,0.2677113765638991,41.92398259064626,6.474873171780762,0.2522333978654433,10.840909090909092,12.72786105736489,1.7278563921202879,4.524003720662967,-6.75125046537099,0.38306390349949604,2.562013429534508,-2.241927224663481,-4.426455440706355
