model_type,n_train,n_test,mse_train,rmse_train,r2_train,mse_test,rmse_test,r2_test,y_test_mean,bias,Game of season_weight,Game for player_weight,Age (days)_weight,Home?_weight,Game Started?_weight,Year_weight,Month of Season_weight
Linreg,117,30,25.68319946456852,5.067859455881597,0.1690640318818311,27.76300807097057,5.269061403226439,-0.0324659007426764,4.9,4.484279141175329,-2.622579195694637,-2.622579195694641,10.744977466069049,-0.1400362511642627,3.9049746373324457,-9.474537131959536,2.315144182813344
Lasso (lambda=0.05),117,30,26.098405143495224,5.108659818728903,0.1556307626638318,26.598674659855806,5.157390295474622,0.0108339657919002,4.9,4.439533904992318,-3.491541385935629,-5.502581756497893e-15,1.711087169106577,-0.0032806627934734,3.919620813529732,0.0,-0.0
"Random Forest (500 estimators, 5 depth)",117,30,9.715606214596844,3.116986720311276,0.685668186827028,28.23383513844468,5.31355202651152,-0.0499752747655142,4.9,,0.1568860892031418,0.1510377540410657,0.4260148147846378,0.0296678303676327,0.1546766769168088,0.0190441050161675,0.0626727296705456
"Random Forest (100 estimators, 5 depth)",117,30,10.005301239763492,3.1631157487141524,0.6762956000304355,28.66743693021333,5.354198066023831,-0.0661002949131026,4.9,,0.1562755418170864,0.1455806453115946,0.4394248492038041,0.0259344217815543,0.1577978848361861,0.0163921612667766,0.0585944957829976
Ridge (lambda=2.0),117,30,26.05573760716969,5.104482109594438,0.1570111977865192,26.9013187430756,5.186648122157084,-0.0004209275967124,4.9,4.523844068299938,-1.9015384577260928,-1.9015384577260936,2.0407482088322637,-0.1967088281029646,3.739422061469826,-0.0690632832374302,0.0133250381046398
SVM (linear kernel),117,30,27.43343692835064,5.2376938559208135,0.11243809384748193,26.71582023567628,5.168734877673286,0.006477492165255616,4.9,,,,,,,,
"Feedforward NN (3 layers, [[16, 4, 1]] activations)",117,30,32.96752374028514,5.741735255154589,-0.06660781470719956,27.819593084546447,5.274428223470905,-0.03457021511887115,4.9,,,,,,,,
