model_type,n_train,n_test,mse_train,rmse_train,r2_train,mse_test,rmse_test,r2_test,y_test_mean,bias,Game of season_weight,Game for player_weight,Age (days)_weight,Home?_weight,Game Started?_weight,Year_weight,Month of Season_weight
Linreg,163,41,17.243247845389092,4.152498988005788,0.1494992221448117,20.99894217515918,4.582460275349823,0.2054377662530371,6.243902439024391,2.6818329832440666,1.8805676809872989,1.8805676809872989,-0.9268798736702086,0.2535517888850786,5.282783875916206,1.2381300312186965,-0.0595551902150058
Lasso (lambda=0.05),163,41,17.340384529599834,4.164178734108304,0.1447080815070227,21.239288272829683,4.608610232253286,0.1963435018541688,6.243902439024391,3.316627341251068,2.964887459894298,1.4020915749373476e-16,-0.0,0.0190911248694577,4.573149260778351,0.0,0.0
"Random Forest (500 estimators, 5 depth)",163,41,7.909582207000266,2.8123979460596016,0.6098701428013089,17.448358616243627,4.1771232464752135,0.339785467206016,6.243902439024391,,0.1963755157880691,0.2038915508202736,0.3271542147399981,0.0260079046031662,0.1299187235339647,0.0759391323049831,0.0407129582095449
"Random Forest (100 estimators, 5 depth)",163,41,7.827921766883404,2.797842341320076,0.6138979378235768,17.855652940340107,4.225594980631734,0.3243741819494954,6.243902439024391,,0.1837094281331713,0.2023678253977301,0.3348644860146492,0.0309888222278154,0.1229066195586043,0.0843435012149412,0.0408193174530883
Ridge (lambda=2.0),163,41,17.295925535124034,4.158837041183993,0.1469009635976458,21.21535402381723,4.606012811946709,0.1972491308234646,6.243902439024391,2.936850865158549,1.5283161086644734,1.5283161086644723,-0.1557896891581053,0.2088495648272267,4.609923738914998,0.1672678150753381,0.4115580347834601
SVM (linear kernel),163,41,17.58191450495671,4.193079358294654,0.13279492954410554,22.516271229029783,4.745131318417835,0.14802476171613332,6.2439024390243905,,,,,,,,
"Feedforward NN (3 layers, [[16, 4, 1]] activations)",163,41,18.531597645758442,4.304834218150385,0.08595304353689281,22.433477351444576,4.736399196799672,0.1511575332512869,6.2439024390243905,,,,,,,,
