model_type,n_train,n_test,mse_train,rmse_train,r2_train,mse_test,rmse_test,r2_test,y_test_mean,bias,Game of season_weight,Game for player_weight,Age (days)_weight,Home?_weight,Game Started?_weight,Year_weight,Month of Season_weight
Linreg,163,41,17.243247845389092,4.152498988005788,0.1494992221448117,20.99894217515918,4.582460275349823,0.2054377662530371,6.2439024390243905,2.6818329832440666,1.8805676809872989,1.8805676809872987,-0.9268798736702086,0.2535517888850786,5.282783875916206,1.2381300312186965,-0.05955519021500588
Lasso (lambda=0.05),163,41,17.340384529599834,4.164178734108304,0.14470808150702275,21.239288272829683,4.608610232253286,0.19634350185416882,6.2439024390243905,3.316627341251068,2.964887459894298,1.4020915749373476e-16,-0.0,0.019091124869457788,4.573149260778351,0.0,0.0
"Random Forest (500 estimators, 5 depth)",163,41,7.909582207000266,2.8123979460596016,0.6098701428013089,17.448358616243627,4.1771232464752135,0.339785467206016,6.2439024390243905,,0.1963755157880691,0.20389155082027363,0.3271542147399981,0.026007904603166283,0.1299187235339647,0.07593913230498314,0.04071295820954493
"Random Forest (100 estimators, 5 depth)",163,41,7.827921766883404,2.797842341320076,0.6138979378235768,17.855652940340107,4.225594980631734,0.3243741819494954,6.2439024390243905,,0.1837094281331713,0.20236782539773018,0.3348644860146492,0.0309888222278154,0.12290661955860437,0.08434350121494123,0.04081931745308839
Ridge (lambda=2.0),163,41,17.295925535124034,4.158837041183993,0.14690096359764582,21.21535402381723,4.606012811946709,0.19724913082346462,6.2439024390243905,2.936850865158549,1.5283161086644734,1.5283161086644723,-0.15578968915810534,0.20884956482722675,4.609923738914998,0.16726781507533814,0.4115580347834601
