model_type,n_train,n_test,mse_train,rmse_train,r2_train,mse_test,rmse_test,r2_test,y_test_mean,bias,Game of season_weight,Game for player_weight,Age (days)_weight,Home?_weight,Game Started?_weight,Year_weight,Month of Season_weight
Linreg,604,152,47.32905233865932,6.879611350843834,0.2935939217092714,47.67542117551599,6.9047390374666575,0.2910937044088776,13.894736842105264,7.517263396060767,10.04125487973505,-0.3906176605089921,-3.945752731970975,-0.5934273551832314,9.81599351983219,3.366252509996642,-15.785217829613485
Lasso (lambda=0.05),604,152,48.33736838678699,6.952508064489173,0.2785443791970146,48.15954990694947,6.939708200418046,0.2838949865553687,13.894736842105264,7.267234925408415,0.7364196526871511,1.4011854256858496,-0.5999340579846543,-0.4427999361055341,9.559155870300694,-0.0,-3.695135150021068
"Random Forest (500 estimators, 5 depth)",604,152,33.17955146470015,5.760169395486573,0.5047811931260789,45.036656851519,6.710935616701966,0.3303306234698757,13.894736842105264,,0.0580446815191218,0.0605864433004277,0.4020562821657576,0.0089061023378003,0.449212825399333,0.0088064744191083,0.0123871908584509
"Random Forest (100 estimators, 5 depth)",604,152,33.21129773800785,5.7629244084933,0.5043073666005196,45.27786727866295,6.728883063232927,0.3267439621221961,13.894736842105264,,0.054159327255966,0.0599203856876115,0.4208776282100319,0.0120232661284111,0.4306150895476241,0.0102222267472545,0.0121820764231004
Ridge (lambda=2.0),604,152,47.60021066064101,6.899290591114496,0.2895467693290298,47.81025798252983,6.914496220443673,0.2890887580651919,13.894736842105264,7.472036609151967,4.214599574073663,1.7925434421174686,-0.6001983272262268,-0.6159159826195192,9.755020195002125,-0.4934030904340353,-9.208528806610795
SVM (linear kernel),604,152,47.67961384951593,6.905042639225042,0.2883616432281403,48.2775501477883,6.948204814755269,0.28214039033892524,13.894736842105264,,,,,,,,
"Feedforward NN (3 layers, [[16, 4, 1]] activations)",604,152,45.26362417120734,6.727824623993058,0.3244213086875902,48.61427424640347,6.972393724281745,0.2771334952240032,13.894736842105264,,,,,,,,
