model_type,n_train,n_test,mse_train,rmse_train,r2_train,mse_test,rmse_test,r2_test,y_test_mean,bias,Game of season_weight,Game for player_weight,Age (days)_weight,Home?_weight,Game Started?_weight,Year_weight,Month of Season_weight
Linreg,324,81,28.92741089439724,5.37842085508351,0.2100713803416467,26.02622959648877,5.101590888780555,0.2131326096375151,8.617283950617283,9.766406017268716,0.8686434727802662,0.8686434727802601,-9.431881967606612,0.0231621229962768,3.443313885957825,2.7177204230615075,-2.172109789082106
Lasso (lambda=0.05),324,81,29.04131121623081,5.388999092246241,0.2069610735003917,25.951790631440367,5.094290002683433,0.2153831697484897,8.617283950617283,9.408239739295816,0.0,0.0,-6.535316658385278,0.0,3.31393363950823,-0.0,-0.0
"Random Forest (500 estimators, 5 depth)",324,81,16.907146799336846,4.111830103413424,0.5383119774418516,25.840575065537674,5.083362574668236,0.218745619994504,8.617283950617283,,0.1119395755423607,0.1153314235529649,0.5457625080366262,0.02184532282818,0.1567439177812971,0.0119378168768637,0.0364394353817071
"Random Forest (100 estimators, 5 depth)",324,81,17.190444252202717,4.14613606291481,0.5305758974064825,26.10629166384229,5.109431638043735,0.2107120427331954,8.617283950617283,,0.1120599126849806,0.1188972896351953,0.5395118053609189,0.02352883188287,0.1640738753773754,0.0106582590119263,0.031270026046733
Ridge (lambda=2.0),324,81,28.971156716717484,5.3824861092916425,0.20887680136023,26.14402568597633,5.113122889778451,0.2095712062776338,8.617283950617283,9.51043023941295,0.7538876723883425,0.7538876723883425,-4.040201991570182,0.0147995198629353,3.3539849914795368,-2.905067729318517,-1.2058266996243467
SVM (linear kernel),324,81,29.315960095306007,5.414421492210041,0.19946116240462886,26.551112450594044,5.152777159027357,0.19726349574513835,8.617283950617283,,,,,,,,
"Feedforward NN (3 layers, [[16, 4, 1]] activations)",324,81,31.465761874516875,5.6094350762369,0.1407559447759048,29.57084694214481,5.437908324176201,0.10596596107362743,8.617283950617283,,,,,,,,
