model_type,n_train,n_test,mse_train,rmse_train,r2_train,mse_test,rmse_test,r2_test,y_test_mean,bias,Game of season_weight,Game for player_weight,Age (days)_weight,Home?_weight,Game Started?_weight,Year_weight,Month of Season_weight
Linreg,324,81,28.927410894397237,5.37842085508351,0.21007138034164674,26.026229596488772,5.101590888780555,0.21313260963751512,8.617283950617283,9.766406017268716,0.8686434727802662,0.8686434727802601,-9.431881967606612,0.023162122996276877,3.443313885957825,2.7177204230615075,-2.172109789082106
Lasso (lambda=0.05),324,81,29.04131121623081,5.388999092246241,0.20696107350039172,25.951790631440367,5.094290002683433,0.2153831697484897,8.617283950617283,9.408239739295817,0.0,0.0,-6.535316658385278,0.0,3.31393363950823,-0.0,-0.0
"Random Forest (500 estimators, 5 depth)",324,81,16.907146799336846,4.111830103413424,0.5383119774418516,25.840575065537674,5.083362574668236,0.21874561999450404,8.617283950617283,,0.11193957554236075,0.11533142355296494,0.5457625080366262,0.021845322828180087,0.15674391778129712,0.011937816876863724,0.03643943538170716
"Random Forest (100 estimators, 5 depth)",324,81,17.190444252202717,4.14613606291481,0.5305758974064825,26.10629166384229,5.109431638043735,0.21071204273319544,8.617283950617283,,0.1120599126849806,0.11889728963519536,0.5395118053609189,0.023528831882870086,0.16407387537737547,0.010658259011926376,0.03127002604673309
Ridge (lambda=2.0),324,81,28.971156716717484,5.3824861092916425,0.20887680136023,26.14402568597633,5.113122889778451,0.20957120627763381,8.617283950617283,9.51043023941295,0.7538876723883425,0.7538876723883425,-4.040201991570182,0.01479951986293537,3.3539849914795368,-2.9050677293185174,-1.2058266996243467
