model_type,n_train,n_test,mse_train,rmse_train,r2_train,mse_test,rmse_test,r2_test,y_test_mean,bias,Game of season_weight,Game for player_weight,Age (days)_weight,Home?_weight,Game Started?_weight,Year_weight,Month of Season_weight
Linreg,97,25,12.383452718379738,3.5190130318570487,0.10235661525065143,9.420173844734583,3.0692301713515366,0.1930360947150339,2.92,0.11110856406891356,-6.294067194019033,0.43534668441080004,13.41213345556553,0.3206472203804247,-1.2313207466678677,-13.585811168499271,9.350914534653839
Lasso (lambda=0.05),97,25,13.33399630125498,3.6515744961940704,0.03345425187201967,11.068363621480014,3.32691503069736,0.051846592184072504,2.92,2.2946838722659653,-0.8384365856783176,0.0,0.0,0.0,-0.0,0.0,2.1057664538016008
"Random Forest (500 estimators, 5 depth)",97,25,5.668332872757909,2.380826090405998,0.5891177023483524,15.877600489533222,3.9846706877147606,-0.3601288796543669,2.92,,0.24830016904724975,0.40930659998934027,0.26076485350890416,0.02031274740698692,0.0076400721011472906,0.007033813009199643,0.04664174493717186
"Random Forest (100 estimators, 5 depth)",97,25,5.5245021085513155,2.350425941941442,0.5995436099647207,17.838150727336735,4.223523496718911,-0.5280762341811207,2.92,,0.2757494911391146,0.38171999250213046,0.26238144954922277,0.015210614750701571,0.0029589850617937844,0.009125556514038438,0.0528539104829984
Ridge (lambda=2.0),97,25,13.153574036417565,3.6267856341969766,0.04653257955460721,10.810706756522439,3.28796392263091,0.07391834939329467,2.92,2.56160573750862,-1.802236621911005,0.9173774152040308,0.24784845743931386,0.058380082965648956,-0.21403171709976157,-0.7710373114515922,2.3220312559392773
