model_type,n_train,n_test,mse_train,rmse_train,r2_train,mse_test,rmse_test,r2_test,y_test_mean,bias,Game of season_weight,Game for player_weight,Age (days)_weight,Home?_weight,Game Started?_weight,Year_weight,Month of Season_weight
Linreg,563,141,49.94560709717405,7.067220606233687,0.3071604493850803,49.48434392805213,7.034510923159629,0.3035993447723107,15.624113475177303,18.60270978357364,3.0243271494300776,-3.862459275914151,-21.055001797121637,-0.7144394352466154,3.974465068239861,8.155533500427106,-2.158101631484813
Lasso (lambda=0.05),563,141,50.10533605314452,7.078512276823748,0.3049447082116983,49.07477804992165,7.0053392530213445,0.3093632273106681,15.624113475177303,17.55436781611226,-0.115387253593064,-0.7727930642780836,-7.537081315310044,-0.4894076108691035,3.987585602001922,-4.425721217253304,-0.0
"Random Forest (500 estimators, 5 depth)",563,141,33.3126573014152,5.771711817252764,0.5378907604507379,42.14930964341606,6.492249967724291,0.4068263914795498,15.624113475177303,,0.0580560455106377,0.0656652357470251,0.7967952706859934,0.0107360071481938,0.0128269785011302,0.0290773914497022,0.0268430709573173
"Random Forest (100 estimators, 5 depth)",563,141,33.67441163706766,5.80296576218296,0.5328725471200078,42.74865147173298,6.538245289963736,0.3983917632958941,15.624113475177303,,0.0565137975405701,0.0722704683990203,0.7908142535991467,0.0109158349530872,0.0135121055520434,0.0275891867735219,0.0283843531826099
Ridge (lambda=2.0),563,141,50.02816576409752,7.073059151745976,0.306015205328294,49.59494696328033,7.042367994025897,0.3020428115319169,15.624113475177303,18.189326976176616,-0.0320690324004684,-1.0755000800068724,-6.767968031098408,-0.6842734084720417,4.007946640692521,-5.6048419849256,-0.5505131282191486
SVM (linear kernel),563,141,50.06784220766852,7.075863354225301,0.3054648183987638,48.50484653942992,6.964542091152147,0.31738395964407884,15.624113475177305,,,,,,,,
"Feedforward NN (3 layers, [[16, 4, 1]] activations)",563,141,86.83168815938096,9.318352223401998,-0.20451890166100828,89.96297690162778,9.484881491174667,-0.26606257833018,15.624113475177305,,,,,,,,
