model_type,n_train,n_test,mse_train,rmse_train,r2_train,mse_test,rmse_test,r2_test,y_test_mean,bias,Game of season_weight,Game for player_weight,Age (days)_weight,Home?_weight,Game Started?_weight,Year_weight,Month of Season_weight
Linreg,892,223,50.2586172279473,7.089331225718495,0.1889825093558929,53.26502483837872,7.298289172016871,0.1810896126932378,14.278026905829597,8.473993862129477,-17.808152227890783,19.06323747687173,9.574554113506494,-1.457421533982007,7.16501251924988,-9.147264104108178,3.9767039501487
Lasso (lambda=0.05),892,223,51.28831939915057,7.1615863744809065,0.172366324568865,54.94234216340645,7.412310177225886,0.1553020985703661,14.278026905829597,9.08914133230602,-0.0,0.6629679223625469,-0.0,-1.3014242160952123,7.331821423542424,-0.0,0.0
"Random Forest (500 estimators, 5 depth)",892,223,35.18872934227484,5.932008879146662,0.4321635463886796,43.38318065757788,6.586590973908876,0.3330156630416451,14.278026905829597,,0.0424412649587113,0.0534209883293088,0.6532289620641036,0.0134180619899181,0.2195297384745663,0.0106656021149342,0.0072953820684572
"Random Forest (100 estimators, 5 depth)",892,223,35.319226764447215,5.942998129264994,0.4300577245873007,42.955431668556,6.554039339869421,0.3395919875873082,14.278026905829597,,0.0386295599847828,0.0523397322300728,0.6818170674196831,0.0139996330868727,0.1859866751186971,0.0166173410052024,0.0106099911546889
Ridge (lambda=2.0),892,223,50.6314592633352,7.115578631659916,0.1829660005734189,54.23759115539559,7.364617515892838,0.1661371244184939,14.278026905829597,8.949518760085159,-6.43968258331465,7.822623313938003,0.2093002643638206,-1.4870081211623687,7.568907435081998,-0.4789637813438082,0.6402661258545882
SVM (linear kernel),892,223,50.57307438990663,7.111474839293649,0.18390815052006093,54.15246701530811,7.358835982362164,0.16744584515484418,14.278026905829597,,,,,,,,
"Feedforward NN (3 layers, [[16, 4, 1]] activations)",892,223,47.661404628973145,6.9037239681908735,0.23089342853490236,50.83131373237238,7.129608245364705,0.21850612212808218,14.278026905829597,,,,,,,,
