model_type,n_train,n_test,mse_train,rmse_train,r2_train,mse_test,rmse_test,r2_test,y_test_mean,bias,Game of season_weight,Game for player_weight,Age (days)_weight,Home?_weight,Game Started?_weight,Year_weight,Month of Season_weight
Linreg,586,147,51.670120099125356,7.188193103911813,0.06361636244141033,41.18038772631461,6.417194692879017,0.052361146561013094,9.571428571428571,7.2539039084495105,-27.464364380278976,24.428887804829063,4.518880157947889,0.5406572552963039,0.728512224833533,0.5016065366764445,10.83238427067241
Lasso (lambda=0.05),586,147,53.360152717436826,7.304803400327542,0.03298901170773261,44.02742333078998,6.635316370060283,-0.013154544399831991,9.571428571428571,8.632955583702705,0.0,0.1971932854216728,0.0,0.14702505645794742,0.8940773391181479,3.564719916803278,1.9123198930943477
"Random Forest (500 estimators, 5 depth)",586,147,35.60900883501803,5.967328450405427,0.35468132919329975,38.20389223491101,6.1809297225345485,0.12085595514528513,9.571428571428571,,0.13679980328572872,0.15142220797885841,0.6145332863654082,0.03171172025239445,0.019583098309456155,0.010385463818902946,0.03556441998925122
"Random Forest (100 estimators, 5 depth)",586,147,35.81800190645099,5.984814275017311,0.3508938850751614,38.6436839871623,6.216404425965407,0.11073551250581437,9.571428571428571,,0.12430755845367987,0.15780768073565218,0.6291020737281567,0.03404382615498252,0.018588390414905915,0.006173837567667916,0.029976632944954996
Ridge (lambda=2.0),586,147,52.58057518537604,7.251246457360006,0.04711678311274581,42.700245507697474,6.534542486486523,0.017386335373899775,9.571428571428571,7.75730922784096,-6.375011061823552,5.3527215986360925,2.1376218057857583,0.3943908814408447,1.160602621888224,2.205554466434608,5.296420575773818
