model_type,n_train,n_test,mse_train,rmse_train,r2_train,mse_test,rmse_test,r2_test,y_test_mean,bias,Game of season_weight,Game for player_weight,Age (days)_weight,Home?_weight,Game Started?_weight,Year_weight,Month of Season_weight
Linreg,612,154,35.04883504046254,5.920205658628976,0.2109637587186545,34.24304852056782,5.851756020253051,0.1768125818249963,10.24025974025974,10.156260287602583,4.367358327614737,6.060890683261264,-6.850379360140936,0.0341013317509478,3.9401897071845817,2.886988824302307,-14.23245284069325
Lasso (lambda=0.05),612,154,35.862712053588055,5.988548409555362,0.1926413677301817,34.18038364328856,5.84639920320949,0.1783190171678306,10.24025974025974,9.484974670250637,0.0,3.6682010634371753,-3.7388843893645385,0.0,4.222920719534722,-0.0,-3.3386147681764924
"Random Forest (500 estimators, 5 depth)",612,154,24.291791671198663,4.92867037558799,0.4531314957514452,29.270425808181173,5.41021495027519,0.2963521855991544,10.24025974025974,,0.0915131931182335,0.1054008666433706,0.5556630305665501,0.0142699727040866,0.1958446193126079,0.0161192673355025,0.0211890503196485
"Random Forest (100 estimators, 5 depth)",612,154,24.386214407951204,4.938240011173131,0.4510058056618113,29.547453267523263,5.4357569176264,0.2896925706153301,10.24025974025974,,0.0865889662533912,0.1083671423867467,0.5620133372003921,0.0119848971998723,0.1986489417100954,0.0123889998824452,0.0200077153670568
Ridge (lambda=2.0),612,154,35.23887334579549,5.936233936242362,0.2066855249352414,34.00227759273111,5.831147193540145,0.1826006061692205,10.24025974025974,9.920440713515674,2.620701185252504,4.645547560528304,-2.270125820798828,0.0443960720496684,4.109025897392646,-2.161510074489702,-8.675915023485127
SVM (linear kernel),612,154,35.420351128937966,5.951499905816849,0.2026000097470333,34.45397343388707,5.869750713095665,0.17174204218773914,10.24025974025974,,,,,,,,
"Feedforward NN (3 layers, [[16, 4, 1]] activations)",612,154,40.0405488332343,6.327760175072559,0.0985878956106837,39.098342039484464,6.252866705718623,0.06009351886194947,10.24025974025974,,,,,,,,
