model_type,n_train,n_test,mse_train,rmse_train,r2_train,mse_test,rmse_test,r2_test,y_test_mean,bias,Game of season_weight,Game for player_weight,Age (days)_weight,Home?_weight,Game Started?_weight,Year_weight,Month of Season_weight
Linreg,214,54,18.251678201592895,4.272198286783151,0.2557466185131133,17.137996034081826,4.13980627977709,0.07393083471605877,5.444444444444445,6.03582196510001,-13.209355789881515,10.325592049917903,-3.6353379167357263,-0.6576130949033658,6.396198156304446,0.35505359662072333,5.160631557013907
Lasso (lambda=0.05),214,54,19.397978454683763,4.404313619019854,0.20900363794228027,17.087872082637002,4.133747946190842,0.07663933376010867,5.444444444444445,4.547557331937929,-0.0,0.0,-0.0,-0.4082629292592437,6.598294793946978,-0.0,0.7945728441146388
"Random Forest (500 estimators, 5 depth)",214,54,10.140460707590144,3.1844090044449604,0.5864998227505342,18.470512317239407,4.297733392992102,0.0019269528376304468,5.444444444444445,,0.13786884863141186,0.1428050346824692,0.320046773276189,0.03931131532928746,0.3104942053134316,0.010592088215396762,0.038881734551814026
"Random Forest (100 estimators, 5 depth)",214,54,10.547568843689684,3.247702086659071,0.5698990694621893,18.62712272942883,4.3159150512294415,-0.006535651156594602,5.444444444444445,,0.1288532390427423,0.13580723218688084,0.29691712184338415,0.05160550682493663,0.3221729017488957,0.011476925702645292,0.05316707265051521
Ridge (lambda=2.0),214,54,18.83924429267515,4.340419829080495,0.2317872847299417,16.69919438873184,4.086464778843914,0.09764193096245566,5.444444444444445,5.066618858765053,-3.546764609500496,2.4313800638133016,-0.8971727744296255,-0.6045187422058789,6.311410815842511,-0.32857322721170795,2.8093001949902794
