model_type,n_train,n_test,mse_train,rmse_train,r2_train,mse_test,rmse_test,r2_test,y_test_mean,bias,Game of season_weight,Game for player_weight,Age (days)_weight,Home?_weight,Game Started?_weight,Year_weight,Month of Season_weight
Linreg,236,59,25.70564426879592,5.070073398758239,0.169307664389025,20.854710359798872,4.566695781393684,0.1448920236234938,6.864406779661017,6.180422103636861,-15.560630823128898,20.900997385595183,6.775457317989623,1.0536153093851106,1.7387428572187176,-10.093525947857628,-1.6924572106833633
Lasso (lambda=0.05),236,59,26.27074022928232,5.125499022464283,0.1510462709630449,20.28579148689211,4.503975076184604,0.1682194665723776,6.864406779661017,5.454732178493819,0.0,2.8931984562909547,-0.0,0.8343384346403747,2.513466609813663,-2.160873581326653,-0.9553614561475844
"Random Forest (500 estimators, 5 depth)",236,59,15.131610244455834,3.8899370489065546,0.511013514227288,21.052602407349053,4.588311498508907,0.1367778342915797,6.864406779661017,,0.1412401296429464,0.2711688222751363,0.3700800240954501,0.0262586911161425,0.1069104126593727,0.0354024820984701,0.0489394381124817
"Random Forest (100 estimators, 5 depth)",236,59,15.466186297498083,3.9327072478762113,0.5002015011131662,20.39652888124179,4.51625164060217,0.1636788890453889,6.864406779661017,,0.1337644676720466,0.2787660848719876,0.3674742776939513,0.026258405638164,0.1124695787270445,0.0305804826463997,0.0506867027504061
Ridge (lambda=2.0),236,59,26.07789617396732,5.106652149301666,0.1572781349475928,20.729925610548182,4.553012805884493,0.1500085863843029,6.864406779661017,5.980436832491588,1.317351744544507,3.3194882314060026,-0.716989308273396,0.9882033229346256,1.999467355697456,-1.9297425068556608,-2.5323712469657407
SVM (linear kernel),236,59,26.10494037234154,5.109299401321236,0.15640418648408438,20.403440873468934,4.517016811289165,0.16339547586994263,6.864406779661017,,,,,,,,
"Feedforward NN (3 layers, [[16, 4, 1]] activations)",236,59,28.650160687826734,5.3525844867528,0.07415396212065772,21.434458245334845,4.629736304081999,0.12112055748197093,6.864406779661017,,,,,,,,
