model_type,n_train,n_test,mse_train,rmse_train,r2_train,mse_test,rmse_test,r2_test,y_test_mean,bias,Game of season_weight,Game for player_weight,Age (days)_weight,Home?_weight,Game Started?_weight,Year_weight,Month of Season_weight
Linreg,424,107,12.19406772098765,3.4920005327874235,0.08652479986921002,14.21115045218944,3.769767957340271,0.048962698578928654,4.196261682242991,4.5742769107750485,-2.231977242436001,-2.2319772424359994,-4.0737620924042,0.5724746488512785,0.8661164648763425,1.4445482179396576,4.4289472246672235
Lasso (lambda=0.05),424,107,12.323575393506786,3.5104950353912745,0.07682319333562682,14.527208084527631,3.811457475104193,0.02781151882302524,4.196261682242991,5.007463203242346,0.0,0.0,-2.2228452290346916,0.333168588665969,0.6602210405830735,-0.0,0.0
"Random Forest (500 estimators, 5 depth)",424,107,8.878854443541462,2.9797406671624063,0.3348722079190424,15.159762910704002,3.8935540205195562,-0.014520256982990976,4.196261682242991,,0.143751215800126,0.14654988174404704,0.6119266813201059,0.03659929886502626,0.04173130214794375,0.009477651340610294,0.00996396878214083
"Random Forest (100 estimators, 5 depth)",424,107,8.894406090051755,2.9823490892334776,0.33370721164926576,15.189574272187144,3.8973804371894647,-0.016515290169924146,4.196261682242991,,0.14793443757874966,0.1471619705098664,0.6088789263010003,0.039835188063443765,0.04231092915661174,0.007529586133999781,0.006348962256328363
Ridge (lambda=2.0),424,107,12.237657695595937,3.4982363693146774,0.08325941200274212,14.574807029341963,3.817696560668745,0.024626106623005906,4.196261682242991,4.75773783981559,-0.7008240997098256,-0.7008240997098256,-1.917941361600034,0.5462385512862211,0.8282894363320461,-0.7865523133206798,1.7302420891243453
