model_type,n_train,n_test,mse_train,rmse_train,r2_train,mse_test,rmse_test,r2_test,y_test_mean,bias,Game of season_weight,Game for player_weight,Age (days)_weight,Home?_weight,Game Started?_weight,Year_weight,Month of Season_weight
Linreg,364,92,21.99588482907076,4.689977060612425,0.1687912236333172,18.230854026374104,4.269760417912708,0.2629494808879115,6.065217391304348,3.967221300817114,3.846149210390229,-0.4388388166386129,7.418733418877204,-0.5641785924232349,4.080521524765417,-5.200008528268688,-0.3079203990684776
Lasso (lambda=0.05),364,92,22.10736528231109,4.701847007539812,0.1645784569341468,18.983612720907328,4.357018788220603,0.2325163927961958,6.065217391304348,4.018342750546387,2.189264564011599,0.0,2.561393371521621,-0.3445786024447231,3.8733735251077808,0.0,0.0
"Random Forest (500 estimators, 5 depth)",364,92,14.108093343734444,3.7560741930550896,0.466865229735436,17.295878037637667,4.158831330751185,0.300749385207182,6.065217391304348,,0.1791924261824359,0.158488958376886,0.4092148328459475,0.0286593557716374,0.1923909053640443,0.0144855873243199,0.0175679341347285
"Random Forest (100 estimators, 5 depth)",364,92,14.322609649822814,3.7845223806740544,0.4587588117540708,17.412032774453195,4.172772792095587,0.2960533951595758,6.065217391304348,,0.1755496271660658,0.1586903082563986,0.40935637862121,0.0290597678887376,0.1996876928606277,0.0126716076047092,0.0149846176022509
Ridge (lambda=2.0),364,92,22.05063979575806,4.695810877341427,0.166722072552839,18.663093501368497,4.3200802656164266,0.2454745820727232,6.065217391304348,3.75670421242845,2.4248823021012607,0.3840944426846955,2.162165468807897,-0.5261261134213634,4.030476469273219,0.7938592076314374,-0.2867349067598686
SVM (linear kernel),364,92,22.27987910588072,4.720156682344424,0.15805928276543435,18.532160403355757,4.304899581100093,0.2507680426928146,6.065217391304348,,,,,,,,
"Feedforward NN (3 layers, [[16, 4, 1]] activations)",364,92,22.991253377058925,4.794919538121461,0.1311769571813649,20.79472111357388,4.560122927463017,0.15929555634761217,6.065217391304348,,,,,,,,
