model_type,n_train,n_test,mse_train,rmse_train,r2_train,mse_test,rmse_test,r2_test,y_test_mean,bias,Game of season_weight,Game for player_weight,Age (days)_weight,Home?_weight,Game Started?_weight,Year_weight,Month of Season_weight
Linreg,611,153,13.271664603235882,3.643029591320373,0.1326017230797013,11.40366103955078,3.3769307128738637,0.21052044386557844,4.620915032679738,2.9722527106692445,-6.679993933051386,3.3313004311943244,-7.2927537866239485,0.5300495842501298,2.4755038841818893,9.18391984459565,2.6625897967760643
Lasso (lambda=0.05),611,153,13.514443025601462,3.6761995356075903,0.11673441543375696,11.98578260773415,3.4620489031401838,0.17021995828715197,4.620915032679738,3.557201531566803,-0.0,-0.0,0.0,0.28146572489367694,2.419759817642566,0.34389818814474427,-0.0
"Random Forest (500 estimators, 5 depth)",611,153,9.075233666961498,3.0125128492608124,0.40686852171865584,10.972899084912468,3.312536654123614,0.24034224894799672,4.620915032679738,,0.1459427589814992,0.17430815434598018,0.3180586971140911,0.024547613761454513,0.25900734411681003,0.03882408532940036,0.039311346350764546
"Random Forest (100 estimators, 5 depth)",611,153,9.109409992769049,3.018179913916506,0.40463485420194445,10.839002785512834,3.2922640819826157,0.24961193792344427,4.620915032679738,,0.14108363549399353,0.1733716984764481,0.31491546437899937,0.023954621220429642,0.2625276098981671,0.03939122719593044,0.04475574333603175
Ridge (lambda=2.0),611,153,13.350051596961581,3.6537722420755214,0.12747857196615853,11.661538951318226,3.414899552156436,0.19266746326461748,4.620915032679738,3.0688156708816074,-2.714434389001695,1.0840863728131822,0.07232895886858151,0.4974690378449651,2.5447587706322534,1.2127732355788845,1.3308596316730805
