model_type,n_train,n_test,mse_train,rmse_train,r2_train,mse_test,rmse_test,r2_test,y_test_mean,bias,Game of season_weight,Game for player_weight,Age (days)_weight,Home?_weight,Game Started?_weight,Year_weight,Month of Season_weight
Linreg,190,48,39.77061325518187,6.306394632052601,0.4929410585788604,100.3615026546887,10.018058826673395,0.31581218841957115,19.354166666666668,8.247713814657589,-0.14832046011016956,2.5388123921347114,8.203756173753277,-1.3113421216939158,5.851915360051836,5.387774993226517,-5.39948886179577
Lasso (lambda=0.05),190,48,39.98350584748008,6.32325120863311,0.4902267656964626,98.43456424796494,9.921419467393008,0.3289485777389176,19.354166666666668,7.677504903298923,-0.0,-0.0,12.28485420170923,-0.9886672627050248,6.266233429077111,0.0,-1.2789570872153941
"Random Forest (500 estimators, 5 depth)",190,48,24.866394889763168,4.986621590793026,0.6829637051643777,97.56635760697002,9.877568405582926,0.334867345254244,19.354166666666668,,0.0881757205655715,0.08913164768629969,0.6625942506047181,0.020432858595177943,0.1275588748926418,0.0027239901396537082,0.009382657515937204
"Random Forest (100 estimators, 5 depth)",190,48,24.702687831928646,4.97017985911261,0.6850509027370207,98.62051595142577,9.930786270554098,0.3276809015315548,19.354166666666668,,0.09060571857038216,0.09304732714013142,0.6699621659206273,0.017080690034680778,0.11703014393542506,0.004009771990370614,0.00826418240838262
Ridge (lambda=2.0),190,48,39.875706652241035,6.314721423169912,0.4916011610439329,100.05643050009962,10.002821127067085,0.31789193657300996,19.354166666666668,8.103984205921616,0.1259117947408188,0.19741306396860345,7.708218276878887,-1.2505830466860237,6.22466635469688,5.209148355979789,-3.1879878465409446
