model_type,n_train,n_test,mse_train,rmse_train,r2_train,mse_test,rmse_test,r2_test,y_test_mean,bias,Game of season_weight,Game for player_weight,Age (days)_weight,Home?_weight,Game Started?_weight,Year_weight,Month of Season_weight
Linreg,93,24,16.06788204042698,4.008476274150438,0.23005134925452964,15.720987023386028,3.9649699902251503,-0.20995303654066677,5.083333333333333,3.9481933855304048,-11.969592058701036,9.535074044299712,0.27899893401275566,-1.1871575218030324,4.937738134782515,1.6192915888842208,5.589995542738992
Lasso (lambda=0.05),93,24,16.447515679422764,4.055553683459604,0.21185987838195464,14.242673245799608,3.7739466405607285,-0.09617581367992689,5.083333333333333,3.6056171032220394,0.0,2.5749835789703406,2.95298522690811,-1.1266789906655872,4.344446551269296,0.0,0.0
"Random Forest (500 estimators, 5 depth)",93,24,6.108244945550563,2.4714863838489105,0.7073021234275554,15.09707106877841,3.8854949580173708,-0.16193385029614693,5.083333333333333,,0.199373161853771,0.15032447989867564,0.45359701171731526,0.05067005298004132,0.11176237801119572,0.0072172719408208135,0.02705564359818042
"Random Forest (100 estimators, 5 depth)",93,24,6.052565240453696,2.4601961792616653,0.7099702108397841,14.789221646626407,3.8456757074181915,-0.1382404687943357,5.083333333333333,,0.179055240740464,0.17543566200077026,0.4601440555031536,0.05722491927117158,0.09772261801986008,0.009088856099316022,0.02132864836526464
Ridge (lambda=2.0),93,24,16.507147878459946,4.062898950067543,0.20900239342692806,14.044941523181649,3.7476581385155248,-0.08095755175743302,5.083333333333333,3.574568957209782,-0.20969999942165168,2.0649755895787467,2.1292934454516668,-1.2028997014170009,3.923679316267101,1.3978628530482091,0.4270062659378806
