model_type,n_train,n_test,mse_train,rmse_train,r2_train,mse_test,rmse_test,r2_test,y_test_mean,bias,Game of season_weight,Game for player_weight,Age (days)_weight,Home?_weight,Game Started?_weight,Year_weight,Month of Season_weight
Linreg,180,45,49.01257700934691,7.000898300171694,0.2406978780269906,70.22622220559155,8.380108722778694,0.13448181440304008,18.866666666666667,10.153010235229184,17.248277765031066,-18.328941999865982,19.09666773910052,0.14211846523355698,0.25413381928567436,-7.867976901446981,4.931467976733408
Lasso (lambda=0.05),180,45,49.629548891964646,7.044824262674311,0.23113975869815007,67.21557678447532,8.198510644286273,0.1715871616724941,18.866666666666667,10.840654488367573,0.3798048274106768,0.0,12.599298379572419,0.0,0.0,0.0,1.538690435448087
"Random Forest (500 estimators, 5 depth)",180,45,23.050253403415258,4.801067944053204,0.6429058133815111,78.37820164676775,8.85314642637112,0.0340109897829346,18.866666666666667,,0.14393821415094302,0.14088985737196297,0.6580210413860775,0.01944359622764009,0.007993645640194846,0.00634696970992533,0.023366675513256187
"Random Forest (100 estimators, 5 depth)",180,45,23.21638009426009,4.81833789747669,0.6403321811309404,79.18967963338615,8.898858333145109,0.024009754737517208,18.866666666666667,,0.13004019265951144,0.15816341352917251,0.6534763343749094,0.020956845260892087,0.008480157667081966,0.007140134685490885,0.021742921822941828
Ridge (lambda=2.0),180,45,49.9448374697006,7.067166155518109,0.2262553126902792,67.62241367617757,8.223284847077691,0.16657301286481407,18.866666666666667,10.400251290687798,0.8979328380683477,-0.5645221571003315,9.188690337375435,-0.006360503517642538,0.8098360531054902,3.204869637110037,1.0551818467869243
