model_type,n_train,n_test,mse_train,rmse_train,r2_train,mse_test,rmse_test,r2_test,y_test_mean,bias,Game of season_weight,Game for player_weight,Age (days)_weight,Home?_weight,Game Started?_weight,Year_weight,Month of Season_weight
Linreg,634,159,31.071284730654103,5.57416224473724,0.17427633002166898,26.153639242778013,5.114062889990502,0.0806639650270703,7.220125786163522,6.129051427979371,1.5568461875814643,1.4149761720999763,28.545062183224083,-0.4065557873615134,4.850238713327156,-30.12377355406318,-1.127198694251565
Lasso (lambda=0.05),634,159,31.614580475005603,5.622684454511528,0.15983817080815754,26.602948717600647,5.1578046412791405,0.06487012512491319,7.220125786163522,5.814403537922908,0.0,0.0,0.0,-0.25188883181663757,4.866820113485666,-0.0,-0.0
"Random Forest (500 estimators, 5 depth)",634,159,18.357929642231625,4.2846154602521365,0.5121354920212733,20.911083764524605,4.572863847144872,0.26494692931220276,7.220125786163522,,0.07943426609014066,0.089474623211674,0.4644172825456367,0.011038293368933905,0.2983853191951312,0.03939428717119684,0.01785592841728673
"Random Forest (100 estimators, 5 depth)",634,159,18.464207589222674,4.296999835841593,0.5093111409463841,21.300697315959386,4.61526784877751,0.2512514824100406,7.220125786163522,,0.07809279948598066,0.09533840937534745,0.47278772550147624,0.011514121993284004,0.296255451922848,0.02888185446596652,0.01712963725509706
Ridge (lambda=2.0),634,159,31.36938592795004,5.600837966585897,0.16635424965743817,26.175009832269755,5.116151857819483,0.07991275970432365,7.220125786163522,6.293032596252719,1.0119876513235253,1.1910699765869766,1.6712493918877969,-0.45111733973384666,4.874545127135735,-1.8578887288676584,-2.545207192338062
