model_type,n_train,n_test,mse_train,rmse_train,r2_train,mse_test,rmse_test,r2_test,y_test_mean,bias,Game of season_weight,Game for player_weight,Age (days)_weight,Home?_weight,Game Started?_weight,Year_weight,Month of Season_weight
Linreg,120,31,16.21217189598844,4.026434141518825,0.28153238246962164,29.883372838423913,5.466568653042227,0.06687284579784958,5.67741935483871,2.5075846496552217,-12.468023855915554,7.206633242821567,23.056261197965753,1.5947773858235934,1.1769350909465497,-24.746575747853303,9.388059425013822
Lasso (lambda=0.05),120,31,18.001437019287245,4.242810038086462,0.20223831511614243,28.17674589324709,5.308177266562138,0.12016334795261063,5.67741935483871,2.5648209318801327,-3.6301859562777214,-0.0,1.6365573281446624,1.3803604051579335,2.0429250314173895,-0.0,2.816284251736197
"Random Forest (500 estimators, 5 depth)",120,31,6.121410660747476,2.474148471847936,0.7287201639873708,28.749252304164052,5.361832923932268,0.10228647438583138,5.67741935483871,,0.25005183375038026,0.17673398203710375,0.2706935686660741,0.06746336800433557,0.08218853383527645,0.06871896378548058,0.08414974992134916
"Random Forest (100 estimators, 5 depth)",120,31,6.425115770982774,2.5347812077145386,0.7152609995779096,29.67798676624303,5.4477506152762745,0.0732861553691333,5.67741935483871,,0.25632515842944636,0.173167874761635,0.25959506477450145,0.06264328769128953,0.09620049848023092,0.058448398728040474,0.09361971713485635
Ridge (lambda=2.0),120,31,17.96192862816556,4.238151557951363,0.20398919092869638,28.413463060910626,5.330428037307194,0.11277170517497037,5.67741935483871,2.4234793899088123,-3.1824241904873176,-0.4791809906525867,2.317022677406695,1.4744347680590428,2.0559610230448686,-0.5810760176725763,2.85506137972421
