model_type,n_train,n_test,mse_train,rmse_train,r2_train,mse_test,rmse_test,r2_test,y_test_mean,bias,Game of season_weight,Game for player_weight,Age (days)_weight,Home?_weight,Game Started?_weight,Year_weight,Month of Season_weight
Linreg,87,22,13.445377125244084,3.6667938482063707,0.6245109012317087,26.94057267717358,5.190430875868937,0.6002318675613327,5.136363636363637,10.060314544813805,-20.799485856427612,30.730409132895907,-9.724864111093877,-2.0774281151042002,7.486023340914873,-0.24973385943420112,-5.7110573861311735
Lasso (lambda=0.05),87,22,14.915249992655866,3.8620266690762075,0.5834617560015487,27.778283649570835,5.270510757940907,0.5878011685197204,5.136363636363637,4.577646545349331,0.0,3.7103105568058297,-1.4297286965613543,-2.014043460781513,9.486900061276595,-2.3038790561424825,-0.0
"Random Forest (500 estimators, 5 depth)",87,22,5.084337499419826,2.254847555694137,0.8580096870688318,38.84742399483475,6.232770170224051,0.42354743803844574,5.136363636363637,,0.13542663086383724,0.10118974241344939,0.15213562698180602,0.053037640825962115,0.5240908901140394,0.017646630245074083,0.016472838555831825
"Random Forest (100 estimators, 5 depth)",87,22,5.046387429447642,2.2464165752254504,0.8590695188191286,39.51431706479259,6.286041446315208,0.4136514866677006,5.136363636363637,,0.11326590778181571,0.1102880098654109,0.13733229979828568,0.054966039277878055,0.5537998800974083,0.015297648532838732,0.01505021464636249
Ridge (lambda=2.0),87,22,15.261599360671214,3.906609701604604,0.5737892558668463,30.19631593891941,5.49511746361435,0.5519202589313245,5.136363636363637,4.539564215457654,0.679471428447062,3.2849990806768283,-1.71375865606614,-2.1483321696281936,8.125121972083791,-2.0586208311245047,0.20590806174128787
