model_type,n_train,n_test,mse_train,rmse_train,r2_train,mse_test,rmse_test,r2_test,y_test_mean,bias,Game of season_weight,Game for player_weight,Age (days)_weight,Home?_weight,Game Started?_weight,Year_weight,Month of Season_weight
Linreg,87,22,13.445377125244084,3.66679384820637,0.6245109012317087,26.94057267717358,5.190430875868937,0.6002318675613327,5.136363636363637,10.060314544813805,-20.79948585642761,30.730409132895907,-9.724864111093876,-2.0774281151042,7.486023340914873,-0.2497338594342011,-5.7110573861311735
Lasso (lambda=0.05),87,22,14.915249992655866,3.862026669076208,0.5834617560015487,27.778283649570835,5.270510757940907,0.5878011685197204,5.136363636363637,4.577646545349331,0.0,3.7103105568058297,-1.4297286965613545,-2.014043460781513,9.486900061276597,-2.3038790561424825,-0.0
"Random Forest (500 estimators, 5 depth)",87,22,5.084337499419826,2.254847555694137,0.8580096870688318,38.84742399483475,6.232770170224051,0.4235474380384457,5.136363636363637,,0.1354266308638372,0.1011897424134493,0.152135626981806,0.0530376408259621,0.5240908901140394,0.017646630245074,0.0164728385558318
"Random Forest (100 estimators, 5 depth)",87,22,5.046387429447642,2.2464165752254504,0.8590695188191286,39.51431706479259,6.286041446315208,0.4136514866677006,5.136363636363637,,0.1132659077818157,0.1102880098654109,0.1373322997982856,0.054966039277878,0.5537998800974083,0.0152976485328387,0.0150502146463624
Ridge (lambda=2.0),87,22,15.261599360671214,3.906609701604604,0.5737892558668463,30.19631593891941,5.49511746361435,0.5519202589313245,5.136363636363637,4.539564215457654,0.679471428447062,3.2849990806768283,-1.71375865606614,-2.1483321696281936,8.125121972083791,-2.0586208311245047,0.2059080617412878
SVM (linear kernel),87,22,14.793964610181717,3.846292319907799,0.5868488933450957,26.028543698575735,5.101817685744536,0.6137653631507909,5.136363636363637,,,,,,,,
"Feedforward NN (3 layers, [[16, 4, 1]] activations)",87,22,34.99645902592625,5.915780508599542,0.022653753976578872,68.45292135800405,8.273628065002924,-0.015765212535608697,5.136363636363637,,,,,,,,
