model_type,n_train,n_test,mse_train,rmse_train,r2_train,mse_test,rmse_test,r2_test,y_test_mean,bias,Game of season_weight,Game for player_weight,Age (days)_weight,Home?_weight,Game Started?_weight,Year_weight,Month of Season_weight
Linreg,800,201,50.169419034324235,7.083037415849519,0.1533944038405789,52.48121246524919,7.244391794018957,0.1248047739384226,15.00497512437811,13.263853011673369,5.33942237637705,2.814506241965582,-29.965100239509336,-0.6543509247271632,6.809562694135996,23.019049024820696,-10.01190585497639
Lasso (lambda=0.05),800,201,51.021803121611484,7.142954789273937,0.13901047928524568,52.34095265348684,7.234704738514685,0.12714379607408666,15.00497512437811,9.862067206074762,0.0,2.5690297544190774,-4.931075079665629,-0.47647319249501374,7.214501240460901,-0.0,-1.3991303999841722
"Random Forest (500 estimators, 5 depth)",800,201,34.228819629961606,5.850540114379322,0.4223909543614418,41.56148551601953,6.446819798630913,0.3069059954410682,15.00497512437811,,0.06270966334922776,0.07700864307293112,0.8100818082504178,0.008115127440372414,0.028544057369076288,0.004823529829073313,0.008717170688901366
"Random Forest (100 estimators, 5 depth)",800,201,34.44963274632911,5.869380950860926,0.4186647477674561,41.35934858678019,6.431123431157281,0.3102769022317252,15.00497512437811,,0.06734587894585445,0.07253919837527606,0.8162660215187068,0.0074393713936891,0.024333173573192497,0.004110320047091355,0.007966036146189674
Ridge (lambda=2.0),800,201,50.454242276560834,7.103114969966405,0.14858803064680526,52.696684263918094,7.259248188615547,0.12121149015766397,15.00497512437811,11.492731755101868,3.5938191078118478,3.1428066462545803,-4.70057915416517,-0.6964848777512539,6.678864629624821,-1.4051962577490023,-6.291432452679212
