model_type,n_train,n_test,mse_train,rmse_train,r2_train,mse_test,rmse_test,r2_test,y_test_mean,bias,Game of season_weight,Game for player_weight,Age (days)_weight,Home?_weight,Game Started?_weight,Year_weight,Month of Season_weight
Linreg,184,47,28.290086529014008,5.318842592990886,0.17661380573583063,39.84372563747695,6.312188656676617,-0.03180218439411253,9.25531914893617,3.3705015247257846,4.378789034769021,-2.135985807086256,4.106006352078807,0.5818865581237733,2.5100446083068655,2.4002208707568746,-2.7661864501310367
Lasso (lambda=0.05),184,47,28.56645318596748,5.344759413291442,0.16857012267190463,40.157903644246296,6.337026403941071,-0.0399382095395191,9.25531914893617,3.7997683846902763,0.044170046560156086,0.0,5.750842237577702,0.3898573691047811,2.4260130232458588,0.0,-0.0
"Random Forest (500 estimators, 5 depth)",184,47,11.734846564071631,3.425616231289143,0.6584559526618858,39.771187322426925,6.306440146582454,-0.029923715683583874,9.25531914893617,,0.2528287217194073,0.11810855540993523,0.5170943343850619,0.03413651069914202,0.056375396993167334,0.005879726937339205,0.015576753855947123
"Random Forest (100 estimators, 5 depth)",184,47,11.768527101337925,3.430528691227917,0.6574756767842556,40.86074566165175,6.392241051591511,-0.0581391663335995,9.25531914893617,,0.2504786636775406,0.11845477743838434,0.5076161349796272,0.03750082931648752,0.06348955409595429,0.005084504588257468,0.01737553590374836
Ridge (lambda=2.0),184,47,28.386458309262768,5.3278943598069555,0.1738088940826935,40.033146648847506,6.327175250366273,-0.0367074740018305,9.25531914893617,3.683085837927326,1.7245162656938293,-0.33993528346375196,3.415562120517351,0.58451090917225,2.525983798459763,2.579496057859135,-1.6808179660636082
