model_type,n_train,n_test,mse_train,rmse_train,r2_train,mse_test,rmse_test,r2_test,y_test_mean,bias,Game of season_weight,Game for player_weight,Age (days)_weight,Home?_weight,Game Started?_weight,Year_weight,Month of Season_weight
Linreg,85,22,13.799264724716856,3.714736158156708,0.2609034676406715,10.886282847608484,3.299436747023419,0.2502901396923016,4.454545454545454,1.6780390799955711,-7.09324539317466,14.632207529023914,7.63004194284292,0.6821947541805061,-2.1671131385140368,-2.895202593541444,-3.45188386495313
Lasso (lambda=0.05),85,22,14.753174015471464,3.840986073324331,0.2098115389729616,8.635310285074386,2.9385898463505224,0.4053087396163912,4.454545454545454,1.752555785666833,-0.0,5.275474265485809,5.252341863746281,0.0925051362440924,-0.0,0.0,-3.3294618248005508
"Random Forest (500 estimators, 5 depth)",85,22,4.865411614807779,2.2057678061862678,0.7394057636589753,14.595390999267606,3.8203914719917913,-0.0051464490104609,4.454545454545454,,0.1505150621247296,0.2121256645215933,0.5171847057295317,0.051982006281734,0.0053286157282376,0.018464858662567,0.0443990869516065
"Random Forest (100 estimators, 5 depth)",85,22,5.186003013666292,2.2772797398796425,0.7222347044810076,13.392242158651,3.659541249753991,0.0777112685277343,4.454545454545454,,0.1366934236344564,0.2135185149203249,0.5190104261935164,0.0496057310431456,0.0062980811747606,0.0230763001188411,0.0517975229149548
Ridge (lambda=2.0),85,22,15.165419909115286,3.8942804096668855,0.1877314124916014,9.683874904933354,3.111892495722395,0.3330968335247947,4.454545454545454,1.992911283942732,-0.3043572225616953,4.210548320956742,3.258386916593658,0.0927656598191352,-0.4543848022801243,1.3272603722541192,-2.306957701799941
SVM (linear kernel),85,22,14.55638035165235,3.8152824733762967,0.22035192046578633,9.447222380775578,3.0736334167846984,0.3493944746307086,4.454545454545454,,,,,,,,
"Feedforward NN (3 layers, [[16, 4, 1]] activations)",85,22,17.165530224477536,4.143130486054903,0.08060435696287316,9.862610961287997,3.140479415835741,0.32078774825506695,4.454545454545454,,,,,,,,
