model_type,n_train,n_test,mse_train,rmse_train,r2_train,mse_test,rmse_test,r2_test,y_test_mean,bias,Game of season_weight,Game for player_weight,Age (days)_weight,Home?_weight,Game Started?_weight,Year_weight,Month of Season_weight
Linreg,258,65,44.40867972447766,6.663983772825206,0.2894698347114475,35.8657768193015,5.988804289614205,0.41566184748982415,11.4,10.967421209246407,-21.176838371112673,17.275715994397956,4.662379356508756,0.6372222314144296,5.200790129093427,-13.006333852630888,9.38210602815257
Lasso (lambda=0.05),258,65,46.64489271576797,6.8297066346782405,0.2536908654608455,38.53629440854584,6.207760820823064,0.37215281317538607,11.4,9.027906387495513,-2.456519931928616,3.2271294804610426,-0.0,0.5160278599907043,6.812812962912376,-3.9552779120016095,0.5948410223433928
"Random Forest (500 estimators, 5 depth)",258,65,22.62848600536924,4.756940824245056,0.637948662257515,25.92227790518352,5.091392531045266,0.5776649128140845,11.4,,0.13695767807101053,0.1452857250776817,0.29393143178536746,0.03697095985471627,0.3208683374754966,0.011808511855440101,0.05417735588028745
"Random Forest (100 estimators, 5 depth)",258,65,23.193253308955185,4.815937427848828,0.6289124961734036,27.519342952084912,5.245888194775496,0.5516449539087831,11.4,,0.12272827946737247,0.15734677306174155,0.30028009153292945,0.03533801430078588,0.3241464455271119,0.009452161362903755,0.05070823474715491
Ridge (lambda=2.0),258,65,45.889178784916425,6.774155208209835,0.26578214012900114,38.22812774208547,6.182889918321809,0.3771735754873783,11.4,9.45979744995665,-6.297974904411815,5.524671458773206,-1.5668200791724043,0.7314636194143096,6.400244183536675,-3.250922709763005,2.7270549100147394
