model_type,n_train,n_test,mse_train,rmse_train,r2_train,mse_test,rmse_test,r2_test,y_test_mean,bias,Game of season_weight,Game for player_weight,Age (days)_weight,Home?_weight,Game Started?_weight,Year_weight,Month of Season_weight
Linreg,221,56,20.085434125877125,4.4816776017332085,0.250225707329068,25.442828503026078,5.044088470975313,0.18767793505095787,7.517857142857143,4.4346046747587,-46.292323063316914,49.2651034990092,-0.24056524692515735,1.0699049864566654,4.197676945068679,0.5274016092935052,-0.7404644402744935
Lasso (lambda=0.05),221,56,20.295302032939873,4.505030747169199,0.24239149470582322,26.362933636337207,5.134484748865966,0.15830141735078884,7.517857142857143,5.149858025290321,0.0,1.071661733464742,-1.6828648959610728,0.8324995764356331,4.463519205991681,-0.0,0.0
"Random Forest (500 estimators, 5 depth)",221,56,11.615971746702765,3.408221199790701,0.5663844283629961,24.955156384987987,4.995513625743402,0.2032480129570231,7.517857142857143,,0.10622770818052721,0.11171662316168023,0.40336551305568086,0.025773383919412623,0.3264224270029469,0.007946977363531454,0.01854736731622086
"Random Forest (100 estimators, 5 depth)",221,56,11.72548816828493,3.4242500154464377,0.562296261932885,25.088965469494266,5.008888646146395,0.19897584361774734,7.517857142857143,,0.10721050262346266,0.11210983306224054,0.39816524341207254,0.02361815672151362,0.33661509299158054,0.004907718181882432,0.017373453007247457
Ridge (lambda=2.0),221,56,20.230971936760426,4.497885273854862,0.2447928892715625,26.17815523090125,5.116459247458271,0.16420090198725035,7.517857142857143,5.044038245951314,0.8460824807799895,1.2231522862988942,-1.1936396187579261,1.0227066333594887,4.369229396803196,-0.8147293086130173,-0.3211966771659519
