model_type,n_train,n_test,mse_train,rmse_train,r2_train,mse_test,rmse_test,r2_test,y_test_mean,bias,Game of season_weight,Game for player_weight,Age (days)_weight,Home?_weight,Game Started?_weight,Year_weight,Month of Season_weight
Linreg,221,56,20.085434125877125,4.4816776017332085,0.250225707329068,25.44282850302608,5.044088470975313,0.1876779350509578,7.517857142857143,4.4346046747587,-46.292323063316914,49.2651034990092,-0.2405652469251573,1.0699049864566654,4.197676945068679,0.5274016092935052,-0.7404644402744935
Lasso (lambda=0.05),221,56,20.295302032939876,4.505030747169199,0.2423914947058232,26.362933636337207,5.134484748865966,0.1583014173507888,7.517857142857143,5.149858025290321,0.0,1.071661733464742,-1.6828648959610728,0.8324995764356331,4.463519205991681,-0.0,0.0
"Random Forest (500 estimators, 5 depth)",221,56,11.615971746702764,3.408221199790701,0.5663844283629961,24.955156384987987,4.995513625743402,0.2032480129570231,7.517857142857143,,0.1062277081805272,0.1117166231616802,0.4033655130556808,0.0257733839194126,0.3264224270029469,0.0079469773635314,0.0185473673162208
"Random Forest (100 estimators, 5 depth)",221,56,11.72548816828493,3.4242500154464377,0.562296261932885,25.088965469494266,5.008888646146395,0.1989758436177473,7.517857142857143,,0.1072105026234626,0.1121098330622405,0.3981652434120725,0.0236181567215136,0.3366150929915805,0.0049077181818824,0.0173734530072474
Ridge (lambda=2.0),221,56,20.230971936760422,4.497885273854862,0.2447928892715625,26.17815523090125,5.116459247458271,0.1642009019872503,7.517857142857143,5.044038245951314,0.8460824807799895,1.2231522862988942,-1.193639618757926,1.0227066333594887,4.369229396803196,-0.8147293086130173,-0.3211966771659519
SVM (linear kernel),221,56,20.475849125571976,4.525024765188802,0.2356518062418519,27.099204901420347,5.205689666261364,0.13479422771800698,7.517857142857143,,,,,,,,
"Feedforward NN (3 layers, [[16, 4, 1]] activations)",221,56,21.692385531418623,4.657508511148275,0.19023940850696963,29.007503807495368,5.385861473106727,0.07386730256349872,7.517857142857143,,,,,,,,
