model_type,n_train,n_test,mse_train,rmse_train,r2_train,mse_test,rmse_test,r2_test,y_test_mean,bias,Game of season_weight,Game for player_weight,Age (days)_weight,Home?_weight,Game Started?_weight,Year_weight,Month of Season_weight
Linreg,244,61,29.86330551201925,5.4647328856970905,0.1675909034258745,21.62242297667105,4.649991717914243,0.2107102898270192,8.311475409836065,6.304854761556989,8.478038957713487,0.575028460490767,15.77883668910956,0.2381742323091755,3.333501103805795,-14.026658418403407,-11.588106471027553
Lasso (lambda=0.05),244,61,30.91893298662417,5.560479564446233,0.1381663672806361,22.87479957787616,4.78276066491688,0.1649944158170109,8.311475409836065,7.696710809433912,3.136991586894666,0.0,0.3840611415500686,0.062848410287951,3.316553291591592,0.0,-5.819944747246965
"Random Forest (500 estimators, 5 depth)",244,61,16.680172063732513,4.084136636271185,0.5350572644182245,20.14371008589757,4.488174471419039,0.2646881844527463,8.311475409836065,,0.1221904973994671,0.1181133050711414,0.5977767025079593,0.0189714621563556,0.1006556053055829,0.0090462217304388,0.0332462058290546
"Random Forest (100 estimators, 5 depth)",244,61,16.71522666305345,4.088425939533876,0.5340801533164489,20.012168603308844,4.473496239331027,0.2694898821524073,8.311475409836065,,0.1184877439312189,0.1050142916629543,0.5944941406474081,0.01772492973446,0.1184672274094223,0.0113147340818419,0.0344969325326942
Ridge (lambda=2.0),244,61,30.622753204701866,5.533782901840464,0.1464220757652258,22.221829744803475,4.714003579209871,0.1888299670340829,8.311475409836065,7.11459509658898,3.006937225367185,1.3735748187154022,2.214941236753777,0.2525865307701217,3.3684539921501027,-1.1502355687609953,-6.796851351772864
SVM (linear kernel),244,61,30.05738210251523,5.4824613179223824,0.1621812169698349,21.67214829098881,4.655335464925037,0.20889515195054398,8.311475409836065,,,,,,,,
"Feedforward NN (3 layers, [[16, 4, 1]] activations)",244,61,35.53273691087076,5.960934231382758,0.009561301950325563,26.894739636296336,5.186013848448183,0.018253353215167856,8.311475409836065,,,,,,,,
