model_type,n_train,n_test,mse_train,rmse_train,r2_train,mse_test,rmse_test,r2_test,y_test_mean,bias,Game of season_weight,Game for player_weight,Age (days)_weight,Home?_weight,Game Started?_weight,Year_weight,Month of Season_weight
Linreg,245,62,10.727709441270253,3.2753182198483026,0.16935096732999277,9.59149276081229,3.0970135228655833,0.15212836213493286,4.241935483870968,1.8340386975816374,-0.13951946055461262,3.9881684869305247,10.926843582053086,0.9993312635283889,1.2311492480595847,-7.713693711749896,-4.244868568851496
Lasso (lambda=0.05),245,62,11.231219408744577,3.35130115160434,0.13036407364947833,9.446394810558317,3.073498789744079,0.1649547740189452,4.241935483870968,1.2135673519700405,-0.0,0.0,2.230052855635102,0.8974433442573162,2.522564204748869,0.0,-0.24907224517577606
"Random Forest (500 estimators, 5 depth)",245,62,6.322038899155066,2.514366500563326,0.5104830602623498,10.338418531297968,3.2153411220736703,0.08610139509464443,4.241935483870968,,0.12351369027679296,0.13013330454201558,0.5838884513431062,0.10712229368902683,0.013659283602466672,0.017241222794151443,0.024441753752440436
"Random Forest (100 estimators, 5 depth)",245,62,6.2350814394065885,2.4970145052455317,0.5172161965594269,10.313192884462163,3.2114160248186723,0.08833129934753248,4.241935483870968,,0.11172739178554875,0.13573555592783934,0.5876714297173186,0.10385409320454339,0.012081373752676833,0.019555445714155857,0.029374709897917187
Ridge (lambda=2.0),245,62,10.87810401114098,3.298197084945195,0.15770588086807347,9.557451650693478,3.0915128417481106,0.1551375383404454,4.241935483870968,1.4915924600703176,-1.0169852741416991,2.361061861608064,2.34633698263816,1.0379073637765437,1.9106397726917708,0.9071494781493579,-2.191633940424027
