model_type,n_train,n_test,mse_train,rmse_train,r2_train,mse_test,rmse_test,r2_test,y_test_mean,bias,Game of season_weight,Game for player_weight,Age (days)_weight,Home?_weight,Game Started?_weight,Year_weight,Month of Season_weight
Linreg,650,163,25.265795556087458,5.026509281408665,0.1317759155181329,27.154795053801017,5.211026295635152,0.1188319217261468,6.233128834355829,5.508850497982248,-11.774259295427552,16.944937751062294,6.538162631774557,-0.2976903139033618,3.181518107412004,-7.690241623810643,-0.0371037830936842
Lasso (lambda=0.05),650,163,26.319288033565872,5.13023274652972,0.0955741050611155,26.860168861227447,5.182679698884299,0.1283924871955171,6.233128834355829,5.412969314070674,-2.895499146050155,6.032334393310957,-0.0,-0.132669655442829,2.807143739155,-0.9678982817903908,-0.0
"Random Forest (500 estimators, 5 depth)",650,163,15.53475975933507,3.9414159586797055,0.4661694883205539,21.480352685907743,4.634690139147141,0.3029665272971193,6.233128834355829,,0.1166755004080619,0.1565229592719036,0.5719418135842712,0.0203464954738283,0.0934252793690396,0.0206622405874324,0.0204257113054628
"Random Forest (100 estimators, 5 depth)",650,163,15.72452269151335,3.965415828322844,0.459648547877838,21.62127211156235,4.649867967110717,0.298393717992188,6.233128834355829,,0.1138636458848377,0.1567265749532435,0.571086715279634,0.0140923073769309,0.1022963491503847,0.0201204839793609,0.021813923375608
Ridge (lambda=2.0),650,163,25.588837904169758,5.0585410845588425,0.1206750124695823,26.847978056397327,5.181503455214261,0.1287880765580398,6.233128834355829,5.965550974686259,-5.946300206212078,10.783208315997758,-0.2636770278207887,-0.3201906601909384,3.2539988748698727,-1.215519053245571,-1.4125355759574
SVM (linear kernel),650,163,25.671264492896814,5.066681803004489,0.1178425368653353,27.061263998583225,5.202044213439869,0.12186698717303757,6.233128834355829,,,,,,,,
"Feedforward NN (3 layers, [[16, 4, 1]] activations)",650,163,25.619833323090624,5.0616038291326815,0.11960989781067666,26.533921588592108,5.151108772739332,0.13897915086580426,6.233128834355829,,,,,,,,
