model_type,n_train,n_test,mse_train,rmse_train,r2_train,mse_test,rmse_test,r2_test,y_test_mean,bias,Game of season_weight,Game for player_weight,Age (days)_weight,Home?_weight,Game Started?_weight,Year_weight,Month of Season_weight
Linreg,572,143,43.95828210064859,6.630104229998846,0.08040076128210949,42.98180453576584,6.556050986361061,0.11989982641830232,10.041958041958042,10.542396694749561,-9.82897228377311,9.075004955046678,21.605399980944142,-0.5444713337173335,2.477379086244588,-20.54360876305753,3.404135848740278
Lasso (lambda=0.05),572,143,45.02312681410021,6.709927482029907,0.058124404221549186,44.828542955018435,6.695412082539687,0.08208580672092658,10.041958041958042,10.341440595158277,-2.1979706868306583,1.2837804910400492,1.9000858891493737,-0.3871792055826829,2.749588637712525,0.0,-0.0
"Random Forest (500 estimators, 5 depth)",572,143,28.79339943063374,5.36594813901828,0.39764733899552795,37.1484572284053,6.094953422988998,0.23934408971111765,10.041958041958042,,0.18339397683346767,0.17420143094560214,0.5392748262757918,0.021606101112984593,0.030844026313178754,0.022743167640265845,0.02793647087870926
"Random Forest (100 estimators, 5 depth)",572,143,28.523639271338606,5.340752687715338,0.4032906722940456,37.313650934293925,6.108490069918582,0.23596156515689126,10.041958041958042,,0.1908189551256872,0.17911416411325343,0.5342364645691786,0.022487054284024862,0.030292826111652495,0.02017105790459269,0.022879477891610756
Ridge (lambda=2.0),572,143,44.332610623455736,6.658273847136038,0.07256987690369632,43.74566417366188,6.614050511877111,0.10425895216545544,10.041958041958042,10.393151971536605,-6.592620445586343,5.91284060208713,2.9169421036578496,-0.5852428728170871,2.6267572069526235,-0.5770774105260768,0.48074351721385594
