model_type,n_train,n_test,mse_train,rmse_train,r2_train,mse_test,rmse_test,r2_test,y_test_mean,bias,Game of season_weight,Game for player_weight,Age (days)_weight,Home?_weight,Game Started?_weight,Year_weight,Month of Season_weight
Linreg,213,54,13.369756240018644,3.65646772719501,0.16264840562814464,16.785882428337192,4.0970577770318535,-0.03542472787915418,4.537037037037037,4.611190787843078,3.9134791358122167,-7.739821909638977,6.553297369212221,-0.5562931724184544,18.5813691702229,-10.533183689271741,5.861629715189911
Lasso (lambda=0.05),213,54,14.44743237754801,3.800977818607734,0.09515324597252928,14.918597024502501,3.862459970601961,0.07975738955747902,4.537037037037037,4.567474184455671,0.0,0.0,-0.0,-0.38241858856122657,8.728873229391672,-0.8606758220128704,0.3219958235587
"Random Forest (500 estimators, 5 depth)",213,54,8.688187696829077,2.9475731876968005,0.45585636046483224,14.026038459975641,3.7451353059636765,0.1348142036830966,4.537037037037037,,0.18528479009148058,0.14429302117680579,0.403243376151991,0.03487813736587119,0.20462637625534572,0.008257993762518366,0.019416305195987266
"Random Forest (100 estimators, 5 depth)",213,54,8.822070939574717,2.9701971213329794,0.44747121530884393,14.31438498889653,3.7834356065481716,0.11702776156321193,4.537037037037037,,0.18486356021634293,0.12998682835518297,0.38798387643980553,0.035016136284313576,0.24151998729999447,0.0030698188829945336,0.017559792521365986
Ridge (lambda=2.0),213,54,14.443027552813449,3.800398341333899,0.09542912138478044,14.738173238554149,3.8390328519764125,0.09088669719239517,4.537037037037037,4.847399034916267,0.7710952282728571,-2.2274570322514307,-0.1424946218592601,-0.6018002006282042,6.309675923756678,-1.7590039860065645,1.9977349734234315
