model_type,n_train,n_test,mse_train,rmse_train,r2_train,mse_test,rmse_test,r2_test,y_test_mean,bias,Game of season_weight,Game for player_weight,Age (days)_weight,Home?_weight,Game Started?_weight,Year_weight,Month of Season_weight
Linreg,694,174,41.56080347959556,6.446766901292117,0.17427762542163905,36.01279797097612,6.00106640281343,0.16748419539131298,11.028735632183908,9.108726208970735,-4.549151726237476,11.661702141508146,-2.793126681950587,0.6609074156011436,4.75503942918183,0.47040325471098154,-6.5155308507863925
Lasso (lambda=0.05),694,174,42.32316115537293,6.5056253469880145,0.15913124379237198,36.901496366325745,6.074660185255283,0.14693995830495243,11.028735632183908,7.634554785774679,0.0,2.0825093289502665,-0.0,0.40414884316204897,5.4070104843435765,-1.1494078856769854,-1.3715644921741377
"Random Forest (500 estimators, 5 depth)",694,174,30.710845273172403,5.54173666580905,0.3898425929921575,35.43878786259822,5.953048619203292,0.18075371384458294,11.028735632183908,,0.09329072511739271,0.10622218860198854,0.3494857072850879,0.012517724096457437,0.36076543011870066,0.01436433352241649,0.06335389125795635
"Random Forest (100 estimators, 5 depth)",694,174,30.634292681354857,5.53482544271767,0.39136352576061917,35.06470391374475,5.921545736861681,0.18940149511172943,11.028735632183908,,0.09536996007810522,0.09584798059202226,0.3676105353968772,0.012209115075358455,0.3529552049834932,0.012184743303378116,0.06382246057076542
Ridge (lambda=2.0),694,174,41.67563859946463,6.455667169198287,0.1719961024498846,36.19440302160754,6.016178439973962,0.16328599132593413,11.028735632183908,8.786475157234616,-0.6732140470822836,6.72532561444184,-1.1899417317509655,0.6377837256901493,4.994831147816381,-1.172099563775195,-5.575711233721004
