model_type,n_train,n_test,mse_train,rmse_train,r2_train,mse_test,rmse_test,r2_test,y_test_mean,bias,Game of season_weight,Game for player_weight,Age (days)_weight,Home?_weight,Game Started?_weight,Year_weight,Month of Season_weight
Linreg,182,46,32.39141796065803,5.691345883062989,0.30170891588366866,26.0378083349449,5.102725579035669,0.3782612345767874,8.652173913043478,2.4937877268454613,-7.116036172802616,3.633325830780567,2.103453425489935,-0.046350307526229706,4.682042742921664,0.3578704221764193,14.44152092613753
Lasso (lambda=0.05),182,46,32.75777206109858,5.723440578978573,0.2938110892964594,26.642155887265844,5.161604003337126,0.363830438549985,8.652173913043478,3.2720726840102667,-0.0,-0.0,0.7655755326083986,-0.0,4.966489735048932,0.0,9.29614041444206
"Random Forest (500 estimators, 5 depth)",182,46,14.871890625533561,3.85640903244632,0.6793932071644212,28.019179057830087,5.293314562524136,0.3309494573624575,8.652173913043478,,0.17814664140058262,0.16162837596909985,0.2807320676686318,0.023269760096655455,0.16956406600058418,0.013307107216861229,0.17335198164758492
"Random Forest (100 estimators, 5 depth)",182,46,15.168928542558366,3.894730869079193,0.6729896922162694,28.191839791718408,5.309598835290516,0.326826611455311,8.652173913043478,,0.19489303203301184,0.16735192406620178,0.270802212205318,0.017892477687222158,0.15865623089198969,0.017541370413873075,0.17286275270238366
Ridge (lambda=2.0),182,46,32.93265310621508,5.7386978580698145,0.2900410204858219,26.402353314874073,5.1383220330059185,0.3695565178492197,8.652173913043478,3.2361355673591623,0.3123274262047245,0.292848294693745,0.45835127293204764,-0.03700983852737369,5.006505480534848,0.8032410744093114,7.784117157462254
