model_type,n_train,n_test,mse_train,rmse_train,r2_train,mse_test,rmse_test,r2_test,y_test_mean,bias,Game of season_weight,Game for player_weight,Age (days)_weight,Home?_weight,Game Started?_weight,Year_weight,Month of Season_weight
Linreg,384,96,25.114040624491054,5.01139108676334,0.2603034687556959,20.62982519281512,4.542006736324278,0.22626821565258526,5.5625,5.906763896567193,-9.035462782433,10.190699331310828,0.04582226132997669,0.22127265497344767,5.044858988368727,-6.482251139409728,-0.9029211188081323
Lasso (lambda=0.05),384,96,25.242257899102583,5.024167383666928,0.2565270205650667,20.480453214429996,4.525533472910127,0.23187048548702271,5.5625,6.141839298585151,0.0,0.0,-1.9734374499830514,0.019480627751812318,4.950602183416989,-4.459079545985308,-0.0
"Random Forest (500 estimators, 5 depth)",384,96,13.829860838739123,3.718852086160341,0.5926621190526132,17.6744999776327,4.204105133989004,0.3371091476865794,5.5625,,0.09919378586347916,0.10396014167839775,0.5189051169347988,0.02401396281528603,0.14305320795787688,0.10497628435894506,0.0058975003912163145
"Random Forest (100 estimators, 5 depth)",384,96,13.832009003855488,3.7191408959402827,0.5925988480597502,17.883418011043897,4.228879048996778,0.3292735736444933,5.5625,,0.11824892494805679,0.09892572314998835,0.5018338537320297,0.019825914702701557,0.14723824939915875,0.10811900569667228,0.005808328371392684
Ridge (lambda=2.0),384,96,25.163368202589577,5.016310217938039,0.2588505986676154,20.7088928143315,4.550702452845219,0.22330274545067197,5.5625,6.064547613693436,0.06296847644579627,1.0602636432115755,-3.2092080909766993,0.20483085264045334,4.981719681725299,-3.3832768219032903,-0.8955378569768296
