model_type,n_train,n_test,mse_train,rmse_train,r2_train,mse_test,rmse_test,r2_test,y_test_mean,bias,Game of season_weight,Game for player_weight,Age (days)_weight,Home?_weight,Game Started?_weight,Year_weight,Month of Season_weight
Linreg,96,25,21.746182923313512,4.663280275011734,0.1743588844618955,46.93028586596759,6.850568287811427,-0.5808682044965907,7.56,1.2760755766086365,20.88355711969997,-22.41154632275898,5.476102216292947,-0.4202377460617068,4.573530555962421,-6.566099893864889,4.226199575367311
Lasso (lambda=0.05),96,25,23.732776715432987,4.871629780210416,0.0989335318641223,39.606189585366295,6.293344864646009,-0.3341526620057093,7.56,3.9606108531431103,5.688099319776038,-4.923395166015135,-0.0,-0.1192814978293562,3.83228584457333,-0.0,0.0
"Random Forest (500 estimators, 5 depth)",96,25,8.969215594951054,2.99486487090003,0.6594642289439188,35.58553832118585,5.965361541531733,-0.198715180055037,7.56,,0.2862712678104691,0.1889575170662948,0.3073967107763478,0.0388609176332844,0.113501221059186,0.0240947374508316,0.0409176282035862
"Random Forest (100 estimators, 5 depth)",96,25,9.110173654661272,3.0183064215982567,0.6541124497340391,34.86198597575648,5.904403947542587,-0.1743419874338581,7.56,,0.2940515887459916,0.1782572972200088,0.3265022842715359,0.0345299780010207,0.1183527583330474,0.014597645137002,0.0337084482913935
Ridge (lambda=2.0),96,25,24.24044363256522,4.923458503183023,0.0796588535786982,38.15061373356029,6.176618308877463,-0.2851209218214499,7.56,3.900101371683887,2.80267663489573,-2.838286105821055,0.6182376530237619,-0.2661031876397705,3.3438729616406584,-0.4942021719891656,1.0515232390143026
SVM (linear kernel),96,25,24.153856749423714,4.91465733794572,0.08294631285557574,41.43817704308251,6.437249182926082,-0.3958639997804556,7.56,,,,,,,,
"Feedforward NN (3 layers, [[16, 4, 1]] activations)",96,25,30.698547664432954,5.540627010044346,-0.16553710729110693,45.42425509843656,6.739751857333959,-0.5301368673344213,7.56,,,,,,,,
