model_type,n_train,n_test,mse_train,rmse_train,r2_train,mse_test,rmse_test,r2_test,y_test_mean,bias,Game of season_weight,Game for player_weight,Age (days)_weight,Home?_weight,Game Started?_weight,Year_weight,Month of Season_weight
Linreg,240,60,24.87836171893405,4.987821339917264,0.2457912358707065,26.850359987584845,5.181733299542234,0.3276718117332046,8.283333333333333,7.505642196292699,-51.95422350450715,57.19527358324468,-21.320165523194586,0.5469607967506143,0.2194438721991574,16.762582945977293,-2.7875933553974264
Lasso (lambda=0.05),240,60,25.841107524771907,5.08341494713661,0.2166047752590733,27.786535144495534,5.271293498231296,0.3042301540631703,8.283333333333333,8.352746753184286,0.0,5.655675909237788,-5.617730323039001,0.1191403900479279,0.413279602222196,-0.0,-0.0
"Random Forest (500 estimators, 5 depth)",240,60,13.647963457003373,3.6943150186473503,0.5862503420410389,26.20320595218897,5.118906714542566,0.3438764324663507,8.283333333333333,,0.122253793313009,0.2653489800441156,0.5196429664277389,0.0207296632892061,0.0129323486673296,0.0375333166935639,0.0215589315650366
"Random Forest (100 estimators, 5 depth)",240,60,13.605596821408136,3.688576530507146,0.5875347227504117,26.51522953023835,5.149294080768581,0.3360634181520747,8.283333333333333,,0.1244009838444532,0.2744055812616038,0.5130536033408069,0.018193814760113,0.0159630952081889,0.0328479624109508,0.0211349591738832
Ridge (lambda=2.0),240,60,25.811470738596917,5.080499063930326,0.2175032397209351,27.86367896064992,5.278605778105609,0.3022984867717432,8.283333333333333,8.28466387324914,2.699027742857059,4.216435433541535,-3.9609171348910217,0.3284459002556499,0.4362038497047777,-1.8445843144548877,-0.8897429327527283
SVM (linear kernel),240,60,25.82415338875795,5.08174708036104,0.21711875435924188,27.012039561719885,5.197310800954652,0.323623384255576,8.283333333333333,,,,,,,,
"Feedforward NN (3 layers, [[16, 4, 1]] activations)",240,60,27.430148574173852,5.237379934105779,0.16843163992323462,28.847221408672247,5.370960939038027,0.27767076064560936,8.283333333333333,,,,,,,,
