model_type,n_train,n_test,mse_train,rmse_train,r2_train,mse_test,rmse_test,r2_test,y_test_mean,bias,Game of season_weight,Game for player_weight,Age (days)_weight,Home?_weight,Game Started?_weight,Year_weight,Month of Season_weight
Linreg,136,34,12.321208791627551,3.5101579439716883,0.1481492417216086,16.88739608920164,4.109427708234036,-0.0872037134727721,4.235294117647059,3.9984949380414943,-1.608085405188666,-1.608085405188663,0.2629287322123765,-0.4826896451656914,2.492275175129942,-1.8542268241875592,7.439696708796773
Lasso (lambda=0.05),136,34,12.591225100936756,3.5484116307070064,0.1294811384760181,14.957066590477362,3.867436695083368,0.037070117030974,4.235294117647059,3.190687925151336,0.0,0.0,-0.0,-0.3366317829239353,0.5006876638922276,-0.0,3.407949251772036
"Random Forest (500 estimators, 5 depth)",136,34,5.794395981423353,2.4071551635537234,0.5993931525699973,17.64113656282831,4.200135302919218,-0.1357292195717045,4.235294117647059,,0.2480908472563133,0.2415887840687737,0.390042364888363,0.0373996410181774,0.0175102317634288,0.0092966778297983,0.0560714531751449
"Random Forest (100 estimators, 5 depth)",136,34,5.856384154263407,2.419996726085266,0.5951074795543778,17.872363875254692,4.227571865179194,-0.1506155401979518,4.235294117647059,,0.2289371016491887,0.2575656775066146,0.3891002086607825,0.0412752421302082,0.0161799273423653,0.0094391735926457,0.0575026691181948
Ridge (lambda=2.0),136,34,12.475175768237346,3.532021484679467,0.1375044350315372,15.078020814070443,3.883042726274132,0.0292831331551886,4.235294117647059,3.75318333682476,0.7302057188977449,0.7302057188977449,-0.7062866696057787,-0.4987748623253744,1.5384317925072994,-0.2995922491558136,2.627482618329942
SVM (linear kernel),136,34,12.613479586547971,3.5515460839679345,0.12794253128547284,16.02408141771655,4.003009045420276,-0.031623864940985236,4.235294117647059,,,,,,,,
"Feedforward NN (3 layers, [[16, 4, 1]] activations)",136,34,24.206007905206746,4.919960152806803,-0.6735294838080046,23.172190149217528,4.813750112876397,-0.49181620697791595,4.235294117647059,,,,,,,,
