model_type,n_train,n_test,mse_train,rmse_train,r2_train,mse_test,rmse_test,r2_test,y_test_mean,bias,Game of season_weight,Game for player_weight,Age (days)_weight,Home?_weight,Game Started?_weight,Year_weight,Month of Season_weight
Linreg,296,75,13.311583533072364,3.648504287111688,0.2107917724528913,19.442906970428407,4.409411181827842,0.2612877290870665,4.4,4.086150317803445,4.582712284271984,-1.979386133669032,-4.318334087780764,0.5081769269539597,3.5007551587248766,0.1047292333033673,-2.1814571146317325
Lasso (lambda=0.05),296,75,13.518140961607951,3.676702457584507,0.1985455343057732,20.49417152160472,4.527048875548475,0.2213460668083313,4.4,3.993348281252943,0.3740348182693322,0.0,-3.401696961281024,0.2757352745049326,2.778027769963517,-0.0,0.0
"Random Forest (500 estimators, 5 depth)",296,75,7.859719273970458,2.803519087498863,0.5340182404432234,19.720304857625283,4.440754987344526,0.2507482956829298,4.4,,0.1192786525239714,0.0961662126823391,0.6630404530120385,0.0328093672951465,0.0186594766041399,0.0054898177138098,0.0645560201685544
"Random Forest (100 estimators, 5 depth)",296,75,8.01205263821375,2.8305569484138187,0.5249868022156042,19.59748628180077,4.426904819600345,0.2554146549467792,4.4,,0.1208496130377836,0.0895799788510183,0.6701523105427922,0.0281871541792965,0.0211500737240826,0.0039573214080438,0.0661235482569827
Ridge (lambda=2.0),296,75,13.371404779535602,3.656693148123808,0.2072451305546067,19.78716954516791,4.448277143475653,0.2482078440285748,4.4,3.8501351136359703,1.9074914226813608,-0.0678532087111823,-2.107138901533074,0.4796590887834451,3.178262623828916,-1.741702562123213,-0.8653089124259205
SVM (linear kernel),296,75,14.03219766712436,3.745957510053252,0.16806848546997089,22.084231423920855,4.699386281624533,0.16093345653796132,4.4,,,,,,,,
"Feedforward NN (3 layers, [[16, 4, 1]] activations)",296,75,13.386387741102107,3.658741278240661,0.206356830788322,19.285625661398814,4.391540237934615,0.267263462712811,4.4,,,,,,,,
