model_type,n_train,n_test,mse_train,rmse_train,r2_train,mse_test,rmse_test,r2_test,y_test_mean,bias,Game of season_weight,Game for player_weight,Age (days)_weight,Home?_weight,Game Started?_weight,Year_weight,Month of Season_weight
Linreg,956,240,23.40622536862116,4.837998074474726,0.420835902076993,27.71258541142441,5.264274443019134,0.3273913574210318,9.770833333333334,10.471573602887444,-1.5636849225413256,2.281987174596213,-2.204580812347565,0.9538982182528336,4.097488899892457,-8.530974968275954,0.1348769857478216
Lasso (lambda=0.05),956,240,23.5002373753572,4.847704340753178,0.4185096671451443,27.646324780745264,5.257977251828431,0.3289995607768672,9.770833333333334,10.814764477441049,0.0,0.0,-10.275866975966656,0.7621437642664165,3.8849176623066586,-0.0,0.0
"Random Forest (500 estimators, 5 depth)",956,240,18.32997588127392,4.281352109004107,0.5464427185914145,23.84184175597125,4.882810845811176,0.4213376853155133,9.770833333333334,,0.0318680876550876,0.0348116220632228,0.8877504980131389,0.0153062811061726,0.0212280674895954,0.0036914205058312,0.0053440231669512
"Random Forest (100 estimators, 5 depth)",956,240,18.34722727528071,4.283366348478812,0.5460158497609855,23.88484029354871,4.887211914123298,0.4202940732683698,9.770833333333334,,0.0323887251381453,0.0316925579291437,0.8833792724939735,0.015785952269795,0.0218362367239272,0.0089577835895934,0.0059594718554216
Ridge (lambda=2.0),956,240,23.41211169168147,4.838606379080806,0.4206902507841589,27.68820516550271,5.261958301383878,0.3279830872748757,9.770833333333334,10.524023878277614,-0.8395770035760405,1.6301313237369033,-5.24321723789958,0.9446364725050062,4.062967463824726,-5.366442934969273,-0.1785262734020677
SVM (linear kernel),956,240,23.6418561926674,4.8622891926198095,0.4150054483621216,27.744301242963576,5.267285946572825,0.32662158649987383,9.770833333333334,,,,,,,,
"Feedforward NN (3 layers, [[16, 4, 1]] activations)",956,240,23.39428149318259,4.8367635349665985,0.42113144156425086,28.11548046668912,5.302403272732952,0.31761274267974315,9.770833333333334,,,,,,,,
