model_type,n_train,n_test,mse_train,rmse_train,r2_train,mse_test,rmse_test,r2_test,y_test_mean,bias,Game of season_weight,Game for player_weight,Age (days)_weight,Home?_weight,Game Started?_weight,Year_weight,Month of Season_weight
Linreg,333,84,7.87540668695615,2.8063155002522704,0.120855961747665,8.776265964117309,2.962476322963157,0.11468207867654445,2.7738095238095237,2.3578508039667714,-12.295665595913471,10.535848572602902,-5.162160467850153,0.027689968698471755,1.838020155948846,4.976403747279336,1.6636554095708558
Lasso (lambda=0.05),333,84,8.263886726982568,2.8746976757534988,0.07748932371296868,9.308131725989774,3.0509230940798515,0.06102938712762729,2.7738095238095237,2.37839909389817,-0.0,0.0,-0.0,0.0,2.043401250380474,-0.0,0.14633895696586735
"Random Forest (500 estimators, 5 depth)",333,84,4.966804548940792,2.2286328878800994,0.4455477943001893,7.495847051223263,2.737854461293234,0.2438461007129491,2.7738095238095237,,0.11524611700329222,0.15477542926822452,0.5050670158444378,0.027377420535078734,0.1369812663716123,0.009703796952866973,0.050848954024487476
"Random Forest (100 estimators, 5 depth)",333,84,4.984840499979192,2.2326756369833913,0.443534412711162,7.557754328455862,2.7491370152205694,0.2376011188244732,2.7738095238095237,,0.117901594075613,0.1533931223625894,0.5109111232337322,0.022824515548814244,0.13970013902531672,0.009159208182775129,0.04611029757115911
Ridge (lambda=2.0),333,84,8.091086095028569,2.8444834495965288,0.09677933011228401,8.842625229491471,2.9736551968060234,0.1079879963502105,2.7738095238095237,2.2901794123261183,-2.236602013479509,1.1299582913750479,-0.4905160583175278,0.025903709044308304,1.9132903980411045,0.07336748372572846,1.4760124095197396
