model_type,n_train,n_test,mse_train,rmse_train,r2_train,mse_test,rmse_test,r2_test,y_test_mean,bias,Game of season_weight,Game for player_weight,Age (days)_weight,Home?_weight,Game Started?_weight,Year_weight,Month of Season_weight
Linreg,322,81,11.643051635165673,3.4121916175920823,0.1434860527215802,15.43967322915471,3.929334960162433,-0.1506360441682463,3.6296296296296298,0.7562673155394517,3.27537929718182,-5.999355916194231,3.361962428086697,0.6143174317497903,2.2180534849023954,-2.1723429131094565,4.852332472698446
Lasso (lambda=0.05),322,81,12.058376235842973,3.472517276536284,0.1129329533903427,14.06970142546029,3.7509600671641774,-0.0485393926764008,3.6296296296296298,1.4752940005568913,-0.0,-0.0,0.0,0.3552273488761413,1.613321359575149,0.7905127185303468,2.029504844594902
"Random Forest (500 estimators, 5 depth)",322,81,7.020901757969351,2.6496984277402875,0.4835116714582227,13.959285925901993,3.7362127784565473,-0.04031071764287,3.6296296296296298,,0.2054948488335267,0.2265160122551129,0.2925596680460015,0.0355647342366939,0.1023666540240809,0.0132595518066164,0.1242385307979673
"Random Forest (100 estimators, 5 depth)",322,81,7.085520950196951,2.661864187030764,0.4787580002439133,13.8218390696475,3.7177734021383686,-0.0300675405615447,3.6296296296296298,,0.2110620064194906,0.2349023242081547,0.2803504865441023,0.0375052856514552,0.0970440985354301,0.0097910902238071,0.1293447084175597
Ridge (lambda=2.0),322,81,11.738283232631794,3.426117807757316,0.1364803987051557,14.870435704795751,3.8562203911078208,-0.1082138242482217,3.6296296296296298,0.8806124903321879,0.8235142516384465,-2.5095459637084856,0.709951357943054,0.574455835550509,2.002365235086809,0.804559738959216,3.554646596079416
SVM (linear kernel),322,81,11.96852567613962,3.459555705020461,0.11954275466651787,15.152502893122497,3.8926215964466024,-0.12923477909285452,3.6296296296296298,,,,,,,,
"Feedforward NN (3 layers, [[16, 4, 1]] activations)",322,81,12.341706342645338,3.513076478337091,0.0920899479855436,15.073218592015648,3.8824243189038015,-0.1233261453260488,3.6296296296296298,,,,,,,,
