model_type,n_train,n_test,mse_train,rmse_train,r2_train,mse_test,rmse_test,r2_test,y_test_mean,bias,Game of season_weight,Game for player_weight,Age (days)_weight,Home?_weight,Game Started?_weight,Year_weight,Month of Season_weight
Linreg,149,38,13.899762213974252,3.728238486735291,0.21833158322202517,20.848779959368105,4.56604642545037,-0.21964180284101253,2.8947368421052633,3.2422208659255567,-10.577777723864536,-1.0917340624138943,-10.35340295519901,1.4090601327503307,2.8274359015998645,9.94523267302214,7.729672618541197
Lasso (lambda=0.05),149,38,14.6385893425418,3.826040948884604,0.1767828269937065,18.667470315848476,4.320586802258285,-0.09203642586635907,2.8947368421052633,3.695949289401846,-1.631350923648215,-0.0,-1.7111872931189522,1.2134826371657943,2.482567736110213,-0.0,-0.0
"Random Forest (500 estimators, 5 depth)",149,38,6.047461915520343,2.459158782087961,0.6599143274352246,20.030961163621633,4.475596179686192,-0.17179986713132567,2.8947368421052633,,0.23220278130483313,0.1892129598620144,0.3081338978703752,0.06163061979905244,0.13020630488127966,0.033258585367957595,0.04535485091448764
"Random Forest (100 estimators, 5 depth)",149,38,6.0008324385881435,2.449659657705156,0.6625365873593645,20.848732771364176,4.566041258175859,-0.219639042369546,2.8947368421052633,,0.21902394256805036,0.192549197172261,0.3157623132577743,0.06868736326773008,0.11296866015635196,0.0361073541567621,0.054901169421070206
Ridge (lambda=2.0),149,38,14.510826163624499,3.8093078326153296,0.1839677298898441,19.01199813032858,4.360275006272951,-0.11219110760794315,2.8947368421052633,3.8449522300914922,-1.7179844953871097,-0.5684640417176433,-2.6569751274359743,1.3195234203683233,2.560359120492693,0.8233393080837915,0.16446714125872455
