model_type,n_train,n_test,mse_train,rmse_train,r2_train,mse_test,rmse_test,r2_test,y_test_mean,bias,Game of season_weight,Game for player_weight,Age (days)_weight,Home?_weight,Game Started?_weight,Year_weight,Month of Season_weight
Linreg,325,82,31.252022302300208,5.590350821039786,0.1871881206458825,31.973603027004614,5.654520583303647,0.1124749964762502,7.73170731707317,8.041476743796238,0.2340349959443331,1.694174433374677,13.657219106185394,-0.8133415242725713,3.928189762812528,-20.144956179261307,4.515007734641464
Lasso (lambda=0.05),325,82,31.638056893905897,5.62477171927056,0.1771480183170285,31.464902815507248,5.609358503029313,0.1265955244824438,7.73170731707317,8.275496520323863,0.1701405630323937,1.618901132107061,-0.0,-0.7271596480055145,3.5684198123829494,-4.893836249632501,2.2323665625352462
"Random Forest (500 estimators, 5 depth)",325,82,19.94193663274041,4.465639554726782,0.4813441883655177,29.5604579655509,5.4369530038019365,0.1794592077132868,7.73170731707317,,0.1533593277138225,0.332566535701436,0.3549642955715961,0.0237286926717955,0.0429592979201611,0.068840831964409,0.0235810184567796
"Random Forest (100 estimators, 5 depth)",325,82,20.12804942085411,4.4864294735183465,0.4765037116880326,30.0355066563575,5.480465915992681,0.1662727804399517,7.73170731707317,,0.1644939298440955,0.334944282808409,0.3445741465437206,0.0200335263377286,0.0455557925378485,0.061073048257895,0.0293252736703026
Ridge (lambda=2.0),325,82,31.609609110586337,5.622242356087679,0.177887896715929,31.62861729960565,5.623932547568974,0.1220511289711338,7.73170731707317,8.253041800067315,0.8161720059283465,1.7557483484961844,-0.9436219976900015,-0.8952588578689437,3.699356018387515,-4.180649230973919,1.8807703797548392
SVM (linear kernel),325,82,31.663435638308876,5.627027246984759,0.176487960393919,31.420014034090897,5.605355834743312,0.12784154970678507,7.7317073170731705,,,,,,,,
"Feedforward NN (3 layers, [[16, 4, 1]] activations)",325,82,33.880684296500306,5.820711665810316,0.11882109866486767,33.53249490007949,5.790724902814802,0.06920319148213105,7.7317073170731705,,,,,,,,
