model_type,n_train,n_test,mse_train,rmse_train,r2_train,mse_test,rmse_test,r2_test,y_test_mean,bias,Game of season_weight,Game for player_weight,Age (days)_weight,Home?_weight,Game Started?_weight,Year_weight,Month of Season_weight
Linreg,107,27,17.816146813655145,4.22091776911789,0.08270495363749397,18.59987349111828,4.312757063772348,-0.029091361188921194,6.0,2.309538575752982,5.67162904842182,5.671629048421833,-3.779725079320492,1.5352395518407507,-0.1142498680165287,6.904436529839231,-10.835464923581856
Lasso (lambda=0.05),107,27,18.671010177091905,4.320996433357925,0.038690838980765196,20.147752727072795,4.488624814692446,-0.11473222055525722,6.0,3.2090719732347877,0.8048147139184122,9.003777999730214e-17,0.0,1.3375897648097153,0.5726076259525953,-0.0,-0.0
"Random Forest (500 estimators, 5 depth)",107,27,6.921808301211403,2.6309329716302927,0.6436187615098874,16.85818426888962,4.105871925534164,0.06727259168028743,6.0,,0.20302947348609554,0.20135819418412615,0.41651795792570784,0.07707192252521344,0.023244973612523475,0.02889381491362756,0.04988366335270605
"Random Forest (100 estimators, 5 depth)",107,27,7.070805894040096,2.659098699567223,0.6359473634656738,17.421474352785097,4.173903970239984,0.036106951792627795,6.0,,0.18608588694632786,0.20737410763254577,0.43862219415816744,0.07619537835641127,0.02378544867376777,0.024272525840764243,0.043664458392015736
Ridge (lambda=2.0),107,27,18.33012687703203,4.281369743088306,0.05624180360870412,20.064506260039636,4.479342168225111,-0.11012637094481592,6.0,2.9975265741418515,1.485528966350766,1.4855289663507674,0.5542915444955113,1.4548548002832102,0.6373875405359166,0.12244316306305454,-1.9024798013585205
