model_type,n_train,n_test,mse_train,rmse_train,r2_train,mse_test,rmse_test,r2_test,y_test_mean,bias,Game of season_weight,Game for player_weight,Age (days)_weight,Home?_weight,Game Started?_weight,Year_weight,Month of Season_weight
Linreg,451,113,27.115671612072003,5.207271033091326,0.1441063490705643,35.94022715550178,5.995016860318391,0.11495130321603497,7.893805309734513,3.9375476586078717,7.93821433598606,-5.977819687487581,21.722669947724377,-0.3408896230966567,4.341796246905571,-19.752109894210413,1.9253631398999396
Lasso (lambda=0.05),451,113,27.602394180048854,5.2537980718760835,0.12874317600757468,35.76816724092801,5.980649399599345,0.11918837724740938,7.893805309734513,5.040537536699282,1.6733695940942896,0.0,0.5898652872949453,-0.1809035574404106,3.8181994694236616,0.0,0.2552492725360733
"Random Forest (500 estimators, 5 depth)",451,113,18.464752975772246,4.297063296691387,0.41716860035626313,38.87564707123357,6.2350338468394515,0.042664905033534484,7.893805309734513,,0.15535537658521023,0.2083587770101267,0.2276193400372447,0.021439266709622744,0.24862569339951904,0.022288727391533626,0.11631281886674298
"Random Forest (100 estimators, 5 depth)",451,113,18.382635487016607,4.287497578660145,0.4197606009624708,39.53145463738206,6.287404443598492,0.02651526776915414,7.893805309734513,,0.14958784878595252,0.20885607540585652,0.23609372232335488,0.01856708762520077,0.25685871025690216,0.019079044046122828,0.1109575115566104
Ridge (lambda=2.0),451,113,27.441902286308974,5.23850191240864,0.1338090285095075,36.03073293654418,6.002560531685139,0.11272254647455926,7.893805309734513,4.31488183074356,2.494490722595462,-0.8020769332215391,2.129927761429443,-0.3721966729167091,4.135066930265045,-0.6458043128327084,0.887528905367694
