model_type,n_train,n_test,mse_train,rmse_train,r2_train,mse_test,rmse_test,r2_test,y_test_mean,bias,Game of season_weight,Game for player_weight,Age (days)_weight,Home?_weight,Game Started?_weight,Year_weight,Month of Season_weight
Linreg,271,68,33.84192641155235,5.8173814050268655,0.05044184194509094,42.4717852309148,6.517038071924607,0.040223170228960936,7.205882352941177,3.5581156653434185,3.9136395705833444,1.7970148538013544,10.194963119188893,-0.5582822739166444,2.2868091631434995,-8.487039342492354,-1.8430033139963085
Lasso (lambda=0.05),271,68,34.128738849898305,5.841980730017714,0.04239427729551892,44.063908379245134,6.6380651080902435,0.0042443927982136476,7.205882352941177,4.950202664880678,1.2095583225732143,1.6480885052430074,0.6235611407257344,-0.3464901460494647,1.694944219961915,0.0,0.0
"Random Forest (500 estimators, 5 depth)",271,68,18.311735515345855,4.27922136788293,0.48619775259587916,36.203120494430856,6.016902898870054,0.18188237138965746,7.205882352941177,,0.2807520951951271,0.21662397529456587,0.3810441349885415,0.013751928067877733,0.026522917191700576,0.02244663399976327,0.05885831526242404
"Random Forest (100 estimators, 5 depth)",271,68,18.372802234204528,4.2863506895965156,0.48448430400631826,36.15627836219225,6.013009093805883,0.18294090926215922,7.205882352941177,,0.292111491322984,0.20633592206327667,0.4015827882543398,0.012264788680768178,0.01768649018535124,0.01473259693193536,0.05528592256134473
Ridge (lambda=2.0),271,68,34.00421420369427,5.831313248633988,0.045888268513512354,44.30479768589777,6.656184919749283,-0.001199220504306986,7.205882352941177,4.535013081964926,1.783317113496239,1.7745903490286452,1.6027915281629077,-0.5355194579293621,2.153039595862623,-0.4250924294346543,-0.477950292240855
