model_type,n_train,n_test,mse_train,rmse_train,r2_train,mse_test,rmse_test,r2_test,y_test_mean,bias,Game of season_weight,Game for player_weight,Age (days)_weight,Home?_weight,Game Started?_weight,Year_weight,Month of Season_weight
Linreg,101,26,9.264112577293192,3.043700474306431,0.2031500859981126,13.465043009021535,3.66947448676531,0.0463730671452534,3.730769230769231,2.938665111587525,-17.411384904203743,-3.4663935677609548,0.2728731050329225,1.183857141348398,0.7005111643341146,-3.284021110690267,21.07736818315605
Lasso (lambda=0.05),101,26,10.628283023778744,3.260104756565154,0.0858113669468871,12.47079098471584,3.5314007114338977,0.1167884017110628,3.730769230769231,3.240307990224374,-0.0,-0.0,-0.0,1.2847724465425396,1.6089749622312763,-0.6557299807212331,0.0
"Random Forest (500 estimators, 5 depth)",101,26,4.576853115227947,2.139358108224976,0.6063233276970532,10.731453944751992,3.275889794353893,0.2399724602773865,3.730769230769231,,0.2410768839171906,0.3423066077362989,0.2533644577601815,0.1010299901037844,0.0016080255779524,0.0105986662031634,0.0500153687014286
"Random Forest (100 estimators, 5 depth)",101,26,4.524883839823985,2.1271774349649317,0.6107934496100673,10.483764107575343,3.237864127411054,0.2575144539841874,3.730769230769231,,0.2490130211255432,0.3133006100566184,0.2757407423075106,0.0982358684251976,0.0019966783357368,0.0122147961131605,0.0494982836362326
Ridge (lambda=2.0),101,26,10.36798265916343,3.219935194870144,0.1082010261212339,12.094167161442112,3.4776669135272447,0.1434618123483639,3.730769230769231,3.3971591826899514,-1.0590410290293115,-0.9595593444542692,-0.3415510660612086,1.3604880975611768,1.5658977721904357,-0.96566931403834,1.8510391161075337
SVM (linear kernel),101,26,10.513184874914527,3.2424041813004325,0.09571150031195763,12.696838644710814,3.5632623597920507,0.10077915936883097,3.730769230769231,,,,,,,,
"Feedforward NN (3 layers, [[16, 4, 1]] activations)",101,26,11.884264917743666,3.447356221475185,-0.02222154563310008,16.04722017886876,4.00589817380182,-0.13650296918965732,3.730769230769231,,,,,,,,
