model_type,n_train,n_test,mse_train,rmse_train,r2_train,mse_test,rmse_test,r2_test,y_test_mean,bias,Game of season_weight,Game for player_weight,Age (days)_weight,Home?_weight,Game Started?_weight,Year_weight,Month of Season_weight
Linreg,336,85,22.658078306798156,4.760050242045577,0.2427739835422802,16.97197320321987,4.119705475300373,0.0073141978752361,5.505882352941176,8.483724843504184,1.4776461785393042,1.4905175340444852,-18.690891303159184,-0.558172342889378,5.426037945025232,15.015874180947796,-5.245015710843476
Lasso (lambda=0.05),336,85,23.07983894702464,4.8041480979487545,0.2286788725106647,17.809930206331373,4.220181300173178,-0.0416976647891471,5.505882352941176,5.945465229248425,-0.0,0.0,-2.863173053180426,-0.3144398185595697,5.412498274846637,-0.0,-0.3097535451045737
"Random Forest (500 estimators, 5 depth)",336,85,13.430878246736627,3.664816263707722,0.5511441749561952,16.425696835744194,4.052862795080065,0.0392657445537634,5.505882352941176,,0.1264571735195224,0.1464108507824697,0.319800355937155,0.0210476451077166,0.3308369555569398,0.0112281366882186,0.0442188824079776
"Random Forest (100 estimators, 5 depth)",336,85,13.533873875249256,3.678841376744757,0.5477020926915321,16.46711833627662,4.057969730823115,0.0368430129721791,5.505882352941176,,0.1165482438728463,0.1436435642717753,0.3369444510877997,0.024600682810367,0.319332107736743,0.0119872809742297,0.0469436692462387
Ridge (lambda=2.0),336,85,22.928956265905235,4.788418973513621,0.2337213253625566,17.647787565739925,4.200926988860902,-0.0322139886539754,5.505882352941176,6.487730276601512,0.409006714665121,1.29539033314457,-2.6807919849569206,-0.5300904588503372,5.309823946094507,-0.3468876497368056,-2.0910454139492387
SVM (linear kernel),336,85,23.20356152965939,4.817007528503499,0.22454410180655493,18.07675068523968,4.251676220649884,-0.057303917400844284,5.5058823529411764,,,,,,,,
"Feedforward NN (3 layers, [[16, 4, 1]] activations)",336,85,23.415983877754105,4.839006496973744,0.2174450121893169,18.460281708578062,4.29654299508082,-0.07973653598818475,5.5058823529411764,,,,,,,,
