model_type,n_train,n_test,mse_train,rmse_train,r2_train,mse_test,rmse_test,r2_test,y_test_mean,bias,Game of season_weight,Game for player_weight,Age (days)_weight,Home?_weight,Game Started?_weight,Year_weight,Month of Season_weight
Linreg,523,131,62.69584215240268,7.918070607945011,0.3115450311263834,64.55324797568319,8.03450359236233,0.2194392971767169,17.64885496183206,7.35238012203863,1.1423544607393203,15.80468415387682,3.466195052353904,1.270882821010394,12.663461650724445,4.620850074321663,-18.89172167901296
Lasso (lambda=0.05),523,131,63.37601280568797,7.960905275512827,0.3040761647732048,63.32175647372871,7.957496872366882,0.2343301648314103,17.64885496183206,7.688698175078185,0.0,11.036959912674623,5.896931227098426,0.993001028149786,12.7954059552493,0.0,-12.508096182277358
"Random Forest (500 estimators, 5 depth)",523,131,42.31470592343828,6.504975474468623,0.5353476634287376,57.67643241385819,7.594500142462188,0.3025919216604025,17.64885496183206,,0.0389809358957895,0.0631932728948895,0.4670282215911114,0.0188333834894776,0.3716639831930921,0.0332481660351121,0.0070520369005275
"Random Forest (100 estimators, 5 depth)",523,131,42.58474817146836,6.525699056152403,0.5323823642784338,59.36032853188626,7.704565434330885,0.2822306977315227,17.64885496183206,,0.0345378316414669,0.063855184867857,0.4540509377870101,0.0182497972537631,0.3856282664113509,0.0362503632773894,0.0074276187611623
Ridge (lambda=2.0),523,131,63.17154892327967,7.948053153023052,0.3063213563356214,63.24854815897447,7.952895583306402,0.2352153802994003,17.64885496183206,7.443057496190605,1.1577734276774894,11.072684083176574,3.896399322537536,1.1881953414699729,12.73493485416732,2.678648095282452,-13.908968154198034
SVM (linear kernel),523,131,62.97919620812053,7.9359433092809155,0.30843355673011885,63.349439077035186,7.959236086273305,0.2339954341560302,17.64885496183206,,,,,,,,
"Feedforward NN (3 layers, [[16, 4, 1]] activations)",523,131,73.38706513575991,8.566625072673597,0.19414608833307678,63.30916128032893,7.956705428776972,0.2344824625595746,17.64885496183206,,,,,,,,
