model_type,n_train,n_test,mse_train,rmse_train,r2_train,mse_test,rmse_test,r2_test,y_test_mean,bias,Game of season_weight,Game for player_weight,Age (days)_weight,Home?_weight,Game Started?_weight,Year_weight,Month of Season_weight
Linreg,104,26,6.013041058768985,2.452150292859103,0.1793121242236888,9.738512180290066,3.1206589336693087,-0.0208147362189619,3.1923076923076925,2.8000808279945235,-4.051988633337481,1.9378012303316063,15.081735929367188,0.1913389357240592,1.92502987070869,-17.737419014751882,5.344546673627104
Lasso (lambda=0.05),104,26,6.585469001385847,2.566216865618697,0.1011844900249937,8.719284695086673,2.952843493158192,0.0860231890403797,3.1923076923076925,1.9456625158970515,0.0,0.0,-0.0,0.0,1.7237168113258872,-0.0,0.5243011929456441
"Random Forest (500 estimators, 5 depth)",104,26,2.528422748764113,1.59010149008298,0.654909076045369,8.550701743971732,2.924158296667903,0.1036944675259898,3.1923076923076925,,0.2578810548403916,0.2648605843988845,0.2634377765379864,0.0225135893971758,0.1301688996223557,0.0420294928256338,0.0191086023775719
"Random Forest (100 estimators, 5 depth)",104,26,2.5952729520698266,1.610985087475929,0.6457850486505832,8.588129984547933,2.93055114006699,0.0997711475338186,3.1923076923076925,,0.26179274575577,0.2560880715588353,0.2381957083563891,0.0268050632781466,0.1353297977462831,0.0623331624737399,0.0194554508308356
Ridge (lambda=2.0),104,26,6.47420537187027,2.544445985253032,0.1163702688789627,8.713571038847823,2.95187585085278,0.0866221085034689,3.1923076923076925,2.0305096850868347,0.0195719366022087,0.8641136483311073,0.2760580705719262,0.1386465043587832,1.7398607950396812,-0.9805919874855316,0.4684331674425565
SVM (linear kernel),104,26,6.704954161261086,2.589392624006851,0.08487659837975059,9.939916054712722,3.1527632411446187,-0.04192638439848051,3.1923076923076925,,,,,,,,
"Feedforward NN (3 layers, [[16, 4, 1]] activations)",104,26,7.754204058749206,2.7846371502853304,-0.05832991910648233,9.31876695708827,3.052665549497401,0.023183987751330237,3.1923076923076925,,,,,,,,
