model_type,n_train,n_test,mse_train,rmse_train,r2_train,mse_test,rmse_test,r2_test,y_test_mean,bias,Game of season_weight,Game for player_weight,Age (days)_weight,Home?_weight,Game Started?_weight,Year_weight,Month of Season_weight
Linreg,555,139,10.888662061861032,3.299797275873327,0.2115024161447024,10.28209488463033,3.2065705800169644,0.170340302420807,4.050359712230216,3.6235197407429376,3.6031780892275287,3.603178089227529,4.8506195852015885,0.7709320292140551,3.503158649694716,-5.71987588283215,-5.156639457158789
Lasso (lambda=0.05),555,139,11.427660965139884,3.3804823568745164,0.1724710520963456,10.69372596772908,3.270126292320999,0.1371258919577797,4.050359712230216,3.7129525586587104,1.3588707795535029,3.7832206815175104e-16,-0.0,0.5741258596206676,3.405225194229377,-1.5430564608760702,-0.2539737591825996
"Random Forest (500 estimators, 5 depth)",555,139,7.753968181216617,2.7845947965936837,0.4384998688135254,10.849173325755029,3.2938083316664053,0.1245828830188062,4.050359712230216,,0.1377387106359288,0.1418399014049458,0.3615404271271824,0.0253613561892573,0.2572216404418525,0.022645618294481,0.0536523459063521
"Random Forest (100 estimators, 5 depth)",555,139,7.778055557109229,2.78891655613954,0.4367555922821355,10.565889657293996,3.250521443906192,0.1474409722838475,4.050359712230216,,0.1360179841903671,0.1364859010018768,0.3716240424982752,0.0268452247773596,0.2694072966954893,0.0181346161955819,0.04148493464105
Ridge (lambda=2.0),555,139,10.937643408494116,3.30721082008603,0.2079554538774611,10.285940906202487,3.207170233430475,0.1700299678897371,4.050359712230216,3.6952037438420136,2.812754223260175,2.812754223260182,-0.0232137009764414,0.7660955275752952,3.468440907716195,-1.002409901356495,-4.075571085512452
SVM (linear kernel),555,139,11.068905529382734,3.326996472703681,0.1984501662136149,10.273586630332114,3.2052436148180865,0.17102683135943197,4.0503597122302155,,,,,,,,
"Feedforward NN (3 layers, [[16, 4, 1]] activations)",555,139,10.874326810414821,3.297624419247107,0.21254049695436295,10.801122012525173,3.2865060493668916,0.12846013161939607,4.0503597122302155,,,,,,,,
