model_type,n_train,n_test,mse_train,rmse_train,r2_train,mse_test,rmse_test,r2_test,y_test_mean,bias,Game of season_weight,Game for player_weight,Age (days)_weight,Home?_weight,Game Started?_weight,Year_weight,Month of Season_weight
Linreg,467,117,15.737615013098168,3.9670662980467277,0.08501047948523477,19.124512552731325,4.3731581897675875,0.05587849423225111,4.666666666666667,3.973390821233051,-3.9947880097411663,4.2747800762886525,4.368414199112606,-0.6436787749787328,2.9345399153233083,-5.675860390673166,1.848946510887132
Lasso (lambda=0.05),467,117,15.944283018504558,3.993029303486835,0.07299474145789375,19.05697909149104,4.365430000754913,0.05921242459727771,4.666666666666667,4.24534440149101,0.0,0.5687802658534991,-0.7255831578084928,-0.4582023193864954,2.5864868260385365,-0.0,0.0
"Random Forest (500 estimators, 5 depth)",467,117,10.613969278335341,3.2579087277478083,0.3829007347898883,19.4605861666723,4.411415438005392,0.03928751835415223,4.666666666666667,,0.1252769203643031,0.17121012457787385,0.5183971643483689,0.023396708312996138,0.12450266843334892,0.016659160668816515,0.020557253294292505
"Random Forest (100 estimators, 5 depth)",467,117,10.633977286171715,3.260977964686624,0.38173746338685655,19.225563904064057,4.384696557809224,0.05088988321709098,4.666666666666667,,0.12271216393827007,0.18708189640898737,0.5004250838630707,0.024365192423603774,0.12612871009190382,0.016762828233381426,0.02252412504078291
Ridge (lambda=2.0),467,117,15.7938827309744,3.9741518253552415,0.08173905797967729,18.912094842397433,4.348803840413756,0.06636493816012667,4.666666666666667,4.1171657677478946,-1.4284651617672468,1.8069758873197872,-0.1955440748413101,-0.6419826769118496,2.824514178519774,-1.0250765343022785,1.0921534282894914
