model_type,n_train,n_test,mse_train,rmse_train,r2_train,mse_test,rmse_test,r2_test,y_test_mean,bias,Game of season_weight,Game for player_weight,Age (days)_weight,Home?_weight,Game Started?_weight,Year_weight,Month of Season_weight
Linreg,181,46,17.36492217261241,4.167123968951777,0.2771914963103672,24.86435484124711,4.9864170344293415,0.0145168419105625,7.173913043478261,6.949741551718624,4.638663102691208,4.638663102691211,7.004988974686052,0.8636179498494454,5.490990265322998,-7.120952410544833,-9.596280148843968
Lasso (lambda=0.05),181,46,18.11796996375479,4.256520875522026,0.2458461587550466,24.002327090010404,4.899216987438952,0.0486827728616539,7.173913043478261,6.1637992380801085,0.0,0.0,-0.0,0.5212247859654668,5.570719210874107,-2.0584472444235566,-0.769959507647133
"Random Forest (500 estimators, 5 depth)",181,46,9.2258337781849,3.0374057644945798,0.6159780595494672,19.7427508362798,4.443281539164472,0.217508414445792,7.173913043478261,,0.0942374933773105,0.0917374031483251,0.3552220725402812,0.0319220881427375,0.3195326705274889,0.0488759134616796,0.0584723588021768
"Random Forest (100 estimators, 5 depth)",181,46,9.216197301459651,3.035819049525128,0.6163791743516747,19.649222904645285,4.4327443987495245,0.2212153355392704,7.173913043478261,,0.082974616600417,0.1061352348023483,0.3690221406927463,0.027508562831455,0.3218855649781338,0.0501383347847378,0.0423355453101615
Ridge (lambda=2.0),181,46,17.793098493844443,4.218186635729202,0.2593688142972467,23.74040325263137,4.872412467416051,0.0590639603924479,7.173913043478261,6.515014895731326,1.3178769759713749,1.317876975971372,-0.1689200791250761,0.7199822395921989,5.384554839572156,-1.707721574648832,-3.4813399344891462
SVM (linear kernel),181,46,17.592650924132027,4.194359417614569,0.26771237072046894,24.811205985596796,4.98108482015683,0.0166233635737838,7.173913043478261,,,,,,,,
"Feedforward NN (3 layers, [[16, 4, 1]] activations)",181,46,21.19991295962776,4.604336321298408,0.11756141419010435,25.094723856003906,5.009463429949749,0.005386310045248477,7.173913043478261,,,,,,,,
