model_type,n_train,n_test,mse_train,rmse_train,r2_train,mse_test,rmse_test,r2_test,y_test_mean,bias,Game of season_weight,Game for player_weight,Age (days)_weight,Home?_weight,Game Started?_weight,Year_weight,Month of Season_weight
Linreg,350,88,28.899740603858337,5.375847896272581,0.3240892857433736,39.848340044784194,6.312554161730748,0.12540126772645044,8.420454545454545,8.378665772915879,4.830106721259715,4.830106721259714,6.5218317623304936,-0.4667689955618474,5.348715580469392,-9.428686923261766,-9.962153540994606
Lasso (lambda=0.05),350,88,29.45862017276328,5.42757958695801,0.3110181411341537,39.03887516341561,6.248109727222755,0.14316755255209856,8.420454545454545,8.773935067937149,0.0,0.0,-0.0,-0.18386200808490116,5.534007023314456,-4.9519654015521235,-0.8153514773828044
"Random Forest (500 estimators, 5 depth)",350,88,15.49068980762913,3.9358213637853448,0.6377018273027482,30.080346910155104,5.484555306508915,0.33979098641490935,8.420454545454545,,0.06803262601018639,0.07221065621658562,0.7251506443567334,0.029139838868927907,0.09171144914184157,0.0039776025163315125,0.00977718288939367
"Random Forest (100 estimators, 5 depth)",350,88,15.607149673894273,3.950588522472857,0.6349780495198087,29.4287979770433,5.424831608173962,0.3540913028213981,8.420454545454545,,0.06883942385615967,0.07415908682862236,0.7170630476660075,0.02682383610916165,0.09884647184698139,0.0016474219374496407,0.012620711755617853
Ridge (lambda=2.0),350,88,29.186258449348866,5.402430790796756,0.3173881708701516,39.58385104470869,6.291569839452526,0.13120632118429487,8.420454545454545,8.93327365082419,1.6805654822783744,1.6805654822783813,-0.7657897213618161,-0.38275463534677495,5.36994912321912,-3.4556768509354243,-4.496655188892763
