model_type,n_train,n_test,mse_train,rmse_train,r2_train,mse_test,rmse_test,r2_test,y_test_mean,bias,Game of season_weight,Game for player_weight,Age (days)_weight,Home?_weight,Game Started?_weight,Year_weight,Month of Season_weight
Linreg,358,90,23.39922799696996,4.837274852328526,0.21423341989336053,21.189922226700375,4.6032512669525625,0.32374986688307716,7.433333333333334,7.031153576592105,2.218484056928298,2.2184840569282995,9.767257194530135,0.8123847950037331,3.1580075813128956,-14.121878523614924,-2.936926743229443
Lasso (lambda=0.05),358,90,23.84704176200834,4.883343297578857,0.19919544125900324,21.51417433374209,4.638337453629489,0.31340176233580774,7.433333333333334,7.352581842315835,0.0,0.0,-0.0,0.622669991946209,2.9634538948610225,-4.274780662521145,-0.09057455114609346
"Random Forest (500 estimators, 5 depth)",358,90,13.192650148611992,3.6321687940694596,0.5569792477272941,23.326942982040496,4.82979740590022,0.25554949527192483,7.433333333333334,,0.11535309042241815,0.11595370631126262,0.6086542887771921,0.028423077222902108,0.0640695603601619,0.013645327709260522,0.05390094919680263
"Random Forest (100 estimators, 5 depth)",358,90,13.304270076829162,3.6475018953839027,0.5532309527289159,23.031094055829975,4.7990722078157955,0.264991147468282,7.433333333333334,,0.10254493989445287,0.1248355475529254,0.6434248262916907,0.02718223302319686,0.03909210650644457,0.016667798508440267,0.04625254822284935
Ridge (lambda=2.0),358,90,23.53976906760313,4.851779989612383,0.20951392759001386,21.43836797113227,4.630158525486171,0.31582102854441174,7.433333333333334,7.006751346318954,1.6200751960516893,1.6200751960516877,-0.9275824778471136,0.8171182653244875,3.1541059054809093,-2.9339104151284503,-2.8289987454663525
