model_type,n_train,n_test,mse_train,rmse_train,r2_train,mse_test,rmse_test,r2_test,y_test_mean,bias,Game of season_weight,Game for player_weight,Age (days)_weight,Home?_weight,Game Started?_weight,Year_weight,Month of Season_weight
Linreg,496,124,26.35148695240862,5.13336994112139,0.2302232434009454,35.23658098281449,5.936040850837744,0.1702335406097913,9.258064516129032,7.13458898695507,-1.5870745660279526,-1.5870745660279466,7.745026240760255,0.2558030404933075,5.208137918948486,-10.344820416953016,2.138901348234888
Lasso (lambda=0.05),496,124,26.492423692487343,5.147079141851944,0.2261062147543503,35.72607789500574,5.977129569869281,0.1587066526886996,9.258064516129032,6.9865078487262,-1.143247066885572,-1.0871424906527988e-16,-0.0,0.1094482223324608,5.101284917231445,-1.5673127116463306,-0.0
"Random Forest (500 estimators, 5 depth)",496,124,19.23319202962208,4.385566329406281,0.4381620966457068,35.30195024900841,5.941544432974343,0.1686941964665805,9.258064516129032,,0.0955496068173243,0.0997556919390101,0.2770433152283013,0.0188060021499483,0.4587349329821799,0.0197554300295692,0.0303550208536666
"Random Forest (100 estimators, 5 depth)",496,124,19.25431281413278,4.387973656955199,0.4375451185971117,34.78593458481801,5.897960205428484,0.1808455595875935,9.258064516129032,,0.0979098068272168,0.0920734246348302,0.2791902609979928,0.025903545173042,0.4525327986625836,0.0223274323603918,0.0300627313439426
Ridge (lambda=2.0),496,124,26.40823696667341,5.13889452768525,0.228565468187099,35.33638873429387,5.944441835386555,0.1678832239146177,9.258064516129032,7.277560201844167,-1.193983964304027,-1.1939839643040353,-0.3564677292224887,0.2821338596693322,5.193180619559118,-1.7437576797173264,0.6348196336720902
SVM (linear kernel),496,124,26.71744960146462,5.168892492736197,0.21953278249695551,35.71730486934873,5.976395641969224,0.1589132437436349,9.258064516129032,,,,,,,,
"Feedforward NN (3 layers, [[16, 4, 1]] activations)",496,124,27.183679960112016,5.213797076997916,0.20591331221978382,35.92113742250903,5.99342451545934,0.15411330540606538,9.258064516129032,,,,,,,,
