model_type,n_train,n_test,mse_train,rmse_train,r2_train,mse_test,rmse_test,r2_test,y_test_mean,bias,Game of season_weight,Game for player_weight,Age (days)_weight,Home?_weight,Game Started?_weight,Year_weight,Month of Season_weight
Linreg,1040,260,54.529374308938564,7.384400741355968,0.1781757338323675,60.584900591396206,7.783630296423142,0.10165270189733966,19.18076923076923,12.76822761189536,41.680597615357804,-40.48027097064928,-1.0366390337336977,0.4825284631897899,8.6025502154069,-2.650600472529449,-2.6875380013776002
Lasso (lambda=0.05),1040,260,56.168423525555774,7.49455959517007,0.15347326040900633,59.121563054237654,7.689054756876014,0.12335093544870857,19.18076923076923,12.382734435222968,0.11077727000122405,0.0,-2.1175672075255316,0.3166816074802102,8.185511904583317,-0.0,0.0
"Random Forest (500 estimators, 5 depth)",1040,260,38.441632709783654,6.200131668745725,0.4206376472794968,50.68112438753044,7.119067662800406,0.24850497873378496,19.18076923076923,,0.04662782846019014,0.04290091997786236,0.8555352410285884,0.00930177080288174,0.00630297995621989,0.033596356521964035,0.005734903252293448
"Random Forest (100 estimators, 5 depth)",1040,260,38.33068836946818,6.191178269882735,0.42230971398153994,50.765125458371465,7.124964944360882,0.24725941863067102,19.18076923076923,,0.048045027427479015,0.047714788398616634,0.8610588203309256,0.009680959992407144,0.0038041162826080955,0.024242774079173107,0.005453513488790244
Ridge (lambda=2.0),1040,260,55.55443089325797,7.453484479976997,0.16272687923125195,59.22412135078679,7.6957209766718275,0.12183021052049092,19.18076923076923,12.45827125252705,8.53234885104018,-7.423398262754947,-1.6453175249105525,0.5116769064765893,8.321051807480094,-1.1990044681305136,-1.080151989382294
