model_type,n_train,n_test,mse_train,rmse_train,r2_train,mse_test,rmse_test,r2_test,y_test_mean,bias,Game of season_weight,Game for player_weight,Age (days)_weight,Home?_weight,Game Started?_weight,Year_weight,Month of Season_weight
Linreg,176,45,19.357198785535676,4.399681668659186,0.26290833619459986,20.067794836059818,4.479709235660258,0.051062849266273025,8.088888888888889,1.6440980047530855,7.790499409210215,0.45568899735132806,13.960905061283635,0.9260188105686752,2.9565970807466866,-9.174576508158886,-3.866996008155913
Lasso (lambda=0.05),176,45,20.306176963588953,4.506237561823495,0.22677274075405596,18.831240606865776,4.3394977367047645,0.10953525525632368,8.088888888888889,3.234412194931414,1.7317268389473448,0.5107470713789535,6.082273002577446,0.8669648794468711,2.5061366461031036,-0.0,-0.0
"Random Forest (500 estimators, 5 depth)",176,45,12.769642419631948,3.5734636446495363,0.513752114571465,17.668363811032567,4.20337528791239,0.16452370826310136,8.088888888888889,,0.15989979269512786,0.1892578165720161,0.5476652366956454,0.02403503212054995,0.04866592116320244,0.0048114686487937585,0.025664732104664616
"Random Forest (100 estimators, 5 depth)",176,45,12.870190806791497,3.5875048162743277,0.5099233902397315,17.757356593037706,4.213947863113367,0.16031554500043554,8.088888888888889,,0.16926924150547215,0.19580897655978294,0.5374013647375447,0.02497187617526125,0.04515309787778391,0.0039159172339187165,0.023479525910236467
Ridge (lambda=2.0),176,45,20.100210997389333,4.483325885700183,0.23461560058079933,18.26125718900929,4.273319223859749,0.13648781506295993,8.088888888888889,3.8856987249691883,2.381123019086113,2.134341373815218,5.387395192672323,1.0048897695499204,2.594127600088245,-0.6237742819395312,-2.1195225832589184
