model_type,n_train,n_test,mse_train,rmse_train,r2_train,mse_test,rmse_test,r2_test,y_test_mean,bias,Game of season_weight,Game for player_weight,Age (days)_weight,Home?_weight,Game Started?_weight,Year_weight,Month of Season_weight
Linreg,695,174,20.12015213636506,4.485549256932205,0.0736870457292225,14.949757536398687,3.866491631492132,0.0726467616272737,5.448275862068965,4.43519431362535,5.742116039870002,1.089688819030897,3.866530052409634,0.1517897842483929,2.5010125221197788,-3.694584130371196,-6.378442126224551
Lasso (lambda=0.05),695,174,20.48549572524136,4.52609055645613,0.0568669691789945,15.503254934354578,3.9374172923827335,0.03831258576017,5.448275862068965,4.703025477707006,0.0,0.0,0.0,0.0,2.040412842502968,0.0,-0.0
"Random Forest (500 estimators, 5 depth)",695,174,14.429423620339756,3.7986081161841048,0.3356828551001102,14.871297381122009,3.856332114992433,0.0775137488611406,5.448275862068965,,0.1269028486349972,0.1119667168678784,0.5691597426804968,0.0154684603752452,0.1205660862654079,0.0413383797023056,0.0145977654736687
"Random Forest (100 estimators, 5 depth)",695,174,14.508433657313432,3.808993785412813,0.3320453070204487,14.763491258147324,3.842328884693152,0.0842011052957564,5.448275862068965,,0.1120414911604398,0.1087160050411166,0.5916080755214305,0.014704540415006,0.1226130136748176,0.0349444348349148,0.0153724393522745
Ridge (lambda=2.0),695,174,20.17419140328341,4.491568924472094,0.0711991285083936,15.002592563627031,3.873318030271596,0.0693693349880508,5.448275862068965,4.308475659198354,2.1875449390755186,1.9756512670069424,0.602485354863305,0.1610887048446643,2.32179080075142,-0.1228123628110921,-3.676797903737549
SVM (linear kernel),695,174,20.327059180256466,4.5085540010358605,0.06416123927470396,14.730763484910302,3.838067675915877,0.08623125236818785,5.448275862068965,,,,,,,,
"Feedforward NN (3 layers, [[16, 4, 1]] activations)",695,174,20.57464174634313,4.535927881519186,0.05276276988623596,15.669223196941015,3.9584369638710952,0.02801735485746848,5.448275862068965,,,,,,,,
