model_type,n_train,n_test,mse_train,rmse_train,r2_train,mse_test,rmse_test,r2_test,y_test_mean,bias,Game of season_weight,Game for player_weight,Age (days)_weight,Home?_weight,Game Started?_weight,Year_weight,Month of Season_weight
Linreg,260,65,42.50291826093247,6.519426221756978,0.1467396364228854,47.844216142781335,6.916951361892126,0.0669487864846285,12.276923076923078,7.451868002710727,-9.229653461311232,4.997913416955166,9.12637959542122,-0.5098316214917348,4.3844464699156624,-6.761598786878885,5.060955415235114
Lasso (lambda=0.05),260,65,43.327425724020216,6.582357155610763,0.1301873720958274,48.38575470139172,6.955986968172937,0.0563877772339206,12.276923076923078,7.24693981009356,-2.5832370499775577,0.3278105937066231,2.734139258460775,-0.3103849211882083,5.1506622928356975,0.0,0.0
"Random Forest (500 estimators, 5 depth)",260,65,29.15283475011752,5.399336510175812,0.4147470480620339,47.415986450967566,6.8859266951491405,0.0753000620582057,12.276923076923078,,0.203489079198808,0.14454748757687,0.3801449238174371,0.0371843425575713,0.185516938848391,0.0211656053394299,0.0279516226614924
"Random Forest (100 estimators, 5 depth)",260,65,29.396942228001844,5.421894708310172,0.4098465084319604,47.2384042317493,6.873020022650109,0.0787632456673983,12.276923076923078,,0.2193023686697167,0.1499244531487509,0.3899615438399952,0.0366131824247369,0.1632065764885643,0.0172835472922164,0.0237083281360195
Ridge (lambda=2.0),260,65,42.86988817689281,6.547510074592693,0.1393725920709686,47.67998349675678,6.905069405643711,0.070151628583969,12.276923076923078,7.27986158946452,-5.356200726741921,2.3916753982670924,2.906635737172368,-0.4797338803566743,4.8030958269445225,0.1367442741598208,1.6269618841625122
SVM (linear kernel),260,65,42.99525941849631,6.5570770483879715,0.13685572227544096,49.294242706618554,7.020985878537184,0.03867057118311246,12.276923076923078,,,,,,,,
"Feedforward NN (3 layers, [[16, 4, 1]] activations)",260,65,52.3368078897667,7.234418282748566,-0.05067900171775652,46.770661100704984,6.838907888011432,0.08788510680797901,12.276923076923078,,,,,,,,
