model_type,n_train,n_test,mse_train,rmse_train,r2_train,mse_test,rmse_test,r2_test,y_test_mean,bias,Game of season_weight,Game for player_weight,Age (days)_weight,Home?_weight,Game Started?_weight,Year_weight,Month of Season_weight
Linreg,1124,282,29.9979335329848,5.477036930036605,0.2802894227777709,28.001923314663003,5.291684355161691,0.2886672788137919,9.73404255319149,6.014100339383377,-1.4545574993399029,4.089145382478648,-2.4695602303803383,0.7870818846282956,6.011879156152188,1.1541685470496967,-0.202970940770867
Lasso (lambda=0.05),1124,282,30.121215652685475,5.488279844603906,0.2773316375212167,28.190805905504007,5.309501474291538,0.2838690952812602,9.73404255319149,6.114574355036717,1.7674404201453284,0.0,-1.4677071893170142,0.5750842648150004,6.004853133412763,0.57167588501471,0.0
"Random Forest (500 estimators, 5 depth)",1124,282,22.73939890982884,4.768584581385638,0.4544362231790356,23.90369994950244,4.889141023687335,0.3927744269410793,9.73404255319149,,0.0587419469916062,0.0689704704909993,0.2512502600982883,0.0186204152095253,0.5462209105274667,0.0380536602060426,0.0181423364760712
"Random Forest (100 estimators, 5 depth)",1124,282,22.79051711675686,4.7739414655771455,0.4532097948927579,23.864617735189416,4.88514255014011,0.3937672322403749,9.73404255319149,,0.0602525078267313,0.0631629839054917,0.2469911276222196,0.0159606971268206,0.555734910175893,0.0386872955547754,0.019210477788068
Ridge (lambda=2.0),1124,282,30.005372117655465,5.477715958102927,0.280110956215694,27.989280031408494,5.290489583338058,0.2889884560765496,9.73404255319149,5.981795324596305,0.3329215958427683,2.326903169180756,-2.226772852484957,0.7751379560790591,6.011082116554229,0.9941010697192644,-0.3230620241363931
SVM (linear kernel),1124,282,30.208780968401413,5.496251537948515,0.2752307700114842,27.738173697129685,5.266704253812785,0.29536730905969844,9.73404255319149,,,,,,,,
"Feedforward NN (3 layers, [[16, 4, 1]] activations)",1124,282,28.976255938861005,5.382959774962191,0.30480151692563373,26.763663750382054,5.173360972364296,0.32012278047690745,9.73404255319149,,,,,,,,
