model_type,n_train,n_test,mse_train,rmse_train,r2_train,mse_test,rmse_test,r2_test,y_test_mean,bias,Game of season_weight,Game for player_weight,Age (days)_weight,Home?_weight,Game Started?_weight,Year_weight,Month of Season_weight
Linreg,111,28,7.456335363478889,2.7306291149621345,0.04904865007635628,14.461904325260505,3.80288105589177,0.051599080635363226,3.5357142857142856,1.659474383691803,3.9565753396316747,-2.9061269607478355,0.9555149948739088,0.4043882388432466,0.9043312310882619,-2.7697558915790665,0.9398289863428473
Lasso (lambda=0.05),111,28,7.650185477863667,2.765896866816199,0.024325777650316405,15.768967495366676,3.9710159273625023,-0.034117149006061886,3.5357142857142856,2.0425936504503026,0.0,0.0,-0.0,0.10310447635479965,0.20291574035741203,-0.0,0.8155203854052058
"Random Forest (500 estimators, 5 depth)",111,28,3.436372187312739,1.8537454483592777,0.5617387615944823,15.167450251778678,3.8945410835910663,0.005329904023882781,3.5357142857142856,,0.36704070584667253,0.282942934164073,0.27606420889243344,0.02614936985975145,0.01572679958163444,0.008081630843774116,0.023994350811660986
"Random Forest (100 estimators, 5 depth)",111,28,3.726836848299808,1.930501708960603,0.5246940542408296,15.075261601635319,3.8826874200269224,0.011375567069670689,3.5357142857142856,,0.34527915919511454,0.3209548587812083,0.2569301223582101,0.029327395360363554,0.017748661334147507,0.003148400775636,0.026611402195320093
Ridge (lambda=2.0),111,28,7.5503195186550895,2.747784474564024,0.03706228480716556,15.387700817387602,3.922716000093252,-0.009113964101369776,3.5357142857142856,1.771105133938659,0.9167005053849968,-0.576676644674931,-0.12035844196452176,0.3121790406440193,0.45550193514112136,-0.42864146505798423,0.9617783631722153
