model_type,n_train,n_test,mse_train,rmse_train,r2_train,mse_test,rmse_test,r2_test,y_test_mean,bias,Game of season_weight,Game for player_weight,Age (days)_weight,Home?_weight,Game Started?_weight,Year_weight,Month of Season_weight
Linreg,384,97,26.91699618294585,5.188159228757908,0.2791963996523237,19.064444841921983,4.36628501611175,0.3599700228440187,6.597938144329897,5.125492719847168,4.39854486148732,4.398544861487324,0.0066866030583015,0.4346686350817051,5.2491133497633164,-0.7910962257662136,-8.576098307322406
Lasso (lambda=0.05),384,97,27.58864579715619,5.252489485677834,0.2612104603296562,20.09828923681808,4.483111557480817,0.325261883691015,6.597938144329897,5.019185415075629,0.0,0.0,-0.0,0.2238171057191435,6.088241078423208,-0.0851405690671604,-2.203440002137548
"Random Forest (500 estimators, 5 depth)",384,97,15.041726745204777,3.8783665047549047,0.5972013102911192,19.07718147556411,4.367743293230969,0.3595424296249867,6.597938144329897,,0.0837368103521954,0.0870831228705509,0.3861131991774472,0.0238027885583987,0.3770838247588186,0.0209632800376149,0.0212169742449742
"Random Forest (100 estimators, 5 depth)",384,97,15.070673475565044,3.882096530943691,0.5964261529399733,19.67315568302999,4.435443121383701,0.3395344324578639,6.597938144329897,,0.087369054111462,0.0824681315139893,0.3739636452058816,0.0278167315482204,0.3846627566112621,0.0230773588399416,0.0206423221692428
Ridge (lambda=2.0),384,97,27.042246034896056,5.200215960409342,0.2758423647661457,19.46508715928284,4.411925561394122,0.3465196918559206,6.597938144329897,5.143468632543464,2.4757456460460303,2.4757456460460263,-0.1104501245868607,0.4223856786285209,5.5954502381998354,-0.6433683451656099,-5.705617683710281
SVM (linear kernel),384,97,27.33672282652235,5.2284531963595455,0.2679566434107461,18.78211039099111,4.333833221409323,0.3694485318526982,6.597938144329897,,,,,,,,
"Feedforward NN (3 layers, [[16, 4, 1]] activations)",384,97,29.87182757210897,5.4655125626156025,0.20006969884019754,21.160976081930468,4.600106094638521,0.28958544816714316,6.597938144329897,,,,,,,,
