model_type,n_train,n_test,mse_train,rmse_train,r2_train,mse_test,rmse_test,r2_test,y_test_mean,bias,Game of season_weight,Game for player_weight,Age (days)_weight,Home?_weight,Game Started?_weight,Year_weight,Month of Season_weight
Linreg,123,31,29.642254959440887,5.444470126600098,0.06300761097380958,38.77057882815048,6.226602510852164,0.037496092641368994,9.096774193548388,7.378902027808463,5.181645754743972,5.181645754743968,4.619140160386913,0.8912249369992737,1.3472795306182208,-4.4245974986093835,-5.475388817975844
Lasso (lambda=0.05),123,31,30.425827705031818,5.515961176896718,0.03823885772370572,37.0531856083651,6.087132790433038,0.08013145518886955,9.096774193548388,7.9409571222120725,2.2344599164098,3.7493125905540975e-16,0.0,0.5331667357864645,1.3486415379315857,-1.080323581756694,-0.0
"Random Forest (500 estimators, 5 depth)",123,31,17.165787936235795,4.143161587029378,0.45738903231557926,32.68475708253719,5.717058429169426,0.1885804299581958,9.096774193548388,,0.20668022476021702,0.2153350037017823,0.4389101221321862,0.03127013897900887,0.02770186080147572,0.012515408280976833,0.06758724134435305
"Random Forest (100 estimators, 5 depth)",123,31,17.223992264310272,4.150179786986375,0.4555491921114926,33.91580359107266,5.823727637095734,0.15801892919088545,9.096774193548388,,0.17913311215622407,0.21778144453901038,0.45919925559768443,0.029169241473551034,0.03646541996270391,0.013978796671269856,0.06427272959955639
Ridge (lambda=2.0),123,31,30.080655584923168,5.484583446800967,0.049149756705189174,37.11754749767558,6.0924172130342145,0.07853363096703092,9.096774193548388,7.764975287280382,2.1376972662909433,2.1376972662909437,0.964160132949709,0.7148596345921978,1.434827463951155,-1.849814634956455,-1.3831722631691015
