model_type,n_train,n_test,mse_train,rmse_train,r2_train,mse_test,rmse_test,r2_test,y_test_mean,bias,Game of season_weight,Game for player_weight,Age (days)_weight,Home?_weight,Game Started?_weight,Year_weight,Month of Season_weight
Linreg,366,92,13.370577856986255,3.656580076654449,0.1555372751967859,10.397095008396652,3.2244526680347865,0.2010367142007803,3.8260869565217392,5.238220292365691,-0.5376898717733547,6.05267218405018,-5.231606931586588,-0.0980940888949933,1.871052847787506,2.993795292992007,-5.831275138218835
Lasso (lambda=0.05),366,92,13.684031958059084,3.6991934199307672,0.1357400527338542,10.563753375427284,3.2501928212688065,0.1882298757116455,3.8260869565217392,4.619574798145631,-0.0,0.0,-2.6487219196409297,-0.0,1.829699521491801,-0.0,-0.0
"Random Forest (500 estimators, 5 depth)",366,92,9.0654664881642,3.010891311250574,0.4274407124290952,9.911258097078877,3.1482150652518763,0.2383707824876926,3.8260869565217392,,0.1221437180632697,0.2005760277347932,0.5171632445196825,0.0176439639193624,0.1215461595012706,0.0122904034679523,0.0086364827936689
"Random Forest (100 estimators, 5 depth)",366,92,8.999955436836068,2.9999925727968173,0.4315782778732373,9.57495832275364,3.0943429549346404,0.2642136907703841,3.8260869565217392,,0.1130144409595563,0.2080191366466138,0.5287902208178211,0.0175683091802794,0.1105400489825549,0.0115751393583058,0.0104927040548682
Ridge (lambda=2.0),366,92,13.471966753937776,3.670417790107521,0.1491337266665526,10.446256847665524,3.2320669621258658,0.1972588796607988,3.8260869565217392,4.957744429229475,-0.7266556477338687,2.783873162897984,-1.800078729351579,-0.1059793369351291,1.8969617704793555,-1.019039550989934,-1.94240444543232
SVM (linear kernel),366,92,13.65557516851669,3.6953450675839044,0.1375373346683495,10.445722714160963,3.2319843307418683,0.19729992507391791,3.8260869565217392,,,,,,,,
"Feedforward NN (3 layers, [[16, 4, 1]] activations)",366,92,14.077153684828419,3.751953315918046,0.11091115991277734,10.279622727080142,3.2061850737410875,0.2100638549353,3.8260869565217392,,,,,,,,
