model_type,n_train,n_test,mse_train,rmse_train,r2_train,mse_test,rmse_test,r2_test,y_test_mean,bias,Game of season_weight,Game for player_weight,Age (days)_weight,Home?_weight,Game Started?_weight,Year_weight,Month of Season_weight
Linreg,188,47,35.628855001690155,5.968991120925726,0.1657416564114092,23.58855591687033,4.856805114153782,0.3559229682780825,8.404255319148936,6.9591925516955975,-11.756294420213017,9.479665783281597,7.403158197076472,0.363546920969637,3.865990445222498,-12.905678199352437,9.126440254558492
Lasso (lambda=0.05),188,47,36.65133068542234,6.054034248781744,0.1418001384976407,25.70636974144362,5.070144942843707,0.2980968238257525,8.404255319148936,5.973700394100937,-0.765358876512235,4.6294125658249055,-0.0,0.3429562620010529,3.825588137759676,-0.9459580236984854,-0.0
"Random Forest (500 estimators, 5 depth)",188,47,16.201570417379187,4.025117441439341,0.6206362708176985,27.654946839463463,5.258797090539192,0.2448916272975353,8.404255319148936,,0.2346788303108088,0.2666283398420236,0.2407585301765288,0.0671952667104588,0.1519379140080169,0.0117323338672653,0.0270687850848976
"Random Forest (100 estimators, 5 depth)",188,47,16.076107016231393,4.009502090812697,0.6235740270048558,27.90713171700675,5.282720105874128,0.2380058099568871,8.404255319148936,,0.2471799714947131,0.2626233904354766,0.2344057545363236,0.0702633610343873,0.1503388301842914,0.0114845667514331,0.0237041255633746
Ridge (lambda=2.0),188,47,36.36218505168421,6.030106553924584,0.1485705541466083,24.95124621531925,4.995122242279887,0.3187151999995027,8.404255319148936,6.462890302571296,-2.583085370955483,5.364067173199218,-0.3803474677099783,0.4919971790744631,3.845906357017761,-1.6238271538386924,0.9528369766359924
SVM (linear kernel),188,47,36.66604926489934,6.055249727707301,0.14145549936360524,27.73012089503344,5.265939697246203,0.24283902675917923,8.404255319148936,,,,,,,,
"Feedforward NN (3 layers, [[16, 4, 1]] activations)",188,47,64.94591464650325,8.058902819025878,-0.5207244569960932,61.54298688354987,7.84493383551129,-0.6804091125777074,8.404255319148936,,,,,,,,
