model_type,n_train,n_test,mse_train,rmse_train,r2_train,mse_test,rmse_test,r2_test,y_test_mean,bias,Game of season_weight,Game for player_weight,Age (days)_weight,Home?_weight,Game Started?_weight,Year_weight,Month of Season_weight
Linreg,188,47,35.628855001690155,5.968991120925726,0.16574165641140925,23.58855591687033,4.856805114153782,0.35592296827808256,8.404255319148936,6.9591925516955975,-11.756294420213017,9.479665783281595,7.403158197076472,0.36354692096963703,3.865990445222498,-12.905678199352435,9.126440254558492
Lasso (lambda=0.05),188,47,36.65133068542234,6.054034248781744,0.14180013849764073,25.70636974144362,5.070144942843707,0.29809682382575253,8.404255319148936,5.973700394100937,-0.765358876512235,4.6294125658249055,-0.0,0.3429562620010529,3.825588137759676,-0.9459580236984854,-0.0
"Random Forest (500 estimators, 5 depth)",188,47,16.201570417379187,4.025117441439341,0.6206362708176985,27.654946839463463,5.258797090539192,0.24489162729753533,8.404255319148936,,0.23467883031080883,0.2666283398420236,0.2407585301765288,0.06719526671045888,0.15193791400801693,0.011732333867265373,0.02706878508489765
"Random Forest (100 estimators, 5 depth)",188,47,16.076107016231393,4.009502090812697,0.6235740270048558,27.90713171700675,5.2827201058741275,0.23800580995688714,8.404255319148936,,0.24717997149471316,0.26262339043547667,0.2344057545363236,0.07026336103438736,0.15033883018429148,0.01148456675143318,0.023704125563374638
Ridge (lambda=2.0),188,47,36.362185051684214,6.0301065539245835,0.14857055414660836,24.95124621531925,4.995122242279887,0.3187151999995027,8.404255319148936,6.462890302571296,-2.583085370955483,5.364067173199218,-0.38034746770997835,0.49199717907446316,3.8459063570177605,-1.6238271538386924,0.9528369766359925
