model_type,n_train,n_test,mse_train,rmse_train,r2_train,mse_test,rmse_test,r2_test,y_test_mean,bias,Game of season_weight,Game for player_weight,Age (days)_weight,Home?_weight,Game Started?_weight,Year_weight,Month of Season_weight
Linreg,105,27,11.184707186412504,3.344354524629903,0.09492236920379715,18.22236444560477,4.268766150259905,-0.08672314143045456,3.4814814814814814,2.0714819884531868,-2.723550805133396,-2.7235508051333945,-1.525471726828141,0.3709187278832623,2.0154389602290403,-0.43351782024617896,7.778046535309173
Lasso (lambda=0.05),105,27,11.457852801630821,3.384945021950995,0.07281915432621022,18.20940391661913,4.267247815233975,-0.0859502172132971,3.4814814814814814,2.7091811657255027,0.0,0.0,-0.3134117718506725,0.2526986273107825,1.7217486827958086,-0.0,1.0743453073908449
"Random Forest (500 estimators, 5 depth)",105,27,4.799271371252064,2.190723937709191,0.6116381868702181,21.49390599599215,4.636152067824367,-0.2818273454743354,3.4814814814814814,,0.22829442876837913,0.2213399100095124,0.4091918017728445,0.03177323998167327,0.06257307060750208,0.023116684260421214,0.02371086459966742
"Random Forest (100 estimators, 5 depth)",105,27,4.894123837285872,2.212266674089241,0.6039626309703419,20.483043185997595,4.525819614831947,-0.22154274235865867,3.4814814814814814,,0.23201696604618482,0.22346573511514128,0.40489458239761433,0.023426479504038193,0.06861792519072082,0.02100109343509934,0.026577218311201092
Ridge (lambda=2.0),105,27,11.378491942926994,3.373202031145925,0.07924111395165956,18.452210017470545,4.295603568472136,-0.10043039125785547,3.4814814814814814,2.6159888829149898,0.027679890781247593,0.02767989078124769,-0.8616363566332036,0.4001527405371825,1.7343459751798262,-0.0555837372503341,1.466772078258331
