model_type,n_train,n_test,mse_train,rmse_train,r2_train,mse_test,rmse_test,r2_test,y_test_mean,bias,Game of season_weight,Game for player_weight,Age (days)_weight,Home?_weight,Game Started?_weight,Year_weight,Month of Season_weight
Linreg,565,142,16.139774387882987,4.017433806285175,0.28305016334238764,21.62212288262211,4.649959449567502,0.23607288021237682,6.549295774647887,8.097912391339413,9.849858258533805,-8.26361220139486,-3.271389687818235,-0.023238905821241634,2.4220237780621625,-5.943740834280205,0.12837249944929674
Lasso (lambda=0.05),565,142,16.325385799024797,4.040468512316957,0.27480506228324175,21.953846250450017,4.685493170462424,0.22435282486320063,6.549295774647887,7.733415496321168,1.1424545367704555,0.0,-7.474997443139681,-0.0,2.0922504643048443,-0.0,0.0
"Random Forest (500 estimators, 5 depth)",565,142,10.39943467189589,3.2248154477265656,0.538043543226676,21.634340554963874,4.651273003701661,0.2356412199497273,6.549295774647887,,0.09159766262997882,0.10111909580844991,0.7275408593831452,0.012858767464819872,0.03922434013525865,0.0124121278495332,0.01524714672881443
"Random Forest (100 estimators, 5 depth)",565,142,10.57518466511716,3.251950901400136,0.5302364992182316,21.92961540870613,4.682906726458058,0.22520892013395277,6.549295774647887,,0.09855650911187452,0.10993872762420227,0.7178704661279057,0.012566183966355077,0.03284386249524429,0.009974370330022972,0.018249880344395022
Ridge (lambda=2.0),565,142,16.225703444552245,4.028114130030608,0.2792330825293238,21.956233095284517,4.685747869367762,0.22426849570136487,6.549295774647887,7.758112337434351,2.208172520382478,-0.2841607641329504,-3.9639853280437545,-0.039894087046863896,2.215276399635435,-4.157481028191185,-0.030730997003393573
