model_type,n_train,n_test,mse_train,rmse_train,r2_train,mse_test,rmse_test,r2_test,y_test_mean,bias,Game of season_weight,Game for player_weight,Age (days)_weight,Home?_weight,Game Started?_weight,Year_weight,Month of Season_weight
Linreg,213,54,41.7614135681412,6.462307139725038,0.2632625585124757,48.19934277763724,6.942574650490784,0.07137478500720029,15.851851851851851,3.47541444364316,11.396886392767357,-4.376035808127419,4.314459627784238,1.5774763034348156,6.386723990939934,7.8621040720639455,-9.570891802901883
Lasso (lambda=0.05),213,54,42.548562709769115,6.522925931648245,0.24937600163801055,46.92912923342437,6.850483868561722,0.09584715864563742,15.851851851851851,4.651326101444866,2.708509850948282,0.0,7.928920436550421,1.348180008366173,5.046132439075862,3.6472800778274745,-2.1542872375805477
"Random Forest (500 estimators, 5 depth)",213,54,23.49476836740281,4.847140225679757,0.5855150950027382,54.487112408950345,7.381538620704382,-0.049767560286611445,15.851851851851851,,0.1279243119714617,0.09638260953415474,0.6982056843112818,0.0399509617395773,0.0038806653875563296,0.008071222103457808,0.02558454495251022
"Random Forest (100 estimators, 5 depth)",213,54,23.460546146721672,4.8436087937323835,0.5861188291475488,53.61476194556843,7.32221018173942,-0.0329605544246363,15.851851851851851,,0.13245633299763065,0.105077547913228,0.6822850122828531,0.0414189338959171,0.004997733174213606,0.011046007951682557,0.02271843178447517
Ridge (lambda=2.0),213,54,42.31414901026897,6.504932667619933,0.25351143036188684,48.334995318670416,6.952337399657069,0.06876125621568951,15.851851851851851,5.185882380220907,3.5299511077318684,0.6430512694412279,6.015374930806985,1.4967182509343642,4.886097648489501,5.019938010898435,-4.529579606282551
