model_type,n_train,n_test,mse_train,rmse_train,r2_train,mse_test,rmse_test,r2_test,y_test_mean,bias,Game of season_weight,Game for player_weight,Age (days)_weight,Home?_weight,Game Started?_weight,Year_weight,Month of Season_weight
Linreg,104,26,13.438889536847787,3.6659091010072506,0.337500550443266,21.405853719336974,4.626646055117786,-0.13005522173149497,3.5,-1.6972809406584455,5.705143079157117,-8.026589725021925,6.362427380718269,-0.731708218536246,7.522976023630689,0.34097627620757676,1.7508693185061865
Lasso (lambda=0.05),104,26,13.715193631842697,3.7034029799419206,0.32387953582427575,20.314732326696387,4.507186741937413,-0.07245287409970769,3.5,1.2186628629174758,0.0,0.0,3.1043296088433223,-0.46842111429103095,6.832438637992104,0.0,-0.0
"Random Forest (500 estimators, 5 depth)",104,26,5.209337878603364,2.2823973971688987,0.743194296845208,20.483469460569225,4.525866708219457,-0.08136082431431446,3.5,,0.1477630015052592,0.16915937686143956,0.28020347272169976,0.022460823810557112,0.3253979692317718,0.005824058652332477,0.04919129721694017
"Random Forest (100 estimators, 5 depth)",104,26,5.212074643209586,2.2829968557160973,0.7430593820488465,20.12430544553473,4.486012198549479,-0.0623998813886355,3.5,,0.15967436469089782,0.1676093785064234,0.2670849163235612,0.020106510205762602,0.33553634933382637,0.007910173242367483,0.04207830769716102
Ridge (lambda=2.0),104,26,13.842095139461746,3.720496625379701,0.31762364848216884,20.184040609133,4.4926652010953365,-0.06555341286793492,3.5,1.1265214084900328,0.6142386757092982,-0.12494773054682447,2.26906881636112,-0.665848550040104,5.871604141763615,1.2248291469395058,-0.4882424217529516
