model_type,n_train,n_test,mse_train,rmse_train,r2_train,mse_test,rmse_test,r2_test,y_test_mean,bias,Game of season_weight,Game for player_weight,Age (days)_weight,Home?_weight,Game Started?_weight,Year_weight,Month of Season_weight
Linreg,104,26,13.438889536847787,3.66590910100725,0.337500550443266,21.40585371933697,4.626646055117786,-0.1300552217314949,3.5,-1.6972809406584457,5.705143079157117,-8.026589725021925,6.362427380718269,-0.731708218536246,7.522976023630689,0.3409762762075767,1.7508693185061863
Lasso (lambda=0.05),104,26,13.715193631842697,3.7034029799419206,0.3238795358242757,20.314732326696387,4.507186741937413,-0.0724528740997076,3.5,1.2186628629174758,0.0,0.0,3.1043296088433223,-0.4684211142910309,6.832438637992104,0.0,-0.0
"Random Forest (500 estimators, 5 depth)",104,26,5.209337878603364,2.2823973971688987,0.743194296845208,20.483469460569225,4.525866708219457,-0.0813608243143144,3.5,,0.1477630015052592,0.1691593768614395,0.2802034727216997,0.0224608238105571,0.3253979692317718,0.0058240586523324,0.0491912972169401
"Random Forest (100 estimators, 5 depth)",104,26,5.212074643209586,2.2829968557160973,0.7430593820488465,20.12430544553473,4.486012198549479,-0.0623998813886355,3.5,,0.1596743646908978,0.1676093785064234,0.2670849163235612,0.0201065102057626,0.3355363493338263,0.0079101732423674,0.042078307697161
Ridge (lambda=2.0),104,26,13.842095139461746,3.720496625379701,0.3176236484821688,20.184040609133,4.4926652010953365,-0.0655534128679349,3.5,1.1265214084900328,0.6142386757092982,-0.1249477305468244,2.26906881636112,-0.665848550040104,5.871604141763615,1.2248291469395058,-0.4882424217529516
SVM (linear kernel),104,26,15.49400691002765,3.9362427402318128,0.23618904514567163,22.107181263817665,4.701827438753752,-0.1670796200188005,3.5,,,,,,,,
"Feedforward NN (3 layers, [[16, 4, 1]] activations)",104,26,14.043709817346542,3.747493804844318,0.3076846120197435,18.74090686809705,4.329076907158967,0.010632327775587314,3.5,,,,,,,,
