model_type,n_train,n_test,mse_train,rmse_train,r2_train,mse_test,rmse_test,r2_test,y_test_mean,bias,Game of season_weight,Game for player_weight,Age (days)_weight,Home?_weight,Game Started?_weight,Year_weight,Month of Season_weight
Linreg,460,115,41.80300906941108,6.465524655386528,0.22173723098163722,30.72426118621972,5.542946976674026,0.40299736093034266,15.356521739130434,12.419115242578613,0.5177320178584081,-2.7739044054031607,10.94226386165829,1.5263200934135734,5.716101100376026,-16.96203011829639,4.548578535027104
Lasso (lambda=0.05),460,115,42.066193453902414,6.485845623656364,0.21683742562321162,32.202385428096434,5.674714567984581,0.37427595188083806,15.356521739130434,13.686776086564088,-0.0,-0.0,-0.0,1.2869918752840068,5.140063953209206,-5.502444489609144,0.9404535200490678
"Random Forest (500 estimators, 5 depth)",460,115,29.2766428872391,5.410789488350023,0.45494542933137594,33.18350851374202,5.760512868985019,0.35521176453285097,15.356521739130434,,0.13884135600340294,0.13159487464100977,0.3909375601076457,0.0373048147769089,0.20838808249021443,0.04993709159236775,0.04299622038845054
"Random Forest (100 estimators, 5 depth)",460,115,29.600198045076453,5.440606404168239,0.448921677963369,33.72494275561063,5.8073180346534,0.34469116423853974,15.356521739130434,,0.1306892755841137,0.14185650401483774,0.3896994475259874,0.037331519052791556,0.18192086210633496,0.07399919901208538,0.044503192703849385
Ridge (lambda=2.0),460,115,41.96485000145413,6.47802824951035,0.21872417582804304,31.411460281838377,5.604592784657809,0.38964440604026285,15.356521739130434,13.12021924550022,-0.6400909708180942,-0.7513486377598462,-1.6607177369963115,1.4701665355159468,5.309412828262675,-3.7964784555780895,2.4228791612001057
