model_type,n_train,n_test,mse_train,rmse_train,r2_train,mse_test,rmse_test,r2_test,y_test_mean,bias,Game of season_weight,Game for player_weight,Age (days)_weight,Home?_weight,Game Started?_weight,Year_weight,Month of Season_weight
Linreg,184,46,34.42797885080383,5.86753601188811,0.0843086029008982,44.80060962890805,6.693325752487178,-0.001871571583152,12.978260869565217,6.650936330008589,-11.951853204170297,1.7491721909211222,0.8630865906273804,-0.48639248686353,5.221417039490274,2.9633802713025776,12.54253152267794
Lasso (lambda=0.05),184,46,35.66511342532569,5.972027580757284,0.0514041593419911,44.24834079397991,6.651942633094479,0.010478761373675,12.978260869565217,11.01194109569823,-1.584374007482373,-0.0,0.0,-0.3131262378415876,1.86289895514113,2.960948570084136,1.2113450442062534
"Random Forest (500 estimators, 5 depth)",184,46,22.420802228760227,4.735060953014251,0.4036671218514835,45.07291071266405,6.713636176667905,-0.0079610136016017,12.978260869565217,,0.1978835526847606,0.1677045571735821,0.504776583409061,0.0503170071483961,0.0097828070481475,0.0236088938016636,0.045926598734389
"Random Forest (100 estimators, 5 depth)",184,46,22.621486602471123,4.756205063122397,0.3983294586870076,45.59689312755692,6.752547158484487,-0.0196787801641331,12.978260869565217,,0.2118426783132762,0.1877082805380545,0.4769082376593723,0.0498481515973255,0.0138882566633559,0.0138879596928357,0.0459164355357797
Ridge (lambda=2.0),184,46,35.16594248417827,5.930087898520415,0.0646807602854092,44.51032835350084,6.671606129973564,0.0046199596706039,12.978260869565217,9.665207682911864,-3.145232362260548,-0.5517592319238738,0.6671077809071222,-0.4890890446690305,3.0910523988566463,2.531194361405653,3.889278334523755
SVM (linear kernel),184,46,34.70796204530434,5.891346369490114,0.07686180494486738,44.278365752839804,6.654199106792627,0.009807316208779948,12.978260869565217,,,,,,,,
"Feedforward NN (3 layers, [[16, 4, 1]] activations)",184,46,37.720713071336036,6.141719064833236,-0.003269248001747771,49.93187726858382,7.0662491654755435,-0.11662159880283829,12.978260869565217,,,,,,,,
