model_type,n_train,n_test,mse_train,rmse_train,r2_train,mse_test,rmse_test,r2_test,y_test_mean,bias,Game of season_weight,Game for player_weight,Age (days)_weight,Home?_weight,Game Started?_weight,Year_weight,Month of Season_weight
Linreg,335,84,27.72488323763701,5.265442359160056,0.2449474638350328,29.92567779465294,5.47043670968351,-0.0950519508111988,9.797619047619047,5.348853208797975,-14.896411840669035,8.954602355334902,7.577465594026304,0.8819080198330259,6.028863946651896,-14.368534854522377,10.814409085641772
Lasso (lambda=0.05),335,84,29.35108325561305,5.417664003573224,0.2006599392543169,27.941993640164004,5.286018694647608,-0.0224642146846505,9.797619047619047,7.032454265784589,-1.0094288322243508,1.3070286240891662,-0.5826267196101986,0.7979250932763559,4.8740686136726525,-5.048647383649598,2.232482328582595
"Random Forest (500 estimators, 5 depth)",335,84,17.351590345056543,4.1655240180626185,0.5274511281351341,29.918950247222757,5.469821774721984,-0.0948057737993313,9.797619047619047,,0.1215339882666643,0.0949300493609139,0.5242155999803522,0.0219132982946437,0.051509702584089,0.1379018084704389,0.0479955530428977
"Random Forest (100 estimators, 5 depth)",335,84,17.255411055629597,4.153963294930469,0.5300704508491709,30.42187998375553,5.5156033200145504,-0.1132091728097153,9.797619047619047,,0.1246538254565139,0.0880247407830547,0.5212716473398669,0.0206966903482716,0.0442042771201355,0.1511803911556213,0.049968427796536
Ridge (lambda=2.0),335,84,28.45362340310113,5.334193791296031,0.2251011364250041,28.31740144878188,5.321409723821487,-0.0362012820953749,9.797619047619047,6.474200119321485,-6.076896557610319,4.273276761409773,-2.29152063179836,0.9598525897337074,5.307943668145239,-3.5867803969259877,4.64408325428702
SVM (linear kernel),335,84,27.91412483882989,5.283381950874826,0.2397937053970305,29.676535440755647,5.447617409542969,-0.08593523764810818,9.797619047619047,,,,,,,,
"Feedforward NN (3 layers, [[16, 4, 1]] activations)",335,84,26.650908780353696,5.162451818695618,0.2741958156061718,32.46243891192336,5.697581847759921,-0.1878780926038941,9.797619047619047,,,,,,,,
