model_type,n_train,n_test,mse_train,rmse_train,r2_train,mse_test,rmse_test,r2_test,y_test_mean,bias,Game of season_weight,Game for player_weight,Age (days)_weight,Home?_weight,Game Started?_weight,Year_weight,Month of Season_weight
Linreg,202,51,26.850362426101416,5.181733534841541,0.165667397403307,27.243191411254998,5.219501069188031,-0.050050989310842,6.764705882352941,4.006421785624829,-9.528891681503788,10.113064885386551,6.301797704227002,1.5020995512677628,3.7048649236210105,-7.302509021016382,2.265708324514997
Lasso (lambda=0.05),202,51,27.47330560338439,5.241498412036809,0.1463104220997964,27.573238762936484,5.251022639728045,-0.0627722062534867,6.764705882352941,3.890525303197576,0.0,0.0,0.0788545024375479,1.4259283290608429,4.106009171569455,0.0,0.0
"Random Forest (500 estimators, 5 depth)",202,51,13.191415387136123,3.6319988143081936,0.5900976025119009,35.839481930237575,5.98660854994191,-0.3813830725311631,6.764705882352941,,0.1666323339387041,0.1777768387199144,0.2962721077563979,0.1057976595374207,0.1912288193766019,0.025684436802861,0.0366078038680996
"Random Forest (100 estimators, 5 depth)",202,51,12.963332386307114,3.600462801683572,0.5971849215085615,34.37126698454301,5.862701338507959,-0.3247927658752911,6.764705882352941,,0.1716089115109341,0.2041467358474339,0.2717028434453838,0.0896022495519516,0.193392110689867,0.0336987818696771,0.0358483670847523
Ridge (lambda=2.0),202,51,27.219768298697108,5.217256779064752,0.1541886933841145,27.321495226033957,5.226996769277168,-0.0530691011368116,6.764705882352941,3.679680601022679,-1.0271954339069869,2.2761660551313474,1.5299477150006189,1.5662910675689212,4.003061082449119,-1.0868627010180432,-0.6854822147730966
SVM (linear kernel),202,51,27.805124583590697,5.273056474530753,0.1359996713936017,27.96242323442145,5.28795075945507,-0.07777278137473997,6.764705882352941,,,,,,,,
"Feedforward NN (3 layers, [[16, 4, 1]] activations)",202,51,26.490974003892667,5.146938313589223,0.17683482497415648,26.29442634145072,5.127809117103592,-0.01348215693241639,6.764705882352941,,,,,,,,
