model_type,n_train,n_test,mse_train,rmse_train,r2_train,mse_test,rmse_test,r2_test,y_test_mean,bias,Game of season_weight,Game for player_weight,Age (days)_weight,Home?_weight,Game Started?_weight,Year_weight,Month of Season_weight
Linreg,348,88,25.192582336125948,5.019221287822041,0.3706483453707654,34.386186175676414,5.86397358245042,0.17814545443636043,8.534090909090908,7.011798350571924,-9.214369160724493,12.27844958861081,-5.679162446780266,-0.12702339703344323,7.176708327096302,2.7951860417189294,-0.9365328954320482
Lasso (lambda=0.05),348,88,26.140583957578777,5.112786320352023,0.34696572399070236,33.374000547717145,5.777023502437665,0.20233741789059612,8.534090909090908,6.494772151948917,-1.0314786667893203,2.515671671122882,-2.4764792800991535,-0.0,7.40467684502612,-0.0,-0.0
"Random Forest (500 estimators, 5 depth)",348,88,16.154094494657503,4.019215656649628,0.5964444627547816,33.58276123338532,5.79506352280847,0.19734788757237975,8.534090909090908,,0.07016122085275586,0.07026895604223762,0.2937911045015336,0.010011990306926394,0.5031873055032926,0.025044236026866753,0.027535186766387096
"Random Forest (100 estimators, 5 depth)",348,88,16.07287004471151,4.009098407960512,0.5984735815361679,34.05628978776238,5.835776708182244,0.18603021503723094,8.534090909090908,,0.07158158475021925,0.07225746033423336,0.3035539457815613,0.010251454967306494,0.491238557779288,0.026546772740854624,0.024570223646537104
Ridge (lambda=2.0),348,88,25.529874567082075,5.052709626238388,0.3622222372087044,33.454939462901045,5.784024504002472,0.20040291968782875,8.534090909090908,6.89012050834783,-3.7759334870561245,6.4382495653510015,-1.8199421445301436,-0.1517796033718924,7.358302614254202,-1.2322471247385576,-1.0903946073031068
