model_type,n_train,n_test,mse_train,rmse_train,r2_train,mse_test,rmse_test,r2_test,y_test_mean,bias,Game of season_weight,Game for player_weight,Age (days)_weight,Home?_weight,Game Started?_weight,Year_weight,Month of Season_weight
Linreg,583,146,26.104888819006835,5.109294356269448,0.220784523349209,22.108841579845013,4.702003996153663,0.1170910667551381,6.986301369863014,5.124662566413598,5.074216192279496,-3.821405661557745,3.603904870904507,-0.0666299348553414,5.451880167411963,-5.215788600259726,-1.0488849790581585
Lasso (lambda=0.05),583,146,26.30209010615241,5.128556337426002,0.2148981816748707,21.76383016253567,4.665172039971909,0.1308689782442496,6.986301369863014,4.804005622804425,0.0,-0.0,-0.4682264364037655,-0.0,5.090189762556279,-0.0,0.0
"Random Forest (500 estimators, 5 depth)",583,146,17.889261773958076,4.2295699277773,0.4660161268345961,20.23674204802528,4.498526653030443,0.1918527133388282,6.986301369863014,,0.0914280383604849,0.0836173204174252,0.3567594734624948,0.0085339429202488,0.4398537284596022,0.0074062491750611,0.0124012472046829
"Random Forest (100 estimators, 5 depth)",583,146,18.02664203317004,4.245779319885814,0.4619154074288764,20.070140397462996,4.479971026408875,0.1985058925677607,6.986301369863014,,0.0767306055525831,0.0873202816075047,0.3741333554348555,0.0077021194150152,0.4329813990988471,0.0069157936407726,0.0142164452504215
Ridge (lambda=2.0),583,146,26.15398351812413,5.114096549550481,0.2193190756455645,21.890065582091065,4.678682034728483,0.1258278104736606,6.986301369863014,5.1242851063898645,2.5627981248711587,-1.7778235241530738,-0.2900684643329741,-0.0677167797121334,5.246612363691694,-0.9508569970500462,-0.7142561719868776
SVM (linear kernel),583,146,26.30646719352096,5.12898305646655,0.21476752820823952,21.495761920475122,4.636352221356259,0.14157419067158306,6.986301369863014,,,,,,,,
"Feedforward NN (3 layers, [[16, 4, 1]] activations)",583,146,26.923764455838043,5.1888114685193605,0.1963415703799335,23.051820694141142,4.801231164414097,0.0794335223347934,6.986301369863014,,,,,,,,
