model_type,n_train,n_test,mse_train,rmse_train,r2_train,mse_test,rmse_test,r2_test,y_test_mean,bias,Game of season_weight,Game for player_weight,Age (days)_weight,Home?_weight,Game Started?_weight,Year_weight,Month of Season_weight
Linreg,204,51,19.012771757434187,4.360363718479708,0.3432656546693682,20.68835542424552,4.548445385430666,0.34350325185488384,6.235294117647059,8.799360860538389,-3.891375790684414,-0.8703928703458781,-8.401560626099673,-0.7312950628905462,1.7739475216695064,-0.19392662293072965,4.4008872276374404
Lasso (lambda=0.05),204,51,19.34142106205832,4.3978882502922145,0.3319135336493858,20.758482661020345,4.556147787442846,0.341277927417296,6.235294117647059,8.402047245677336,-0.15976266393237504,-0.0,-7.344843106717689,-0.5517755759912839,2.247963233273623,-0.0,0.0
"Random Forest (500 estimators, 5 depth)",204,51,11.094678900633015,3.330867589777927,0.616770412151411,21.405666949014023,4.626625870871128,0.3207410422079219,6.235294117647059,,0.10340957391157074,0.12161538968599038,0.689771864329926,0.03986882946611346,0.02338447057979475,0.005636649373466392,0.016313222653138202
"Random Forest (100 estimators, 5 depth)",204,51,11.120285520542586,3.334709210792237,0.6158859147737015,21.607372808438207,4.648373135672115,0.31434037680565385,6.235294117647059,,0.10119778545986555,0.119617649819639,0.6920450508049966,0.041555081201763266,0.02550711608996086,0.006794935806747688,0.013282380817027201
Ridge (lambda=2.0),204,51,19.182074849827803,4.379734563855189,0.33741763014332316,20.856869163902726,4.566932139183012,0.3381558610239491,6.235294117647059,8.32054797519033,-1.9955402986207056,0.03191313405069909,-4.773349855785144,-0.6869215076356661,2.273697472866584,-2.8431046328056047,2.1083164324227637
