model_type,n_train,n_test,mse_train,rmse_train,r2_train,mse_test,rmse_test,r2_test,y_test_mean,bias,Game of season_weight,Game for player_weight,Age (days)_weight,Home?_weight,Game Started?_weight,Year_weight,Month of Season_weight
Linreg,439,110,21.40271727435177,4.6263070882024,0.3401155265584848,24.208375679275434,4.920200776317511,0.2875040238391886,6.636363636363637,4.585375621450542,1.354748522583462,6.059159625175058,0.9195002448076068,-0.2738712184035555,6.729822856653714,-0.575069720714904,-5.894972748537425
Lasso (lambda=0.05),439,110,21.7167814084063,4.660126758834602,0.3304323614224489,23.697878867031537,4.868046719889974,0.3025288619111655,6.636363636363637,4.164155965114724,0.0,4.5815935899772375,0.0,-0.0427541138061666,6.635884776220203,0.0,-2.586506585448469
"Random Forest (500 estimators, 5 depth)",439,110,12.784660897528637,3.575564416638111,0.605825787616048,23.268028502451077,4.82369448684834,0.3151801301818009,6.636363636363637,,0.0826378352231989,0.1902558147737569,0.2205038890321106,0.0095067706825648,0.4598815325164284,0.0188571817128174,0.0183569760591226
"Random Forest (100 estimators, 5 depth)",439,110,12.99664643709059,3.6050861899669737,0.599289890124252,23.409216990939896,4.838307244371723,0.3110246993812688,6.636363636363637,,0.0828727611294962,0.1881361320844015,0.233019312264719,0.008384316514077,0.4545216428925174,0.0164277608826418,0.0166380742321469
Ridge (lambda=2.0),439,110,21.455568372486123,4.632015584223149,0.3384860316389314,23.948330371320825,4.893703134776447,0.2951576243116803,6.636363636363637,4.574035288425337,2.209796029468705,4.270385888395588,0.2235706501398802,-0.2584206341692605,6.644410832091901,-0.2172717739873301,-4.855618335342919
SVM (linear kernel),439,110,21.646117329476084,4.652538804725446,0.3326110627489376,24.07256198573195,4.906379722945621,0.2915012647709754,6.636363636363637,,,,,,,,
"Feedforward NN (3 layers, [[16, 4, 1]] activations)",439,110,22.860730379988635,4.78128961473666,0.2951623461678351,29.61867880325054,5.4423045489250725,0.12826908562139638,6.636363636363637,,,,,,,,
