model_type,n_train,n_test,mse_train,rmse_train,r2_train,mse_test,rmse_test,r2_test,y_test_mean,bias,Game of season_weight,Game for player_weight,Age (days)_weight,Home?_weight,Game Started?_weight,Year_weight,Month of Season_weight
Linreg,405,102,32.73788724340668,5.721703176800303,0.1874412381937296,30.824806726012902,5.552009251254261,0.1579305993256167,7.7745098039215685,4.737360055570785,9.24288587885413,-2.211023566680863,-15.395789622767959,0.7273484563020208,2.2409996600253055,21.87252034415219,-8.377959716100738
Lasso (lambda=0.05),405,102,33.53905308890514,5.791291141783941,0.16755619422068557,30.440279987518863,5.517271063444215,0.16843506746730008,7.7745098039215685,3.9484342919474607,2.3479840250880666,0.0,0.0,0.4948798186794064,1.6587106211340028,6.138331861483029,-1.5401765888204009
"Random Forest (500 estimators, 5 depth)",405,102,20.981624201083402,4.580570292123395,0.4792332671085735,28.696420139814,5.356903969627792,0.21607367976645653,7.7745098039215685,,0.15449381266447565,0.10816884408382971,0.6814268611334039,0.017864935715424936,0.004380546446992218,0.007838141885437801,0.025826858070435783
"Random Forest (100 estimators, 5 depth)",405,102,21.053579522114067,4.588417975960131,0.47744732636880194,29.691045825299824,5.448949056955829,0.18890258142618366,7.7745098039215685,,0.14097055316878568,0.10019066916835064,0.7003037913672158,0.0228392141220289,0.0031263183585241478,0.004863707059682067,0.027705746755412625
Ridge (lambda=2.0),405,102,33.13722056082502,5.7564937731943235,0.17752973157948448,29.971030025014546,5.474580351498601,0.18125399730535907,7.7745098039215685,4.086637504599216,5.127053811917646,-0.10989061034745953,1.9149776203513202,0.6888942523142819,1.9847806161045967,4.228636003389128,-4.2909843588705
