model_type,n_train,n_test,mse_train,rmse_train,r2_train,mse_test,rmse_test,r2_test,y_test_mean,bias,Game of season_weight,Game for player_weight,Age (days)_weight,Home?_weight,Game Started?_weight,Year_weight,Month of Season_weight
Linreg,742,186,44.973586350230384,6.70623488630024,0.1340160457156826,33.00439580384493,5.7449452394122025,0.1092231176410046,12.693548387096774,14.6579657582336,-165.38919584733333,171.6675377110909,4.647936948998387,0.9110525542346836,-0.8259519642399376,-13.067146244703547,-3.518918738616776
Lasso (lambda=0.05),742,186,45.45553747509618,6.742072194444092,0.1247358887445916,33.005685551265685,5.74505748894349,0.1091883078176914,12.693548387096774,14.669015881556424,0.0,2.6999580034715733,-1.7025352153706586,0.766600270263962,-0.4268159810398967,-7.434690013142879,-0.0
"Random Forest (500 estimators, 5 depth)",742,186,24.758708164621964,4.975812312037299,0.5232614132125821,23.58559185969994,4.856499959816734,0.3634332799109245,12.693548387096774,,0.0436527400724648,0.0411224615828936,0.8838708912417877,0.0057123398422799,0.0151311552053453,0.0031492933316679,0.0073611187235605
"Random Forest (100 estimators, 5 depth)",742,186,24.97472083440125,4.997471444080621,0.5191020049658341,24.15902691000672,4.915183303805335,0.347956472234047,12.693548387096774,,0.0404326050880404,0.0387179079979893,0.88456645012118,0.0059929234128658,0.0164878643016339,0.0057609929752521,0.0080412561030384
Ridge (lambda=2.0),742,186,45.077056025450695,6.713944892941161,0.1320236967444884,33.006038016474164,5.745088164377825,0.1091787949073077,12.693548387096774,14.861534293458943,3.217670604022654,3.4472463158341418,-3.921253000478222,0.8899053420489559,-0.7892320116751942,-4.694695964968227,-4.558712132582589
SVM (linear kernel),742,186,45.17292954995489,6.721080980761569,0.13017761461942146,33.23451932727928,5.764938796490322,0.10301216574294136,12.693548387096774,,,,,,,,
"Feedforward NN (3 layers, [[16, 4, 1]] activations)",742,186,39.68279104162417,6.299427834464347,0.23589237390030948,29.70782629800729,5.450488629288873,0.1981963539439,12.693548387096774,,,,,,,,
