model_type,n_train,n_test,mse_train,rmse_train,r2_train,mse_test,rmse_test,r2_test,y_test_mean,bias,Game of season_weight,Game for player_weight,Age (days)_weight,Home?_weight,Game Started?_weight,Year_weight,Month of Season_weight
Linreg,484,121,24.874556094387305,4.987439833660884,0.278868814035133,26.753155065961693,5.172345219140124,0.3702483306203651,7.925619834710743,2.415116629358163,-2.6344370715901606,10.448368820412806,-15.98775348719526,1.1884213600557745,3.6425004824856657,24.222308188029675,-9.125547767269278
Lasso (lambda=0.05),484,121,25.937566782995223,5.092893753358225,0.2480513732872304,27.493383428915607,5.243413337599431,0.3528238419519059,7.925619834710743,1.8502921063713755,-0.0,1.5595059149609032,0.0,0.9427788920189344,3.745152543017663,6.617606235601891,-1.107690748845988
"Random Forest (500 estimators, 5 depth)",484,121,15.13987628881317,3.890999394604575,0.5610841495186838,22.56516506331708,4.750280524697155,0.4688308600083194,7.925619834710743,,0.0842008284694608,0.0848450773503037,0.6642179657270157,0.0315658201586931,0.1108155968813304,0.0092728929936492,0.015081818419547
"Random Forest (100 estimators, 5 depth)",484,121,15.209109995648229,3.89988589520876,0.5590770148012134,22.73402230649056,4.768020795517838,0.4648560715950216,7.925619834710743,,0.0906338444108166,0.0898517143067655,0.6700378845159403,0.0295045753930315,0.0980033925338624,0.0114168639162594,0.0105517249233242
Ridge (lambda=2.0),484,121,25.340177103234147,5.033902770538397,0.2653701277049818,26.989386269746475,5.195131015647871,0.3646876034995364,7.925619834710743,2.027772855612744,-1.0784301531204392,6.14708681747379,1.82987768163696,1.1634825848282886,3.7291869678103744,5.037364755838872,-4.547345274284945
SVM (linear kernel),484,121,25.15569089395473,5.015544924926377,0.2707185149641156,27.075999233524342,5.203460313438005,0.362648791314785,7.925619834710743,,,,,,,,
"Feedforward NN (3 layers, [[16, 4, 1]] activations)",484,121,25.343424852381826,5.034225347795013,0.2652759731325065,26.375183444334155,5.135677505873413,0.37914553392633765,7.925619834710743,,,,,,,,
