model_type,n_train,n_test,mse_train,rmse_train,r2_train,mse_test,rmse_test,r2_test,y_test_mean,bias,Game of season_weight,Game for player_weight,Age (days)_weight,Home?_weight,Game Started?_weight,Year_weight,Month of Season_weight
Linreg,112,29,17.714090605183447,4.208811067888822,0.2273261264642146,13.501567093270811,3.6744478623693673,0.049169492091714,4.275862068965517,1.8709894228736967,1.940255475200761,0.4169457148198443,4.023292790120262,0.4864558634624002,3.790149508788235,-1.2744623897640548,-3.0094233592511004
Lasso (lambda=0.05),112,29,17.851301945690235,4.225080111156501,0.2213410821102361,13.747738273518369,3.707794259869116,0.0318332031461275,4.275862068965517,2.0447213343149744,-0.0,0.0,2.950875967197276,0.3186613719459992,3.654626886413944,0.0,-0.1388953807430542
"Random Forest (500 estimators, 5 depth)",112,29,8.11752955824734,2.849127859231196,0.6459201238658647,15.98205089800012,3.9977557326580273,-0.1255153914937279,4.275862068965517,,0.1918543019716371,0.1828167243624935,0.3485280989045345,0.0306639430577224,0.1740012567774879,0.0318744242851578,0.0402612506409665
"Random Forest (100 estimators, 5 depth)",112,29,8.310328469524206,2.8827640329246877,0.6375103959882062,16.401050026106667,4.049820986921109,-0.1550228665178112,4.275862068965517,,0.1683827956914055,0.2054751773002787,0.3486479621031659,0.0286948608132516,0.1791688326683659,0.0321870053983846,0.0374433660251476
Ridge (lambda=2.0),112,29,17.782813459791047,4.216967329704019,0.2243284928033281,13.26402925206785,3.641981500786056,0.0658977892322006,4.275862068965517,2.138254704556696,-0.2699283481794654,0.6891547012346091,1.910882192489686,0.4722755005273485,3.509446452566121,1.0543740613093204,-1.052600587599386
SVM (linear kernel),112,29,17.954483421022655,4.237273111450648,0.2168403921228591,13.321245362912334,3.6498281278592195,0.06186841817038424,4.275862068965517,,,,,,,,
"Feedforward NN (3 layers, [[16, 4, 1]] activations)",112,29,22.05422780767721,4.696192905713863,0.0380129577178423,24.333980857242683,4.93294849529596,-0.7136893234752213,4.275862068965517,,,,,,,,
