model_type,n_train,n_test,mse_train,rmse_train,r2_train,mse_test,rmse_test,r2_test,y_test_mean,bias,Game of season_weight,Game for player_weight,Age (days)_weight,Home?_weight,Game Started?_weight,Year_weight,Month of Season_weight
Linreg,576,144,56.88291815137432,7.542076514553158,0.0917874498692129,58.62506231722846,7.656700485014969,0.0204584286150157,10.65972222222222,8.866645940910184,-1.1198035828809874,-2.838959972890801,10.541859177505447,1.277404944166603,4.678670927994623,-11.781776411699044,6.8495429390725535
Lasso (lambda=0.05),576,144,57.18697787354618,7.562207209112045,0.086932726084985,58.097588942753205,7.622177441043551,0.0292717599391071,10.65972222222222,9.487418545138308,0.0,0.0,-0.0,1.0955239831851138,4.400576892948863,-1.0422122806001266,1.5925362139634247
"Random Forest (500 estimators, 5 depth)",576,144,34.186300242508,5.846905185010956,0.4541695832101964,51.73866851125168,7.192959648938097,0.135520293681895,10.65972222222222,,0.0994247614579606,0.1136049049828382,0.6019049555932787,0.0231676649231157,0.1377291485541395,0.0082632427506605,0.0159053217380064
"Random Forest (100 estimators, 5 depth)",576,144,34.20795688549574,5.84875686667652,0.4538238056798871,52.006239889733855,7.211535196456706,0.1310495557726055,10.65972222222222,,0.1135614974510462,0.1112514185374175,0.593684998184648,0.0278118011325907,0.1339949098582219,0.006532917186649,0.0131624576494264
Ridge (lambda=2.0),576,144,56.98542182483349,7.548868910295998,0.0901508403967104,58.4427770573142,7.644787574374726,0.0235041565490953,10.65972222222222,9.256501781469812,-0.6032578291571837,-1.615152613798639,0.007214302126032,1.2584751469018676,4.539612776829332,-1.4752529136725272,4.08209129849763
SVM (linear kernel),576,144,57.50934605406255,7.583491679567041,0.08178568305655498,57.77622326024837,7.601067244818215,0.03464132430607725,10.659722222222221,,,,,,,,
"Feedforward NN (3 layers, [[16, 4, 1]] activations)",576,144,56.3554325504399,7.507025546142753,0.10020946931461205,58.99172071561288,7.680606793451471,0.014332087259990467,10.659722222222221,,,,,,,,
