model_type,n_train,n_test,mse_train,rmse_train,r2_train,mse_test,rmse_test,r2_test,y_test_mean,bias,Game of season_weight,Game for player_weight,Age (days)_weight,Home?_weight,Game Started?_weight,Year_weight,Month of Season_weight
Linreg,212,53,25.059692859937872,5.005965727003919,0.2654742625791503,38.255577737744225,6.18510935535858,0.3459530257740503,9.0,3.4927975154630175,-15.923972830231282,10.634088308880967,6.028818794370609,1.5374419995624795,4.910263827736639,-0.7149881376050309,9.65320732053899
Lasso (lambda=0.05),212,53,26.31457188499819,5.129773083187812,0.22869244939380418,43.01235413679955,6.558380450751508,0.2646274937902011,9.0,3.818011355412093,-0.11200290249740866,0.0,5.6418173687932205,1.2252106402291811,4.635324776898654,0.0,2.2581930662590937
"Random Forest (500 estimators, 5 depth)",212,53,13.10311833569444,3.6198229702147646,0.6159339337544268,31.328417120884257,5.597179389735892,0.4643851266429465,9.0,,0.16169649837176958,0.1765766117814491,0.40497427235554445,0.034548358907837425,0.10744327621185473,0.024872606070826104,0.08988837630071875
"Random Forest (100 estimators, 5 depth)",212,53,13.047762252761363,3.612168635703677,0.6175564782869718,30.641118122643388,5.535441998850985,0.47613572241932267,9.0,,0.1670581531144527,0.16300118927802185,0.40311131471894335,0.03498897989185451,0.12204827543435949,0.02011029749059158,0.08968179007177664
Ridge (lambda=2.0),212,53,25.81908573659238,5.0812484427148785,0.24321566524380467,41.37737034992275,6.432524415027334,0.2925804424045465,9.0,3.6846962712892317,-3.416675944949866,1.55392128448875,3.4020861796162536,1.4080350142850007,4.667163067018352,2.709000500228029,4.038385777927309
