model_type,n_train,n_test,mse_train,rmse_train,r2_train,mse_test,rmse_test,r2_test,y_test_mean,bias,Game of season_weight,Game for player_weight,Age (days)_weight,Home?_weight,Game Started?_weight,Year_weight,Month of Season_weight
Linreg,112,29,28.35614876809393,5.325049179875612,0.391875136521442,16.61025363707159,4.075567891358404,0.11250169575748348,5.206896551724138,7.317218303031787,15.61410517086982,15.614105170869813,-9.453764531529751,-1.2597519113108773,5.911877390994931,7.579302857988119,-25.308438083308204
Lasso (lambda=0.05),112,29,30.10228165150117,5.486554624853485,0.35442763862524496,12.686360003352997,3.561791684440992,0.32215827428082144,5.206896551724138,7.154619757916728,14.452535489405811,0.0,-4.4254842999385895,-0.8406586572126659,6.472470001224781,-0.0,-9.606551859653928
"Random Forest (500 estimators, 5 depth)",112,29,13.384953667844746,3.658545293944677,0.712946804289458,14.916956648357603,3.8622476161372155,0.2029758232993173,5.206896551724138,,0.205479795779899,0.198507697976534,0.42391871147412746,0.03739195873533371,0.11423874832194926,0.008079409355247591,0.012383678356908937
"Random Forest (100 estimators, 5 depth)",112,29,13.802976281156063,3.715235696581855,0.7039819075846936,14.99683326145006,3.87257450043896,0.19870795597970126,5.206896551724138,,0.2199124063796209,0.19192350363945787,0.432479761248383,0.03901936199008268,0.09777980200956678,0.01024509933217552,0.008640065400713307
Ridge (lambda=2.0),112,29,31.585044146719717,5.620057308134831,0.3226283718295193,12.616114820849344,3.5519170627774157,0.3259115270435642,5.206896551724138,7.3046468779208995,4.01298415051298,4.0129841505129775,-3.733922576754429,-0.8761164626687324,6.377285183474001,-1.651396716701151,-3.9419679508199152
