model_type,n_train,n_test,mse_train,rmse_train,r2_train,mse_test,rmse_test,r2_test,y_test_mean,bias,Game of season_weight,Game for player_weight,Age (days)_weight,Home?_weight,Game Started?_weight,Year_weight,Month of Season_weight
Linreg,586,147,41.44617967538024,6.4378707408102125,0.1589766979298393,45.99206049182792,6.781744649559427,0.0806999302850008,11.673469387755102,9.338385657068248,3.655097714980735,0.8141702123365921,-7.326902637585942,1.2516595704409237,4.869648354560891,4.847295747066878,-5.7648955984611945
Lasso (lambda=0.05),586,147,41.90162115344474,6.4731461557302055,0.1497349077628905,46.562118975302894,6.8236441125913725,0.0693054678930998,11.673469387755102,8.857759431356142,0.0,0.3375762645380833,-2.368316531893884,1.0603578584410664,4.581995735415873,-0.0,-0.4313248406844117
"Random Forest (500 estimators, 5 depth)",586,147,28.901076487004808,5.37597214343646,0.4135411521433532,42.70790456631276,6.535128504192765,0.1463444075925017,11.673469387755102,,0.1002267413348803,0.1290156435790852,0.399238330840908,0.0350122754232576,0.2882030308724639,0.0156951221535783,0.0326088557958264
"Random Forest (100 estimators, 5 depth)",586,147,28.697969345995432,5.357048566701205,0.4176625896254959,42.50980311729689,6.519954226625896,0.1503041057217756,11.673469387755102,,0.096692102081278,0.1240702630669603,0.4134380808605012,0.0340233275037094,0.2843654099202239,0.0167909590540106,0.0306198575133162
Ridge (lambda=2.0),586,147,41.49208719344653,6.441435181188004,0.1580451454264154,45.976931115859294,6.780629109150514,0.0810023397929456,11.673469387755102,9.15384188910624,1.9639775462487583,1.6035865684723123,-1.6727086175388204,1.2299274710482695,4.739065125561444,-0.9956213958601984,-3.977474816726666
SVM (linear kernel),586,147,41.739358875762555,6.460600504269132,0.1530275238169284,46.910615042993186,6.8491324299500285,0.06233964692536975,11.673469387755102,,,,,,,,
"Feedforward NN (3 layers, [[16, 4, 1]] activations)",586,147,41.23583071306505,6.421513117098263,0.16324508599983645,46.86409694926058,6.84573567626304,0.06326946147062129,11.673469387755102,,,,,,,,
