model_type,n_train,n_test,mse_train,rmse_train,r2_train,mse_test,rmse_test,r2_test,y_test_mean,bias,Game of season_weight,Game for player_weight,Age (days)_weight,Home?_weight,Game Started?_weight,Year_weight,Month of Season_weight
Linreg,797,200,37.53961933083635,6.126958407793899,0.2910191656698064,37.012549014346405,6.083793965474703,0.283855863631508,10.63,8.18280780788109,-7.721396895351352,15.057862688342984,-3.0364463448371097,1.1513961040944145,6.310401779368335,1.6524065356209408,-6.250707835534824
Lasso (lambda=0.05),797,200,38.42613898479335,6.198882075406286,0.2742761763929744,37.70578792546206,6.140503882049263,0.2704426026019711,10.63,7.939439105617618,-0.0,2.4702674621470253,-0.0,1.0020125181735156,7.13307620298685,-3.233523641165616,-1.765129486594145
"Random Forest (500 estimators, 5 depth)",797,200,23.90922106333293,4.889705621336823,0.5484456209244901,31.495937765302138,5.61212417586266,0.3905950346379737,10.63,,0.0491981231576544,0.0532996397068065,0.4214063986978776,0.0145345976705724,0.4168234888009532,0.0390953833010101,0.0056423686651253
"Random Forest (100 estimators, 5 depth)",797,200,23.938328983681043,4.892681165136457,0.5478958828604956,31.83201768402694,5.641987033309005,0.3840923302970034,10.63,,0.051023554310002,0.0517194767789927,0.4184190457568185,0.0165026249581827,0.4149794348903751,0.042848862058255,0.0045070012473737
Ridge (lambda=2.0),797,200,37.71262839567305,6.141060852627423,0.2877516815204972,37.11836836025705,6.092484580223166,0.2818083984850549,10.63,8.214354381395626,-2.9540651457196825,8.959211037915722,-1.1128058722218388,1.1596310393119504,6.769957619199643,-1.4210978673658083,-5.174257364053937
SVM (linear kernel),797,200,37.85565061079782,6.152694581303205,0.2850505350727064,36.974955419014016,6.0807035299391154,0.28458325024981057,10.63,,,,,,,,
"Feedforward NN (3 layers, [[16, 4, 1]] activations)",797,200,39.13983066655886,6.256183394575231,0.26079725111317054,38.55374564939356,6.209166260408362,0.2540357360647182,10.63,,,,,,,,
