model_type,n_train,n_test,mse_train,rmse_train,r2_train,mse_test,rmse_test,r2_test,y_test_mean,bias,Game of season_weight,Game for player_weight,Age (days)_weight,Home?_weight,Game Started?_weight,Year_weight,Month of Season_weight
Linreg,928,232,24.398596638885458,4.939493560972163,0.14365865582763815,21.421966120061484,4.628386989012639,0.07480354535029843,7.599137931034483,4.603828864841233,-5.27879843081276,6.25503677567344,1.1135033372748264,-0.3655280731279239,4.145878946637872,-2.6146205576717585,2.49937152013196
Lasso (lambda=0.05),928,232,24.600236171822193,4.959862515415341,0.13658151646470718,21.27165143237316,4.612120058321678,0.08129550856934087,7.599137931034483,5.060984299850398,0.0,2.390245892346753,-1.2277362188890713,-0.1817930365428319,3.8402351056572224,-0.0,0.07096904542476204
"Random Forest (500 estimators, 5 depth)",928,232,18.233940055182543,4.2701217845844335,0.3600256208372413,18.400235956393917,4.289549621626252,0.20530949511534602,7.599137931034483,,0.08562092773892443,0.1206771939712073,0.5041687497922159,0.01302763628593717,0.239284443634389,0.023501105102269732,0.013719943475056477
"Random Forest (100 estimators, 5 depth)",928,232,18.26664465804159,4.2739495385464705,0.35887775549123613,18.325788829214318,4.2808630939583106,0.2085248030725796,7.599137931034483,,0.08826265699438902,0.11995804232560689,0.48536025924026416,0.01101804695584151,0.2613278852207051,0.02097338540291216,0.013099723860281012
Ridge (lambda=2.0),928,232,24.436207548533165,4.943299257432546,0.14233858904675079,21.422838472307696,4.628481227390654,0.07476586920045869,7.599137931034483,4.800507389464209,-2.3848171797253985,3.953837147730948,-0.8222001117624145,-0.36138719634424293,4.119563746273601,-0.8208812128838062,1.5678871791906221
