model_type,n_train,n_test,mse_train,rmse_train,r2_train,mse_test,rmse_test,r2_test,y_test_mean,bias,Game of season_weight,Game for player_weight,Age (days)_weight,Home?_weight,Game Started?_weight,Year_weight,Month of Season_weight
Linreg,660,165,38.52509587801333,6.206858777031529,0.1312311063526832,39.37150365823765,6.274671597640601,0.109856709405004,10.89090909090909,6.265825681970828,-6.257403060951364,9.468690666759636,-8.580072459698096,0.3962460752571398,4.353959250690047,9.11943747559642,-0.3449869046913134
Lasso (lambda=0.05),660,165,38.81173182052608,6.229906244922637,0.1247672576592273,38.77541245998103,6.226990642355345,0.1233336287860051,10.89090909090909,6.708551647881718,0.0,2.482544952276664,-0.0,0.1800389921057539,4.191573926985698,0.0,0.0
"Random Forest (500 estimators, 5 depth)",660,165,28.480766176181163,5.336737409333643,0.3577380365397083,35.059892209548806,5.9211394350706525,0.2073371621715047,10.89090909090909,,0.1324502046117091,0.1364172401958346,0.3800889100998528,0.0146127432147498,0.2863716930472558,0.0293803701135938,0.0206788387170039
"Random Forest (100 estimators, 5 depth)",660,165,28.631035171002715,5.350797620075227,0.3543493615629091,35.22073304117931,5.934705809151732,0.2037007405511266,10.89090909090909,,0.1409468524675202,0.1347777315113926,0.3678101040532635,0.0164803488437826,0.287537917854305,0.030412120745844,0.022034924523892
Ridge (lambda=2.0),660,165,38.64222003928639,6.216286676086166,0.1285898714462015,38.54410468671393,6.208389862654723,0.1285632248975344,10.89090909090909,6.359693024406944,-1.8901228542230464,5.146307780861357,-0.4342641863244382,0.3799396617774122,4.332348124900707,0.523767589106082,-0.3035584995144627
SVM (linear kernel),660,165,38.94669209493929,6.240728490724403,0.12172380544668615,40.21135082166083,6.341242056699999,0.09086875496628732,10.89090909090909,,,,,,,,
"Feedforward NN (3 layers, [[16, 4, 1]] activations)",660,165,37.912040974062045,6.157275450559447,0.14505593971162578,38.5372125208668,6.207834769133824,0.128719048643555,10.89090909090909,,,,,,,,
