model_type,n_train,n_test,mse_train,rmse_train,r2_train,mse_test,rmse_test,r2_test,y_test_mean,bias,Game of season_weight,Game for player_weight,Age (days)_weight,Home?_weight,Game Started?_weight,Year_weight,Month of Season_weight
Linreg,134,34,16.022902227235807,4.002861754699481,0.13675313202740547,16.120797027857513,4.015071235713946,-0.2691120514984533,3.9411764705882355,5.200598581715275,-7.147350880923857,-7.147350880923857,1.4704415821329426,-0.41843604455619654,2.272132212955359,-1.1933016770814713,11.84042763514294
Lasso (lambda=0.05),134,34,17.03678178021437,4.1275636615580344,0.0821295478478502,14.859046631403615,3.854743393716839,-0.16978057109115907,3.9411764705882355,3.348405789244757,-0.0,-0.0,2.2061047040786224,-0.3422130018627034,1.6535138214174565,0.0,0.5439675439350704
"Random Forest (500 estimators, 5 depth)",134,34,7.247109726737138,2.6920456397946038,0.6095560788715602,17.56566696665283,4.191141487310209,-0.3828596440650147,3.9411764705882355,,0.17849642819047032,0.178143576212826,0.49036995494087227,0.03996904723907599,0.02047112467049445,0.012487260259854915,0.08006260848640619
"Random Forest (100 estimators, 5 depth)",134,34,7.318687806710276,2.705307340527186,0.6056997516921262,16.843585266631454,4.104093720498041,-0.3260136589639038,3.9411764705882355,,0.1851130876526035,0.16228687547953793,0.5102625536127576,0.04202667233596696,0.022191025257476016,0.011447445946487271,0.06667233971517081
Ridge (lambda=2.0),134,34,16.651825202419936,4.08066479907624,0.10286939605847134,14.912273313389115,3.861641271970911,-0.17397084924256467,3.9411764705882355,3.7549093625923984,-1.5305877423662286,-1.5305877423662284,1.416860189425369,-0.49589768633018116,1.979081897197427,0.5733826815167121,2.8042101935407326
