model_type,n_train,n_test,mse_train,rmse_train,r2_train,mse_test,rmse_test,r2_test,y_test_mean,bias,Game of season_weight,Game for player_weight,Age (days)_weight,Home?_weight,Game Started?_weight,Year_weight,Month of Season_weight
Linreg,108,28,23.85884751739527,4.884551925959562,0.1847048144851453,19.737176823755032,4.442654254356851,0.0738045950904443,5.107142857142857,1.6570411106239042,-3.787871531498698,-3.787871531498675,16.74835136459647,0.8379988593090093,10.109441339931571,-17.4269268676385,10.988096660014048
Lasso (lambda=0.05),108,28,24.658106527161287,4.965692955385108,0.1573928488855284,18.671495963372564,4.321052645290562,0.1238132019342737,5.107142857142857,1.338812663855078,-2.9523927248647603,-0.0,3.168069910740142,0.4428650970964624,4.7350004682868345,0.0,5.7167464270953365
"Random Forest (500 estimators, 5 depth)",108,28,9.563629227174498,3.0925117990356155,0.6731954106635005,15.575087569427518,3.9465285466378575,0.2691166185173177,5.107142857142857,,0.1543530518927201,0.1417836752816979,0.620363644514702,0.0347664573237506,0.0135247929030932,0.0200665523345081,0.0151418257495279
"Random Forest (100 estimators, 5 depth)",108,28,10.045373309344752,3.16944369083042,0.6567334407147292,16.260919214138685,4.032483008536885,0.2369329823496301,5.107142857142857,,0.1516089634420167,0.1402894964320916,0.6228950678912138,0.0351940079461709,0.009568392937536,0.025741743171155,0.0147023281798156
Ridge (lambda=2.0),108,28,24.94188335051565,4.994184953575072,0.147695738508641,18.56785569670869,4.309043478164115,0.1286766704842512,5.107142857142857,1.4956854711900105,-1.2268711121119389,-1.2268711121119389,2.417302922197957,0.6257734911022569,3.43602704340251,1.7989872174736874,4.443898089265495
SVM (linear kernel),108,28,24.529752554530802,4.952752018275375,0.16177891052790416,20.1924993611232,4.493606498250954,0.05243793026153176,5.107142857142857,,,,,,,,
"Feedforward NN (3 layers, [[16, 4, 1]] activations)",108,28,29.43878604570036,5.425752117974094,-0.005970657759653442,23.562853351935352,4.854158356701536,-0.10572077739374608,5.107142857142857,,,,,,,,
