model_type,n_train,n_test,mse_train,rmse_train,r2_train,mse_test,rmse_test,r2_test,y_test_mean,bias,Game of season_weight,Game for player_weight,Age (days)_weight,Home?_weight,Game Started?_weight,Year_weight,Month of Season_weight
Linreg,680,171,56.84245577483632,7.539393594635866,0.2378581759931403,69.89807578928604,8.360506909828258,0.085922702561561,15.56140350877193,10.088837762825014,-2.474056137470256,-2.474056137470257,5.620250216222868,1.0055135085407867,8.739254100558602,-5.611707038588666,5.027030817273172
Lasso (lambda=0.05),680,171,57.10771942251414,7.556964961048459,0.234301529512476,69.29144124930325,8.324148079491573,0.0938558374093917,15.56140350877193,11.080252380314526,-0.0,-0.0,0.0533696144609606,0.8040694658372949,8.179639443123717,0.0,0.0
"Random Forest (500 estimators, 5 depth)",680,171,36.71239410073299,6.059075350309897,0.5077613973184837,61.46775496307785,7.840137432665186,0.1961684395198958,15.56140350877193,,0.0587453715209342,0.0535728745764682,0.4221329281687783,0.0089576904390644,0.4445340316981434,0.0075312995265863,0.004525804070025
"Random Forest (100 estimators, 5 depth)",680,171,36.88817056324218,6.073563250946036,0.5054045921465732,61.89163489809451,7.867123673751069,0.1906252393521768,15.56140350877193,,0.0563601168472376,0.0511181783027458,0.4245279038727116,0.0092963949936112,0.4470966899188539,0.0074539067498935,0.0041468093149463
Ridge (lambda=2.0),680,171,56.88218337522341,7.5420278026021235,0.2373255096012734,69.63973549597898,8.345042570051934,0.0893010930888975,15.56140350877193,10.379999551276876,-1.6032363880054594,-1.603236388005464,0.4408542360014572,0.987791788309172,8.532303032089542,-0.0962900495351592,2.9611183899890854
SVM (linear kernel),680,171,57.05311676986547,7.553351360149048,0.2350336401280011,70.23967451263113,8.380911317549609,0.08145551753081737,15.56140350877193,,,,,,,,
"Feedforward NN (3 layers, [[16, 4, 1]] activations)",680,171,55.0727122435517,7.421099126379575,0.26158684050229586,69.08764606889936,8.311897862034842,0.09652092576312754,15.56140350877193,,,,,,,,
