model_type,n_train,n_test,mse_train,rmse_train,r2_train,mse_test,rmse_test,r2_test,y_test_mean,bias,Game of season_weight,Game for player_weight,Age (days)_weight,Home?_weight,Game Started?_weight,Year_weight,Month of Season_weight
Linreg,680,171,56.842455774836324,7.539393594635866,0.2378581759931403,69.89807578928604,8.360506909828258,0.08592270256156109,15.56140350877193,10.088837762825014,-2.474056137470256,-2.4740561374702574,5.620250216222868,1.0055135085407867,8.739254100558602,-5.611707038588666,5.027030817273172
Lasso (lambda=0.05),680,171,57.10771942251414,7.556964961048459,0.23430152951247607,69.29144124930325,8.324148079491573,0.09385583740939174,15.56140350877193,11.080252380314526,-0.0,-0.0,0.053369614460960696,0.8040694658372949,8.179639443123717,0.0,0.0
"Random Forest (500 estimators, 5 depth)",680,171,36.71239410073299,6.059075350309897,0.5077613973184837,61.46775496307785,7.840137432665186,0.19616843951989582,15.56140350877193,,0.05874537152093426,0.05357287457646826,0.42213292816877834,0.008957690439064456,0.4445340316981434,0.007531299526586332,0.0045258040700250106
"Random Forest (100 estimators, 5 depth)",680,171,36.888170563242184,6.073563250946036,0.5054045921465732,61.89163489809451,7.867123673751069,0.1906252393521768,15.56140350877193,,0.05636011684723763,0.05111817830274582,0.4245279038727116,0.009296394993611254,0.44709668991885393,0.007453906749893574,0.004146809314946304
Ridge (lambda=2.0),680,171,56.88218337522341,7.5420278026021235,0.2373255096012734,69.63973549597898,8.345042570051934,0.08930109308889755,15.56140350877193,10.379999551276875,-1.6032363880054594,-1.603236388005464,0.44085423600145723,0.9877917883091719,8.532303032089542,-0.09629004953515927,2.9611183899890854
