model_type,n_train,n_test,mse_train,rmse_train,r2_train,mse_test,rmse_test,r2_test,y_test_mean,bias,Game of season_weight,Game for player_weight,Age (days)_weight,Home?_weight,Game Started?_weight,Year_weight,Month of Season_weight
Linreg,474,119,22.39492473129481,4.732327622987953,0.2166924169412077,22.332014201125244,4.725676057573693,0.167367926494859,5.050420168067227,3.30302888842608,-3.2178091200160783,6.130205741831443,15.781090025537749,-0.1837050509224006,5.4876789484570105,-16.53896193398313,1.4249825984581186
Lasso (lambda=0.05),474,119,22.784073819396195,4.773266577449472,0.2030811440609615,22.833582381551683,4.7784497885351565,0.148667340407482,5.050420168067227,3.390915258700439,0.0,2.034770450337136,0.0,-0.0,5.449232864799539,0.0,-0.0
"Random Forest (500 estimators, 5 depth)",474,119,14.69629750001787,3.833575028614657,0.4859674049913007,20.11713704603384,4.485213155027734,0.2499479276355533,5.050420168067227,,0.1088447190117153,0.1758142939473175,0.2616851657053181,0.030305530623609,0.3745436974647137,0.0230179735173016,0.0257886197300243
"Random Forest (100 estimators, 5 depth)",474,119,14.760632879906678,3.8419569076066793,0.4837171455449963,20.39187630933191,4.5157365190334025,0.2397044842805146,5.050420168067227,,0.1139785967616573,0.1708833971382461,0.2391122240780155,0.0327138112475944,0.387832989435378,0.0252554871726247,0.0302234941664839
Ridge (lambda=2.0),474,119,22.593940504625127,4.753308374661287,0.2097314395649318,22.369951373845733,4.729688295632783,0.1659534680183104,5.050420168067227,3.4782589041796914,-1.36736867307348,4.185041701236846,1.2431250058800465,-0.1623620105992647,5.445224078761116,-1.233665509612909,-0.3831812055485404
SVM (linear kernel),474,119,23.051814271811327,4.801230495592908,0.1937163826614604,22.934017610408144,4.788947442852985,0.14492268969650834,5.050420168067227,,,,,,,,
"Feedforward NN (3 layers, [[16, 4, 1]] activations)",474,119,23.675543751585302,4.865752125990935,0.1719001882715978,24.294702775172215,4.92896569020035,0.09419058376456302,5.050420168067227,,,,,,,,
