model_type,n_train,n_test,mse_train,rmse_train,r2_train,mse_test,rmse_test,r2_test,y_test_mean,bias,Game of season_weight,Game for player_weight,Age (days)_weight,Home?_weight,Game Started?_weight,Year_weight,Month of Season_weight
Linreg,118,30,9.108788118659351,3.0180768907798474,0.2776345092796162,9.06879004501193,3.011443183095429,0.0194724843211513,3.1333333333333333,1.9065951263622851,9.966611116435018,-5.732493435744987,0.7115885163126427,0.261935079956654,6.701143776859024,3.025730408683015,-6.153625196028131
Lasso (lambda=0.05),118,30,9.80506078162807,3.1313033678690525,0.2224171370772409,8.093719253455875,2.844946265477764,0.1248982066181779,3.1333333333333333,1.9726272899677053,0.0,-0.0,1.4992656813351628,0.0964250286552212,5.411591441884373,0.3934135270437981,-0.0
"Random Forest (500 estimators, 5 depth)",118,30,4.4058998784785794,2.0990235535788013,0.6505934723344415,11.050705760922996,3.3242601824951965,-0.194814414323726,3.1333333333333333,,0.1286290221277108,0.1323919953138985,0.3553473428691805,0.1000311400693696,0.2535107705507221,0.0046414611554935,0.0254482679136246
"Random Forest (100 estimators, 5 depth)",118,30,4.646383569087985,2.155547162343702,0.6315220967667683,11.18119329596276,3.343829136777589,-0.208922869577905,3.1333333333333333,,0.1303439684432213,0.1465989123945793,0.3530409319882226,0.0866888708053316,0.2532756489785544,0.0082606766233953,0.0217909907666953
Ridge (lambda=2.0),118,30,9.659087580515251,3.10790726703923,0.2339934303975213,7.982077112973376,2.825256999455691,0.1369690771653006,3.1333333333333333,1.7295463512820348,1.5999640900465424,-0.5796813324233397,1.2361549834292729,0.31896236663134,4.923693777070904,1.2643958327375189,-1.1573231122383163
SVM (linear kernel),118,30,9.542086136942107,3.0890267297228275,0.24327214059482782,8.304829957100923,2.8818101875558915,0.10207268604146702,3.1333333333333333,,,,,,,,
"Feedforward NN (3 layers, [[16, 4, 1]] activations)",118,30,9.870052159486495,3.1416639157437727,0.21726304545191022,8.49799124742432,2.9151314288423293,0.08118787569895636,3.1333333333333333,,,,,,,,
