model_type,n_train,n_test,mse_train,rmse_train,r2_train,mse_test,rmse_test,r2_test,y_test_mean,bias,Game of season_weight,Game for player_weight,Age (days)_weight,Home?_weight,Game Started?_weight,Year_weight,Month of Season_weight
Linreg,604,152,41.677788003312926,6.4558336412358805,0.24028739851411363,46.98034808551042,6.854221187378652,0.19804151954508864,15.69078947368421,6.3408464980188395,-5.292715962530753,6.543184023221006,-33.673110314079,0.4594373975359374,7.722142536157422,39.94094523201746,-0.5193895631951371
Lasso (lambda=0.05),604,152,42.24396200652767,6.499535522368323,0.22996704454423034,46.2146001134885,6.7981321047393966,0.2111129016245996,15.69078947368421,6.861420062919102,0.0,1.656540268048575,0.0,0.30276827869444034,7.694790212682972,3.8617895608059123,0.0
"Random Forest (500 estimators, 5 depth)",604,152,31.274431593671586,5.592354744977431,0.42992224577436766,47.31967447425402,6.878929747733584,0.19224918964153492,15.69078947368421,,0.10546969402657612,0.11351205583771297,0.28155758221370025,0.015581221047685563,0.4331284436210068,0.012972402346572022,0.03777860090674623
"Random Forest (100 estimators, 5 depth)",604,152,31.470310875606636,5.609840539231631,0.4263517117804755,47.33058467784312,6.879722718092868,0.19206295155160324,15.69078947368421,,0.11494478143596493,0.11226997816540624,0.28282403092527425,0.014306959944642322,0.43244106708023905,0.01023587363593823,0.03297730881253489
Ridge (lambda=2.0),604,152,42.095410587745036,6.488097609295427,0.23267487502719164,46.15399166297446,6.79367291404101,0.2121474929560324,15.69078947368421,6.336904065441091,-1.4392465710165492,3.8199145385968576,0.6804084203847685,0.49734238757799076,7.711650211334815,3.6829214232496374,0.08273886174796576
