model_type,n_train,n_test,mse_train,rmse_train,r2_train,mse_test,rmse_test,r2_test,y_test_mean,bias,Game of season_weight,Game for player_weight,Age (days)_weight,Home?_weight,Game Started?_weight,Year_weight,Month of Season_weight
Linreg,452,113,46.91595180722248,6.8495220130475145,0.0810871418838087,56.68869155436244,7.529189302598417,0.0656184619724302,12.053097345132745,11.039133506729254,3.057331164445595,5.723938190030259,0.9719539296669132,0.0913146002305581,1.7355463295368625,-0.3327219349111215,-8.753461294573894
Lasso (lambda=0.05),452,113,47.31697418829282,6.878733472689055,0.0732325719952537,55.233814427791074,7.431945534501116,0.0895987354607193,12.053097345132745,10.509264388048232,0.5479294245957307,4.313481515141258,0.66158012427264,0.0,2.048298511605444,0.0,-4.353740579889257
"Random Forest (500 estimators, 5 depth)",452,113,33.402113309156654,5.779456143025627,0.3457740869425805,56.53628209409416,7.519061250854002,0.0681305782691852,12.053097345132745,,0.1547577376123754,0.1843805673627231,0.5568998127734374,0.0186682262056591,0.0284759245167022,0.0159163559514249,0.0409013755776778
"Random Forest (100 estimators, 5 depth)",452,113,33.36665170866294,5.776387427160937,0.3464686507190323,57.49452356420707,7.58251432997044,0.0523361911684124,12.053097345132745,,0.1625328911034657,0.190647983879276,0.5492883314230617,0.0208922905779171,0.0308887320606028,0.0156118922819904,0.0301378786736861
Ridge (lambda=2.0),452,113,47.01033760091048,6.8564085059825945,0.0792384674755865,55.63199880718136,7.458686131429674,0.0830355899261914,12.053097345132745,10.58565521093182,2.6529900032953404,4.208404371616471,0.698138388830132,0.0594105029826491,1.9940856757318577,0.1641327467956463,-6.583817151950277
SVM (linear kernel),452,113,47.2529132233093,6.87407544498235,0.07448729330344694,57.98862333552625,7.6150261546186595,0.04419210296306819,12.053097345132743,,,,,,,,
"Feedforward NN (3 layers, [[16, 4, 1]] activations)",452,113,45.41213039229373,6.738852305273779,0.11054153386047916,55.203309287675964,7.4298929526390864,0.09010154191041797,12.053097345132743,,,,,,,,
