model_type,n_train,n_test,mse_train,rmse_train,r2_train,mse_test,rmse_test,r2_test,y_test_mean,bias,Game of season_weight,Game for player_weight,Age (days)_weight,Home?_weight,Game Started?_weight,Year_weight,Month of Season_weight
Linreg,232,58,20.089297981634704,4.482108653483838,0.0461852446063258,24.09452661651293,4.908617587112784,0.0589233877329412,4.982758620689655,5.681454850480288,3.224606369576067,3.224606369576069,14.583886988369816,-0.2443384663154555,3.062959556553065,-16.31585599457852,-3.86339656525949
Lasso (lambda=0.05),232,58,20.701283463499774,4.549866312706317,0.0171289389443142,25.11405868881412,5.011392889089232,0.0191028175275375,4.982758620689655,5.659629421757635,0.0,0.0,-0.0,-0.111932128890907,1.431774207847021,-0.7463723513518806,0.0
"Random Forest (500 estimators, 5 depth)",232,58,11.162731985919152,3.34106749197306,0.470007439363581,25.91392682798004,5.09057234777977,-0.0121381863173246,4.982758620689655,,0.237201655597435,0.2398590514538745,0.4279478398058576,0.0339753937346238,0.0048462571626644,0.0167615491617143,0.0394082530838301
"Random Forest (100 estimators, 5 depth)",232,58,11.081984564596585,3.328961484396685,0.4738412259890702,26.555118804287076,5.153165901102649,-0.0371816653812504,4.982758620689655,,0.2295709468085922,0.2501909921517298,0.436131448111612,0.026060935752385,0.0034143157277091,0.0213484250797973,0.0332829363681745
Ridge (lambda=2.0),232,58,20.487700671065767,4.526334131619733,0.027269582938344,24.717347826899,4.971654435587715,0.0345974283959148,4.982758620689655,5.790018543845164,0.928659709684005,0.928659709684004,0.8036379332857128,-0.2896961066369388,2.390401520405416,-1.781217959373111,-1.3492160161106268
SVM (linear kernel),232,58,20.55080056918516,4.533299082256228,0.024273678654125774,24.430760464276535,4.9427482703731265,0.0457908694884851,4.982758620689655,,,,,,,,
"Feedforward NN (3 layers, [[16, 4, 1]] activations)",232,58,20.66287243922651,4.545643237125689,0.018952646360825942,24.424554247641666,4.942120420188248,0.04603326998959034,4.982758620689655,,,,,,,,
