model_type,n_train,n_test,mse_train,rmse_train,r2_train,mse_test,rmse_test,r2_test,y_test_mean,bias,Game of season_weight,Game for player_weight,Age (days)_weight,Home?_weight,Game Started?_weight,Year_weight,Month of Season_weight
Linreg,544,136,24.64722767632693,4.964597433460938,0.4227112358992876,26.725635588158827,5.169684283218737,0.44579217561976414,8.389705882352942,9.500512355883975,11.507051767020496,-6.500217996081771,-24.864153409813298,0.2581009082114731,4.641422548876773,16.16890310383087,-5.181789129880365
Lasso (lambda=0.05),544,136,25.221651636715464,5.022116250816528,0.4092570453299751,27.046552621238533,5.2006300215684,0.43913733928769705,8.389705882352942,8.672207659469713,0.8349971279107309,0.0,-8.687902358537706,0.0,4.777049400482147,-0.0,-0.0
"Random Forest (500 estimators, 5 depth)",544,136,16.118397254185858,4.0147723788760254,0.6224739856202784,27.17516296213326,5.2129802380340236,0.43647035473704165,8.389705882352942,,0.046688457435700166,0.06796754368048769,0.5732338856565694,0.02365379786652531,0.2290652287153314,0.04593872761489334,0.01345235903049273
"Random Forest (100 estimators, 5 depth)",544,136,16.36527441992689,4.045401638889134,0.6166916146466774,27.82972900317199,5.275388990697462,0.42289665991056613,8.389705882352942,,0.04582016019857557,0.06673425742953241,0.5970405587863908,0.022516477023072738,0.21498354136434217,0.04103561647418555,0.011869388723900752
Ridge (lambda=2.0),544,136,24.99617184225409,4.999617169569495,0.4145382458602608,26.510692270838565,5.148853490908298,0.4502494416729581,8.389705882352942,9.04996136326044,3.7840405548395486,0.2592888072915656,-6.182367160780222,0.1948369530696351,4.593608749534988,-2.8862522610978076,-2.6464399185147998
