model_type,n_train,n_test,mse_train,rmse_train,r2_train,mse_test,rmse_test,r2_test,y_test_mean,bias,Game of season_weight,Game for player_weight,Age (days)_weight,Home?_weight,Game Started?_weight,Year_weight,Month of Season_weight
Linreg,307,77,10.58711880257474,3.253785303700098,0.1966703807516016,9.53377371552754,3.0876809607742084,0.2284438814206167,3.8181818181818175,3.477851032781459,-7.506726281672361,4.993807754419099,0.4069275191574577,-0.7200796343135357,2.7898135378025275,-1.6996395532673227,4.020979483279842
Lasso (lambda=0.05),307,77,11.246259903237918,3.353544379196124,0.1466560586965822,9.809746521118168,3.1320514876224763,0.2061097550748054,3.8181818181818175,3.8773427467533024,-0.0,0.3281325769562703,-1.53772106671454,-0.4952429504738407,2.6071181111490724,-0.0,0.0
"Random Forest (500 estimators, 5 depth)",307,77,6.303592807100726,2.510695681897893,0.5216958547406061,9.49145384290605,3.080820319802187,0.2318687746090747,3.8181818181818175,,0.136915466123956,0.1247409408832517,0.4777649144159583,0.0419395257853124,0.1513554657669256,0.0322025388367605,0.0350811481878352
"Random Forest (100 estimators, 5 depth)",307,77,6.388970010197471,2.5276411949083024,0.515217601560003,9.60780917775599,3.09964662143219,0.2224522861112819,3.8181818181818175,,0.1323985000255796,0.1292320817089828,0.4748358686977343,0.0430533232949033,0.161066647350904,0.0312353434739765,0.0281782354479191
Ridge (lambda=2.0),307,77,10.74381114323804,3.2777753344666625,0.1847808760892397,9.39936428277336,3.0658382675498976,0.2393214649809828,3.8181818181818175,3.804438346553104,-3.665797492532778,2.861036903355937,-0.8531483138643287,-0.6946305741751173,2.71009278220015,-0.7632203374238168,1.797912926936257
SVM (linear kernel),307,77,10.951822853775841,3.3093538423347604,0.16899735921920134,9.901582092965112,3.1466779455427454,0.19867761965015773,3.8181818181818183,,,,,,,,
"Feedforward NN (3 layers, [[16, 4, 1]] activations)",307,77,10.673225319447369,3.266990253956594,0.1901367886852433,8.736058117985142,2.955682343890348,0.2930019849098593,3.8181818181818183,,,,,,,,
