model_type,n_train,n_test,mse_train,rmse_train,r2_train,mse_test,rmse_test,r2_test,y_test_mean,bias,Game of season_weight,Game for player_weight,Age (days)_weight,Home?_weight,Game Started?_weight,Year_weight,Month of Season_weight
Linreg,307,77,10.58711880257474,3.253785303700098,0.1966703807516016,9.53377371552754,3.0876809607742084,0.22844388142061678,3.8181818181818183,3.477851032781459,-7.506726281672361,4.993807754419099,0.4069275191574577,-0.7200796343135357,2.7898135378025275,-1.6996395532673227,4.020979483279842
Lasso (lambda=0.05),307,77,11.246259903237918,3.353544379196124,0.14665605869658227,9.809746521118168,3.1320514876224763,0.20610975507480545,3.8181818181818183,3.8773427467533024,-0.0,0.32813257695627035,-1.53772106671454,-0.4952429504738407,2.6071181111490724,-0.0,0.0
"Random Forest (500 estimators, 5 depth)",307,77,6.303592807100726,2.510695681897893,0.5216958547406061,9.49145384290605,3.080820319802187,0.23186877460907473,3.8181818181818183,,0.136915466123956,0.12474094088325177,0.47776491441595836,0.04193952578531248,0.15135546576692563,0.032202538836760594,0.0350811481878352
"Random Forest (100 estimators, 5 depth)",307,77,6.388970010197471,2.5276411949083024,0.515217601560003,9.60780917775599,3.09964662143219,0.22245228611128198,3.8181818181818183,,0.13239850002557965,0.12923208170898287,0.47483586869773436,0.043053323294903315,0.16106664735090404,0.03123534347397657,0.028178235447919156
Ridge (lambda=2.0),307,77,10.743811143238041,3.2777753344666625,0.18478087608923977,9.399364282773359,3.0658382675498976,0.23932146498098283,3.8181818181818183,3.8044383465531038,-3.665797492532778,2.8610369033559375,-0.8531483138643287,-0.6946305741751173,2.71009278220015,-0.7632203374238168,1.797912926936257
