model_type,n_train,n_test,mse_train,rmse_train,r2_train,mse_test,rmse_test,r2_test,y_test_mean,bias,Game of season_weight,Game for player_weight,Age (days)_weight,Home?_weight,Game Started?_weight,Year_weight,Month of Season_weight
Linreg,540,135,44.67393829727522,6.683856543738444,0.2520973548481603,46.18578303639488,6.796012289305757,0.2734787500618887,13.11851851851852,6.8081067028559055,-7.40023682056366,4.713089018081786,-18.48808396097565,1.0006739091854149,8.903576546245176,18.74446716017328,4.526166631765821
Lasso (lambda=0.05),540,135,45.119357261193535,6.717094406154609,0.2446404340121565,47.15274166495764,6.866785395289242,0.2582680954994607,13.11851851851852,6.81930157875391,0.0,0.6818584699981582,-0.0,0.7654685958286682,8.643597163097006,-0.0,0.0
"Random Forest (500 estimators, 5 depth)",540,135,31.78498766789259,5.637817633436948,0.467875963951327,41.36569316374756,6.431616683521147,0.3493007344229687,13.11851851851852,,0.0872404190279373,0.1724331681384502,0.1984674125758423,0.0298723175746354,0.4894320479847744,0.00707073144856,0.0154839032497999
"Random Forest (100 estimators, 5 depth)",540,135,31.791327132503984,5.63837983223053,0.4677698326691428,41.14680713121925,6.414577704823541,0.352743901204858,13.11851851851852,,0.0831572706082316,0.1671365052366795,0.1962861392698009,0.0268394128464724,0.5003252707904804,0.0084334664001371,0.0178219348481976
Ridge (lambda=2.0),540,135,44.90893542113384,6.7014129421439055,0.2481631825491477,46.47756962038553,6.817445974878388,0.2688888278005511,13.11851851851852,6.70461335807149,-2.5390137040093297,2.7750394708762927,-1.3459055964826414,0.9841296914489652,8.70274055128705,0.9091112218225016,1.5972154665377742
SVM (linear kernel),540,135,45.10625041161091,6.7161187014235315,0.24485986054686737,46.796531527688266,6.8407990416097055,0.2638714265930493,13.118518518518519,,,,,,,,
"Feedforward NN (3 layers, [[16, 4, 1]] activations)",540,135,44.883475837138796,6.699513104482952,0.24858941070229712,46.81414991461152,6.842086663775278,0.2635942821635765,13.118518518518519,,,,,,,,
