model_type,n_train,n_test,mse_train,rmse_train,r2_train,mse_test,rmse_test,r2_test,y_test_mean,bias,Game of season_weight,Game for player_weight,Age (days)_weight,Home?_weight,Game Started?_weight,Year_weight,Month of Season_weight
Linreg,647,162,31.535683040302274,5.615664078299402,0.2167728833115653,27.29107513726322,5.224086057605025,0.26023671543597504,7.814814814814815,5.429652725397668,-9.852548033694204,13.398851550012198,16.245608348322097,0.20001440527121836,4.723947106827195,-17.803965074901566,0.49068907118268434
Lasso (lambda=0.05),647,162,32.32796514337843,5.685768650180767,0.19709559183184233,27.180644079408708,5.213505929737561,0.26323010582698947,7.814814814814815,5.4747197570690105,-0.0,1.6418359774172597,-0.0,0.06180397037259336,5.239209734264897,-0.9192208107102069,-0.0
"Random Forest (500 estimators, 5 depth)",647,162,21.333352981470927,4.618804280489803,0.4701601825582675,26.463908188382334,5.144308329443555,0.28265824833305864,7.814814814814815,,0.13186937852961947,0.13731041332385702,0.29823716024939334,0.01403625354844851,0.38567474058601436,0.017407801063724918,0.015464252698942431
"Random Forest (100 estimators, 5 depth)",647,162,21.075170523972368,4.590770144972668,0.4765724585031933,26.63360371926016,5.160775495917272,0.2780584103762678,7.814814814814815,,0.13543393752037605,0.14554234946623215,0.28869917539468043,0.013286689351703318,0.3865484146487116,0.016090270522319535,0.014399163095977004
Ridge (lambda=2.0),647,162,31.819362655302488,5.640865417230098,0.20972735439005918,26.614060859246464,5.1588817450341375,0.27858814730457826,7.814814814814815,5.7747198859358555,-3.0734826667692268,6.940161162908827,0.3483916710388928,0.25053041810450766,5.026903704675777,-1.6034796596577507,-1.7369641839667338
