model_type,n_train,n_test,mse_train,rmse_train,r2_train,mse_test,rmse_test,r2_test,y_test_mean,bias,Game of season_weight,Game for player_weight,Age (days)_weight,Home?_weight,Game Started?_weight,Year_weight,Month of Season_weight
Linreg,439,110,35.09115147802718,5.923778479824104,0.29412296001538984,33.13051203975993,5.755911052106342,0.1719168451449682,6.863636363636363,4.633307285631016,-0.27955939991505474,13.211117257057655,2.648786884143285,-0.6184287167718375,6.485612943651629,-1.616646857698262,-7.604917755477303
Lasso (lambda=0.05),439,110,35.56495206051696,5.963635808843206,0.28459221113357314,31.913728888150935,5.649223742086247,0.20232982607775918,6.863636363636363,4.638036209835915,-0.0,9.004193393961728,0.24341170893984612,-0.3971366851790677,6.212778610510555,0.0,-3.908517669254334
"Random Forest (500 estimators, 5 depth)",439,110,21.786574545903438,4.667609082378626,0.5617515497747081,28.629366326262517,5.350641674253894,0.28442108107171693,6.863636363636363,,0.07986815536287412,0.21933681342085667,0.30763954111841096,0.007932574074673512,0.3576293635177082,0.01851641706289512,0.009077135442581456
"Random Forest (100 estimators, 5 depth)",439,110,21.950879199476255,4.68517653877378,0.5584464749158139,29.290975077580192,5.412113734723263,0.2678844497811005,6.863636363636363,,0.08074779899375274,0.22457465200235804,0.3025659413787192,0.006163273229626043,0.3553402852373753,0.020617827779170136,0.009990221378998437
Ridge (lambda=2.0),439,110,35.30322307688986,5.941651544553068,0.2898570278312116,31.92384926119835,5.650119402384196,0.20207687162805577,6.863636363636363,4.523516872572344,0.27787513078251014,9.905189366288539,0.9459372076259741,-0.6174653583906953,6.393947959060148,0.09730772691147462,-5.393253015175642
