model_type,n_train,n_test,mse_train,rmse_train,r2_train,mse_test,rmse_test,r2_test,y_test_mean,bias,Game of season_weight,Game for player_weight,Age (days)_weight,Home?_weight,Game Started?_weight,Year_weight,Month of Season_weight
Linreg,144,36,13.77852676982052,3.7119437993887408,0.118957435677551,15.302079753440466,3.911787283766906,0.0261014899347422,3.6944444444444446,2.7093720744352674,0.5477108882360824,-2.9106998956097656,10.178232738645455,-0.5067516194168604,1.8531705842973492,-9.98283941761493,4.748898842104411
Lasso (lambda=0.05),144,36,14.433954411106631,3.7992044444997473,0.0770473200713341,14.408316768145204,3.7958288644438656,0.0829848975339495,3.6944444444444446,3.716341451657167,0.0,-0.0,0.5863677833554353,-0.4063830629181324,2.04299332470964,0.0,0.0
"Random Forest (500 estimators, 5 depth)",144,36,7.41895374689504,2.723775641805881,0.5256086414063562,21.086464107319298,4.592000011685464,-0.3420447617289106,3.6944444444444446,,0.2569941265498424,0.2023861935849561,0.3788415248403577,0.025078081644206,0.0781450233830595,0.0132477803254934,0.0453072696720845
"Random Forest (100 estimators, 5 depth)",144,36,7.520323003741979,2.7423207332006188,0.5191267706310636,21.65350585506232,4.65333276857161,-0.3781340464647038,3.6944444444444446,,0.2343514210882603,0.2195414434313396,0.3711566962456351,0.0224858221169154,0.085544058112903,0.0130567019686104,0.0538638570363359
Ridge (lambda=2.0),144,36,14.174029117249225,3.764841180879909,0.0936677651492504,14.981350404541647,3.8705749449586486,0.0465142599672949,3.6944444444444446,3.323930036084056,0.4867415499343122,-1.4389212567265204,1.79645838744445,-0.5563070109244513,1.9431046555300988,-0.7893671542567824,1.1821803800649138
SVM (linear kernel),144,36,14.350559600576307,3.7882132464496117,0.08237984792052033,14.430045286821958,3.798689943496568,0.08160198930799711,3.6944444444444446,,,,,,,,
"Feedforward NN (3 layers, [[16, 4, 1]] activations)",144,36,17.019166626679212,4.125429265746683,-0.08825932248748058,19.969886359328175,4.468767879329623,-0.27098034286152894,3.6944444444444446,,,,,,,,
