model_type,n_train,n_test,mse_train,rmse_train,r2_train,mse_test,rmse_test,r2_test,y_test_mean,bias,Game of season_weight,Game for player_weight,Age (days)_weight,Home?_weight,Game Started?_weight,Year_weight,Month of Season_weight
Linreg,688,173,47.62667016241568,6.901207877061498,0.09061882234333352,57.9531714659393,7.612698041163809,0.12460546550916918,16.53757225433526,10.085809547079085,4.015604059259113,-0.47287873801579794,-2.4536682606010256,0.9866582203319154,7.499285411653727,1.844657114969881,-4.990197715703152
Lasso (lambda=0.05),688,173,47.830718719951314,6.915975615916478,0.08672272973559692,58.73516563625018,7.663887110093036,0.11279328326999405,16.53757225433526,10.129747524637303,-0.0,-0.0,-0.0,0.8032863194238885,6.736578059824491,-0.46719513593077044,-0.5328045700226074
"Random Forest (500 estimators, 5 depth)",688,173,34.02765757324782,5.83332303007881,0.3502776656160761,45.91524103303439,6.77607858816841,0.3064408722865055,16.53757225433526,,0.09820702976596828,0.09479997063212377,0.6300948031178429,0.019584538766885824,0.13244926467310114,0.009680852744183639,0.01518354029989451
"Random Forest (100 estimators, 5 depth)",688,173,34.00637537826439,5.831498553396407,0.35068402674674415,45.67998742412307,6.75869716913867,0.309994426272438,16.53757225433526,,0.09911465340974376,0.0933990560269459,0.6423344582992201,0.020741318817616376,0.12276202050495316,0.0069721321021157575,0.014676360839404714
Ridge (lambda=2.0),688,173,47.662892803648624,6.903831747924381,0.08992718910443775,58.30961607797263,7.636073341578944,0.11922129657881009,16.53757225433526,10.235046039851904,1.8968851179709487,-0.13774233294815055,-0.4038242352457511,0.9854742255642511,7.164426166317882,-0.41317383314667594,-2.8489346808335787
