model_type,n_train,n_test,mse_train,rmse_train,r2_train,mse_test,rmse_test,r2_test,y_test_mean,bias,Game of season_weight,Game for player_weight,Age (days)_weight,Home?_weight,Game Started?_weight,Year_weight,Month of Season_weight
Linreg,474,119,36.9094463098609,6.075314502958748,0.19889659495497025,34.16228391008524,5.844851059700773,0.20592862720037242,8.53781512605042,7.6817956713235755,-1.5227833203422776,-1.5227833203422771,6.542258633700249,0.4985704629831327,6.267217139660232,-10.157643598438812,4.293189743172106
Lasso (lambda=0.05),474,119,37.104637515677695,6.09135760858593,0.19466005511901774,33.995837322423355,5.830594937261836,0.20979752749727176,8.53781512605042,7.8495846950016865,0.0,0.0,-0.7457823547849751,0.28315838064396776,6.015654920689335,-1.2016943090273207,0.0
"Random Forest (500 estimators, 5 depth)",474,119,19.89128410254131,4.459964585346089,0.5682683697965242,33.03683531938295,5.7477678553837706,0.23208866116609161,8.53781512605042,,0.08222807507036466,0.08211367999994003,0.4895663642203075,0.018294120666115205,0.3045682957532695,0.007679023042285891,0.015550441247717293
"Random Forest (100 estimators, 5 depth)",474,119,20.09556362566882,4.482807560633049,0.5638345720043665,32.135509528930406,5.66881905946295,0.253039163469981,8.53781512605042,,0.07695452206634239,0.07580771794352131,0.5010053980930721,0.018051089116230132,0.30531048907867814,0.006846447843875281,0.016024335858280572
Ridge (lambda=2.0),474,119,36.98648730584447,6.0816516922497685,0.1972244537992247,33.96610010848914,5.828044278185362,0.21048874212314783,8.53781512605042,7.82456200033627,-0.673309095535347,-0.6733090955353461,-0.7410141731443637,0.47866321081906005,6.073015193330908,-2.0875832286224227,1.7834069261577743
