model_type,n_train,n_test,mse_train,rmse_train,r2_train,mse_test,rmse_test,r2_test,y_test_mean,bias,Game of season_weight,Game for player_weight,Age (days)_weight,Home?_weight,Game Started?_weight,Year_weight,Month of Season_weight
Linreg,812,203,43.21093779117489,6.573502703367124,0.3297195785294649,45.139562992562766,6.718598290756991,0.3370870590447161,12.10344827586207,13.683653301295694,-1.4067765477430534,1.6697497715976426,-8.448680955986676,-0.0140942916531068,3.475724346825472,-2.087696613444754,2.9263359787939214
Lasso (lambda=0.05),812,203,43.28067243953618,6.5788047880702605,0.328637867002615,45.39967881049126,6.737928376770657,0.33326703664263,12.10344827586207,13.867853882890593,0.0290959041639015,0.0804846290539068,-10.013567412991032,-0.0,3.4909397583675736,-0.0,2.0061254876727688
"Random Forest (500 estimators, 5 depth)",812,203,27.5358879389808,5.24746490593132,0.5728681783649009,38.84609780295718,6.23266378067654,0.4295119573169597,12.10344827586207,,0.0594441196648296,0.0526215687316793,0.750031314328113,0.006383373474723,0.0092986830609535,0.1099594346126496,0.0122615061270517
"Random Forest (100 estimators, 5 depth)",812,203,27.48354393566202,5.242474981882319,0.5736801292828727,38.710104998165285,6.221744530127003,0.4315091275196975,12.10344827586207,,0.0614107657323995,0.0515973225311697,0.7343346121615093,0.0074855551916847,0.0083302264285317,0.1239037164382007,0.0129378015165041
Ridge (lambda=2.0),812,203,43.21808942146086,6.57404665495012,0.3296086437058457,45.2510673177193,6.726891356170345,0.335449523029338,12.10344827586207,13.683745174085054,0.0591544772131019,0.4551599726315499,-5.595042339887471,-0.017345124898825,3.481522269044912,-4.947935584014992,2.68673803743343
SVM (linear kernel),812,203,43.41119667896175,6.588717377377918,0.326613198095009,45.40782445898611,6.738532812043443,0.3331474108544804,12.10344827586207,,,,,,,,
"Feedforward NN (3 layers, [[16, 4, 1]] activations)",812,203,48.54429534823462,6.967373633460073,0.2469894797643054,52.31152915137539,7.232670955558215,0.23176062556653676,12.10344827586207,,,,,,,,
