model_type,n_train,n_test,mse_train,rmse_train,r2_train,mse_test,rmse_test,r2_test,y_test_mean,bias,Game of season_weight,Game for player_weight,Age (days)_weight,Home?_weight,Game Started?_weight,Year_weight,Month of Season_weight
Linreg,973,244,45.24320321798506,6.726306803735989,0.23054846327317657,46.949335247638864,6.851958497220985,0.24548273025139988,14.532786885245901,8.948820659324838,0.9521823816265269,9.355710529568357,-15.15333948855154,0.5830001205937037,8.805455522035555,16.182014442979572,-13.83237610807056
Lasso (lambda=0.05),973,244,45.82643143913211,6.769522246003192,0.22062949602273985,48.147429554931584,6.938834884541611,0.22622829691657853,14.532786885245901,8.707062125311012,0.0,4.995422910597221,0.0,0.35408149816198564,8.764506699975005,0.0,-7.8059358675913355
"Random Forest (500 estimators, 5 depth)",973,244,36.20592903622717,6.0171362820055165,0.3842454611066768,42.40167342883983,6.5116567345676195,0.31856767088286,14.532786885245901,,0.08732976995594596,0.07395329162993669,0.8061873051582074,0.007160272123948837,0.00789560155410419,0.0038454025403425384,0.013628357037514404
"Random Forest (100 estimators, 5 depth)",973,244,36.160638250282474,6.013371620836557,0.38501572188323596,42.596601136287155,6.526607168834904,0.3154350105193907,14.532786885245901,,0.09350615712060951,0.07385243493907229,0.7976884874108747,0.007143062608993005,0.00641343325310527,0.006390176204541053,0.015006248462804168
Ridge (lambda=2.0),973,244,45.364653323510645,6.735328746506042,0.22848296030951498,47.25948774351445,6.87455363958377,0.24049830580407983,14.532786885245901,8.722715161193412,0.7414628330426896,7.629188728618379,-0.12015485421863457,0.5633479332713013,8.63968398313015,0.7967217621215866,-11.10948920824051
