model_type,n_train,n_test,mse_train,rmse_train,r2_train,mse_test,rmse_test,r2_test,y_test_mean,bias,Game of season_weight,Game for player_weight,Age (days)_weight,Home?_weight,Game Started?_weight,Year_weight,Month of Season_weight
Linreg,973,244,45.24320321798506,6.726306803735989,0.2305484632731765,46.949335247638864,6.851958497220985,0.2454827302513998,14.5327868852459,8.948820659324838,0.9521823816265268,9.355710529568356,-15.15333948855154,0.5830001205937037,8.805455522035555,16.182014442979572,-13.83237610807056
Lasso (lambda=0.05),973,244,45.82643143913211,6.769522246003192,0.2206294960227398,48.147429554931584,6.938834884541611,0.2262282969165785,14.5327868852459,8.707062125311012,0.0,4.995422910597221,0.0,0.3540814981619856,8.764506699975005,0.0,-7.805935867591335
"Random Forest (500 estimators, 5 depth)",973,244,36.20592903622717,6.0171362820055165,0.3842454611066768,42.40167342883983,6.51165673456762,0.31856767088286,14.5327868852459,,0.0873297699559459,0.0739532916299366,0.8061873051582074,0.0071602721239488,0.0078956015541041,0.0038454025403425,0.0136283570375144
"Random Forest (100 estimators, 5 depth)",973,244,36.16063825028248,6.013371620836557,0.3850157218832359,42.59660113628716,6.526607168834904,0.3154350105193907,14.5327868852459,,0.0935061571206095,0.0738524349390722,0.7976884874108747,0.007143062608993,0.0064134332531052,0.006390176204541,0.0150062484628041
Ridge (lambda=2.0),973,244,45.364653323510645,6.735328746506042,0.2284829603095149,47.25948774351445,6.87455363958377,0.2404983058040798,14.5327868852459,8.722715161193412,0.7414628330426896,7.629188728618379,-0.1201548542186345,0.5633479332713013,8.63968398313015,0.7967217621215866,-11.10948920824051
SVM (linear kernel),973,244,45.38466844739652,6.736814413904877,0.2281425629296575,46.84631596276311,6.844436862354938,0.24713834111672772,14.532786885245901,,,,,,,,
"Feedforward NN (3 layers, [[16, 4, 1]] activations)",973,244,44.57211644810571,6.676235200178744,0.24196164159905253,46.297061027174315,6.804194370178906,0.2559653528776076,14.532786885245901,,,,,,,,
