model_type,n_train,n_test,mse_train,rmse_train,r2_train,mse_test,rmse_test,r2_test,y_test_mean,bias,Game of season_weight,Game for player_weight,Age (days)_weight,Home?_weight,Game Started?_weight,Year_weight,Month of Season_weight
Linreg,126,32,28.583404464444676,5.346344963098123,0.4128065696734475,38.581835549418365,6.211427818901091,0.2034717822055562,11.0,12.185812684309775,6.695122456089873,-8.65801672511386,-19.034579524195276,-0.0938607183511269,5.173208437003916,11.195908067386831,2.3976335572735272
Lasso (lambda=0.05),126,32,29.714026405855265,5.451057365856212,0.3895800230594786,43.89042933155075,6.624985232553409,0.0938750073486297,11.0,11.707141214999645,-0.0,-0.0,-9.46130256223891,-0.0,4.422832877648799,0.7461159077192356,3.046936938048193
"Random Forest (500 estimators, 5 depth)",126,32,10.960222303434142,3.310622645883119,0.7748424076110096,43.85284046699968,6.62214772313331,0.0946510355200066,11.0,,0.129264520998639,0.1252951787663162,0.6084036568334165,0.0248173366119405,0.0760084515376215,0.0031919214387931,0.0330189338132731
"Random Forest (100 estimators, 5 depth)",126,32,11.116131889058044,3.3340863649668773,0.7716395321621745,44.500539488018816,6.670872468277206,0.0812791847634825,11.0,,0.123376043472374,0.1367723180734885,0.6060789454364505,0.0269421047820939,0.0656842502032253,0.003368980747306,0.0377773572850616
Ridge (lambda=2.0),126,32,29.95275206798955,5.4729107491342806,0.3846758437609636,43.43898674457732,6.590825953139509,0.1031951123700166,11.0,11.468549509806932,-0.0742466733901485,-0.1982320876742351,-8.032551153637963,-0.0272945901801726,4.476703742664883,-0.2251725042534802,3.493411450981998
SVM (linear kernel),126,32,29.154853936947344,5.3995234916562165,0.40106719214637443,41.31397380207555,6.427594713582644,0.14706634731198864,11.0,,,,,,,,
"Feedforward NN (3 layers, [[16, 4, 1]] activations)",126,32,98.47385143320611,9.923399187436033,-1.0229640136974845,121.75728887167776,11.034368530717005,-1.513698867028186,11.0,,,,,,,,
