model_type,n_train,n_test,mse_train,rmse_train,r2_train,mse_test,rmse_test,r2_test,y_test_mean,bias,Game of season_weight,Game for player_weight,Age (days)_weight,Home?_weight,Game Started?_weight,Year_weight,Month of Season_weight
Linreg,765,192,24.73633980933013,4.973564095226895,0.1821863165078612,24.8391386610371,4.983887906146877,0.1014941496586,9.078125,7.01794173669389,2.3814044972221917,2.381404497222192,-14.559248848212818,0.8717588127412914,5.24901843992212,8.034665219821393,-3.982725774524612
Lasso (lambda=0.05),765,192,24.991180440556725,4.99911796625732,0.1737609731897573,24.420511093584267,4.941711352718233,0.116637159390277,9.078125,7.039716186711255,0.995899034151177,0.0,-6.660332937707794,0.6680265721937771,4.885447260017,-0.0,-0.0
"Random Forest (500 estimators, 5 depth)",765,192,18.66895559262841,4.320758682526532,0.382781468162081,21.392099453295238,4.625159397609474,0.2261838555609437,9.078125,,0.0598068063090825,0.0565797850001532,0.7111143003405654,0.0227227544337003,0.1358395629592393,0.0054232340176436,0.0085135569396153
"Random Forest (100 estimators, 5 depth)",765,192,18.736206751546938,4.328534018758191,0.3805580624998768,21.34992171575736,4.620597549641968,0.22770955033036,9.078125,,0.0618375581917717,0.0560127331835899,0.7155609058254211,0.0261201030238493,0.1263485344283673,0.0048876990396453,0.009232466307355
Ridge (lambda=2.0),765,192,24.782695658526105,4.9782221383267045,0.1806537353711778,24.547168978509102,4.954509963508914,0.1120555653120837,9.078125,6.873299876396442,1.9717004658816115,1.971700465881626,-4.024379604870758,0.8629733344025934,5.160503764678849,-2.810485317858721,-2.4715499397400187
SVM (linear kernel),765,192,24.956887660423707,4.995686905764182,0.17489473449211423,25.498357224711555,5.049589807569676,0.07764824484692245,9.078125,,,,,,,,
"Feedforward NN (3 layers, [[16, 4, 1]] activations)",765,192,23.924321288255662,4.891249460849003,0.2090326431229761,23.712433025670254,4.869541356808694,0.1422504584342228,9.078125,,,,,,,,
