model_type,n_train,n_test,mse_train,rmse_train,r2_train,mse_test,rmse_test,r2_test,y_test_mean,bias,Game of season_weight,Game for player_weight,Age (days)_weight,Home?_weight,Game Started?_weight,Year_weight,Month of Season_weight
Linreg,765,192,24.736339809330126,4.973564095226895,0.1821863165078612,24.8391386610371,4.983887906146877,0.10149414965860004,9.078125,7.01794173669389,2.3814044972221913,2.3814044972221917,-14.559248848212818,0.8717588127412914,5.24901843992212,8.034665219821393,-3.982725774524612
Lasso (lambda=0.05),765,192,24.991180440556725,4.99911796625732,0.17376097318975736,24.420511093584267,4.941711352718233,0.11663715939027708,9.078125,7.039716186711255,0.995899034151177,0.0,-6.660332937707794,0.6680265721937771,4.885447260017,-0.0,-0.0
"Random Forest (500 estimators, 5 depth)",765,192,18.668955592628414,4.320758682526532,0.38278146816208103,21.392099453295234,4.625159397609474,0.22618385556094378,9.078125,,0.059806806309082555,0.05657978500015328,0.7111143003405654,0.022722754433700396,0.13583956295923932,0.005423234017643611,0.008513556939615348
"Random Forest (100 estimators, 5 depth)",765,192,18.736206751546938,4.328534018758191,0.3805580624998768,21.349921715757358,4.620597549641968,0.22770955033036,9.078125,,0.061837558191771703,0.05601273318358992,0.7155609058254211,0.026120103023849376,0.12634853442836738,0.004887699039645311,0.009232466307355094
Ridge (lambda=2.0),765,192,24.782695658526105,4.9782221383267045,0.1806537353711778,24.547168978509102,4.954509963508914,0.11205556531208372,9.078125,6.873299876396442,1.9717004658816115,1.971700465881626,-4.024379604870758,0.8629733344025934,5.160503764678849,-2.810485317858721,-2.4715499397400187
