model_type,n_train,n_test,mse_train,rmse_train,r2_train,mse_test,rmse_test,r2_test,y_test_mean,bias,Game of season_weight,Game for player_weight,Age (days)_weight,Home?_weight,Game Started?_weight,Year_weight,Month of Season_weight
Linreg,165,42,15.51342493358221,3.938708536256803,0.12402885008363362,11.406706474434639,3.377381600357685,0.22645585803080504,4.333333333333333,3.7961421895537204,-1.5385878158316337,2.5940749013237454,9.786504934805208,-0.5083665497230411,1.587777560207599,-10.777878435845215,4.421066542511982
Lasso (lambda=0.05),165,42,15.992541173320776,3.9990675379794194,0.09697537831552128,12.099320383042876,3.478407736744339,0.17948634646749073,4.333333333333333,3.536081642779912,0.0,2.002912667741979,-0.0,-0.3146717965860259,0.6075966346881075,-0.8631055180188878,1.572601361643665
"Random Forest (500 estimators, 5 depth)",165,42,7.457314672644365,2.730808428404374,0.5789200297773267,15.18092970248614,3.8962712562764596,-0.029492541718650678,4.333333333333333,,0.18141517854936393,0.2780485403274967,0.3949711912749024,0.03901171301703069,0.008277891111735472,0.024595906598810724,0.07367957912066013
"Random Forest (100 estimators, 5 depth)",165,42,7.624175652178333,2.7611909843722025,0.5694981642160905,14.040002225851875,3.7469990960569866,0.047879289312521056,4.333333333333333,,0.1738278572269603,0.2606150681658362,0.4046623367431865,0.03671689986050548,0.008946179923836927,0.02080391241585265,0.0944277456638219
Ridge (lambda=2.0),165,42,15.858654852341743,3.9822926628189625,0.10453531785486803,11.993061491624218,3.463099982908986,0.18669227774776587,4.333333333333333,3.6209213748120517,0.6907743154970283,1.6787408568926012,0.7044860638417274,-0.4935013358429405,1.1852794071998276,-1.9183007324613075,1.681845743088797
