model_type,n_train,n_test,mse_train,rmse_train,r2_train,mse_test,rmse_test,r2_test,y_test_mean,bias,Game of season_weight,Game for player_weight,Age (days)_weight,Home?_weight,Game Started?_weight,Year_weight,Month of Season_weight
Linreg,464,116,34.475904105889164,5.871618525235538,0.11143377184907932,32.761152366870284,5.723735875009458,0.12992131557927122,8.39655172413793,5.974394417088772,4.172307565445267,3.384615417007545,0.5854242958359693,0.7766271904888131,3.353949137092019,2.472455265346768,-7.192422297201181
Lasso (lambda=0.05),464,116,34.969470133105844,5.913498975488695,0.09871282617640453,32.13199663568765,5.668509207515469,0.1466305871199366,8.39655172413793,6.000350943034061,0.0,1.4469818785695419,1.960815299564753,0.5627995418307484,3.2049988209198466,0.0,-0.8135286996012467
"Random Forest (500 estimators, 5 depth)",464,116,22.812238200347426,4.7762158871168525,0.4120477771632821,31.089712496509346,5.5758149625421884,0.17431182380091248,8.39655172413793,,0.1537416468845502,0.12965421656279116,0.4584210420681473,0.029249301260086295,0.15989375873952444,0.02762682471836032,0.04141320976654033
"Random Forest (100 estimators, 5 depth)",464,116,22.713762327424384,4.765895752890991,0.41458584939768517,31.98799999808389,5.655793489695667,0.15045488498358517,8.39655172413793,,0.1604727157268745,0.12113111320846857,0.4492641621639557,0.027998309557765097,0.17479990051492256,0.02452925799745192,0.04180454083056174
Ridge (lambda=2.0),464,116,34.55008594626821,5.877932114806041,0.10952184292908773,32.27781061956502,5.681356406666019,0.14275802373018032,8.39655172413793,5.866437226275211,1.461303138414039,3.301795777123887,1.5336247961660034,0.7639075925588162,3.2557951063026858,1.2854603947715282,-4.194991223841398
