model_type,n_train,n_test,mse_train,rmse_train,r2_train,mse_test,rmse_test,r2_test,y_test_mean,bias,Game of season_weight,Game for player_weight,Age (days)_weight,Home?_weight,Game Started?_weight,Year_weight,Month of Season_weight
Linreg,425,107,35.11911137872773,5.926137981748968,0.1514173533147543,45.13753943783778,6.718447695549752,0.0720222216607204,9.457943925233645,7.897646550234112,1.863420922808367,1.863420922808363,0.167945055573482,0.7053060229369873,5.008381264952452,-0.7109729652662229,-5.051508302976292
Lasso (lambda=0.05),425,107,35.278859003441816,5.939600912809026,0.1475573734673236,45.38343058198561,6.736722540077304,0.0669669722939743,9.457943925233645,7.15037228857919,-0.0,-0.0,-0.0,0.546746351870966,4.759553977525392,-0.0,-0.7503703297007336
"Random Forest (500 estimators, 5 depth)",425,107,22.174015697621115,4.70892935789242,0.4642095374962993,39.57670004400902,6.291001513591379,0.1863469157104134,9.457943925233645,,0.12058360127059,0.1199221389784419,0.4155932835430167,0.0211503446859178,0.2826833529497539,0.0132452845320836,0.026821994040196
"Random Forest (100 estimators, 5 depth)",425,107,22.185116339710003,4.710107890453254,0.4639413128210758,39.39399643988542,6.276463689043809,0.1901030992942061,9.457943925233645,,0.1237353076388492,0.1236771391582481,0.433528667811987,0.0190667105709664,0.2652495252838736,0.0135505802031903,0.0211920693328851
Ridge (lambda=2.0),425,107,35.15853694043513,5.929463461430142,0.1504647139629232,45.38975012969262,6.73719156100616,0.0668370493979924,9.457943925233645,7.548478839447313,0.695150311775376,0.6951503117753813,0.0572187834888685,0.7163646861592667,4.954951823419192,-0.4207904505809438,-2.6306801090335803
SVM (linear kernel),425,107,35.41738677266084,5.951250857816434,0.14421012872141925,47.16271352470945,6.867511450642762,0.030386887229750914,9.457943925233645,,,,,,,,
"Feedforward NN (3 layers, [[16, 4, 1]] activations)",425,107,34.47495631226954,5.871537814939928,0.16698206408650518,42.60307642425619,6.527103218446617,0.1241279719058247,9.457943925233645,,,,,,,,
