model_type,n_train,n_test,mse_train,rmse_train,r2_train,mse_test,rmse_test,r2_test,y_test_mean,bias,Game of season_weight,Game for player_weight,Age (days)_weight,Home?_weight,Game Started?_weight,Year_weight,Month of Season_weight
Linreg,146,37,16.27753361550553,4.034542553438436,0.21819366359300463,13.870679540519468,3.724336120776355,0.006957416014477968,4.756756756756757,3.3160144966655425,4.820912993243616,-0.3763608588521108,-7.185207287727788,1.0065735184132356,4.622647490008454,5.866812547301533,-2.67881321172315
Lasso (lambda=0.05),146,37,16.5709997197409,4.070749282348509,0.20409855156735102,13.371891348454945,3.656759678794184,0.04266712393918948,4.756756756756757,3.382279886256758,0.0,2.4238858068311004,-1.0925515748655863,0.8343940805466187,4.068857028728267,-0.0,0.0
"Random Forest (500 estimators, 5 depth)",146,37,6.645036851613081,2.57779689882913,0.6808403509423344,26.786289682151654,5.175547283346145,-0.9177089517239627,4.756756756756757,,0.18374474775304583,0.19319497676821115,0.30250720331371256,0.059442963073758556,0.19994108279683212,0.009061113129927799,0.05210791316451202
"Random Forest (100 estimators, 5 depth)",146,37,6.888180087305608,2.6245342610272036,0.6691622351534755,26.172210495677856,5.115878272171638,-0.8737452237518557,4.756756756756757,,0.18920239194147448,0.17876611837142942,0.3017163611803687,0.06471029940424944,0.20525274379477232,0.007637080792615614,0.052715004515090015
Ridge (lambda=2.0),146,37,16.488830218307054,4.060644064468967,0.2080451345324258,13.492710356230209,3.673242485356801,0.03401733722000033,4.756756756756757,3.1305881027313696,1.3310256399080764,1.3296917540407474,-1.7366574475776753,0.9664780237560778,4.075984508928753,0.3461783912075162,0.20535670079470436
