model_type,n_train,n_test,mse_train,rmse_train,r2_train,mse_test,rmse_test,r2_test,y_test_mean,bias,Game of season_weight,Game for player_weight,Age (days)_weight,Home?_weight,Game Started?_weight,Year_weight,Month of Season_weight
Linreg,232,58,32.694100219525204,5.717875498777951,0.5722267855211998,48.78849934534622,6.984876473163016,0.4745140163169457,15.982758620689657,5.109737850758936,-4.692330029240235,-4.692330029240232,2.6996542941429604,1.2188359902065629,10.363343886311949,4.559268383320264,9.388582587389584
Lasso (lambda=0.05),232,58,33.13643969492055,5.756425948009802,0.5664391670209137,46.54828954690883,6.822630691083083,0.4986426299325348,15.982758620689657,5.417097927440826,0.0,0.0,2.959263360207654,0.9582380339982496,8.150346191518002,6.0958433805440615,0.9004039824621872
"Random Forest (500 estimators, 5 depth)",232,58,17.81687843641656,4.22100443454121,0.7668819967655127,48.02504516629072,6.930010473750435,0.482736947451559,15.982758620689657,,0.0681452329281905,0.0689218610221388,0.354882043544352,0.018109773550209,0.470798124319239,0.0020943645595144,0.0170486000763559
"Random Forest (100 estimators, 5 depth)",232,58,17.995914293880446,4.24215915470889,0.7645394718530651,47.60585346500172,6.89969951990677,0.4872519328776201,15.982758620689657,,0.0687782961925286,0.0661897019454981,0.3160311432992799,0.0186386355096879,0.5087809575296908,0.0039183492848462,0.0176629162384683
Ridge (lambda=2.0),232,58,32.98526216414414,5.74327973932527,0.5684171905133165,47.258284483955954,6.874466123558683,0.4909954919202897,15.982758620689657,5.196823530905871,-0.8127885202178577,-0.812788520217854,4.480099218735555,1.145808010099426,8.10144270538738,4.726129398977949,2.642160455148738
SVM (linear kernel),232,58,32.93552212626422,5.738947823971239,0.5690679946568569,47.56046463599394,6.896409546712981,0.48774080205333603,15.982758620689655,,,,,,,,
"Feedforward NN (3 layers, [[16, 4, 1]] activations)",232,58,32.31925390618689,5.685002542320178,0.577131316042474,45.7183446802687,6.761534195747937,0.5075817118985944,15.982758620689655,,,,,,,,
