model_type,n_train,n_test,mse_train,rmse_train,r2_train,mse_test,rmse_test,r2_test,y_test_mean,bias,Game of season_weight,Game for player_weight,Age (days)_weight,Home?_weight,Game Started?_weight,Year_weight,Month of Season_weight
Linreg,364,92,49.94840074594956,7.06741825180522,0.4448484489740224,35.04527797858782,5.919905233919528,0.6502628920842897,15.543478260869565,18.312246373712707,1.590268246077472,1.5902682460774678,-42.49736290794079,0.0727478786498184,4.904345249418144,24.68706499303437,-5.625639447547313
Lasso (lambda=0.05),364,92,50.701406836508895,7.120492036124252,0.436479162012619,37.78762358481445,6.147163865134429,0.6228954384201169,15.543478260869565,17.828192249164303,0.2511730355483959,0.0,-17.68709004775062,0.0,4.937144447806137,-0.0,0.0
"Random Forest (500 estimators, 5 depth)",364,92,33.59574819610822,5.7961839339438,0.6266000224149298,35.85076755153675,5.98755104792742,0.6422244455388937,15.543478260869565,,0.0554856625074317,0.0570575406578153,0.8297406797900613,0.0098409802207978,0.0300917422242451,0.0062288169916968,0.0115545776079517
"Random Forest (100 estimators, 5 depth)",364,92,34.353696540378195,5.861202653071995,0.6181758047696198,35.66656753797201,5.972149323147573,0.644062684061685,15.543478260869565,,0.0517683768672656,0.0547601436593825,0.8342417856992973,0.0095205127345828,0.0315091808535816,0.0063169012902214,0.0118830988956686
Ridge (lambda=2.0),364,92,50.99265737395989,7.14091432338744,0.4332420576171157,37.750009888042406,6.14410366839968,0.6232708072653892,15.543478260869565,17.279290431591914,1.5785744963496844,1.5785744963496773,-11.0553438014702,0.1202207376814019,4.908655038043112,-5.435121703886683,-1.489231694050874
SVM (linear kernel),364,92,50.71932103902915,7.121749857937243,0.4362800545904396,37.064928527630734,6.088097283029463,0.6301076305836043,15.543478260869565,,,,,,,,
"Feedforward NN (3 layers, [[16, 4, 1]] activations)",364,92,61.43000178937163,7.837729377145631,0.31723618246849006,44.732504065361375,6.68823624473309,0.5535884574462246,15.543478260869565,,,,,,,,
