model_type,n_train,n_test,mse_train,rmse_train,r2_train,mse_test,rmse_test,r2_test,y_test_mean,bias,Game of season_weight,Game for player_weight,Age (days)_weight,Home?_weight,Game Started?_weight,Year_weight,Month of Season_weight
Linreg,191,48,24.80231415664895,4.98019218069433,0.1400765036098482,30.94016625573333,5.562388538724469,0.2273007386705514,6.0,3.165659358555838,9.209342424477676,6.805646643385671,5.257250763871264,1.4509846620452411,3.223246234397087,-3.873860215050815,-10.231903917909118
Lasso (lambda=0.05),191,48,25.34195932702561,5.034079789497342,0.1213664123341133,31.322424379436352,5.596644028293773,0.2177542298579892,6.0,3.2007892214157274,-0.0,5.104529244546588,0.83488245536962,0.9876908269527368,2.5631256544820573,0.0,-0.0
"Random Forest (500 estimators, 5 depth)",191,48,12.904391203288707,3.5922682532473416,0.5525905714994124,25.67342806844243,5.066895308612803,0.3588321814332796,6.0,,0.1747437632782057,0.3344503504115004,0.3903451798537804,0.0302015422219184,0.0281580969629475,0.026548908016998,0.0155521592546492
"Random Forest (100 estimators, 5 depth)",191,48,13.03648875263331,3.61060780930764,0.5480106042520202,25.95545953502433,5.094650089557116,0.3517887316955421,6.0,,0.1826602432996487,0.3335790546019062,0.3797966983961954,0.02783418913052,0.0312405999568146,0.0294606356458339,0.0154285789690808
Ridge (lambda=2.0),191,48,25.14950783324892,5.014928497321663,0.1280389171805852,30.9006813899312,5.558838133093209,0.2282868331338722,6.0,3.059379206308101,0.9145497590674184,5.48857773302683,1.172203152669543,1.2016731727643617,2.860248265869408,0.2799158071798545,-1.5390178782324142
SVM (linear kernel),191,48,25.52814951639641,5.0525389178507485,0.1149109937942927,31.619009289270537,5.623078275221726,0.21034732264048606,6.0,,,,,,,,
"Feedforward NN (3 layers, [[16, 4, 1]] activations)",191,48,30.32558557588379,5.5068671289476185,-0.051421388092606435,36.40518503072936,6.033670941535457,0.09081743939905862,6.0,,,,,,,,
