model_type,n_train,n_test,mse_train,rmse_train,r2_train,mse_test,rmse_test,r2_test,y_test_mean,bias,Game of season_weight,Game for player_weight,Age (days)_weight,Home?_weight,Game Started?_weight,Year_weight,Month of Season_weight
Linreg,505,127,31.238583191675843,5.589148700086252,0.12137225569220333,37.62227537161108,6.133699974045933,-0.010120485856732975,8.850393700787402,7.17856024752378,-14.261643755671779,9.59957032381261,1.765100453205076,-0.7736567113369883,3.1321651045889904,0.2598785640566495,11.004086929136507
Lasso (lambda=0.05),505,127,32.579835023171945,5.707874825464548,0.0836477192103392,36.93218603816681,6.077185700483968,0.008407722921125127,8.850393700787402,7.17740563946783,-0.0,0.0,2.2394684918829535,-0.6260286231805461,2.711147842354592,0.0,2.4349793154778374
"Random Forest (500 estimators, 5 depth)",505,127,21.15705977779451,4.5996803995271796,0.40492884729476875,38.501506200939254,6.204958194938888,-0.033726954729993874,8.850393700787402,,0.12036991283211158,0.1135295208285727,0.6491745580644095,0.040540703219734166,0.03237781859869175,0.004634180437611363,0.03937330601886901
"Random Forest (100 estimators, 5 depth)",505,127,21.219638151756463,4.606477846658601,0.4031687452050142,38.529966713294044,6.2072511398600625,-0.03449109103710435,8.850393700787402,,0.10885108469003632,0.12164723178033165,0.6546665098527479,0.04478535224224669,0.027849571557598582,0.005096791048594785,0.03710345882844414
Ridge (lambda=2.0),505,127,31.64360043683665,5.625264477056759,0.10998059345394207,37.06771066654413,6.088325768759761,0.00476902212193453,8.850393700787402,7.088937257103831,-6.27338782540547,4.018771701415501,1.4760072953334549,-0.7951326101813723,2.9393911701016386,0.9901695388547005,6.396562610644908
