model_type,n_train,n_test,mse_train,rmse_train,r2_train,mse_test,rmse_test,r2_test,y_test_mean,bias,Game of season_weight,Game for player_weight,Age (days)_weight,Home?_weight,Game Started?_weight,Year_weight,Month of Season_weight
Linreg,281,71,16.99359988246004,4.12232942430127,0.3274781977768275,26.40825601719745,5.138896381247384,0.2358153740287687,6.549295774647887,7.274632057831146,4.093290024600113,-9.5384876127526,16.168701013843968,0.031220250888662,3.413709651107573,-23.856886193879284,4.267677655119154
Lasso (lambda=0.05),281,71,17.57414642085298,4.192152957711942,0.3045030655520522,26.78144793261273,5.1750795097865625,0.2250161934955523,6.549295774647887,6.218774686730198,-0.0,-1.6969121601739752,-0.0,-0.0,3.3984697729949334,-4.480019423849415,-0.0
"Random Forest (500 estimators, 5 depth)",281,71,9.77803453418471,3.1269848951001844,0.6130342333222942,32.22039436910281,5.676301116845618,0.067627563002874,6.549295774647887,,0.1218708839177339,0.1202363260732826,0.499721579191698,0.0207393224017317,0.0849311367912704,0.1361502295143925,0.0163505221098908
"Random Forest (100 estimators, 5 depth)",281,71,9.91262429375363,3.1484320373407506,0.6077078428993034,32.23540813687735,5.677623458532395,0.067193104532624,6.549295774647887,,0.1159699026158726,0.1210645777213513,0.5419740236391416,0.0198250304097068,0.0870236860543332,0.0998685999604809,0.0142741795991133
Ridge (lambda=2.0),281,71,17.54340134405623,4.188484373142179,0.3057198021234588,26.876843795947693,5.184288166754207,0.2222556911702811,6.549295774647887,6.602999795582773,-0.222803536002785,-2.3908338183882933,-0.9555411016797604,-0.0814161754388274,3.41872374925456,-3.818218328004515,0.2480621205425026
SVM (linear kernel),281,71,17.68299271264432,4.205115065327502,0.300195472997965,28.238449390517154,5.313986205337492,0.18285445008382706,6.549295774647887,,,,,,,,
"Feedforward NN (3 layers, [[16, 4, 1]] activations)",281,71,17.711448520886893,4.20849718081014,0.2990693342412932,28.822439729692228,5.36865343728688,0.1659553243474401,6.549295774647887,,,,,,,,
