model_type,n_train,n_test,mse_train,rmse_train,r2_train,mse_test,rmse_test,r2_test,y_test_mean,bias,Game of season_weight,Game for player_weight,Age (days)_weight,Home?_weight,Game Started?_weight,Year_weight,Month of Season_weight
Linreg,164,41,16.826614181366377,4.102025619296688,0.1699948372849097,18.27439377518741,4.2748559946725,-0.1736553807629721,4.121951219512195,6.912235762290449,-1.9409459499668589,6.126570798940783,20.40095228113169,0.5717433116125457,4.385075219297425,-26.078928768313634,-2.7789313058282943
Lasso (lambda=0.05),164,41,18.67933606601113,4.321959748309918,0.0786057608637431,17.45090459841815,4.177427988418011,-0.1207675796569462,4.121951219512195,3.384427116214036,-0.3893522364251778,0.0,1.5108023516899114,0.6393290763758392,3.762584717611305,-0.0,-0.693192470145874
"Random Forest (500 estimators, 5 depth)",164,41,6.355573451313889,2.521026269461286,0.6864990948418399,18.984481603104825,4.357118497712086,-0.2192600892037601,4.121951219512195,,0.1498021522542478,0.1598709453063583,0.4653631369670228,0.0294879805922277,0.0844577193668951,0.0368638897252401,0.0741541757880081
"Random Forest (100 estimators, 5 depth)",164,41,6.502859694215073,2.550070527302152,0.6792339171485005,18.767068013659863,4.332097415070425,-0.2052969103294197,4.121951219512195,,0.1837164839934958,0.1511844202334183,0.4388572437978437,0.0297682617913496,0.0745819929923035,0.0286301471462978,0.093261450045291
Ridge (lambda=2.0),164,41,18.2147588449297,4.267875214310946,0.1015219273498344,17.226894957546275,4.1505294791804905,-0.1063807757177082,4.121951219512195,4.332804560449224,-1.289427018009322,1.92995943248398,2.542584365126904,0.7668612924810636,3.763241884898687,-2.351526647598294,-2.0487337552133105
SVM (linear kernel),164,41,17.903244943484783,4.231222629865366,0.11688795070247815,15.984572572471698,3.998071106480186,-0.02659381425555618,4.121951219512195,,,,,,,,
"Feedforward NN (3 layers, [[16, 4, 1]] activations)",164,41,17.785909212531696,4.217334372862993,0.12267576169120697,18.5076060976439,4.302046733549497,-0.18863321808433575,4.121951219512195,,,,,,,,
