model_type,n_train,n_test,mse_train,rmse_train,r2_train,mse_test,rmse_test,r2_test,y_test_mean,bias,Game of season_weight,Game for player_weight,Age (days)_weight,Home?_weight,Game Started?_weight,Year_weight,Month of Season_weight
Linreg,298,75,20.757587762377657,4.556049578568879,0.058574241463853,23.15375639692266,4.811835034259036,-0.0476686433763693,6.92,6.317897135740911,-6.672623433828717,8.440014498221288,5.264752116703154,-1.507742936810726,1.075516365910162,-3.722666513916893,-0.13222134083101
Lasso (lambda=0.05),298,75,21.31332034480646,4.616635175623742,0.0333699174380848,24.101044948414195,4.9092815104059975,-0.0905318615347414,6.92,7.229434313492075,-0.0,0.39855136303759,-0.0,-1.3571418396893151,0.4611805854651886,-0.0,0.0
"Random Forest (500 estimators, 5 depth)",298,75,13.385172835115055,3.658575246611044,0.3929378194765616,22.24912120023466,4.71689741251966,-0.0067354179844585,6.92,,0.1808882572144407,0.197595551499137,0.4760769983952007,0.0741273272537086,0.0210164957187325,0.0115135477645376,0.0387818221542425
"Random Forest (100 estimators, 5 depth)",298,75,13.065818579532303,3.61466714643718,0.4074215988899217,23.14924494650297,4.811366224525314,-0.0474645078115034,6.92,,0.1786788134530373,0.2105594699628683,0.4611208405228181,0.0779227617068619,0.0233544831973078,0.0098321985483993,0.038531432608707
Ridge (lambda=2.0),298,75,20.976280256168835,4.579986927510693,0.0486558083005027,23.674488131127724,4.865643650240708,-0.0712308809755413,6.92,6.915798101942487,-2.6252571329279872,3.4075733983925223,0.8367465240363153,-1.503807411552037,0.7708463696328502,-0.2545565723322698,0.0811958722787487
SVM (linear kernel),298,75,21.008469010799963,4.583499646645559,0.04719594104175173,24.053739997824692,4.904461234205516,-0.08839139186064249,6.92,,,,,,,,
"Feedforward NN (3 layers, [[16, 4, 1]] activations)",298,75,24.120816955261418,4.911294834894503,-0.09395940696808003,23.72868078252469,4.871209375763343,-0.07368300755909551,6.92,,,,,,,,
