model_type,n_train,n_test,mse_train,rmse_train,r2_train,mse_test,rmse_test,r2_test,y_test_mean,bias,Game of season_weight,Game for player_weight,Age (days)_weight,Home?_weight,Game Started?_weight,Year_weight,Month of Season_weight
Linreg,980,246,40.32292575439336,6.350033523879489,0.17924292933485275,47.04586135262156,6.8589985677664025,0.0747960734243992,17.3130081300813,12.105826763017724,0.57999022318199,2.171050434471649,-32.89753347018718,0.4228939586849201,6.630781015931266,27.828899642288405,-0.7941692990652953
Lasso (lambda=0.05),980,246,40.59837486265978,6.371685402047074,0.17363627260078762,46.90887663391143,6.8490055215273,0.07749001495267782,17.3130081300813,12.967352854939953,0.0,2.1925455747834683,-5.644869870931375,0.1538648028573181,5.8203037815210426,-0.0,0.5182413922829687
"Random Forest (500 estimators, 5 depth)",980,246,32.79073047262698,5.726319103283276,0.3325577600293206,41.190722373568065,6.417999873291372,0.18994323872896823,17.3130081300813,,0.09826746891934952,0.06882649131675109,0.7700111815993349,0.010725085715285155,0.04089824302369874,0.006192301014096546,0.005079228411484208
"Random Forest (100 estimators, 5 depth)",980,246,32.90681380138061,5.7364460950470555,0.3301949301731437,41.33223850938313,6.429015360798505,0.18716018235024579,17.3130081300813,,0.09548795185252601,0.07287713169794063,0.7649848807311598,0.01130985062976997,0.045910105813094244,0.004206647014224543,0.005223432261284839
Ridge (lambda=2.0),980,246,40.51385163120742,6.365049224570649,0.17535670926435065,47.03817256374801,6.858438055690815,0.0749472811491998,17.3130081300813,12.096944927700218,0.8242372202035667,1.8700584289417328,-4.672215567250844,0.3682386914489541,6.433834411428438,-1.3310035297426248,0.749926869261627
