model_type,n_train,n_test,mse_train,rmse_train,r2_train,mse_test,rmse_test,r2_test,y_test_mean,bias,Game of season_weight,Game for player_weight,Age (days)_weight,Home?_weight,Game Started?_weight,Year_weight,Month of Season_weight
Linreg,216,55,33.37555206559623,5.777157784377732,0.4209818374060518,35.51527091310806,5.959469012681253,0.3669049682246377,11.581818181818182,3.757635682319581,-29.23590199550552,18.520287154307702,15.235323229519718,1.6158843675997725,5.804474490231844,-8.950972734636668,13.94276712651206
Lasso (lambda=0.05),216,55,36.11523526247299,6.00959526611177,0.3734522466556924,38.11720730679712,6.17391345151494,0.3205228638090391,11.581818181818182,6.0185534918643695,-4.86893762222117,4.300292121147493,0.0,1.381642265085251,9.276563458286493,0.0,0.0
"Random Forest (500 estimators, 5 depth)",216,55,18.857056126919275,4.342471200470911,0.6728570071566036,39.09275045472739,6.252419568033433,0.3031328368049315,11.581818181818182,,0.0964623255737636,0.09700920632191,0.3957221155754623,0.0156192629868266,0.3719091769984539,0.0067422034873994,0.016535709056184
"Random Forest (100 estimators, 5 depth)",216,55,18.71145102099459,4.325673476002852,0.6753830477965039,39.13604816508664,6.255881086232909,0.3023610120486806,11.581818181818182,,0.0950515489803557,0.0990869045368229,0.3572060630611017,0.0158577082240922,0.408824843940188,0.0070058528554123,0.0169670784020268
Ridge (lambda=2.0),216,55,35.6590022740185,5.971515910890508,0.3813672374300914,37.57373946143989,6.1297422018743895,0.3302107187508505,11.581818181818182,5.529507180504714,-7.0502868627585205,5.249301986938304,1.489682007491091,1.4790851313918598,8.658293103023832,-0.2775841667724658,1.8290790750729848
SVM (linear kernel),216,55,34.060088543490146,5.836102170412214,0.40910610714458184,34.73390904217532,5.89354808601536,0.38083352081027044,11.581818181818182,,,,,,,,
"Feedforward NN (3 layers, [[16, 4, 1]] activations)",216,55,37.785808699683884,6.147016243648936,0.3444701833720353,43.966600019841444,6.630731484522763,0.21625162019128108,11.581818181818182,,,,,,,,
