model_type,n_train,n_test,mse_train,rmse_train,r2_train,mse_test,rmse_test,r2_test,y_test_mean,bias,Game of season_weight,Game for player_weight,Age (days)_weight,Home?_weight,Game Started?_weight,Year_weight,Month of Season_weight
Linreg,216,55,33.37555206559623,5.777157784377732,0.4209818374060518,35.51527091310806,5.959469012681253,0.3669049682246377,11.581818181818182,3.757635682319581,-29.23590199550552,18.520287154307702,15.235323229519718,1.6158843675997723,5.8044744902318435,-8.950972734636668,13.942767126512061
Lasso (lambda=0.05),216,55,36.11523526247299,6.00959526611177,0.37345224665569243,38.11720730679712,6.17391345151494,0.32052286380903916,11.581818181818182,6.0185534918643695,-4.86893762222117,4.300292121147493,0.0,1.381642265085251,9.276563458286493,0.0,0.0
"Random Forest (500 estimators, 5 depth)",216,55,18.857056126919275,4.342471200470911,0.6728570071566036,39.09275045472739,6.252419568033433,0.3031328368049315,11.581818181818182,,0.0964623255737636,0.09700920632191005,0.3957221155754623,0.015619262986826699,0.37190917699845394,0.006742203487399421,0.016535709056184022
"Random Forest (100 estimators, 5 depth)",216,55,18.71145102099459,4.3256734760028515,0.6753830477965039,39.13604816508664,6.255881086232909,0.3023610120486806,11.581818181818182,,0.09505154898035575,0.09908690453682298,0.3572060630611017,0.015857708224092232,0.40882484394018803,0.00700585285541237,0.01696707840202684
Ridge (lambda=2.0),216,55,35.6590022740185,5.971515910890508,0.3813672374300914,37.57373946143989,6.1297422018743895,0.3302107187508505,11.581818181818182,5.529507180504714,-7.0502868627585205,5.249301986938304,1.489682007491091,1.4790851313918598,8.658293103023832,-0.2775841667724658,1.8290790750729846
