model_type,n_train,n_test,mse_train,rmse_train,r2_train,mse_test,rmse_test,r2_test,y_test_mean,bias,Game of season_weight,Game for player_weight,Age (days)_weight,Home?_weight,Game Started?_weight,Year_weight,Month of Season_weight
Linreg,708,178,9.8591117900936,3.139922258606668,0.1945794492114292,12.98002280681382,3.602779872100684,0.1414001131320844,4.168539325842697,4.642300464125428,-3.5180257144946503,6.614317524059587,14.732277375824246,-0.0879231972267564,1.8384987387561087,-18.794106464475483,-1.2335772256457838
Lasso (lambda=0.05),708,178,10.140839081964565,3.1844684143455657,0.1715642978040905,13.170247649003548,3.6290835825320342,0.1288171592795051,4.168539325842697,4.553795635752442,0.0,0.5482209370801758,-0.0,-0.0,1.8516349829933696,-3.4025967067943284,-0.0
"Random Forest (500 estimators, 5 depth)",708,178,7.207884755951776,2.684750408502022,0.4111661746251376,11.632954693581231,3.410711757622041,0.2305056984487548,4.168539325842697,,0.0786985792810766,0.0652346100033937,0.6820761645790285,0.0156059651195471,0.1195808103498707,0.0251582282535643,0.0136456424135189
"Random Forest (100 estimators, 5 depth)",708,178,7.247858618688558,2.6921847296737567,0.4079005893241415,11.73897228557911,3.4262183651336517,0.2234928685138488,4.168539325842697,,0.0773614689552711,0.0704940156642291,0.686304193306357,0.0184565035245378,0.1155975935342317,0.0168102393783362,0.0149759856370369
Ridge (lambda=2.0),708,178,9.96180422297591,3.156232599631388,0.1861901949241419,12.878838960470391,3.5887099298313863,0.1480932014506751,4.168539325842697,4.869705316940465,-0.0677630539857652,2.7023040730712657,-1.0144308092643797,-0.0858126542915908,1.90348127712869,-2.6856352989197867,-2.029791826751887
SVM (linear kernel),708,178,10.081896510292177,3.1752002315274823,0.1763794940968203,13.118702973577022,3.6219750100707517,0.13222672589957496,4.168539325842697,,,,,,,,
"Feedforward NN (3 layers, [[16, 4, 1]] activations)",708,178,12.476938916555929,3.532271070650712,-0.019278737099341026,15.981392927527661,3.997673439330389,-0.05713390213488956,4.168539325842697,,,,,,,,
