model_type,n_train,n_test,mse_train,rmse_train,r2_train,mse_test,rmse_test,r2_test,y_test_mean,bias,Game of season_weight,Game for player_weight,Age (days)_weight,Home?_weight,Game Started?_weight,Year_weight,Month of Season_weight
Linreg,472,119,41.14829904878809,6.414693994945362,0.1672517388362715,61.54218207524451,7.844882540563913,0.1696658075570157,13.016806722689076,9.2600323907122,5.659393849219809,0.0107727333412599,4.149035872690354,0.5912608913183632,5.231499415371605,-5.525077544987104,-4.305012768920801
Lasso (lambda=0.05),472,119,41.39564971820455,6.433945113086103,0.1622459222019068,62.14576047880172,7.883258240017367,0.1615222583783249,13.016806722689076,8.841912079880228,0.0,0.4863586882718458,-0.0,0.4110382571592,5.3816317331407,-0.0397822555345488,0.0
"Random Forest (500 estimators, 5 depth)",472,119,29.47155831363125,5.428771344754838,0.4035624920883655,62.47550416941281,7.904144746233637,0.1570733186133687,13.016806722689076,,0.1664112394869411,0.1708793413112641,0.2289444936914202,0.0196342216163164,0.3796879724702353,0.0134614318925378,0.0209812995312848
"Random Forest (100 estimators, 5 depth)",472,119,29.059144674088216,5.390653455202645,0.4119088089264555,62.99998998053508,7.937253302026783,0.1499968957804319,13.016806722689076,,0.1664607295304196,0.1675867392023896,0.2447097453073019,0.0185206916471081,0.3675669469823116,0.0126431139044223,0.0225120334260467
Ridge (lambda=2.0),472,119,41.21369162757004,6.419789064102499,0.1659283413318177,61.78580061386461,7.860394431188845,0.1663788782394635,13.016806722689076,9.168580050033595,2.1467586110723667,0.962619459267826,0.017373816551515,0.5905403718733084,5.283763625308236,-0.9592747515743156,-2.1198758697355213
SVM (linear kernel),472,119,41.599983428381734,6.449804913978541,0.15811067127341916,63.985277048688154,7.999079762615707,0.13670328943642662,13.016806722689076,,,,,,,,
"Feedforward NN (3 layers, [[16, 4, 1]] activations)",472,119,47.51354288915331,6.893006810467643,0.03843363790669296,69.06839996190173,8.310740036958306,0.06812121098377777,13.016806722689076,,,,,,,,
