model_type,n_train,n_test,mse_train,rmse_train,r2_train,mse_test,rmse_test,r2_test,y_test_mean,bias,Game of season_weight,Game for player_weight,Age (days)_weight,Home?_weight,Game Started?_weight,Year_weight,Month of Season_weight
Linreg,165,42,28.46900334408652,5.335635233417528,0.3453115652149169,39.278532941491214,6.26725880600851,0.1425259627148345,6.9523809523809526,1.5360076668153058,1.4076462872248456,-4.410219253461279,3.4435106657090144,0.3865896526366311,4.567219987837109,1.3707902224255253,5.071594546577004
Lasso (lambda=0.05),165,42,28.67201191991609,5.354625282866775,0.3406430713743898,37.9799378098512,6.162786529635048,0.17087507677123,6.9523809523809526,2.119179387578229,0.0,0.0,0.0,0.1550555241417199,4.7433657230882975,4.654733694070953,1.648521752786131
"Random Forest (500 estimators, 5 depth)",165,42,11.94680019890404,3.456414355788964,0.7252649898425318,44.31056418771059,6.656618074346056,0.0326736890856703,6.9523809523809526,,0.1683560016545768,0.159061560868901,0.3740157350476863,0.0174941839505713,0.2161483725707701,0.0178038674777862,0.0471202784297081
"Random Forest (100 estimators, 5 depth)",165,42,11.468892734769986,3.386575369716432,0.7362552056180701,44.53055433624908,6.6731217834121,0.0278711716110169,6.9523809523809526,,0.1610275098088968,0.1769152226971171,0.3827608977701041,0.0188552370475241,0.2044642652256651,0.0162504542969306,0.039726413153762
Ridge (lambda=2.0),165,42,28.581268869962603,5.346145234649224,0.3427298471081113,38.51975877244879,6.206428826019741,0.1590904599450563,6.9523809523809526,1.7288531010264023,1.034616378980576,-0.9865189115179428,2.260848673538676,0.3584626693880544,4.560852088340404,2.6616394285947584,2.0786101256073293
SVM (linear kernel),165,42,29.15550554130299,5.39958383038017,0.32952439333748873,40.0816924961779,6.331010385094776,0.12499250577622611,6.9523809523809526,,,,,,,,
"Feedforward NN (3 layers, [[16, 4, 1]] activations)",165,42,32.79112391072585,5.72635345667082,0.24591776787942687,46.66810074737392,6.831405473793363,-0.018792754298891046,6.9523809523809526,,,,,,,,
