model_type,n_train,n_test,mse_train,rmse_train,r2_train,mse_test,rmse_test,r2_test,y_test_mean,bias,Game of season_weight,Game for player_weight,Age (days)_weight,Home?_weight,Game Started?_weight,Year_weight,Month of Season_weight
Linreg,584,147,31.519130718439268,5.614190121329992,0.1382260040479302,28.77616586543491,5.364342072000527,0.1174942121533796,7.863945578231292,7.337191882354686,-0.8040346168073258,2.861664500092661,-10.813618246313526,-0.0007012202613533,3.670464892148988,8.345479449290176,-0.0524860440879701
Lasso (lambda=0.05),584,147,31.628525709568287,5.623924404681155,0.1352350028212611,28.50218546050472,5.338743809221858,0.1258966273409389,7.863945578231292,7.359939682826786,0.0,1.6695294533516205,-2.247178689147303,0.0,3.5679474058577205,-0.0,0.1432511124604629
"Random Forest (500 estimators, 5 depth)",584,147,20.713447513130568,4.551202864422829,0.4336674258947366,24.940047254533,4.99400112680534,0.2351400754979995,7.863945578231292,,0.1248981636276903,0.134360502617313,0.4266559304171629,0.0162088363968775,0.2433212799959121,0.0411610815540264,0.0133942053910175
"Random Forest (100 estimators, 5 depth)",584,147,20.59847057404706,4.538553797637201,0.436811044832754,25.021802855644797,5.002179810407139,0.232632799458953,7.863945578231292,,0.1159048755811713,0.1388000879149482,0.4277478546835658,0.0132297753584693,0.2479973580155669,0.0410644942504041,0.015255554195874
Ridge (lambda=2.0),584,147,31.56424969327589,5.618206982060726,0.1369923926394953,28.42733454588133,5.3317290390530285,0.1281921508547263,7.863945578231292,7.296688819537447,0.3559714962660028,1.6730478559286448,-2.120505836756543,-0.0111734393774111,3.6647042628528266,-0.7285316541612693,0.4694552099568031
SVM (linear kernel),584,147,31.892613491578555,5.647354556921192,0.12801449965389533,28.374241420838356,5.3267477339215485,0.12982040773802328,7.863945578231292,,,,,,,,
"Feedforward NN (3 layers, [[16, 4, 1]] activations)",584,147,29.94183597128844,5.471913373883805,0.18135129227966373,29.115832543332928,5.395908870925539,0.10707733415144627,7.863945578231292,,,,,,,,
