model_type,n_train,n_test,mse_train,rmse_train,r2_train,mse_test,rmse_test,r2_test,y_test_mean,bias,Game of season_weight,Game for player_weight,Age (days)_weight,Home?_weight,Game Started?_weight,Year_weight,Month of Season_weight
Linreg,129,33,3.023804321462279,1.738908945707704,0.18395239023298326,2.4600787698887574,1.568463824858182,0.01069949024783734,0.7575757575757576,0.7353938992436078,2.462410282372607,-6.159326141310083,-3.055303281816406,-0.3853602227984773,2.7261227799819125,0.980442936585028,3.8457999416433344
Lasso (lambda=0.05),129,33,3.2325397119948063,1.7979265035019663,0.12762003588424675,2.281853014842333,1.5105803569629566,0.08237151655712682,0.7575757575757576,0.8512276445329466,-0.0,-0.0,0.0,-0.15443749701641715,2.008578528700759,0.28968387978857524,0.0
"Random Forest (500 estimators, 5 depth)",129,33,1.1241955825749812,1.060280897958169,0.6966083051209779,2.5188895975188497,1.5871010041956528,-0.012950801956435498,0.7575757575757576,,0.18466899521403057,0.1643252098085748,0.36538385192515715,0.03560791503148358,0.15373890037282048,0.061493001735274194,0.034782125912659445
"Random Forest (100 estimators, 5 depth)",129,33,1.122187841374773,1.059333678014049,0.6971501432273102,2.5309780831050683,1.5909048001389237,-0.017812087334349913,0.7575757575757576,,0.16412631590765867,0.14213946088342577,0.40606109947813035,0.03294647287609184,0.155992958313141,0.0652408400099474,0.03349285253160487
Ridge (lambda=2.0),129,33,3.1398641157622933,1.7719661722962696,0.15263081394699618,2.516862608706002,1.5864622935027488,-0.012135665022465547,0.7575757575757576,0.6708260136866848,-0.02217073026151986,-0.6365321641884286,0.003538266581399813,-0.3353332497487359,2.163914931588184,0.24512378660224302,0.8861717154747346
