model_type,n_train,n_test,mse_train,rmse_train,r2_train,mse_test,rmse_test,r2_test,y_test_mean,bias,Game of season_weight,Game for player_weight,Age (days)_weight,Home?_weight,Game Started?_weight,Year_weight,Month of Season_weight
Linreg,82,21,17.20899309964323,4.14837234341895,0.3647747344272315,19.698267793904645,4.438273064369141,0.0226219512700329,6.476190476190476,4.062576806019989,-2.4724939745855417,3.0196914451536525,29.896177667789843,-0.8096028777004959,5.489483309908372,-37.32706499126427,7.690429263791858
Lasso (lambda=0.05),82,21,19.189577529080573,4.38059100225992,0.2916666064331126,18.084473267972346,4.252584304628463,0.1026943394266647,6.476190476190476,3.84675287696073,0.0,2.476689810459839,0.0,-0.5368346855518942,4.732398656710286,-3.6461407945945297,1.3593475030231388
"Random Forest (500 estimators, 5 depth)",82,21,7.326993492218484,2.7068419776962385,0.7295430732062457,17.76022202154959,4.214287842749898,0.1187828632421952,6.476190476190476,,0.2334512392794871,0.2401264027964889,0.1930798442094096,0.0339433542837112,0.1178558305648177,0.0110119010879357,0.1705314277781494
"Random Forest (100 estimators, 5 depth)",82,21,7.315061220996123,2.704636985067705,0.7299835219944009,17.900207719989744,4.230863708510325,0.1118371282048293,6.476190476190476,,0.2177495977139749,0.2608040125863173,0.1923929262453184,0.0302713839601993,0.1148345309944169,0.0121019428145357,0.1718456056852371
Ridge (lambda=2.0),82,21,19.330297046500576,4.396623368734304,0.2864723110837672,17.46536533824886,4.179158448569384,0.1334129034464733,6.476190476190476,4.008399726821972,1.405127976297138,1.4834646750972722,-0.5494861313262478,-0.6883202144082963,4.366944975929923,-2.7559754227579205,0.9858887629871176
SVM (linear kernel),82,21,19.136556640766024,4.374535019949666,0.29362373475930226,19.132104842493067,4.374026159328848,0.05071351985379824,6.476190476190476,,,,,,,,
"Feedforward NN (3 layers, [[16, 4, 1]] activations)",82,21,19.700203324955805,4.438491109031966,0.27281818195440943,12.952456839845818,3.598952186379505,0.3573319682299725,6.476190476190476,,,,,,,,
