model_type,n_train,n_test,mse_train,rmse_train,r2_train,mse_test,rmse_test,r2_test,y_test_mean,bias,Game of season_weight,Game for player_weight,Age (days)_weight,Home?_weight,Game Started?_weight,Year_weight,Month of Season_weight
Linreg,672,168,31.130989678487715,5.579515183103969,0.371353899423014,33.35067228275783,5.775004093743815,0.4240764962625081,8.857142857142858,7.998042574686141,-26.83278012113521,26.62865971828829,-1.3379884024050792,1.1182818352152617,5.912276041465992,-2.282173082856337,2.4537579767651643
Lasso (lambda=0.05),672,168,33.51295816860409,5.789037758436551,0.3232534304538678,34.57796346261464,5.88030300772117,0.4028827454914124,8.857142857142858,8.70482580660897,-0.0,0.1019989309074021,-1.3786450542272228,1.0179922066115883,6.697914085688763,-3.5875388089405544,0.0
"Random Forest (500 estimators, 5 depth)",672,168,20.53862757135057,4.531956263177148,0.5852516008235134,32.55615111756016,5.705799778958263,0.4377968617584326,8.857142857142858,,0.0433207557143404,0.0614890414582273,0.5557204573938643,0.010064331446395,0.2927990984403466,0.0103590405494623,0.0262472749973639
"Random Forest (100 estimators, 5 depth)",672,168,20.4043711734602,4.517119787371175,0.5879627180055544,32.90159066552928,5.735990818117588,0.4318315620754416,8.857142857142858,,0.0424326596517454,0.0624993063474668,0.5577602829244418,0.011620989009125,0.2858965548726924,0.0147060860050234,0.0250841211895047
Ridge (lambda=2.0),672,168,32.09382189046894,5.665140941800913,0.351910871050865,33.23054804701258,5.76459435233847,0.4261508883511484,8.857142857142858,8.674025808270404,-9.446093101562049,9.749061529093616,-2.3966946432789564,1.1648985797849758,6.400228121753903,-2.518725262760795,0.5343470106210237
SVM (linear kernel),672,168,31.568224339735565,5.618560700013444,0.36252456673332756,33.495990094221824,5.787572037929362,0.42156704330683015,8.857142857142858,,,,,,,,
"Feedforward NN (3 layers, [[16, 4, 1]] activations)",672,168,49.42959554756623,7.030618432795669,0.0018395555362707983,57.064798145135335,7.554124578343631,0.01456383819854401,8.857142857142858,,,,,,,,
