model_type,n_train,n_test,mse_train,rmse_train,r2_train,mse_test,rmse_test,r2_test,y_test_mean,bias,Game of season_weight,Game for player_weight,Age (days)_weight,Home?_weight,Game Started?_weight,Year_weight,Month of Season_weight
Linreg,738,185,60.11895384966718,7.753641328412553,0.373039949670409,60.10349854875574,7.752644616436106,0.3524165862851244,20.486486486486488,22.36537646182094,4.523421265629125,4.523421265629117,-36.33632140085871,0.7485078523816757,6.328465507069246,25.33970181970689,-10.969420044876736
Lasso (lambda=0.05),738,185,61.08129685377052,7.815452440759302,0.3630040029406024,62.43543689656695,7.901609766153157,0.3272911837326723,20.486486486486488,20.34445835006619,0.0,0.0,-11.496655188019703,0.7351871432318549,6.998201738022571,-0.0,-0.0
"Random Forest (500 estimators, 5 depth)",738,185,43.90611629960229,6.626169051541191,0.5421180988310241,52.90840686075607,7.273816526470548,0.4299398944088045,20.486486486486488,,0.0438974502165771,0.0476073656013637,0.840156443201573,0.0128614350310066,0.0391327706627794,0.0068504109353572,0.0094941243513427
"Random Forest (100 estimators, 5 depth)",738,185,43.95887516141144,6.630148954692604,0.5415678946684914,52.60248527794106,7.252757081134115,0.4332360376901761,20.486486486486488,,0.0482897393572973,0.0466878271764416,0.8354973400665711,0.0126694375302797,0.0419568244842921,0.0038610249547653,0.0110378064303527
Ridge (lambda=2.0),738,185,60.54472522357758,7.781049108158718,0.368599725333118,61.52722663307573,7.843929285318406,0.3370766690538875,20.486486486486488,21.37687651459942,3.122089155128825,3.122089155128837,-8.39271349701115,0.8450659714712896,6.57500764437003,-3.90963416069222,-5.91882094409256
SVM (linear kernel),738,185,60.44448704450034,7.774605266153411,0.3696450750901408,61.392126948631756,7.835312817535223,0.3385322967121188,20.486486486486488,,,,,,,,
"Feedforward NN (3 layers, [[16, 4, 1]] activations)",738,185,66.88740595352394,8.178472103854359,0.3024540728386391,67.76600186788478,8.232010803435864,0.2698571650065461,20.486486486486488,,,,,,,,
