model_type,n_train,n_test,mse_train,rmse_train,r2_train,mse_test,rmse_test,r2_test,y_test_mean,bias,Game of season_weight,Game for player_weight,Age (days)_weight,Home?_weight,Game Started?_weight,Year_weight,Month of Season_weight
Linreg,290,73,26.844781898001642,5.181195026053511,0.1099438334545868,36.253540090624455,6.021091270743573,-0.04767312608694896,9.452054794520548,6.423372854937357,3.5953207104757223,3.5953207104757197,5.038335532368144,0.12959578606680922,2.856632204702392,-3.317918716002904,-4.137982260992551
Lasso (lambda=0.05),290,73,27.200040967969855,5.2153658517854575,0.0981649884206498,35.812990394266635,5.984395574681426,-0.034941898283371575,9.452054794520548,6.605255610828286,1.695320213511985,0.0,1.5785486611221442,0.0,2.9868092071001673,0.0,-0.0
"Random Forest (500 estimators, 5 depth)",290,73,16.67837490830502,4.083916613779598,0.447017655367942,33.9161089218166,5.823753851410325,0.0198751412964977,9.452054794520548,,0.17725816267731687,0.17136004192018955,0.3831404763988143,0.041437996235370186,0.14179707419232182,0.031875360059116585,0.05313088851687051
"Random Forest (100 estimators, 5 depth)",290,73,17.00922986561228,4.124224759347177,0.4360479445279607,33.02999050686473,5.7471723923043,0.04548263914512629,9.452054794520548,,0.16615187462796696,0.17924788071468642,0.3901991959755834,0.04220180853589365,0.12744468185311889,0.034432793512501926,0.0603217647802489
Ridge (lambda=2.0),290,73,26.943993774502104,5.190760423531614,0.10665439929902931,36.23343926551862,6.019421838143479,-0.0470922422829696,9.452054794520548,6.386046767135982,2.1981771188469827,2.19817711884698,1.658387578077801,0.11517667420767864,2.9759759343058194,0.3428076562047575,-2.253857859924814
