model_type,n_train,n_test,mse_train,rmse_train,r2_train,mse_test,rmse_test,r2_test,y_test_mean,bias,Game of season_weight,Game for player_weight,Age (days)_weight,Home?_weight,Game Started?_weight,Year_weight,Month of Season_weight
Linreg,290,73,26.84478189800164,5.181195026053511,0.1099438334545868,36.253540090624455,6.021091270743573,-0.0476731260869489,9.452054794520548,6.423372854937357,3.5953207104757223,3.59532071047572,5.038335532368144,0.1295957860668092,2.856632204702392,-3.317918716002904,-4.137982260992551
Lasso (lambda=0.05),290,73,27.20004096796985,5.2153658517854575,0.0981649884206498,35.812990394266635,5.984395574681426,-0.0349418982833715,9.452054794520548,6.605255610828286,1.695320213511985,0.0,1.5785486611221442,0.0,2.9868092071001677,0.0,-0.0
"Random Forest (500 estimators, 5 depth)",290,73,16.67837490830502,4.083916613779598,0.447017655367942,33.9161089218166,5.823753851410325,0.0198751412964977,9.452054794520548,,0.1772581626773168,0.1713600419201895,0.3831404763988143,0.0414379962353701,0.1417970741923218,0.0318753600591165,0.0531308885168705
"Random Forest (100 estimators, 5 depth)",290,73,17.00922986561228,4.124224759347177,0.4360479445279607,33.02999050686473,5.7471723923043,0.0454826391451262,9.452054794520548,,0.1661518746279669,0.1792478807146864,0.3901991959755834,0.0422018085358936,0.1274446818531188,0.0344327935125019,0.0603217647802489
Ridge (lambda=2.0),290,73,26.943993774502104,5.190760423531614,0.1066543992990293,36.23343926551862,6.019421838143479,-0.0470922422829696,9.452054794520548,6.386046767135982,2.1981771188469827,2.19817711884698,1.658387578077801,0.1151766742076786,2.9759759343058194,0.3428076562047575,-2.253857859924814
SVM (linear kernel),290,73,27.23451639790987,5.2186699836174615,0.09702193316585184,36.81250769415275,6.067331183819848,-0.06382645442691048,9.452054794520548,,,,,,,,
"Feedforward NN (3 layers, [[16, 4, 1]] activations)",290,73,28.306351031664587,5.32037132460363,0.06148456024492133,40.21890702599979,6.341837827160183,-0.1622663041016077,9.452054794520548,,,,,,,,
