model_type,n_train,n_test,mse_train,rmse_train,r2_train,mse_test,rmse_test,r2_test,y_test_mean,bias,Game of season_weight,Game for player_weight,Age (days)_weight,Home?_weight,Game Started?_weight,Year_weight,Month of Season_weight
Linreg,417,105,20.45735042735783,4.522980259448169,0.13514320601335184,26.220797394683334,5.120624707463273,-0.017565634178770884,6.057142857142857,2.3886425941857072,1.8684125989714875,2.8507679267293105,8.365778856187765,1.099593944229424,2.4562831654549546,-5.4869062331488045,-3.1815407881320734
Lasso (lambda=0.05),417,105,20.79876035901196,4.560565793737873,0.12070972891307585,25.56867840487518,5.0565480720423475,0.007741524235820418,6.057142857142857,3.463463533864352,0.0,0.9675178156679164,1.580700555835134,0.9792902823223802,2.4966782745521665,0.0,-0.0
"Random Forest (500 estimators, 5 depth)",417,105,12.85500831200106,3.5853881675490955,0.45654050778144384,20.501308449746528,4.5278370608654335,0.2043938778768455,6.057142857142857,,0.16269612977875703,0.19214974013085806,0.3671724007760885,0.04151746495222063,0.1561843628114154,0.03819375129952541,0.042086150251135074
"Random Forest (100 estimators, 5 depth)",417,105,13.014340928443715,3.6075394562559833,0.4498045477008159,20.064007552115314,4.479286500338565,0.2213644664721136,6.057142857142857,,0.1471392126334279,0.18736983158330228,0.40441798002931856,0.040987176533361015,0.15427527512426098,0.025229309432820878,0.040581214663508364
Ridge (lambda=2.0),417,105,20.522906496101914,4.530221462147509,0.13237175173134696,25.98687978944807,5.0977328087541105,-0.00848785852099998,6.057142857142857,3.0940193360155623,1.2434987759770946,2.3118825162507073,1.9781471023394397,1.101343055548715,2.4834049120686514,0.3811512679197092,-2.6929529940868933
