model_type,n_train,n_test,mse_train,rmse_train,r2_train,mse_test,rmse_test,r2_test,y_test_mean,bias,Game of season_weight,Game for player_weight,Age (days)_weight,Home?_weight,Game Started?_weight,Year_weight,Month of Season_weight
Linreg,417,105,20.45735042735783,4.522980259448169,0.1351432060133518,26.22079739468333,5.120624707463273,-0.0175656341787708,6.057142857142857,2.3886425941857072,1.8684125989714877,2.8507679267293105,8.365778856187765,1.099593944229424,2.4562831654549546,-5.4869062331488045,-3.1815407881320734
Lasso (lambda=0.05),417,105,20.79876035901196,4.560565793737873,0.1207097289130758,25.56867840487518,5.056548072042348,0.0077415242358204,6.057142857142857,3.463463533864352,0.0,0.9675178156679164,1.580700555835134,0.9792902823223802,2.4966782745521665,0.0,-0.0
"Random Forest (500 estimators, 5 depth)",417,105,12.85500831200106,3.5853881675490955,0.4565405077814438,20.501308449746528,4.5278370608654335,0.2043938778768455,6.057142857142857,,0.162696129778757,0.192149740130858,0.3671724007760885,0.0415174649522206,0.1561843628114154,0.0381937512995254,0.042086150251135
"Random Forest (100 estimators, 5 depth)",417,105,13.014340928443715,3.6075394562559833,0.4498045477008159,20.064007552115317,4.479286500338565,0.2213644664721136,6.057142857142857,,0.1471392126334279,0.1873698315833022,0.4044179800293185,0.040987176533361,0.1542752751242609,0.0252293094328208,0.0405812146635083
Ridge (lambda=2.0),417,105,20.522906496101918,4.530221462147509,0.1323717517313469,25.98687978944807,5.097732808754111,-0.0084878585209999,6.057142857142857,3.0940193360155623,1.2434987759770946,2.3118825162507077,1.97814710233944,1.101343055548715,2.4834049120686514,0.3811512679197092,-2.6929529940868933
SVM (linear kernel),417,105,20.842628667004384,4.565372785107957,0.11885514836303512,25.840887719458138,5.083393327242949,-0.002822259910543634,6.057142857142857,,,,,,,,
"Feedforward NN (3 layers, [[16, 4, 1]] activations)",417,105,20.338051727925905,4.509772913121669,0.1401866886033305,26.15031965492913,5.113738324839191,-0.014830563811955466,6.057142857142857,,,,,,,,
