model_type,n_train,n_test,mse_train,rmse_train,r2_train,mse_test,rmse_test,r2_test,y_test_mean,bias,Game of season_weight,Game for player_weight,Age (days)_weight,Home?_weight,Game Started?_weight,Year_weight,Month of Season_weight
Linreg,269,68,11.565306232168558,3.400780238734717,0.23527330952681513,13.877447758455624,3.7252446575299754,0.07933659829984951,2.985294117647059,3.2621416929530866,-0.9086813639088094,-1.0854488120991044,2.3739016027671087,-1.1155851593368917,5.202927874566262,-1.2685251318755673,-0.18098017867654087
Lasso (lambda=0.05),269,68,11.731532708678989,3.425132509652581,0.22428200322683434,13.402050217228057,3.6608810711668927,0.11087561938532087,2.985294117647059,3.208862588440408,-0.0,-0.0,0.2660784758070286,-0.8008721994198774,4.529816828455948,0.0,-0.8094384707280753
"Random Forest (500 estimators, 5 depth)",269,68,6.43617332254143,2.53696143497323,0.5744242802176087,12.44946104734448,3.5283793797357563,0.17407268564942313,2.985294117647059,,0.17195435400114636,0.14194375268729362,0.24812156305289568,0.04444260586788358,0.32137977026894526,0.018192271755031686,0.05396568236680377
"Random Forest (100 estimators, 5 depth)",269,68,6.479625772380627,2.5455109059637966,0.5715510966207875,12.767799446397271,3.573205766031012,0.1529533473917708,2.985294117647059,,0.17249418421276688,0.13285881279269873,0.2568424208290432,0.0458043856024159,0.32024359813457587,0.018068442547823273,0.05368815588067619
Ridge (lambda=2.0),269,68,11.583195769519676,3.4034094331302067,0.23409040901229483,13.648187466411065,3.694345336647762,0.09454627979332919,2.985294117647059,3.236763089254506,-0.7173840098606292,-0.7730028154011536,0.6500463008722328,-1.0421651521741997,4.815931997738653,0.4651909569678975,-0.5754017261079527
