model_type,n_train,n_test,mse_train,rmse_train,r2_train,mse_test,rmse_test,r2_test,y_test_mean,bias,Game of season_weight,Game for player_weight,Age (days)_weight,Home?_weight,Game Started?_weight,Year_weight,Month of Season_weight
Linreg,257,65,15.424702303633284,3.9274294778688623,0.13278262200396085,14.171201919829985,3.764465688491527,-0.013359422369536356,4.984615384615385,4.926096836666282,-1.2349865142023768,-1.234986514202377,-0.693738340698566,-0.8140049172845623,5.09696758171414,2.2583376752091606,-0.2563999193133284
Lasso (lambda=0.05),257,65,15.591726538377781,3.9486360351870595,0.12339207973833799,13.876221852444926,3.7250801135606366,0.007734118770228449,4.984615384615385,5.1975481928777985,-1.65907113778232,-0.0,0.21767339129060242,-0.6267205391058204,4.006819688339415,0.0,-0.0
"Random Forest (500 estimators, 5 depth)",257,65,10.020054537954273,3.1654469728545878,0.4366461502640998,15.908001009299701,3.9884835475779137,-0.1375550786048887,4.984615384615385,,0.11347053185936658,0.12358466364634596,0.3638364694934268,0.044376105263196325,0.2042442283602276,0.05101442236335688,0.09947357901407988
"Random Forest (100 estimators, 5 depth)",257,65,9.982369778255869,3.159488847623278,0.43876488668135716,15.848137504678963,3.9809719296522252,-0.13327433750708528,4.984615384615385,,0.11475867555778452,0.13020793113518284,0.3827544692396488,0.03998660440133297,0.20898480874503553,0.0471205597590892,0.07618695116192606
Ridge (lambda=2.0),257,65,15.448543029667132,3.9304634624516144,0.13144223361178253,13.997020989105277,3.741259278519103,-0.0009040294998612364,4.984615384615385,5.010964370432547,-1.177597974175045,-1.1775979741750453,0.5530095624054822,-0.780161563255917,4.527276532531703,0.6120375912936175,-0.019805224622609544
