model_type,n_train,n_test,mse_train,rmse_train,r2_train,mse_test,rmse_test,r2_test,y_test_mean,bias,Game of season_weight,Game for player_weight,Age (days)_weight,Home?_weight,Game Started?_weight,Year_weight,Month of Season_weight
Linreg,257,65,15.424702303633284,3.9274294778688623,0.1327826220039608,14.171201919829985,3.764465688491527,-0.0133594223695363,4.984615384615385,4.926096836666282,-1.2349865142023768,-1.234986514202377,-0.693738340698566,-0.8140049172845623,5.09696758171414,2.2583376752091606,-0.2563999193133284
Lasso (lambda=0.05),257,65,15.59172653837778,3.94863603518706,0.1233920797383379,13.876221852444926,3.7250801135606366,0.0077341187702284,4.984615384615385,5.197548192877799,-1.65907113778232,-0.0,0.2176733912906024,-0.6267205391058204,4.006819688339415,0.0,-0.0
"Random Forest (500 estimators, 5 depth)",257,65,10.020054537954271,3.165446972854588,0.4366461502640998,15.9080010092997,3.9884835475779137,-0.1375550786048887,4.984615384615385,,0.1134705318593665,0.1235846636463459,0.3638364694934268,0.0443761052631963,0.2042442283602276,0.0510144223633568,0.0994735790140798
"Random Forest (100 estimators, 5 depth)",257,65,9.982369778255867,3.159488847623278,0.4387648866813571,15.848137504678965,3.980971929652225,-0.1332743375070852,4.984615384615385,,0.1147586755577845,0.1302079311351828,0.3827544692396488,0.0399866044013329,0.2089848087450355,0.0471205597590892,0.076186951161926
Ridge (lambda=2.0),257,65,15.448543029667132,3.9304634624516144,0.1314422336117825,13.997020989105277,3.741259278519103,-0.0009040294998612,4.984615384615385,5.010964370432547,-1.177597974175045,-1.1775979741750453,0.5530095624054822,-0.780161563255917,4.527276532531703,0.6120375912936175,-0.0198052246226095
SVM (linear kernel),257,65,15.982671854916422,3.9978333950924494,0.10141210465197192,14.683485875896421,3.8319036882333593,-0.049992008422963696,4.984615384615385,,,,,,,,
"Feedforward NN (3 layers, [[16, 4, 1]] activations)",257,65,15.58896024918196,3.948285735503696,0.12354760780078966,18.665422249911206,4.320349783282738,-0.3347337520458138,4.984615384615385,,,,,,,,
