model_type,n_train,n_test,mse_train,rmse_train,r2_train,mse_test,rmse_test,r2_test,y_test_mean,bias,Game of season_weight,Game for player_weight,Age (days)_weight,Home?_weight,Game Started?_weight,Year_weight,Month of Season_weight
Linreg,731,183,16.912841861589815,4.1125225666967244,0.1935562862104313,14.07293609255439,3.7513912209411577,0.18897447125710476,5.240437158469946,4.320277056587448,-5.837156038674384,5.219840539151688,-4.608306012505628,0.7698082106994895,2.9757511922175777,2.503072212568915,2.1629074227061253
Lasso (lambda=0.05),731,183,17.16653646788998,4.143251919433572,0.18145953616999444,13.494554205183842,3.6734934606153637,0.2223067107368385,5.240437158469946,4.867521427404821,0.0,0.6094260175520789,-2.3799310890710608,0.5546350010187805,3.037562833371583,-0.0,0.0
"Random Forest (500 estimators, 5 depth)",731,183,11.708938858500693,3.4218326754095814,0.44169050861706083,14.117894565267294,3.757378682707839,0.18638350737695564,5.240437158469946,,0.08766869690642622,0.08705820297046664,0.43252414785808013,0.038291009014653384,0.3161025318253722,0.011232721106432354,0.02712269031856924
"Random Forest (100 estimators, 5 depth)",731,183,11.806503455316351,3.436059291589182,0.43703840127553295,13.86550963466988,3.7236419852974425,0.20092849077191344,5.240437158469946,,0.08662151967846841,0.09742006804275716,0.43084787570039373,0.040437912025430726,0.3067347406652946,0.011287223007521989,0.026650660880133452
Ridge (lambda=2.0),731,183,16.960436937621445,4.118305104969937,0.19128684206927749,13.694525637724405,3.7006115221304174,0.2107823255095448,5.240437158469946,4.3895669901265855,-2.9935979159337482,3.0091178507698104,-1.4450447418784313,0.7594219465740831,3.036394449383932,-0.9240227161031047,1.489409376177153
