model_type,n_train,n_test,mse_train,rmse_train,r2_train,mse_test,rmse_test,r2_test,y_test_mean,bias,Game of season_weight,Game for player_weight,Age (days)_weight,Home?_weight,Game Started?_weight,Year_weight,Month of Season_weight
Linreg,108,27,9.245681638750451,3.0406712480553453,0.4219466625515369,11.205130141408384,3.3474064798599503,0.21411007570841722,4.037037037037037,0.7204153343214696,-9.02417681769302,8.761647889521546,3.6343316005978856,-0.4891128869029199,6.377885323948392,-1.5682225613960632,1.2688086505198477
Lasso (lambda=0.05),108,27,9.800975320277855,3.130650941941285,0.3872289015023537,11.599937885787005,3.4058681544926257,0.1864195960420698,4.037037037037037,1.32533593066164,-0.0,0.3881734575141976,1.4840953195020685,-0.17853559059779042,6.77156841015852,0.0,0.0
"Random Forest (500 estimators, 5 depth)",108,27,4.247231139382718,2.0608811560550304,0.7344569896560891,11.163565781073673,3.3411922693963114,0.2170252593416675,4.037037037037037,,0.09707901655251142,0.11824307350865346,0.32004540620662764,0.020526518754058417,0.4224518852065502,0.01145241957029428,0.01020168020130465
"Random Forest (100 estimators, 5 depth)",108,27,4.37557599361492,2.091787750613078,0.7264326844472317,11.26495787545139,3.3563310139870577,0.20991396082316105,4.037037037037037,,0.08235676875076813,0.13204528501198698,0.29882567890921485,0.02156380169552147,0.44239348924637034,0.01171120694640563,0.011103769439732718
Ridge (lambda=2.0),108,27,9.740640876841997,3.1209999802694646,0.3910010978372369,11.037820767441634,3.3223215930192,0.2258445892375457,4.037037037037037,1.1696538846405682,-1.2441394787111713,1.93546411467597,1.063911947679944,-0.2913989078679884,6.036268296914108,0.537141010135804,0.09636709797410273
