model_type,n_train,n_test,mse_train,rmse_train,r2_train,mse_test,rmse_test,r2_test,y_test_mean,bias,Game of season_weight,Game for player_weight,Age (days)_weight,Home?_weight,Game Started?_weight,Year_weight,Month of Season_weight
Linreg,108,27,9.245681638750453,3.0406712480553453,0.4219466625515369,11.205130141408384,3.3474064798599503,0.2141100757084172,4.037037037037037,0.7204153343214696,-9.02417681769302,8.761647889521546,3.6343316005978856,-0.4891128869029199,6.377885323948392,-1.5682225613960632,1.2688086505198477
Lasso (lambda=0.05),108,27,9.800975320277855,3.130650941941285,0.3872289015023537,11.599937885787003,3.4058681544926257,0.1864195960420698,4.037037037037037,1.32533593066164,-0.0,0.3881734575141976,1.4840953195020683,-0.1785355905977904,6.77156841015852,0.0,0.0
"Random Forest (500 estimators, 5 depth)",108,27,4.247231139382718,2.0608811560550304,0.7344569896560891,11.163565781073672,3.3411922693963114,0.2170252593416675,4.037037037037037,,0.0970790165525114,0.1182430735086534,0.3200454062066276,0.0205265187540584,0.4224518852065502,0.0114524195702942,0.0102016802013046
"Random Forest (100 estimators, 5 depth)",108,27,4.37557599361492,2.091787750613078,0.7264326844472317,11.26495787545139,3.3563310139870577,0.209913960823161,4.037037037037037,,0.0823567687507681,0.1320452850119869,0.2988256789092148,0.0215638016955214,0.4423934892463703,0.0117112069464056,0.0111037694397327
Ridge (lambda=2.0),108,27,9.740640876841995,3.120999980269465,0.3910010978372369,11.037820767441634,3.3223215930192,0.2258445892375457,4.037037037037037,1.1696538846405682,-1.2441394787111713,1.93546411467597,1.063911947679944,-0.2913989078679884,6.036268296914108,0.537141010135804,0.0963670979741027
SVM (linear kernel),108,27,9.837489572510966,3.136477255219774,0.3849459778421531,12.449455080045007,3.5283785341208795,0.1268373337162969,4.037037037037037,,,,,,,,
"Feedforward NN (3 layers, [[16, 4, 1]] activations)",108,27,19.513156234653383,4.41736983222521,-0.21999064280122793,22.949590089225353,4.790573043929646,-0.6096066168025092,4.037037037037037,,,,,,,,
