model_type,n_train,n_test,mse_train,rmse_train,r2_train,mse_test,rmse_test,r2_test,y_test_mean,bias,Game of season_weight,Game for player_weight,Age (days)_weight,Home?_weight,Game Started?_weight,Year_weight,Month of Season_weight
Linreg,368,93,25.868898677909673,5.0861477247431255,0.05338729540979792,21.392936573804825,4.625249893119811,0.02024088733472096,6.580645161290323,8.650532473497925,-5.596812548992052,3.178660481860002,-10.052294018093464,2.985559791004143e-05,1.3721581437911354,7.961396061269543,1.0064396798838344
Lasso (lambda=0.05),368,93,26.187283312558865,5.11735120082244,0.041736743762518125,21.861434984474442,4.675621347422655,-0.001215521211117343,6.580645161290323,7.549956181326242,-0.8249372580994003,0.0,-1.332925188363756,-0.0,1.3767596731653848,-0.0,-0.0
"Random Forest (500 estimators, 5 depth)",368,93,17.340649056742713,4.1642104962096615,0.3654589278294258,21.826119542200356,4.671843270294965,0.00040186433417577216,6.580645161290323,,0.3165693881833302,0.1735314577094725,0.37236113934529436,0.019156059274948078,0.0695256727559629,0.02817552786996602,0.020680754861025996
"Random Forest (100 estimators, 5 depth)",368,93,17.374063331865024,4.168220643375903,0.3642362094702377,21.8784834978654,4.677444120229059,-0.0019963133335338945,6.580645161290323,,0.3306436673105923,0.18613749970433277,0.35157337541300976,0.016014638968745512,0.06465820031378816,0.024730262967245824,0.02624235532228581
Ridge (lambda=2.0),368,93,25.98044582118958,5.097101707950272,0.049305484881092654,21.490469701815968,4.635781455355286,0.015774040503011233,6.580645161290323,7.944196094268451,-3.019189890766368,1.6542697911765574,-1.630245360725655,0.022546663272847895,1.3823685634285416,-0.4458018670056433,0.5121954760685703
