model_type,n_train,n_test,mse_train,rmse_train,r2_train,mse_test,rmse_test,r2_test,y_test_mean,bias,Game of season_weight,Game for player_weight,Age (days)_weight,Home?_weight,Game Started?_weight,Year_weight,Month of Season_weight
Linreg,102,26,16.16816121665081,4.020965209579761,0.14285216003202583,12.698749439974282,3.5635304741189295,-0.06492428004250272,3.8076923076923075,2.959624559391311,3.565807965514091,3.5658079655140886,-6.327600686167305,-1.1315196670586447,4.788879911360983,9.06481160831709,-4.443941361022652
Lasso (lambda=0.05),102,26,16.914649571541688,4.112742341983228,0.10327741356691678,13.859458962222492,3.7228294296438684,-0.16226203429629127,3.8076923076923075,3.5742969914683256,3.8551722726417026,1.2089668929652814e-15,-0.0,-0.7301991946757801,2.7705377659311647,0.38729673953500593,-0.0
"Random Forest (500 estimators, 5 depth)",102,26,7.1804744486083045,2.6796407312563946,0.6193303566746118,16.85719382259667,4.105751310368989,-0.41365376802820375,3.8076923076923075,,0.24096398473435254,0.244340024669029,0.3942031543668119,0.029843228472025005,0.0350718345160659,0.0073266988468193295,0.048251074394896315
"Random Forest (100 estimators, 5 depth)",102,26,7.1967939027284755,2.682684085524883,0.6184651881089893,16.33675155696497,4.041874757704025,-0.3700091865163526,3.8076923076923075,,0.25026353820191133,0.2454212438856406,0.383368924546177,0.027523212505733807,0.040397170368552004,0.004496651333763331,0.04852925915822208
Ridge (lambda=2.0),102,26,16.75339027937935,4.093090553527902,0.11182650286034634,13.637478954849554,3.6928957411291146,-0.14364666585762298,3.8076923076923075,3.4830706273142553,2.0903859594836076,2.0903859594836085,-0.7578901649978553,-0.8674694264124007,2.8452511519685877,1.5678750695591641,-0.4917884363943233
