model_type,n_train,n_test,mse_train,rmse_train,r2_train,mse_test,rmse_test,r2_test,y_test_mean,bias,Game of season_weight,Game for player_weight,Age (days)_weight,Home?_weight,Game Started?_weight,Year_weight,Month of Season_weight
Linreg,548,137,30.04563615766482,5.481389984088417,0.2641874021599063,29.313479513542905,5.414192415637157,0.1179686471140215,7.810218978102189,7.671304079177746,-11.427528446708935,19.839771365786763,6.418781544220614,0.56939938302877,5.042257664054623,-10.51170674243994,-3.721996778596521
Lasso (lambda=0.05),548,137,31.02997685258007,5.570455713187214,0.2400810633862956,29.7187001554758,5.451486050195469,0.1057757134550791,7.810218978102189,7.995959075649885,-0.0,5.556893586413983,-0.0,0.2331344308390223,5.010987527883516,-4.943770384670287,-1.6521942508261296
"Random Forest (500 estimators, 5 depth)",548,137,21.907180892022264,4.680510751191825,0.4634968086904839,30.44133843617565,5.517366984003842,0.0840318048181528,7.810218978102189,,0.0899709476046128,0.1439903848464819,0.481822795913056,0.0122936695798936,0.2218309823232533,0.0153489852050385,0.0347422345276636
"Random Forest (100 estimators, 5 depth)",548,137,21.986844597559024,4.68901317950366,0.4615458578829531,30.40014744234877,5.513632871560163,0.085271226020097,7.810218978102189,,0.0879315954712229,0.1405247269434469,0.4981640602299078,0.0098941341351927,0.2205941438249408,0.0150569164740898,0.0278344229211989
Ridge (lambda=2.0),548,137,30.498912839842838,5.522582080860622,0.2530867321223821,29.494318822265964,5.430867225615626,0.1125272616908318,7.810218978102189,8.269195625057803,-2.21747145965977,9.4856338388647,-1.9017310087204693,0.4654399297639285,5.217077953539,-3.0405194958604778,-3.844265756307849
SVM (linear kernel),548,137,30.311671570112868,5.505603651745453,0.2576722394612819,29.52553129635627,5.433740083621618,0.11158809031965178,7.810218978102189,,,,,,,,
"Feedforward NN (3 layers, [[16, 4, 1]] activations)",548,137,30.202754933150626,5.495703315604894,0.26033958966051374,31.488761571211207,5.611484792032426,0.052515244513100856,7.810218978102189,,,,,,,,
