model_type,n_train,n_test,mse_train,rmse_train,r2_train,mse_test,rmse_test,r2_test,y_test_mean,bias,Game of season_weight,Game for player_weight,Age (days)_weight,Home?_weight,Game Started?_weight,Year_weight,Month of Season_weight
Linreg,548,137,30.04563615766482,5.481389984088417,0.2641874021599063,29.313479513542905,5.414192415637157,0.11796864711402155,7.810218978102189,7.671304079177746,-11.427528446708935,19.839771365786763,6.418781544220614,0.56939938302877,5.042257664054623,-10.511706742439939,-3.7219967785965213
Lasso (lambda=0.05),548,137,31.02997685258007,5.570455713187214,0.24008106338629565,29.718700155475798,5.451486050195469,0.10577571345507919,7.810218978102189,7.9959590756498855,-0.0,5.556893586413983,-0.0,0.23313443083902233,5.010987527883516,-4.9437703846702865,-1.6521942508261296
"Random Forest (500 estimators, 5 depth)",548,137,21.907180892022264,4.680510751191825,0.46349680869048393,30.441338436175652,5.517366984003842,0.08403180481815287,7.810218978102189,,0.08997094760461287,0.14399038484648197,0.481822795913056,0.012293669579893604,0.22183098232325332,0.015348985205038588,0.03474223452766367
"Random Forest (100 estimators, 5 depth)",548,137,21.986844597559024,4.68901317950366,0.4615458578829531,30.40014744234877,5.513632871560163,0.08527122602009707,7.810218978102189,,0.0879315954712229,0.14052472694344695,0.4981640602299078,0.009894134135192715,0.22059414382494083,0.015056916474089861,0.027834422921198993
Ridge (lambda=2.0),548,137,30.498912839842834,5.522582080860622,0.2530867321223821,29.494318822265964,5.430867225615626,0.11252726169083183,7.810218978102189,8.269195625057803,-2.21747145965977,9.485633838864699,-1.9017310087204693,0.4654399297639285,5.2170779535389995,-3.0405194958604778,-3.8442657563078493
