model_type,n_train,n_test,mse_train,rmse_train,r2_train,mse_test,rmse_test,r2_test,y_test_mean,bias,Game of season_weight,Game for player_weight,Age (days)_weight,Home?_weight,Game Started?_weight,Year_weight,Month of Season_weight
Linreg,239,60,33.298777853532386,5.770509323580752,0.1809961351410461,37.469986409954565,6.121273267054377,0.0994896286535836,9.416666666666666,3.688297748258585,7.783487028573852,7.783487028573842,17.077460429469344,0.9421247355046805,3.1177131104095563,-14.858228274993632,-8.609462423378616
Lasso (lambda=0.05),239,60,35.15721384550074,5.929351890847831,0.1352867620610487,36.578741797570274,6.048036193473901,0.1209087721802931,9.416666666666666,3.979354314476173,1.9239465516937424,0.0,4.934529106770669,0.7886948244435401,2.908975606583666,-0.0,-0.0
"Random Forest (500 estimators, 5 depth)",239,60,18.34521015466738,4.283130882271447,0.5487883043512825,35.38665222696287,5.948668105295745,0.1495580759233196,9.416666666666666,,0.1147077615417333,0.1129906444288114,0.7052403453039952,0.0366268693641504,0.0138827725242696,0.0065272020580573,0.0100244047789825
"Random Forest (100 estimators, 5 depth)",239,60,18.307880721183327,4.278770935815953,0.549706444663546,35.21817057943257,5.9344899173755925,0.1536071692248924,9.416666666666666,,0.0935028641361911,0.121569883863489,0.7131474352369049,0.0344414692644853,0.0145545254172184,0.00666817789112,0.0161156441905909
Ridge (lambda=2.0),239,60,34.48188784535762,5.872128050831114,0.1518968192406182,36.51791622177579,6.04300556195142,0.122370583808586,9.416666666666666,3.832564539287497,3.0067606538976617,3.0067606538976666,6.386357230199118,0.948703344703462,2.9462162152297275,-2.165403082100206,-2.843455942957992
SVM (linear kernel),239,60,33.92923210753959,5.824880437188354,0.1654897260794327,36.93206215496589,6.077175507994309,0.1124174788352269,9.416666666666666,,,,,,,,
"Feedforward NN (3 layers, [[16, 4, 1]] activations)",239,60,37.46738046741614,6.121060403836589,0.07846679707196869,35.50137196227179,5.958302775310415,0.14680103431904656,9.416666666666666,,,,,,,,
