model_type,n_train,n_test,mse_train,rmse_train,r2_train,mse_test,rmse_test,r2_test,y_test_mean,bias,Game of season_weight,Game for player_weight,Age (days)_weight,Home?_weight,Game Started?_weight,Year_weight,Month of Season_weight
Linreg,469,118,22.553850086267573,4.749089395480735,0.12239069724040363,22.691406857802747,4.763549816870056,0.13516557610515956,6.389830508474576,5.711604435462395,-14.467297687093726,16.951379629671173,13.41572339149169,0.23120939083668435,3.4696082894767786,-15.632049818879501,1.5132731566938116
Lasso (lambda=0.05),469,118,23.48632416391786,4.846269097348791,0.08610651861910756,23.977894871547292,4.896722870609209,0.08613383791516704,6.389830508474576,5.443431787207961,0.0,0.8826179019710161,0.0,0.043186537137407964,2.9408915197013616,-0.0,-0.0
"Random Forest (500 estimators, 5 depth)",469,118,15.848731316273874,3.9810465101872237,0.3832984618192482,21.18535483398551,4.602755135132164,0.19256552677969252,6.389830508474576,,0.0817519516967879,0.15764734183535073,0.5744504627428879,0.017752291954446973,0.14409548568871072,0.006918330687880143,0.017384135393935633
"Random Forest (100 estimators, 5 depth)",469,118,15.911110766837806,3.9888733706195545,0.38087116954291644,20.91177583388485,4.572939517846792,0.20299240504354166,6.389830508474576,,0.08892579986780566,0.16328957975889297,0.5637493219177174,0.017101909116856846,0.14483633821691067,0.006637613604767288,0.015459437517049243
Ridge (lambda=2.0),469,118,23.10104246515393,4.806354384058039,0.10109849567512785,23.38347743104533,4.835646537025357,0.10878878689788252,6.389830508474576,5.592772778173326,-2.9052382981766174,5.078863340350468,0.9766105553739477,0.23919007517024385,3.1890790299115124,-1.6479126855967303,-0.7369625973469816
