model_type,n_train,n_test,mse_train,rmse_train,r2_train,mse_test,rmse_test,r2_test,y_test_mean,bias,Game of season_weight,Game for player_weight,Age (days)_weight,Home?_weight,Game Started?_weight,Year_weight,Month of Season_weight
Linreg,207,52,29.637692078325443,5.444051072347269,0.2775608337737366,28.69124145884818,5.356420582707091,0.2614417110475088,9.192307692307692,9.169976088517814,7.983092748289902,7.983092748289905,-1.1366444580007162,0.3805143919665662,3.843175377716122,-0.4932788305204327,-13.005920603681142
Lasso (lambda=0.05),207,52,30.25614957810256,5.500559024144961,0.2624855060692521,28.731804157728675,5.3602056077848985,0.2603975625214353,9.192307692307692,8.962528384056153,9.108899990789087,3.215311902083076e-14,-0.0,0.1856184838519168,4.670022863156734,-1.6578513933585366,-6.503757415771263
"Random Forest (500 estimators, 5 depth)",207,52,15.304601563860873,3.9121096052974886,0.6269397912630744,23.961269255954708,4.895024949472138,0.3831987351195544,9.192307692307692,,0.0629428760485402,0.0696926732829611,0.5797190887873247,0.0260704097293187,0.2355197974471358,0.00973150469184,0.0163236500128792
"Random Forest (100 estimators, 5 depth)",207,52,15.10601339912624,3.886645520127381,0.6317805146154238,24.350568346470524,4.934629504478581,0.3731775559874309,9.192307692307692,,0.0647230048777269,0.071318029310092,0.5884423171742618,0.027649943210674,0.2231439688173825,0.0074547676461969,0.0172679689636656
Ridge (lambda=2.0),207,52,30.289882039935836,5.503624445757162,0.2616632540687527,29.26883764929456,5.410068174181778,0.2465734644178391,9.192307692307692,9.042462465493474,4.438056012147466,4.438056012147472,-0.3306729934962233,0.3658166889867551,4.64398605728338,-1.8830697193309651,-6.068405640831512
SVM (linear kernel),207,52,29.784072436451176,5.457478578652524,0.2739927116812072,28.605557478316026,5.348416352371609,0.2636473532865605,9.192307692307692,,,,,,,,
"Feedforward NN (3 layers, [[16, 4, 1]] activations)",207,52,33.7234674147965,5.80719100898158,0.17796724464853508,37.02234428675108,6.08459894214492,0.04698584449016674,9.192307692307692,,,,,,,,
