model_type,n_train,n_test,mse_train,rmse_train,r2_train,mse_test,rmse_test,r2_test,y_test_mean,bias,Game of season_weight,Game for player_weight,Age (days)_weight,Home?_weight,Game Started?_weight,Year_weight,Month of Season_weight
Linreg,214,54,54.14535761966346,7.3583529148623645,0.1171360595883805,61.528460755047085,7.844007952255472,0.2112741439278815,17.09259259259259,13.70967900819178,-15.04275421077915,12.934202609517897,19.758623934785227,0.6432928880064437,-0.4655748085993849,-10.149128133127464,2.7002149545323637
Lasso (lambda=0.05),214,54,54.941428357145895,7.412248535845644,0.1041557750536101,64.63362664784778,8.039504129475137,0.1714693999607691,17.09259259259259,14.625637793016162,-0.804557013300756,-0.0,7.836582908373617,0.5223493335097209,0.0,-0.0,-0.4192478577651757
"Random Forest (500 estimators, 5 depth)",214,54,32.97365609812441,5.742269246397665,0.4623499920887829,77.32007521039476,8.793183451423879,0.0088433586098326,17.09259259259259,,0.2061374904089339,0.1907640262730828,0.4813994456726982,0.061265355354917,0.0124649621090093,0.0104980479081481,0.0374706722732104
"Random Forest (100 estimators, 5 depth)",214,54,33.74652684851379,5.809176090334479,0.4497479935774672,78.47618833604723,8.85867870147954,-0.0059767149554184,17.09259259259259,,0.2119456692511292,0.1818516753706331,0.4879811372720664,0.0551506942112366,0.0120762454678783,0.0109610526773073,0.0400335257497487
Ridge (lambda=2.0),214,54,54.993046597176814,7.415729673955005,0.1033141168802368,65.28841802604427,8.080124876884284,0.163075708911472,17.09259259259259,14.826280678693037,-1.062678432965967,0.4069758614321953,6.583040275854372,0.7079069590332645,0.2536282747339936,0.9231896060562668,-1.3628377431231635
SVM (linear kernel),214,54,54.70968890650685,7.396599820627506,0.10793438902042818,60.367282715500906,7.769638518972482,0.22615914400840254,17.09259259259259,,,,,,,,
"Feedforward NN (3 layers, [[16, 4, 1]] activations)",214,54,62.80202785926239,7.924773047807892,-0.024014767270334136,82.34092169575946,9.074189864431947,-0.05551826191146625,17.09259259259259,,,,,,,,
