model_type,n_train,n_test,mse_train,rmse_train,r2_train,mse_test,rmse_test,r2_test,y_test_mean,bias,Game of season_weight,Game for player_weight,Age (days)_weight,Home?_weight,Game Started?_weight,Year_weight,Month of Season_weight
Linreg,470,118,25.137719683545583,5.013753053705934,0.153781098851086,30.510266317012817,5.5236098990617375,0.1714289510881446,7.559322033898305,7.661640664567084,-1.548514307564938,7.624265133277785,21.906198897805275,0.7180602714745411,4.062089781858703,-24.603492724086752,-4.213204328225573
Lasso (lambda=0.05),470,118,26.0495124490402,5.1038722994448245,0.1230871344897348,31.31444815444051,5.595931392935452,0.1495896861787531,7.559322033898305,7.825812772189401,-0.0,1.0798899814956202,-0.0,0.5794259510322912,3.661332637044656,-0.9208655666648884,-2.050264527615856
"Random Forest (500 estimators, 5 depth)",470,118,15.487966923338597,3.935475438030149,0.4786237369224363,29.0911637822585,5.393622510174262,0.2099676928846788,7.559322033898305,,0.1416367578109472,0.1106454186716319,0.5063702137277148,0.0301512808793224,0.1808096692946285,0.0139724332296788,0.0164142263860761
"Random Forest (100 estimators, 5 depth)",470,118,15.5862745817856,3.947945615353079,0.4753143755422949,29.233133214075234,5.406767353426189,0.2061122115915439,7.559322033898305,,0.1474086921002013,0.1068116777029814,0.4946736885788383,0.0270576415944698,0.1854622745295062,0.0160905157607578,0.022495509733245
Ridge (lambda=2.0),470,118,25.54225073815689,5.05393418419323,0.1401632437384017,30.69420544384781,5.540235143371427,0.166433693633685,7.559322033898305,8.007502798526287,-0.4111191764476272,4.534327211642692,1.2412256195058773,0.747205012271708,3.801616876193539,-2.544686694251304,-4.676126428705087
SVM (linear kernel),470,118,25.44654251846276,5.044456612804074,0.14338509940073152,30.62690773346899,5.534158267837033,0.16826130581833698,7.559322033898305,,,,,,,,
"Feedforward NN (3 layers, [[16, 4, 1]] activations)",470,118,28.022090840671567,5.293589598813981,0.05668361261065924,36.10446018598122,6.008698709868986,0.01950674124355889,7.559322033898305,,,,,,,,
