model_type,n_train,n_test,mse_train,rmse_train,r2_train,mse_test,rmse_test,r2_test,y_test_mean,bias,Game of season_weight,Game for player_weight,Age (days)_weight,Home?_weight,Game Started?_weight,Year_weight,Month of Season_weight
Linreg,564,141,54.31378753333821,7.369788839128175,0.2553947335192661,46.83544071399376,6.843642357253464,0.1586531400580908,17.70921985815603,11.801642174782046,5.9430933334106495,5.9430933334106575,-18.94990804902965,1.5921692059679804,7.847174955740173,14.94877020950656,-10.215638546370489
Lasso (lambda=0.05),564,141,55.26275311505321,7.433892191514026,0.2423850576718541,46.73508382138022,6.83630629955828,0.1604559405695568,17.70921985815603,11.491681555306,3.027574775066102,1.719201495204328e-15,-6.040964479742288,1.3025219218013822,7.981127791888722,-0.0,-0.0326299805012202
"Random Forest (500 estimators, 5 depth)",564,141,36.0065714403822,6.000547595043488,0.5063742754826891,39.54447182424848,6.288439538092776,0.2896273272933678,17.70921985815603,,0.0730521642691048,0.0724748890693733,0.7336660459682497,0.0253694948490003,0.0657412330043644,0.0144012933081545,0.0152948795317527
"Random Forest (100 estimators, 5 depth)",564,141,35.99040778748753,5.999200595703358,0.5065958682240082,40.25317422638636,6.344538929377482,0.2768962729554114,17.70921985815603,,0.0688390737646019,0.0679046950514062,0.7554092497644601,0.0242339038715188,0.0578137094769903,0.0085366729441294,0.017262695126893
Ridge (lambda=2.0),564,141,54.56597238254136,7.386878392294093,0.2519374499201791,46.76514464094235,6.838504561740261,0.1599159312142413,17.70921985815603,11.845757857712664,4.4224467237495535,4.422446723749537,-3.765761175174117,1.534843065108316,7.567653822185121,-1.655306817960536,-5.675253988959329
SVM (linear kernel),564,141,54.41852196702405,7.376891077345798,0.2539588953196842,46.60269579698278,6.826616716718669,0.16283414491487047,17.70921985815603,,,,,,,,
"Feedforward NN (3 layers, [[16, 4, 1]] activations)",564,141,58.155955330791514,7.626005201335199,0.20272121346820426,55.61571255925163,7.457594287654138,0.0009252734291586018,17.70921985815603,,,,,,,,
