model_type,n_train,n_test,mse_train,rmse_train,r2_train,mse_test,rmse_test,r2_test,y_test_mean,bias,Game of season_weight,Game for player_weight,Age (days)_weight,Home?_weight,Game Started?_weight,Year_weight,Month of Season_weight
Linreg,723,181,29.020522385873406,5.38706992583848,0.19782959224086583,23.589298358685653,4.856881546701098,0.1931853735974861,7.0,6.1831650976853485,-13.262179574027742,15.254457170926395,26.137652683195373,-0.02377354169004897,3.3921040678194654,-30.287824237351362,7.274595032202378
Lasso (lambda=0.05),723,181,30.217307221264797,5.497027125753046,0.16474867913252067,23.16393181561049,4.8128922505714264,0.20773400252730556,7.0,6.796096583806523,-0.0,3.1239205489776123,-0.0,0.0,3.9226270774006133,-4.264798286010852,0.0
"Random Forest (500 estimators, 5 depth)",723,181,19.451437287907993,4.410378361082866,0.4623333386880113,22.920032688082017,4.787487095343654,0.21607597948925827,7.0,,0.09547641436968018,0.09230551792663862,0.6674596800493009,0.009935096181263176,0.08276053773365598,0.03563410835371004,0.016428645385751003
"Random Forest (100 estimators, 5 depth)",723,181,19.440053916157172,4.409087651221868,0.4626479920163564,23.04035661986196,4.800037147758542,0.2119605917998838,7.0,,0.08735451743292766,0.09646508814308062,0.6742043134520503,0.008072987589368445,0.08202942877870438,0.03704958334534005,0.01482408125852852
Ridge (lambda=2.0),723,181,29.581412693102408,5.438879727765857,0.18232574980565686,22.95370064894025,4.791002050609063,0.2149244487040467,7.0,6.71473910420652,-5.7086283828205975,8.539215852051615,-0.25477369804053235,0.003868550270730485,3.7816559700066836,-3.844569236531648,1.5404023331707828
