model_type,n_train,n_test,mse_train,rmse_train,r2_train,mse_test,rmse_test,r2_test,y_test_mean,bias,Game of season_weight,Game for player_weight,Age (days)_weight,Home?_weight,Game Started?_weight,Year_weight,Month of Season_weight
Linreg,730,183,65.29420659762965,8.080483067096276,0.0389803288266124,58.716441968043945,7.662665461054916,0.044164219954295536,18.530054644808743,19.431813793522004,-23.592769542788314,28.419407227039546,-22.617617519782964,-0.5455991251771798,1.7769210642187354,19.678558228123727,-6.989046131085523
Lasso (lambda=0.05),730,183,65.81536856565187,8.112667167193035,0.031309711030102494,57.913648567810164,7.610101744905266,0.0572327682213315,18.530054644808743,17.332506832416637,0.0,0.0,-3.3556557300974563,-0.30059745998205123,2.9233169603258284,-0.0,-0.0
"Random Forest (500 estimators, 5 depth)",730,183,50.95047169338959,7.137959911164365,0.25009571132934505,51.87544370122886,7.202460947567078,0.15552776133187496,18.530054644808743,,0.10642528462764127,0.11632210464819161,0.6740346248641921,0.02489303556393762,0.020964056155046623,0.010773967000899885,0.046586927140091036
"Random Forest (100 estimators, 5 depth)",730,183,50.89024649845416,7.133740007769709,0.25098212377003615,51.78442902001834,7.19613986940348,0.15700937509957946,18.530054644808743,,0.1154990103582759,0.12356964768111003,0.6634473882090008,0.0199614822500428,0.023928743020016515,0.011713156715448267,0.04188057176610575
Ridge (lambda=2.0),730,183,65.55657788541679,8.096701667062755,0.035118669701656,58.362429932241376,7.639530740316539,0.04992712654477105,18.530054644808743,18.36972573875213,1.0506104744761657,2.21539124393038,-3.337067107218973,-0.481728662597948,2.4468110934464997,-0.5602996065703354,-3.4863872369627034
