model_type,n_train,n_test,mse_train,rmse_train,r2_train,mse_test,rmse_test,r2_test,y_test_mean,bias,Game of season_weight,Game for player_weight,Age (days)_weight,Home?_weight,Game Started?_weight,Year_weight,Month of Season_weight
Linreg,341,86,73.56831214087096,8.57719721942261,0.2352637267419272,68.06936774585968,8.250416216522636,0.12475479164051095,27.25581395348837,18.464430681643723,-11.176939229588465,17.105140785713193,4.281080915458318,1.0272648614443165,3.197442310920451e-14,13.172384773936765,-7.705082183889619
Lasso (lambda=0.05),341,86,74.37250906748731,8.6239497370687,0.22690416890065757,68.12834488661939,8.253989634511264,0.12399645552601357,27.25581395348837,19.096894245577325,0.0,2.9626408607838983,5.496546919748351,0.8084037320025492,0.0,10.628602332202064,-4.013889278005432
"Random Forest (500 estimators, 5 depth)",341,86,50.230262147884474,7.087331101894738,0.477860747896527,68.07541326908624,8.250782585251306,0.12467705747885649,27.25581395348837,,0.12746536643391848,0.11495860734185316,0.6922849146280907,0.02140854805754315,0.0,0.008921782342871066,0.034960781195723385
"Random Forest (100 estimators, 5 depth)",341,86,50.93004786870661,7.136529119166165,0.4705865355536367,68.38658936742759,8.269618453558035,0.12067591279295142,27.25581395348837,,0.13933057819854922,0.1147980942882817,0.6852885724286388,0.019519793139433406,0.0,0.010419909159487522,0.030643052785609356
Ridge (lambda=2.0),341,86,74.05445162537642,8.60548962147863,0.23021034863869672,68.36243339670605,8.268157799456059,0.12098651355695766,27.25581395348837,18.864721641920987,-0.03793107145079705,4.828483620959885,7.795008020654428,1.0083932205710464,0.0,8.253037159424279,-6.0622790944790275
