model_type,n_train,n_test,mse_train,rmse_train,r2_train,mse_test,rmse_test,r2_test,y_test_mean,bias,Game of season_weight,Game for player_weight,Age (days)_weight,Home?_weight,Game Started?_weight,Year_weight,Month of Season_weight
Linreg,341,86,73.56831214087096,8.57719721942261,0.2352637267419272,68.06936774585968,8.250416216522636,0.1247547916405109,27.25581395348837,18.464430681643723,-11.176939229588465,17.105140785713193,4.281080915458318,1.0272648614443165,3.1974423109204515e-14,13.172384773936765,-7.705082183889619
Lasso (lambda=0.05),341,86,74.37250906748731,8.6239497370687,0.2269041689006575,68.12834488661939,8.253989634511264,0.1239964555260135,27.25581395348837,19.096894245577325,0.0,2.9626408607838983,5.496546919748351,0.8084037320025492,0.0,10.628602332202064,-4.013889278005432
"Random Forest (500 estimators, 5 depth)",341,86,50.23026214788448,7.087331101894738,0.477860747896527,68.07541326908624,8.250782585251306,0.1246770574788564,27.25581395348837,,0.1274653664339184,0.1149586073418531,0.6922849146280907,0.0214085480575431,0.0,0.008921782342871,0.0349607811957233
"Random Forest (100 estimators, 5 depth)",341,86,50.93004786870661,7.136529119166165,0.4705865355536367,68.38658936742759,8.269618453558035,0.1206759127929514,27.25581395348837,,0.1393305781985492,0.1147980942882817,0.6852885724286388,0.0195197931394334,0.0,0.0104199091594875,0.0306430527856093
Ridge (lambda=2.0),341,86,74.05445162537642,8.60548962147863,0.2302103486386967,68.36243339670605,8.268157799456059,0.1209865135569576,27.25581395348837,18.864721641920987,-0.037931071450797,4.828483620959885,7.795008020654428,1.0083932205710464,0.0,8.253037159424279,-6.062279094479028
SVM (linear kernel),341,86,73.90560740904348,8.596837058421166,0.23175757145762588,69.60542846788324,8.342986783393776,0.10500391351101457,27.25581395348837,,,,,,,,
"Feedforward NN (3 layers, [[16, 4, 1]] activations)",341,86,86.73699867605802,9.313270031307908,0.09837636353398427,86.58621172504998,9.305171235665144,-0.11333731209747833,27.25581395348837,,,,,,,,
