model_type,n_train,n_test,mse_train,rmse_train,r2_train,mse_test,rmse_test,r2_test,y_test_mean,bias,Game of season_weight,Game for player_weight,Age (days)_weight,Home?_weight,Game Started?_weight,Year_weight,Month of Season_weight
Linreg,788,197,23.955971148189203,4.894483746851061,0.3120904979849561,29.71783127879388,5.451406357885447,0.2072295262712356,8.964467005076141,8.468674383068375,-1.068710136842964,4.385748092900353,-9.368158542549171,0.8668848213339481,3.4525030524278733,1.8047026115049545,-2.1001523384031504
Lasso (lambda=0.05),788,197,24.07587049995296,4.90671687587056,0.308647519077797,29.77683329533064,5.456815307056913,0.2056555535219462,8.964467005076141,8.421810014109257,0.0,0.9365480246325828,-7.55429596252359,0.6719162366230471,3.4892153337894896,-0.0,0.0
"Random Forest (500 estimators, 5 depth)",788,197,16.42911563861281,4.053284549425665,0.528228486852223,23.797813701404245,4.878300288154087,0.365155422521235,8.964467005076141,,0.0363487075993793,0.0408305045997806,0.8124034163213709,0.0192152760125171,0.0767843389595249,0.0086557793333731,0.0057619771740537
"Random Forest (100 estimators, 5 depth)",788,197,16.40461903811059,4.050261601194494,0.5289319208373577,23.982465094631262,4.897189509773056,0.36022955255751,8.964467005076141,,0.0360571524645929,0.0389432011422645,0.8294338958861069,0.0200262356952453,0.0671084452452069,0.0038211035090425,0.0046099660575408
Ridge (lambda=2.0),788,197,23.975805165614062,4.896509487953032,0.3115209527569503,29.77192119191977,5.4563651996470846,0.2057865917027443,8.964467005076141,8.394900724090904,0.4494221971934423,2.4051785946778903,-4.292906300954117,0.8652984476032669,3.4785524262121843,-3.548687521738108,-1.3150860281169434
SVM (linear kernel),788,197,24.075107612153598,4.906639136125011,0.30866942584011947,30.296159754862824,5.504194741727696,0.19180169320889562,8.964467005076141,,,,,,,,
"Feedforward NN (3 layers, [[16, 4, 1]] activations)",788,197,23.013002577151692,4.797186944152968,0.33916838333160315,29.39053272069405,5.421303599752927,0.21596073651741166,8.964467005076141,,,,,,,,
