model_type,n_train,n_test,mse_train,rmse_train,r2_train,mse_test,rmse_test,r2_test,y_test_mean,bias,Game of season_weight,Game for player_weight,Age (days)_weight,Home?_weight,Game Started?_weight,Year_weight,Month of Season_weight
Linreg,106,27,22.674639614672067,4.761789539098937,0.19069563693455172,19.820223307867998,4.451990937532106,-0.16149057808969203,3.4814814814814814,3.0671035330174923,13.276760682509657,-8.05422671189116,12.709792499296189,-1.1063009640077894,5.553783217998882,-7.842351585531336,-7.1508903074899495
Lasso (lambda=0.05),106,27,23.878215115079463,4.88653405954358,0.14773756040891195,16.424115232617385,4.052667668661888,0.03752572310465663,3.4814814814814814,3.9738949281637304,4.074251269531853,-0.0,2.326542508377009,-0.9582620048410929,4.900044631538201,0.0,-5.033044898544228
"Random Forest (500 estimators, 5 depth)",106,27,12.175048946931796,3.4892762783895166,0.5654475484182995,22.739780706087245,4.76862461366873,-0.3325803966830867,3.4814814814814814,,0.21236412339609503,0.16361755402541825,0.3534106778929508,0.03033614586689405,0.13546173326647146,0.04624311480995055,0.058566650742219895
"Random Forest (100 estimators, 5 depth)",106,27,12.17173943853375,3.4888020062098324,0.5655656715563804,21.868199616015104,4.676344685330103,-0.28150462380024166,3.4814814814814814,,0.1998725501938717,0.16463874258125863,0.3591861419083905,0.030544602448630165,0.14296654749418242,0.0522636985171359,0.05052771685653079
Ridge (lambda=2.0),106,27,24.160395635357617,4.915322536249032,0.13766595926710534,16.465832697217422,4.057811318582645,0.03508102602319141,3.4814814814814814,4.0451457507613195,3.617130299889286,-1.2981663494256785,1.8919585533393781,-1.1334328192662477,4.326200079131851,0.3936175582722849,-3.0710044271667205
