model_type,n_train,n_test,mse_train,rmse_train,r2_train,mse_test,rmse_test,r2_test,y_test_mean,bias,Game of season_weight,Game for player_weight,Age (days)_weight,Home?_weight,Game Started?_weight,Year_weight,Month of Season_weight
Linreg,499,125,33.2779446315352,5.768703895290102,0.3033239298652025,32.70468895273411,5.7188013562926026,0.3392535081066191,12.632,10.992593413535127,3.878990946099048,1.5961904161243403,-42.41970337902157,1.2686957457241326,4.576184255933851,39.35944179705007,-6.613535750402438
Lasso (lambda=0.05),499,125,34.529541992544964,5.876184305528969,0.2771216526358249,32.89204538913378,5.73515870653409,0.33546826776192,12.632,10.123033745286936,1.6869245775332515,0.3366814334744177,-4.548801843106723,1.105569763240612,4.425567542521804,-0.0,-0.0
"Random Forest (500 estimators, 5 depth)",499,125,18.819200123503247,4.338110201862471,0.6060187451391377,25.769237104024125,5.076340916843955,0.479373338793695,12.632,,0.1178890984468856,0.0653247030487942,0.6560710375405769,0.0143784478645847,0.0435703827428431,0.079725569317715,0.0230407610386001
"Random Forest (100 estimators, 5 depth)",499,125,18.87204457761677,4.344196655034941,0.6049124428410882,25.72938002616363,5.0724136292463005,0.4801785879862957,12.632,,0.1123552036827904,0.0664556514509086,0.6554249494329621,0.0125183065519159,0.0495872198674399,0.0792463934760178,0.0244122755379651
Ridge (lambda=2.0),499,125,34.18137171363737,5.846483705069002,0.2844106214808904,32.97807079682172,5.742653637197852,0.3337302605169756,12.632,10.725104197585429,2.601288871630031,1.9985933846630488,-5.321422456576822,1.3088507919781711,4.369061371782583,0.3650394361982549,-2.564080488262784
SVM (linear kernel),499,125,33.97373616862176,5.8286993547979264,0.2887574859619585,33.59869773377369,5.79643836625334,0.32119147526944714,12.632,,,,,,,,
"Feedforward NN (3 layers, [[16, 4, 1]] activations)",499,125,35.70484208330188,5.975352883579503,0.2525166640307993,33.990208918825786,5.830112256108435,0.31328161126083165,12.632,,,,,,,,
