model_type,n_train,n_test,mse_train,rmse_train,r2_train,mse_test,rmse_test,r2_test,y_test_mean,bias,Game of season_weight,Game for player_weight,Age (days)_weight,Home?_weight,Game Started?_weight,Year_weight,Month of Season_weight
Linreg,187,47,14.742305956935954,3.8395710641862006,0.1899528968528352,20.09592810983187,4.482848214007682,0.00502274532413,5.191489361702128,0.7483498887549707,0.4201130783408576,0.4201130783408577,5.187316134989828,1.573117044003015,4.328467335121427,-3.1248142362949043,1.143258418228093
Lasso (lambda=0.05),187,47,14.870247393872654,3.856195974515903,0.1829228846779557,19.943963529394065,4.465866492562677,0.0125467223320895,5.191489361702128,2.1546494539212326,0.6190361431165168,1.104968536876317e-16,1.4206417426796012,1.4845207975823125,3.817334402596055,0.0,0.0
"Random Forest (500 estimators, 5 depth)",187,47,6.918431171846788,2.63029108120124,0.6198522032137823,20.678412160509435,4.547352214257153,-0.0238168473768458,5.191489361702128,,0.1477937825887127,0.1508835362686958,0.3484311345135702,0.0702056453177256,0.1853319110229525,0.0321136907639166,0.0652402995244263
"Random Forest (100 estimators, 5 depth)",187,47,7.068248366750328,2.658617754915198,0.6116201813653857,20.06951003048772,4.479900671944381,0.006330741049234,5.191489361702128,,0.1573645628488194,0.140301976707505,0.3527937818511032,0.0748090551789794,0.1834132278230364,0.0301085875418419,0.0612088080487145
Ridge (lambda=2.0),187,47,14.821329359492784,3.849847965763425,0.1856107892809952,19.81761255412229,4.451697715941896,0.0188025342465447,5.191489361702128,1.7695958437073895,0.5289351279324286,0.5289351279324269,1.617585935327812,1.6254021130455618,3.821901398034952,0.0357720876809652,-0.0074196648442355
SVM (linear kernel),187,47,15.269815100955709,3.907661078056247,0.1609677940307218,21.744867875459878,4.663139272578064,-0.07661854798482337,5.191489361702128,,,,,,,,
"Feedforward NN (3 layers, [[16, 4, 1]] activations)",187,47,14.999272963693144,3.8728894850864446,0.17583330253454432,22.34616826967297,4.72717339111577,-0.10638976393463317,5.191489361702128,,,,,,,,
