model_type,n_train,n_test,mse_train,rmse_train,r2_train,mse_test,rmse_test,r2_test,y_test_mean,bias,Game of season_weight,Game for player_weight,Age (days)_weight,Home?_weight,Game Started?_weight,Year_weight,Month of Season_weight
Linreg,331,83,4.694211674473543,2.166612949853652,0.1111812516556249,4.596630565131547,2.143975411503487,-0.0484798345537123,1.6024096385542168,1.8796270375090645,0.7410305701562051,-0.1758648828283554,3.152925243964508,-0.0737933508564947,1.928517558450571,-4.795703731252081,0.4551590676266999
Lasso (lambda=0.05),331,83,4.785314650486236,2.187536205525805,0.0939314898797818,4.415743236376067,2.101366992311449,-0.0072198912454382,1.6024096385542168,1.884095220823612,0.0,0.0,-0.6374346184570008,-0.0,1.4129578260824869,-0.0,0.0
"Random Forest (500 estimators, 5 depth)",331,83,2.883643230238343,1.6981293326005362,0.4540007259345373,5.237137155249995,2.288479223250671,-0.1945777717540959,1.6024096385542168,,0.1815449781117294,0.1839404054324099,0.4133889798269032,0.0338902382220475,0.1431530167398347,0.0164610607804857,0.0276213208865893
"Random Forest (100 estimators, 5 depth)",331,83,2.893487210154612,1.701025340832585,0.4521368317357553,5.261243717466917,2.293740115502826,-0.200076417774637,1.6024096385542168,,0.1911891354401,0.1668724433831303,0.4182979951576762,0.0300525730856749,0.1457087669115265,0.0162828087478765,0.0315962772740155
Ridge (lambda=2.0),331,83,4.706072522158914,2.1693484095826827,0.1089354765340339,4.525009978476023,2.1272070840602293,-0.0321433594371667,1.6024096385542168,1.9164430623965607,0.4421035039373255,-0.055997797381902,-0.5187790356043926,-0.0910027365610016,1.7465608795324308,-0.8527664747999395,0.2666303184354837
SVM (linear kernel),331,83,4.8623641542782,2.2050769043909106,0.07934266256010014,4.549047436738243,2.1328496048100165,-0.03762624301999029,1.6024096385542168,,,,,,,,
"Feedforward NN (3 layers, [[16, 4, 1]] activations)",331,83,5.364587799919062,2.3161579825044454,-0.015750150261878648,4.392523499602593,2.09583479778407,-0.0019235278710765247,1.6024096385542168,,,,,,,,
