model_type,n_train,n_test,mse_train,rmse_train,r2_train,mse_test,rmse_test,r2_test,y_test_mean,bias,Game of season_weight,Game for player_weight,Age (days)_weight,Home?_weight,Game Started?_weight,Year_weight,Month of Season_weight
Linreg,573,144,30.667815195666897,5.537852940957072,0.0714589018905769,29.320911135464826,5.414878681509386,0.0370004810179332,7.270833333333333,6.534719333098913,5.034463127388332,6.136439786084313,8.741972230173806,1.0713294718316884,6.473687791067079,-8.35787009175416,-8.9231990531651
Lasso (lambda=0.05),573,144,31.265271949274734,5.591535741571785,0.0533694766567149,29.335548214615585,5.416230074010482,0.0365197490203375,7.270833333333333,5.956732517655342,0.0,0.7120642773062748,1.3604465234465597,0.7565750213161622,4.596615137728759,0.0,-0.0
"Random Forest (500 estimators, 5 depth)",573,144,23.85608524235883,4.884269161538789,0.2777002389573003,27.25421234742555,5.220556708572904,0.1048779739637572,7.270833333333333,,0.2274837658534785,0.1036819846273235,0.4949827188396196,0.0317553972771292,0.0988856835086519,0.0207090333634539,0.0225014165303431
"Random Forest (100 estimators, 5 depth)",573,144,23.875889571306818,4.886296099430203,0.2771006157617334,27.313487162532333,5.2262306840142765,0.102931185265007,7.270833333333333,,0.2277779829238418,0.0920360790192426,0.5096519929794033,0.0273771949497588,0.1022280957207407,0.0230634518592298,0.0178652025477828
Ridge (lambda=2.0),573,144,30.848075099569854,5.554104347198552,0.0660011042598279,29.253368193749743,5.40863829385454,0.0392188234180638,7.270833333333333,5.980804627691484,1.425764962379154,3.8558847660307736,1.5857534125667332,1.0106512192984145,5.680730580661353,-0.2651703911952792,-3.951732669915704
SVM (linear kernel),573,144,31.12279284506492,5.578780587643228,0.05768337065394091,29.063978237143942,5.391101764680754,0.045439040664001284,7.270833333333333,,,,,,,,
"Feedforward NN (3 layers, [[16, 4, 1]] activations)",573,144,31.153971827097624,5.5815743143935315,0.05673935276320219,30.054587568032527,5.482206450694148,0.012904024792990243,7.270833333333333,,,,,,,,
