model_type,n_train,n_test,mse_train,rmse_train,r2_train,mse_test,rmse_test,r2_test,y_test_mean,bias,Game of season_weight,Game for player_weight,Age (days)_weight,Home?_weight,Game Started?_weight,Year_weight,Month of Season_weight
Linreg,676,170,33.82038279303606,5.815529450792599,0.3133146337902993,40.3224387289284,6.349995175504341,0.1830243958198888,11.311764705882354,11.376500448462224,9.794188527930404,-15.77600710494006,-15.227872111318057,2.39855262169826,5.518002683584937,8.85261279619057,5.078923629347178
Lasso (lambda=0.05),676,170,34.62922520679037,5.884660160688157,0.2968919855756498,40.40073641759499,6.3561573625575845,0.1814380011592306,11.311764705882354,10.962458869619494,-0.0,-0.9478236886162664,-4.889168796799894,2.2892115926999588,5.802033537681453,-0.0,0.9070091445236528
"Random Forest (500 estimators, 5 depth)",676,170,25.08131042101292,5.008124441446411,0.4907518067767462,38.276688876760346,6.186815729982618,0.2244734691934523,11.311764705882354,,0.0597527887770898,0.0697277735443911,0.3311696219741859,0.0848361282890415,0.4092999487239754,0.0126333302369791,0.0325804084543368
"Random Forest (100 estimators, 5 depth)",676,170,25.09087740408535,5.009079496682534,0.490557559795131,38.64701318418409,6.216672195329595,0.2169703038508501,11.311764705882354,,0.0673228653236979,0.0704751076902648,0.3211607495370985,0.0852812338809256,0.4143651582535054,0.01161341416282,0.0297814711516876
Ridge (lambda=2.0),676,170,34.04882345212896,5.835136969440303,0.3086763995453963,39.99346178416704,6.324038407866214,0.1896898195065499,11.311764705882354,10.986707627495315,0.1471305883975278,-5.057636744351821,-3.991255195043392,2.398016566526865,5.618732509092846,-1.9992512023726248,5.269450759643985
SVM (linear kernel),676,170,34.03783640344363,5.834195437542663,0.3088994793844454,39.86543396079067,6.313907978486119,0.19228379972332044,11.311764705882354,,,,,,,,
"Feedforward NN (3 layers, [[16, 4, 1]] activations)",676,170,34.791655615553914,5.898445186280357,0.29359401625910064,41.15377964598939,6.415121171574968,0.16618054238727697,11.311764705882354,,,,,,,,
