model_type,n_train,n_test,mse_train,rmse_train,r2_train,mse_test,rmse_test,r2_test,y_test_mean,bias,Game of season_weight,Game for player_weight,Age (days)_weight,Home?_weight,Game Started?_weight,Year_weight,Month of Season_weight
Linreg,518,130,25.295000842927628,5.029413568491622,0.1248787446154461,25.73279681023564,5.072750418681727,0.0625898243602202,7.946153846153846,8.511873934420478,2.439762228312625,2.439762228312623,11.63149639201377,0.5673959245490018,3.815903866580149,-17.444408717345198,-2.2856375796594475
Lasso (lambda=0.05),518,130,25.816853743292715,5.081028807563751,0.1068244038336686,26.14132328613802,5.1128586217631735,0.0477077702114528,7.946153846153846,8.385007262572154,1.6354668065063231,0.0,-0.0,0.4251768637865118,3.1188708366408293,-4.204455034793015,-0.288656547579153
"Random Forest (500 estimators, 5 depth)",518,130,16.585578341376856,4.072539544482884,0.4261952300569801,21.253018579620136,4.610099627949502,0.2257819456425117,7.946153846153846,,0.0930173089660654,0.0914530433791431,0.5831094284208984,0.021739392590522,0.1576943273232432,0.0165743766733048,0.036412122646823
"Random Forest (100 estimators, 5 depth)",518,130,16.502564284046464,4.0623348316019525,0.4290672349450863,21.527401091112612,4.639763042560753,0.215786570472552,7.946153846153846,,0.0849278998627794,0.0819094415780913,0.5908759099422598,0.0233053147041538,0.1601307835839746,0.0205788686902372,0.0382717816385036
Ridge (lambda=2.0),518,130,25.42042487681758,5.041867201426232,0.1205394983479821,25.869010458139883,5.086158713424099,0.0576277496759922,7.946153846153846,9.277947888799622,2.0648941167858426,2.0648941167858355,-1.6359885807837038,0.5901362982488668,3.691970357648609,-3.967229282017808,-2.747524940492828
SVM (linear kernel),518,130,25.695290416100672,5.06905222069182,0.11103008274080206,26.024351740183302,5.101406839312397,0.05196888175120806,7.946153846153846,,,,,,,,
"Feedforward NN (3 layers, [[16, 4, 1]] activations)",518,130,25.345072778784807,5.034389017426524,0.12314642542562004,24.881628928739463,4.988148847893321,0.09359669233404622,7.946153846153846,,,,,,,,
