model_type,n_train,n_test,mse_train,rmse_train,r2_train,mse_test,rmse_test,r2_test,y_test_mean,bias,Game of season_weight,Game for player_weight,Age (days)_weight,Home?_weight,Game Started?_weight,Year_weight,Month of Season_weight
Linreg,136,34,11.841395462225204,3.441132874828463,0.08842206053650625,14.26862516237385,3.777383375085702,-0.014860683424855026,3.6176470588235294,2.5585926723137087,3.5371974887806377,-5.000832506398208,-0.13251550412116375,0.6637221136787093,2.8534417339972076,-0.8128595840082408,2.6177321097079727
Lasso (lambda=0.05),136,34,12.082389358697329,3.4759731527584226,0.06986979443998531,14.5752436962999,3.8177537500865477,-0.03666902805160177,3.6176470588235294,2.523066174098566,0.0,-0.0,-0.0,0.4424218557088641,2.445994241999432,-0.10069108171256788,0.0
"Random Forest (500 estimators, 5 depth)",136,34,6.353942111970695,2.5207027020199537,0.5108588783832301,14.923876980869153,3.8631434067180517,-0.0614656857124678,3.6176470588235294,,0.1711954356705174,0.20363955680344337,0.3786415330377345,0.025738341411966945,0.11106576923881611,0.00932739567020375,0.10039196816731798
"Random Forest (100 estimators, 5 depth)",136,34,6.285473243630073,2.507084610385153,0.51612976981815,14.995721227220512,3.872430919618904,-0.06657563149368806,3.6176470588235294,,0.18259518238810596,0.19531138472691192,0.3547786427201482,0.03425222454053746,0.10794253254290136,0.006955315617539155,0.11816471746385594
Ridge (lambda=2.0),136,34,11.950306950233948,3.4569216002440593,0.08003780294291207,14.432209221271705,3.798974759230667,-0.026495653712550915,3.6176470588235294,2.59101846222684,0.25876451633045766,-0.9193555084095134,-0.10514672740649035,0.612789080951297,2.473481252079237,-0.6132699860395993,1.2445540802716142
