model_type,n_train,n_test,mse_train,rmse_train,r2_train,mse_test,rmse_test,r2_test,y_test_mean,bias,Game of season_weight,Game for player_weight,Age (days)_weight,Home?_weight,Game Started?_weight,Year_weight,Month of Season_weight
Linreg,1112,279,46.811712161738846,6.841908517492677,0.1075102716824982,51.72345489558912,7.191902036011692,0.083053977596423,13.2078853046595,10.621174833762009,-13.585692657511862,13.839996578689371,-14.934002858475546,-0.5251132846948852,4.977662225726379,8.564616494603152,0.7121750384395993
Lasso (lambda=0.05),1112,279,47.097793932945024,6.862783249742412,0.1020559733782999,51.32365623745882,7.164053059369314,0.0901415511174666,13.2078853046595,12.667915102372891,0.0,0.3087719042836609,-6.586758369616055,-0.3367482868159968,3.203972522306537,-0.0,0.0
"Random Forest (500 estimators, 5 depth)",1112,279,34.520980316049275,5.875455753901077,0.3418394901456602,46.71166442417124,6.8345932157057625,0.1719022834020485,13.2078853046595,,0.0654782438282889,0.0642065847080234,0.825151260661356,0.0152715415948241,0.0022523244595898,0.0103412490005219,0.0172987957473958
"Random Forest (100 estimators, 5 depth)",1112,279,34.42173205442265,5.867003669201396,0.3437317100616736,46.68526886111748,6.832661916202022,0.1723702201746424,13.2078853046595,,0.0753953643233218,0.0608350735309675,0.8125958002155503,0.0165621866899475,0.001996792590843,0.0139257250353195,0.0186890576140499
Ridge (lambda=2.0),1112,279,46.91630703758841,6.849547944031665,0.1055161157753644,51.5111891395053,7.177129589153682,0.0868169946092357,13.2078853046595,10.858466084660623,-1.441069423143073,2.3182026456900613,-4.212704925609862,-0.5336367462222197,4.947166038523695,-2.77693286895096,0.3763456976097687
SVM (linear kernel),1112,279,47.10267518022031,6.863138872281422,0.10196290985096046,52.609134281522046,7.253215444306204,0.06735277991549848,13.207885304659499,,,,,,,,
"Feedforward NN (3 layers, [[16, 4, 1]] activations)",1112,279,45.553178273034696,6.749309466385038,0.1315048772317906,52.40921610986947,7.239420978909119,0.07089690071471944,13.207885304659499,,,,,,,,
