model_type,n_train,n_test,mse_train,rmse_train,r2_train,mse_test,rmse_test,r2_test,y_test_mean,bias,Game of season_weight,Game for player_weight,Age (days)_weight,Home?_weight,Game Started?_weight,Year_weight,Month of Season_weight
Linreg,394,99,24.567121723327272,4.956523148672592,0.278403366634116,20.05152083639713,4.477892454760066,0.2908717895995888,6.91919191919192,7.322238154314883,7.577340045469009,-2.639792744969835,24.04103425648715,1.565889327206399,4.612257882866309,-30.264048903307295,-3.727749592163362
Lasso (lambda=0.05),394,99,25.25514030300748,5.025449263797962,0.2581945730936422,19.397033114030226,4.404206297850979,0.3140179494883007,6.91919191919192,7.348129399944245,0.0,0.0,-0.0,1.40735781352065,4.588304467596761,-4.933833303556809,-1.2758145782485566
"Random Forest (500 estimators, 5 depth)",394,99,15.108311368420477,3.886941132615784,0.5562318312224657,20.467528847990067,4.524105309118044,0.2761595381359667,6.91919191919192,,0.1075573062277273,0.1008755440356167,0.442534656518329,0.0261977851835318,0.2625674948298953,0.0308226869608494,0.0294445262440502
"Random Forest (100 estimators, 5 depth)",394,99,15.048224581402694,3.879204117006824,0.5579967275627901,21.589735337863196,4.646475582402558,0.2364723599734526,6.91919191919192,,0.1154151070095232,0.1010301149751322,0.4389632555669975,0.0268170927451237,0.2558263969976159,0.0300651540956226,0.0318828786099845
Ridge (lambda=2.0),394,99,24.973512157881608,4.997350513810454,0.2664666826094647,19.319018286925637,4.39534052001954,0.3167769678780159,6.91919191919192,7.246081160704044,1.9564254529286031,1.3501748272604517,-1.121922737701704,1.572672589256483,4.475441213571652,-3.907768311034674,-3.959072126654406
SVM (linear kernel),394,99,24.954096864027,4.9954075773681375,0.2670369574198016,19.200852878166113,4.381877779921083,0.3209559239546427,6.91919191919192,,,,,,,,
"Feedforward NN (3 layers, [[16, 4, 1]] activations)",394,99,26.037637194809577,5.102708809525542,0.2352107197508424,19.11586598920325,4.3721694831288564,0.32396151145942387,6.91919191919192,,,,,,,,
