model_type,n_train,n_test,mse_train,rmse_train,r2_train,mse_test,rmse_test,r2_test,y_test_mean,bias,Game of season_weight,Game for player_weight,Age (days)_weight,Home?_weight,Game Started?_weight,Year_weight,Month of Season_weight
Linreg,781,196,53.44662291934624,7.310719726493845,0.08646760090381111,61.760144211128086,7.858762256941489,-0.02421678581930231,13.83673469387755,9.224819445960849,-13.506846925167233,20.48255269126003,18.283087182086707,1.0292581050127318,0.17242998776427898,-19.244867864753086,2.0951797201475504
Lasso (lambda=0.05),781,196,54.84869980911244,7.405990805362402,0.06250270668105928,62.3391764669067,7.89551622548562,-0.0338193306882375,13.83673469387755,8.947623924805185,-0.0,6.0858437358307995,-0.0,0.9449052322673056,0.0,-0.0,-0.0
"Random Forest (500 estimators, 5 depth)",781,196,38.80061385169923,6.229013874739663,0.3368034139063021,52.56132294113252,7.249918823071919,0.12833446345034405,13.83673469387755,,0.11650737740412516,0.2770863363051612,0.48914823293243836,0.023169986632446744,0.04788817521090493,0.03843126512700749,0.007768626387916135
"Random Forest (100 estimators, 5 depth)",781,196,39.11687074654879,6.254348147213168,0.33139781661873147,53.57832711766383,7.319721792367783,0.11146868759835005,13.83673469387755,,0.118381775425803,0.2742313966398291,0.5024556641445155,0.01610576614672256,0.04385706404236922,0.036563265395453896,0.008405068205306976
Ridge (lambda=2.0),781,196,53.90035839825516,7.341686345673939,0.07871216121535352,61.37548585698189,7.834250816573458,-0.01783769541796887,13.83673469387755,9.237451453139439,-6.243365866436253,12.761860976956402,0.6444831200932092,1.056239511256938,0.12025019740938277,-1.2175323079187281,0.004936577667422639
