model_type,n_train,n_test,mse_train,rmse_train,r2_train,mse_test,rmse_test,r2_test,y_test_mean,bias,Game of season_weight,Game for player_weight,Age (days)_weight,Home?_weight,Game Started?_weight,Year_weight,Month of Season_weight
Linreg,781,196,53.44662291934624,7.310719726493845,0.0864676009038111,61.760144211128086,7.858762256941489,-0.0242167858193023,13.83673469387755,9.224819445960849,-13.506846925167231,20.48255269126003,18.283087182086707,1.0292581050127318,0.1724299877642789,-19.24486786475309,2.0951797201475504
Lasso (lambda=0.05),781,196,54.84869980911244,7.405990805362402,0.0625027066810592,62.3391764669067,7.89551622548562,-0.0338193306882375,13.83673469387755,8.947623924805185,-0.0,6.0858437358308,-0.0,0.9449052322673056,0.0,-0.0,-0.0
"Random Forest (500 estimators, 5 depth)",781,196,38.80061385169923,6.229013874739663,0.3368034139063021,52.56132294113252,7.249918823071919,0.128334463450344,13.83673469387755,,0.1165073774041251,0.2770863363051612,0.4891482329324383,0.0231699866324467,0.0478881752109049,0.0384312651270074,0.0077686263879161
"Random Forest (100 estimators, 5 depth)",781,196,39.11687074654879,6.254348147213168,0.3313978166187314,53.57832711766383,7.319721792367783,0.11146868759835,13.83673469387755,,0.118381775425803,0.2742313966398291,0.5024556641445155,0.0161057661467225,0.0438570640423692,0.0365632653954538,0.0084050682053069
Ridge (lambda=2.0),781,196,53.90035839825516,7.341686345673939,0.0787121612153535,61.37548585698189,7.834250816573458,-0.0178376954179688,13.83673469387755,9.23745145313944,-6.243365866436253,12.761860976956402,0.6444831200932092,1.056239511256938,0.1202501974093827,-1.217532307918728,0.0049365776674226
SVM (linear kernel),781,196,53.849137923826504,7.338197184855862,0.07958764333811119,62.884792737894735,7.929993236938777,-0.042867712140387315,13.83673469387755,,,,,,,,
"Feedforward NN (3 layers, [[16, 4, 1]] activations)",781,196,63.1211736951792,7.944883491605097,-0.07889393360813757,77.9513385127912,8.829005522299282,-0.29272802713918855,13.83673469387755,,,,,,,,
