model_type,n_train,n_test,mse_train,rmse_train,r2_train,mse_test,rmse_test,r2_test,y_test_mean,bias,Game of season_weight,Game for player_weight,Age (days)_weight,Home?_weight,Game Started?_weight,Year_weight,Month of Season_weight
Linreg,120,30,19.35328060230407,4.399236365814421,0.10401190631020996,14.54022107921259,3.813164182042597,0.16733272007563416,4.066666666666666,4.082425019790016,-0.7929979020144787,-0.7929979020144851,7.623625553075177,-0.5675957370560594,3.0459319944391825,-5.336156626549359,1.2078872824768527
Lasso (lambda=0.05),120,30,19.48210875440826,4.41385418363682,0.0980476208337897,14.702886111835463,3.8344342622915657,0.15801746623492496,4.066666666666666,3.8814949475545877,-0.45501595777267906,-8.106884764850108e-17,2.0029758999435434,-0.3518967545476141,2.6406684600587425,0.0,-0.0
"Random Forest (500 estimators, 5 depth)",120,30,8.599488376522155,2.9324884273466716,0.6018742581415224,16.532131078886717,4.065972341136462,0.05326304587693753,4.066666666666666,,0.1778802479011746,0.1791564980533867,0.40663826457154345,0.0540507303401618,0.07334572922531,0.00990505975508682,0.09902347015333657
"Random Forest (100 estimators, 5 depth)",120,30,8.591468702473106,2.931120724650062,0.6022455405411773,16.833227751681584,4.102831674792617,0.03602029928013317,4.066666666666666,,0.16302031087877863,0.19707550062151744,0.3938031306380767,0.052527539907138925,0.07153996157222632,0.013979694184739155,0.1080538621975229
Ridge (lambda=2.0),120,30,19.429030808949715,4.407837429959244,0.10050494102387197,14.427371990985568,3.7983380564380482,0.17379519013190292,4.066666666666666,4.045678348303821,-0.6483974886274937,-0.6483974886274942,1.287436248340444,-0.5238725586704573,2.655442422876275,0.8364216746497628,0.3556654346583078
