model_type,n_train,n_test,mse_train,rmse_train,r2_train,mse_test,rmse_test,r2_test,y_test_mean,bias,Game of season_weight,Game for player_weight,Age (days)_weight,Home?_weight,Game Started?_weight,Year_weight,Month of Season_weight
Linreg,664,166,37.38345297955423,6.1142009273129245,0.3377648289455619,43.019570317062,6.558930577240622,0.2538875855616198,17.16867469879518,13.617427056102745,3.285594898925953,-4.902686057932949,-2.565654204719963,1.6915367459846664,8.098525525927057,-4.715364951007595,2.839598551963256
Lasso (lambda=0.05),664,166,37.55593014833691,6.128289332949033,0.3347094544879306,43.47368472516057,6.593457721496405,0.2460116259701941,17.16867469879518,14.206016013680788,0.0,0.0,-6.716808491121348,1.4891880193102944,7.795676763546559,-0.0,0.0353562071631662
"Random Forest (500 estimators, 5 depth)",664,166,28.96084061078845,5.38152772089752,0.48696854605017,36.95195892122224,6.078812295277938,0.3591215559397092,17.16867469879518,,0.051924210675883,0.0503250791640993,0.620138635889385,0.030299800670622,0.1754596607324803,0.0634063739589753,0.0084462389085548
"Random Forest (100 estimators, 5 depth)",664,166,28.95271050074413,5.380772295938951,0.4871125681879548,37.10988316824939,6.09178817493266,0.3563825875962466,17.16867469879518,,0.0578335632885025,0.0462045119013404,0.6202554553494192,0.0329269232575481,0.1597470516672402,0.0737810988704224,0.0092513956655268
Ridge (lambda=2.0),664,166,37.40128453487978,6.115658961623006,0.3374489490000245,43.201791578374106,6.572806978633566,0.2507272205408268,17.16867469879518,13.87633552237458,-0.3976509466306764,-0.9398864111683064,-3.581611858488622,1.6664489586656643,7.833612926722089,-3.557869880218345,2.3955913153290664
SVM (linear kernel),664,166,37.407759919894126,6.116188348955101,0.33733423975406573,43.100389264146585,6.565088671461078,0.2524858974625238,17.16867469879518,,,,,,,,
"Feedforward NN (3 layers, [[16, 4, 1]] activations)",664,166,37.08749283681054,6.089950150601443,0.3430076623419942,40.953793151629654,6.399515071599539,0.2897155117178488,17.16867469879518,,,,,,,,
