model_type,n_train,n_test,mse_train,rmse_train,r2_train,mse_test,rmse_test,r2_test,y_test_mean,bias,Game of season_weight,Game for player_weight,Age (days)_weight,Home?_weight,Game Started?_weight,Year_weight,Month of Season_weight
Linreg,221,56,23.475662952274757,4.845169032373871,0.2390208771083676,20.974669586786355,4.57981108636441,-0.0025845386035332,6.160714285714286,7.116223500942205,13.91079720725864,-9.24220342073952,-8.32083490264177,-0.4082245228072556,4.257475114595508,3.374644351587284,-2.703759788776414
Lasso (lambda=0.05),221,56,24.18467556992167,4.917791737143987,0.2160377647254319,19.008957107444417,4.359926273166144,0.0913760804648028,6.160714285714286,6.326523802010604,3.750644604519585,0.0,-3.4800340130443805,-0.1630936045660805,3.7994074300143295,-0.0,-0.0
"Random Forest (500 estimators, 5 depth)",221,56,12.432241164862376,3.525938338210465,0.5970006897591154,19.437447679637103,4.408792088501918,0.0708943264690968,6.160714285714286,,0.2058299352527289,0.1608313140440524,0.4684091713380385,0.0255260855344955,0.1050865992593523,0.0127657169084887,0.0215511776628432
"Random Forest (100 estimators, 5 depth)",221,56,12.224322899445268,3.4963299185639314,0.6037404976858145,19.575237460684058,4.424391196614971,0.0643080055984087,6.160714285714286,,0.174261235730942,0.1971475810735509,0.474372279700153,0.0240997081715667,0.0958304498774767,0.0130136959548415,0.0212750494914689
Ridge (lambda=2.0),221,56,24.06972202362615,4.906090299171648,0.2197640598682395,19.25139441326712,4.387641098958199,0.0797876311978039,6.160714285714286,6.545648765061944,4.667064403286811,-0.4771293288640642,-3.5130382891549723,-0.3419880105687471,3.8523062846067,-0.3544769690244855,-0.540218267681366
SVM (linear kernel),221,56,24.623094000987116,4.962166260917415,0.20182614165817447,19.928101077012567,4.464090173485809,0.04744120326319756,6.160714285714286,,,,,,,,
"Feedforward NN (3 layers, [[16, 4, 1]] activations)",221,56,26.251554454333803,5.123627079943836,0.1490385202831882,20.169386854336015,4.491034051789857,0.035907796802205016,6.160714285714286,,,,,,,,
