model_type,n_train,n_test,mse_train,rmse_train,r2_train,mse_test,rmse_test,r2_test,y_test_mean,bias,Game of season_weight,Game for player_weight,Age (days)_weight,Home?_weight,Game Started?_weight,Year_weight,Month of Season_weight
Linreg,794,199,49.82296430378398,7.058538397131801,0.2491651088394351,47.7039710991432,6.906806143156416,0.23934735589135825,16.170854271356784,10.644266106118332,-9.225232731482556,11.755017473697315,9.626126401545587,-2.147714396404694,8.397330390968865,-10.934757803538082,0.6433114106242748
Lasso (lambda=0.05),794,199,50.24184954336789,7.088148527180274,0.2428524845773764,47.203262811509525,6.870463071111693,0.24733128415016326,16.170854271356784,10.954687295649137,0.0,1.2407145372034776,-0.0,-2.0106402142091424,8.318434855066027,-1.126743372443604,0.0
"Random Forest (500 estimators, 5 depth)",794,199,37.28470367627485,6.106120181938352,0.4381174059407864,49.51615232740418,7.036771442032502,0.2104516390124438,16.170854271356784,,0.058762153024320155,0.06082159590177849,0.33689030496063255,0.04038861747292771,0.4818137105984011,0.010811933325313357,0.010511684716626614
"Random Forest (100 estimators, 5 depth)",794,199,37.45241806832481,6.119838075335394,0.4355899405629119,49.53562986677329,7.0381552886230985,0.21014106441078106,16.170854271356784,,0.06066718400899983,0.055455011982623106,0.3405036269154779,0.038822206794870966,0.4781859455308071,0.015520483605652523,0.010845541161568589
Ridge (lambda=2.0),794,199,49.972198739483765,7.06910169254084,0.2469161374493979,47.35595600452392,6.881566391783481,0.2448965501368795,16.170854271356784,11.094660596333714,-2.314820693348477,5.1813438357500115,-0.16429324617741753,-2.1767366212817914,8.503324206733161,-1.4635481454537769,-1.1625334920097974
