model_type,n_train,n_test,mse_train,rmse_train,r2_train,mse_test,rmse_test,r2_test,y_test_mean,bias,Game of season_weight,Game for player_weight,Age (days)_weight,Home?_weight,Game Started?_weight,Year_weight,Month of Season_weight
Linreg,421,106,18.377009867818536,4.28684147920337,0.09013262518317278,16.545353106124576,4.067597952861686,0.055271940743898074,4.471698113207547,3.9887055875787927,-7.449847432311834,5.155592846914042,-3.5597210368860877,-0.1845391840149534,1.6757128782333166,2.077456583406733,4.5794139009860775
Lasso (lambda=0.05),421,106,18.680816022962745,4.322130958562309,0.07509082508497944,16.03176355532748,4.003968475815897,0.08459754391879493,4.471698113207547,4.478211652575519,0.0,1.0434097269276636,-1.6729703319971014,-0.0,1.6814842005021344,-0.0,0.0
"Random Forest (500 estimators, 5 depth)",421,106,12.346802847760692,3.513801765575385,0.3886952678767601,15.999257115816434,3.9999071383991445,0.08645363881840917,4.471698113207547,,0.1560453369850286,0.23042126482982392,0.49098484556547944,0.014558326456289551,0.06809954416292652,0.023686336712924316,0.016204345287527573
"Random Forest (100 estimators, 5 depth)",421,106,12.426145833148246,3.525073876268162,0.3847669033417265,16.04419324996911,4.005520346967309,0.08388781707158799,4.471698113207547,,0.16620475782323077,0.23297625211982137,0.47094078525532224,0.0188538057007845,0.0647901985469336,0.027655247052948848,0.01857895350095875
Ridge (lambda=2.0),421,106,18.487583348364474,4.299718984813365,0.08465800209746221,15.931848100510948,3.991471921548609,0.0903026463190314,4.471698113207547,4.415811935075785,-2.2936816384504297,2.783996155224579,-1.2472592412650312,-0.17716778256051943,1.7402969875852141,-0.7832947156189444,1.3261211706361002
