model_type,n_train,n_test,mse_train,rmse_train,r2_train,mse_test,rmse_test,r2_test,y_test_mean,bias,Game of season_weight,Game for player_weight,Age (days)_weight,Home?_weight,Game Started?_weight,Year_weight,Month of Season_weight
Linreg,230,58,25.15911855671658,5.0158866172110175,0.18913200565491717,30.860478212961187,5.555220806859182,0.17633569733099475,7.655172413793103,8.072845186371936,-1.3207310547707045,1.1211202638143702,5.19120056501228,-0.7561420878621027,2.958371114206691,-10.611324757068491,5.614732775001009
Lasso (lambda=0.05),230,58,25.36973911377445,5.036838206035057,0.18234379213764507,29.754893293914577,5.454804606391926,0.20584369215543774,7.655172413793103,7.9230954503468825,0.0,0.0,-1.2154439800109056,-0.5848587410609257,3.087749433692626,-2.7772484477053605,2.867607651667045
"Random Forest (500 estimators, 5 depth)",230,58,14.719458504794463,3.8365946495289887,0.5255979350499942,38.22798436164688,6.182878323373902,-0.02030259752919794,7.655172413793103,,0.19070849927085495,0.1406229703612643,0.5425608402513596,0.014583354436878205,0.04502097298907451,0.004720936858941366,0.06178242583162711
"Random Forest (100 estimators, 5 depth)",230,58,14.907037759310843,3.860963320119843,0.5195523331920611,38.33607161945129,6.191613006273187,-0.023187439922517816,7.655172413793103,,0.17464741240818632,0.13809237674574565,0.5547087372946581,0.014776139889570983,0.036405429135350685,0.004589842101200844,0.07678006242528754
Ridge (lambda=2.0),230,58,25.300399004429995,5.02995019900098,0.18457859520775477,29.67298252334737,5.447291301495393,0.2080298856827949,7.655172413793103,8.21886589132704,0.03882326060642072,0.6376374907139891,-1.8907316137496217,-0.748928731443141,3.017744173786278,-2.7614086475845343,2.756555824167545
