model_type,n_train,n_test,mse_train,rmse_train,r2_train,mse_test,rmse_test,r2_test,y_test_mean,bias,Game of season_weight,Game for player_weight,Age (days)_weight,Home?_weight,Game Started?_weight,Year_weight,Month of Season_weight
Linreg,230,58,25.15911855671658,5.0158866172110175,0.1891320056549171,30.860478212961187,5.555220806859182,0.1763356973309947,7.655172413793103,8.072845186371936,-1.3207310547707043,1.1211202638143702,5.19120056501228,-0.7561420878621027,2.958371114206691,-10.611324757068491,5.614732775001009
Lasso (lambda=0.05),230,58,25.36973911377445,5.036838206035057,0.182343792137645,29.754893293914577,5.454804606391926,0.2058436921554377,7.655172413793103,7.923095450346882,0.0,0.0,-1.2154439800109056,-0.5848587410609257,3.087749433692626,-2.7772484477053605,2.867607651667045
"Random Forest (500 estimators, 5 depth)",230,58,14.719458504794463,3.8365946495289887,0.5255979350499942,38.22798436164688,6.182878323373902,-0.0203025975291979,7.655172413793103,,0.1907084992708549,0.1406229703612643,0.5425608402513596,0.0145833544368782,0.0450209729890745,0.0047209368589413,0.0617824258316271
"Random Forest (100 estimators, 5 depth)",230,58,14.907037759310844,3.860963320119843,0.5195523331920611,38.33607161945129,6.191613006273187,-0.0231874399225178,7.655172413793103,,0.1746474124081863,0.1380923767457456,0.5547087372946581,0.0147761398895709,0.0364054291353506,0.0045898421012008,0.0767800624252875
Ridge (lambda=2.0),230,58,25.300399004429995,5.02995019900098,0.1845785952077547,29.67298252334737,5.447291301495393,0.2080298856827949,7.655172413793103,8.21886589132704,0.0388232606064207,0.6376374907139891,-1.8907316137496215,-0.748928731443141,3.017744173786278,-2.7614086475845343,2.756555824167545
SVM (linear kernel),230,58,25.461124046062434,5.04590170792718,0.17939849353385362,31.267507935625257,5.5917356818455985,0.1654720985762984,7.655172413793103,,,,,,,,
"Feedforward NN (3 layers, [[16, 4, 1]] activations)",230,58,27.633896906269705,5.256795307625142,0.10937092212462585,32.134004076099416,5.668686274270205,0.1423453688353029,7.655172413793103,,,,,,,,
