model_type,n_train,n_test,mse_train,rmse_train,r2_train,mse_test,rmse_test,r2_test,y_test_mean,bias,Game of season_weight,Game for player_weight,Age (days)_weight,Home?_weight,Game Started?_weight,Year_weight,Month of Season_weight
Linreg,639,160,26.97574592646729,5.193818049033609,0.3117777227106948,25.699968553728088,5.069513640747807,0.23109291130719856,6.53125,2.8696598446120696,-8.976776697888797,14.642241472975403,12.332448680844456,0.8899582407924874,5.560460012705921,-9.538539209534273,0.3192427487147427
Lasso (lambda=0.05),639,160,27.79124509526028,5.271740234046086,0.2909721925650547,25.959446373307408,5.095041351481596,0.22332969811820236,6.53125,3.0433559532308445,-2.448637852957066,6.307742508665472,2.674503260614817,0.6705404779057197,6.1162393405015365,0.0,-0.0
"Random Forest (500 estimators, 5 depth)",639,160,16.720894626111715,4.089119052572536,0.5734059695970698,20.97857616568431,4.580237566511623,0.37235036335728966,6.53125,,0.0577848810323359,0.09155916906671868,0.507082228275241,0.013677357050890173,0.2959261711184048,0.012835699647278076,0.021134493809131648
"Random Forest (100 estimators, 5 depth)",639,160,16.648787285190288,4.080292548971248,0.575245617646599,20.89562522163978,4.571173287203164,0.3748321395025117,6.53125,,0.05766133994266823,0.0904591225414657,0.5249176186373407,0.012902411731899703,0.27913518277334576,0.010684402737877526,0.024239921635402437
Ridge (lambda=2.0),639,160,27.21478211363247,5.216778902122695,0.3056792804457874,26.096314352389367,5.108455182576174,0.21923479974853433,6.53125,2.9338691643246797,-5.008274567914863,10.226953197419522,2.4770385978269704,0.8593188856963045,5.914683265663179,0.7946007411156198,-1.518601841272578
