model_type,n_train,n_test,mse_train,rmse_train,r2_train,mse_test,rmse_test,r2_test,y_test_mean,bias,Game of season_weight,Game for player_weight,Age (days)_weight,Home?_weight,Game Started?_weight,Year_weight,Month of Season_weight
Linreg,639,160,26.97574592646729,5.193818049033609,0.3117777227106948,25.699968553728088,5.069513640747807,0.2310929113071985,6.53125,2.8696598446120696,-8.976776697888797,14.642241472975403,12.332448680844456,0.8899582407924874,5.560460012705921,-9.538539209534273,0.3192427487147427
Lasso (lambda=0.05),639,160,27.79124509526028,5.271740234046086,0.2909721925650547,25.959446373307408,5.095041351481596,0.2233296981182023,6.53125,3.0433559532308445,-2.448637852957066,6.307742508665472,2.674503260614817,0.6705404779057197,6.1162393405015365,0.0,-0.0
"Random Forest (500 estimators, 5 depth)",639,160,16.720894626111715,4.089119052572536,0.5734059695970698,20.97857616568431,4.580237566511623,0.3723503633572896,6.53125,,0.0577848810323359,0.0915591690667186,0.507082228275241,0.0136773570508901,0.2959261711184048,0.012835699647278,0.0211344938091316
"Random Forest (100 estimators, 5 depth)",639,160,16.648787285190288,4.080292548971248,0.575245617646599,20.89562522163978,4.571173287203164,0.3748321395025117,6.53125,,0.0576613399426682,0.0904591225414657,0.5249176186373407,0.0129024117318997,0.2791351827733457,0.0106844027378775,0.0242399216354024
Ridge (lambda=2.0),639,160,27.21478211363247,5.216778902122695,0.3056792804457874,26.096314352389367,5.108455182576174,0.2192347997485343,6.53125,2.93386916432468,-5.008274567914863,10.226953197419522,2.4770385978269704,0.8593188856963045,5.914683265663179,0.7946007411156198,-1.518601841272578
SVM (linear kernel),639,160,27.31173389880945,5.226062944397958,0.3032057852340647,25.37696370465958,5.037555330183439,0.24075676430420534,6.53125,,,,,,,,
"Feedforward NN (3 layers, [[16, 4, 1]] activations)",639,160,25.71085215218371,5.0705869632798635,0.3440484920247101,25.021073894473822,5.002106945525438,0.2514044893110776,6.53125,,,,,,,,
