model_type,n_train,n_test,mse_train,rmse_train,r2_train,mse_test,rmse_test,r2_test,y_test_mean,bias,Game of season_weight,Game for player_weight,Age (days)_weight,Home?_weight,Game Started?_weight,Year_weight,Month of Season_weight
Linreg,364,92,32.99860496846603,5.7444412233450555,0.19174386454440984,35.44887051862563,5.95389540709489,0.16012562857873402,10.706521739130435,8.578817968443499,-12.950945575773202,13.102313552078067,1.7882734011308647,0.2637574759971443,3.2314197177119484,-4.327721635262508,7.333058074876534
Lasso (lambda=0.05),364,92,33.66195514719227,5.801892376388265,0.17549600035671442,37.541467969898164,6.127109267011497,0.11054664500852907,10.706521739130435,9.205241413221577,0.0,3.2465482952700135,-2.9172425385916876,0.11039820920641617,3.297601537819238,-0.0,0.0
"Random Forest (500 estimators, 5 depth)",364,92,18.289800920198722,4.276657680969886,0.5520160981308566,38.441347189704494,6.200108643379122,0.0892262056536901,10.706521739130435,,0.14868244153062316,0.23682240110510028,0.41216248391744853,0.030543984038587643,0.13272288024499915,0.013019634844074389,0.026046174319167004
"Random Forest (100 estimators, 5 depth)",364,92,18.13528682795902,4.258554546786858,0.5558007115466792,38.85355579672928,6.233262051023467,0.07945992989781014,10.706521739130435,,0.13571736026955536,0.23613339403851444,0.4333954396910825,0.03553967716463342,0.12067277418112402,0.015337601192912314,0.02320375346217779
Ridge (lambda=2.0),364,92,33.39272182532701,5.778643597361496,0.18209050592671172,37.02988423120269,6.085218503160153,0.12266737169685749,10.706521739130435,9.044157312872468,-2.0224936329711,4.300029107944356,-1.4087736857433288,0.3000572000177682,3.348193331557544,-2.062182916931781,2.469391686005602
