model_type,n_train,n_test,mse_train,rmse_train,r2_train,mse_test,rmse_test,r2_test,y_test_mean,bias,Game of season_weight,Game for player_weight,Age (days)_weight,Home?_weight,Game Started?_weight,Year_weight,Month of Season_weight
Linreg,364,92,32.99860496846603,5.744441223345056,0.1917438645444098,35.44887051862563,5.95389540709489,0.160125628578734,10.706521739130435,8.578817968443499,-12.950945575773202,13.102313552078067,1.7882734011308647,0.2637574759971443,3.2314197177119484,-4.327721635262508,7.333058074876534
Lasso (lambda=0.05),364,92,33.66195514719227,5.801892376388265,0.1754960003567144,37.54146796989816,6.127109267011497,0.110546645008529,10.706521739130435,9.205241413221575,0.0,3.246548295270013,-2.917242538591688,0.1103982092064161,3.297601537819238,-0.0,0.0
"Random Forest (500 estimators, 5 depth)",364,92,18.28980092019872,4.276657680969886,0.5520160981308566,38.441347189704494,6.200108643379122,0.0892262056536901,10.706521739130435,,0.1486824415306231,0.2368224011051002,0.4121624839174485,0.0305439840385876,0.1327228802449991,0.0130196348440743,0.026046174319167
"Random Forest (100 estimators, 5 depth)",364,92,18.13528682795902,4.258554546786858,0.5558007115466792,38.85355579672928,6.233262051023467,0.0794599298978101,10.706521739130435,,0.1357173602695553,0.2361333940385144,0.4333954396910825,0.0355396771646334,0.120672774181124,0.0153376011929123,0.0232037534621777
Ridge (lambda=2.0),364,92,33.39272182532701,5.778643597361496,0.1820905059267117,37.02988423120269,6.085218503160153,0.1226673716968574,10.706521739130435,9.044157312872468,-2.0224936329711,4.300029107944356,-1.4087736857433288,0.3000572000177682,3.348193331557544,-2.062182916931781,2.469391686005602
SVM (linear kernel),364,92,33.15098302670314,5.75768903525565,0.1880115703884403,35.924020349327485,5.993665018110996,0.14886811431796332,10.706521739130435,,,,,,,,
"Feedforward NN (3 layers, [[16, 4, 1]] activations)",364,92,31.697906386237484,5.630089376398699,0.22360271465244463,40.50552715820393,6.364395270424672,0.04032050490271866,10.706521739130435,,,,,,,,
