model_type,n_train,n_test,mse_train,rmse_train,r2_train,mse_test,rmse_test,r2_test,y_test_mean,bias,Game of season_weight,Game for player_weight,Age (days)_weight,Home?_weight,Game Started?_weight,Year_weight,Month of Season_weight
Linreg,194,49,22.420627847001,4.735042539090963,0.1663412182177597,26.114191940575616,5.110204686759192,0.1731917761251938,4.387755102040816,3.971043378552448,-9.015067092200235,12.206033316151466,-12.480390236879591,0.909309670833318,1.4971131569052851,15.572099867013344,-3.052873889487886
Lasso (lambda=0.05),194,49,23.28782515912801,4.825746072798279,0.1340965076893101,29.130166388942,5.397236921698176,0.0777022245978091,4.387755102040816,3.818752485636618,-5.256547626413207,6.826615043162668,0.0,0.7115527532583339,1.7130980008982697,1.2232469551504803,-0.0
"Random Forest (500 estimators, 5 depth)",194,49,10.395472521699055,3.22420106719464,0.6134685871586956,16.95857316408422,4.11807881955703,0.4630702037744783,4.387755102040816,,0.1220872346325138,0.1189220803294102,0.6447369741562258,0.022018186774523,0.0429361926354079,0.0281741041996184,0.0211252272723008
"Random Forest (100 estimators, 5 depth)",194,49,10.5056103949472,3.2412359363284864,0.6093733670842758,16.70433877036161,4.087094171946814,0.4711195850457813,4.387755102040816,,0.1416650216069722,0.1015141016735609,0.6328039649519588,0.023506419200327,0.0405321132689482,0.0372044143915959,0.0227739649066368
Ridge (lambda=2.0),194,49,23.336592391316543,4.8307962481682605,0.1322832118416373,29.633025765961897,5.443622485621307,0.0617810630578037,4.387755102040816,3.5386112513200185,-4.048350184133335,6.219105466057009,-0.169286210016164,0.8593696188288691,1.94098713932804,2.0735379241094085,-1.2488806480089
SVM (linear kernel),194,49,23.97064354942906,4.895982388594659,0.10870749756339504,28.19518752709442,5.309914079068927,0.1073048335502057,4.387755102040816,,,,,,,,
"Feedforward NN (3 layers, [[16, 4, 1]] activations)",194,49,34.37671853492023,5.863166255098028,-0.2782181431786239,33.964001150860554,5.827864201477292,-0.07534307518021177,4.387755102040816,,,,,,,,
