model_type,n_train,n_test,mse_train,rmse_train,r2_train,mse_test,rmse_test,r2_test,y_test_mean,bias,Game of season_weight,Game for player_weight,Age (days)_weight,Home?_weight,Game Started?_weight,Year_weight,Month of Season_weight
Linreg,993,249,48.801501411057565,6.985807140986471,0.2151655613050072,58.22355495830005,7.630436092275464,0.19637326187434012,16.65461847389558,8.228715194403161,-15.773872664787243,14.839213578386751,-9.331214566147102,0.3510844144828281,8.996649732437458,7.2562813872452345,3.270421115615184
Lasso (lambda=0.05),993,249,49.51111488671766,7.036413496001899,0.20375343098612508,60.0136577485087,7.746848246126207,0.1716654873793726,16.65461847389558,10.328734953831749,0.0,0.2682072026149475,-3.5072862169197423,0.16539579008755942,7.61160883675303,-0.0,0.0
"Random Forest (500 estimators, 5 depth)",993,249,36.49885943767996,6.041428592450627,0.4130188409881911,50.32907044529298,7.094298446308343,0.30533635838940465,16.65461847389558,,0.033653005709191885,0.0362847209538248,0.7370760739779871,0.006458729534011049,0.0005116534969829756,0.18120600209105442,0.0048098142369476776
"Random Forest (100 estimators, 5 depth)",993,249,36.65900072367846,6.054667680697138,0.4104434203008258,50.468666571497636,7.104130247362983,0.3034095921581572,16.65461847389558,,0.03761604535718595,0.03396528591578681,0.7762591502623225,0.006085776735489937,0.0007757802793207047,0.13927221502389264,0.006025746426001526
Ridge (lambda=2.0),993,249,49.06075414050656,7.004338237157494,0.21099621272936797,59.21802206905569,7.6953246889949805,0.1826471958352227,16.65461847389558,9.49704930871437,-6.0723285321875045,5.928578497233695,-2.3078443252360694,0.3486574019912014,8.114498730716766,-1.079578586820517,1.8841779890689156
