model_type,n_train,n_test,mse_train,rmse_train,r2_train,mse_test,rmse_test,r2_test,y_test_mean,bias,Game of season_weight,Game for player_weight,Age (days)_weight,Home?_weight,Game Started?_weight,Year_weight,Month of Season_weight
Linreg,120,31,9.326362708026291,3.053909413854034,0.1215127096759557,6.64122527314372,2.5770574834767888,-0.1220494879555409,1.870967741935484,1.8715336443257304,-2.5228713201882558,-2.522871320188253,2.946530164261681,-1.269014237109115,2.292889659107608,-1.0133540907740208,4.934022765911203
Lasso (lambda=0.05),120,31,9.92797346130556,3.1508686836022792,0.064844594031764,7.010053789642838,2.6476506169891145,-0.1843638698746079,1.870967741935484,2.5241521106899256,-0.0,-0.0,0.0,-1.160135865804624,0.0,0.0,1.0386525804075295
"Random Forest (500 estimators, 5 depth)",120,31,4.042588730063172,2.010618991769244,0.6192124485667491,6.700746944246275,2.588580101956722,-0.1321058040472349,1.870967741935484,,0.2129464385935801,0.2172125938865878,0.3060508617223849,0.0614873061715292,0.0204575130171307,0.0181186442398515,0.1637266423689355
"Random Forest (100 estimators, 5 depth)",120,31,4.08168627253289,2.0203183592030465,0.6155296951485281,6.936009533572372,2.6336304853893933,-0.1718539313929417,1.870967741935484,,0.1892293374051265,0.2169698884904054,0.3283234230127088,0.0741323007440865,0.0168140273917411,0.0179578349505722,0.1565731880053592
Ridge (lambda=2.0),120,31,9.516398891874465,3.0848661059881453,0.103612443791097,6.802488413162967,2.608158049881749,-0.1492952470199744,1.870967741935484,2.216968374060184,-1.1916943774567057,-1.1916943774567037,0.5794170254316416,-1.214590288512276,1.13105987220469,0.4226869758551997,2.504931518486801
SVM (linear kernel),120,31,10.668840130430052,3.2663190490872216,-0.004940591578748377,5.933609163505638,2.4359000725616062,-0.002496203609163139,1.8709677419354838,,,,,,,,
"Feedforward NN (3 layers, [[16, 4, 1]] activations)",120,31,11.004166318028973,3.3172528269682693,-0.036526302229370256,8.051422354655331,2.837502837823309,-0.3603053591462335,1.8709677419354838,,,,,,,,
