model_type,n_train,n_test,mse_train,rmse_train,r2_train,mse_test,rmse_test,r2_test,y_test_mean,bias,Game of season_weight,Game for player_weight,Age (days)_weight,Home?_weight,Game Started?_weight,Year_weight,Month of Season_weight
Linreg,927,232,44.88516849170524,6.699639429977201,0.1419628301503858,48.32564363489417,6.951664810309411,0.20423165635466511,11.262931034482758,9.200238659540844,41.51080672756921,-33.070200767368746,-7.067039098911452,0.14176900043633556,4.605060737326932,6.449483681415296,-8.267700057223646
Lasso (lambda=0.05),927,232,45.889360339424755,6.774168608724229,0.12276642385500691,50.5339682166779,7.108724795395999,0.16786763380891212,11.262931034482758,7.802149615656678,2.35724160395218,0.0,-0.0,0.0,4.6719970759210865,-0.0,-0.0
"Random Forest (500 estimators, 5 depth)",927,232,33.00253676526088,5.744783439370093,0.3691144715396283,43.61668977340787,6.6042932834185875,0.28177302223833667,11.262931034482758,,0.12408307332748736,0.08590214377062054,0.4326781455642292,0.013348616629925647,0.29827652699993074,0.0311911140257614,0.01452037968204513
"Random Forest (100 estimators, 5 depth)",927,232,33.16403967705763,5.758822768331878,0.3660271376603722,43.57052461378865,6.600797271071779,0.2825332143401089,11.262931034482758,,0.11917066601964946,0.09369971631198538,0.4260170079630822,0.009943914422076369,0.2998002425326133,0.03545813587530144,0.015910316875291763
Ridge (lambda=2.0),927,232,45.27894678638171,6.728963277235335,0.1344352564580904,48.93986736500344,6.995703493216635,0.19411736167440174,11.262931034482758,8.60044855359849,5.7789701022789846,1.2334188253714615,-0.4190385100382596,0.16358483850650424,4.598924534520052,0.1163963658297679,-5.651258889896317
