model_type,n_train,n_test,mse_train,rmse_train,r2_train,mse_test,rmse_test,r2_test,y_test_mean,bias,Game of season_weight,Game for player_weight,Age (days)_weight,Home?_weight,Game Started?_weight,Year_weight,Month of Season_weight
Linreg,540,136,43.369822585728,6.585576860513283,0.134060974742285,51.75256307422973,7.193925428737062,0.0817584382269426,12.808823529411764,13.605326410845262,-7.617962676516436,12.217749423136798,13.186070234641548,0.6732690232165554,1.0795290937887558,-18.632804574067222,-0.6071978565237224
Lasso (lambda=0.05),540,136,43.91270605513776,6.626666285179732,0.1232215487474017,51.03010099001548,7.14353560850756,0.0945770248461055,12.808823529411764,12.928303836837188,-4.4302729556671,7.278394883731598,-0.0,0.3978634921762509,1.649350082493152,-4.308164636819146,-0.5105823969352112
"Random Forest (500 estimators, 5 depth)",540,136,31.142661133796704,5.5805610052929895,0.3781933146527173,44.22949290814997,6.650525761783799,0.2152396667551044,12.808823529411764,,0.0797044300089526,0.1634426291905342,0.6829792829244703,0.0188898419918281,0.0337665759096313,0.0066614980514757,0.0145557419231077
"Random Forest (100 estimators, 5 depth)",540,136,31.42661767780626,5.605944851477426,0.3725237260246075,44.17020608123891,6.646066963342975,0.216291588153805,12.808823529411764,,0.0765787146796677,0.1595680125574694,0.6931507514975659,0.0180415541909882,0.0300577260272186,0.0052028378522893,0.0174004031948007
Ridge (lambda=2.0),540,136,43.60566294146474,6.603458407642524,0.1293520929533539,51.2220000068204,7.156954660106518,0.0911721760342521,12.808823529411764,13.438635807746026,-4.749984748494082,9.291098469517442,-1.5081193968736757,0.5967163625128761,1.5437492515254772,-3.2179994212561387,-2.3044018254781524
SVM (linear kernel),540,136,43.681073656387525,6.60916588204499,0.12784641280340292,51.991063130373995,7.2104828638846366,0.07752675092436867,12.808823529411764,,,,,,,,
"Feedforward NN (3 layers, [[16, 4, 1]] activations)",540,136,45.284070234125544,6.729343967588932,0.09584034934132402,52.32621587669261,7.233686188707153,0.07158016271827883,12.808823529411764,,,,,,,,
