model_type,n_train,n_test,mse_train,rmse_train,r2_train,mse_test,rmse_test,r2_test,y_test_mean,bias,Game of season_weight,Game for player_weight,Age (days)_weight,Home?_weight,Game Started?_weight,Year_weight,Month of Season_weight
Linreg,540,136,43.369822585727995,6.585576860513283,0.13406097474228507,51.75256307422973,7.193925428737062,0.08175843822694262,12.808823529411764,13.605326410845262,-7.617962676516436,12.217749423136798,13.186070234641548,0.6732690232165554,1.0795290937887558,-18.632804574067222,-0.6071978565237224
Lasso (lambda=0.05),540,136,43.912706055137754,6.626666285179732,0.12322154874740177,51.03010099001548,7.14353560850756,0.09457702484610553,12.808823529411764,12.928303836837188,-4.4302729556671,7.278394883731598,-0.0,0.39786349217625094,1.649350082493152,-4.308164636819146,-0.5105823969352112
"Random Forest (500 estimators, 5 depth)",540,136,31.142661133796704,5.5805610052929895,0.3781933146527173,44.22949290814997,6.650525761783799,0.21523966675510442,12.808823529411764,,0.0797044300089526,0.16344262919053423,0.6829792829244703,0.018889841991828124,0.033766575909631336,0.006661498051475753,0.014555741923107704
"Random Forest (100 estimators, 5 depth)",540,136,31.42661767780626,5.605944851477426,0.3725237260246075,44.17020608123891,6.6460669633429745,0.216291588153805,12.808823529411764,,0.07657871467966772,0.1595680125574694,0.6931507514975659,0.01804155419098826,0.030057726027218696,0.005202837852289368,0.017400403194800785
Ridge (lambda=2.0),540,136,43.60566294146474,6.603458407642524,0.12935209295335393,51.222000006820394,7.156954660106518,0.0911721760342521,12.808823529411764,13.438635807746026,-4.749984748494082,9.291098469517442,-1.5081193968736755,0.5967163625128761,1.5437492515254772,-3.2179994212561387,-2.3044018254781524
