model_type,n_train,n_test,mse_train,rmse_train,r2_train,mse_test,rmse_test,r2_test,y_test_mean,bias,Game of season_weight,Game for player_weight,Age (days)_weight,Home?_weight,Game Started?_weight,Year_weight,Month of Season_weight
Linreg,145,37,14.127394647730341,3.7586426602871335,0.04958796238223251,13.980944902730897,3.7391101752597367,-0.07082430188198474,4.4324324324324325,2.32483055296152,6.195119654641771,1.6654393748715401,5.84561699722243,-0.03522501637984915,1.0554228246441746,-3.093472649460716,-6.677409711391155
Lasso (lambda=0.05),145,37,14.48193220308064,3.805513395467245,0.02573666008661546,13.747229642996071,3.7077256698677252,-0.05292365342182048,4.4324324324324325,3.258407466454317,0.0,1.7406308389944334,-0.0,-0.0,0.0,-0.0,-0.0
"Random Forest (500 estimators, 5 depth)",145,37,5.385527308338701,2.320673890993455,0.6376918667316602,18.235282576488117,4.270278981107454,-0.39667124578786095,4.4324324324324325,,0.22314190514225876,0.2893234276128172,0.3650633841583804,0.03307034990803654,0.005737359855199089,0.021093619921171994,0.06256995340213593
"Random Forest (100 estimators, 5 depth)",145,37,5.290188423792639,2.300040961329306,0.6441057332502249,17.608160598829034,4.196207883176075,-0.34863890901851535,4.4324324324324325,,0.23073074998238205,0.30427411522302067,0.3342352510557482,0.040175289243630403,0.011760272384281772,0.02391251359790451,0.0549118085130326
Ridge (lambda=2.0),145,37,14.33044843921973,3.785557876881521,0.03592763982966285,13.752448668425629,3.708429407232343,-0.05332338743844045,4.4324324324324325,3.1561283811706238,0.9310313935612191,1.9312393108951473,0.581109310407593,-0.06242351928474565,0.8634550523000291,-0.2336325583900717,-1.1696676776030026
