model_type,n_train,n_test,mse_train,rmse_train,r2_train,mse_test,rmse_test,r2_test,y_test_mean,bias,Game of season_weight,Game for player_weight,Age (days)_weight,Home?_weight,Game Started?_weight,Year_weight,Month of Season_weight
Linreg,145,37,14.12739464773034,3.7586426602871335,0.0495879623822325,13.980944902730895,3.7391101752597367,-0.0708243018819847,4.4324324324324325,2.32483055296152,6.195119654641771,1.66543937487154,5.84561699722243,-0.0352250163798491,1.0554228246441746,-3.093472649460716,-6.677409711391155
Lasso (lambda=0.05),145,37,14.48193220308064,3.805513395467245,0.0257366600866154,13.747229642996071,3.707725669867725,-0.0529236534218204,4.4324324324324325,3.258407466454317,0.0,1.7406308389944334,-0.0,-0.0,0.0,-0.0,-0.0
"Random Forest (500 estimators, 5 depth)",145,37,5.385527308338701,2.320673890993455,0.6376918667316602,18.23528257648812,4.270278981107454,-0.3966712457878609,4.4324324324324325,,0.2231419051422587,0.2893234276128172,0.3650633841583804,0.0330703499080365,0.005737359855199,0.0210936199211719,0.0625699534021359
"Random Forest (100 estimators, 5 depth)",145,37,5.290188423792639,2.300040961329306,0.6441057332502249,17.608160598829034,4.196207883176075,-0.3486389090185153,4.4324324324324325,,0.230730749982382,0.3042741152230206,0.3342352510557482,0.0401752892436304,0.0117602723842817,0.0239125135979045,0.0549118085130326
Ridge (lambda=2.0),145,37,14.33044843921973,3.785557876881521,0.0359276398296628,13.752448668425629,3.708429407232343,-0.0533233874384404,4.4324324324324325,3.156128381170624,0.9310313935612192,1.9312393108951476,0.581109310407593,-0.0624235192847456,0.8634550523000291,-0.2336325583900717,-1.1696676776030026
SVM (linear kernel),145,37,14.904287921597163,3.8606071959728254,-0.0026770686329466997,15.718642625819182,3.9646743404495637,-0.20391752012680198,4.4324324324324325,,,,,,,,
"Feedforward NN (3 layers, [[16, 4, 1]] activations)",145,37,15.287487608789798,3.9099216883193195,-0.028456598730363103,15.331011604964054,3.9154835723016452,-0.17422820226003055,4.4324324324324325,,,,,,,,
