model_type,n_train,n_test,mse_train,rmse_train,r2_train,mse_test,rmse_test,r2_test,y_test_mean,bias,Game of season_weight,Game for player_weight,Age (days)_weight,Home?_weight,Game Started?_weight,Year_weight,Month of Season_weight
Linreg,680,170,37.11010228932655,6.091806159861503,0.27389582817003255,44.78243779982623,6.691968155918424,0.1721300192317181,9.976470588235294,7.872985664718895,-70.63027618432028,79.44095559658346,-19.499468690836284,0.4243135904162916,6.757860747400247,23.032334071832704,-9.253536969837569
Lasso (lambda=0.05),680,170,38.74564664064782,6.224600118935177,0.24189441875734874,44.903852268523515,6.701033671645257,0.1698854921625419,9.976470588235294,7.744638342173005,0.0,1.3631530468134476,-0.15680873723510408,0.24777563919744813,7.198976359235101,-0.0,-0.0
"Random Forest (500 estimators, 5 depth)",680,170,25.946426157790654,5.093763457188668,0.4923266950231874,37.46136458031441,6.120568975210917,0.30747094847125933,9.976470588235294,,0.06162583882890738,0.07335420706556879,0.35595136874475314,0.013371725149356375,0.46788079422435536,0.01565895034284239,0.012157115644216556
"Random Forest (100 estimators, 5 depth)",680,170,25.87836630233194,5.087078366049804,0.49365836866281876,37.39414083774723,6.115074884067016,0.3087136793541787,9.976470588235294,,0.06479675086400968,0.07618502541528724,0.34746326083644624,0.011860925058815652,0.46437908514366516,0.023329420978956232,0.01198553170281969
Ridge (lambda=2.0),680,170,38.28172333476456,6.187222586489398,0.25097164105074754,45.02668990038801,6.710192985331197,0.16761465580513235,9.976470588235294,8.118845942130015,0.34636364612508674,4.763230605792135,-1.3577713233332949,0.4791528376025993,7.1566127907457115,1.1062109918235576,-4.1948737100864335
