model_type,n_train,n_test,mse_train,rmse_train,r2_train,mse_test,rmse_test,r2_test,y_test_mean,bias,Game of season_weight,Game for player_weight,Age (days)_weight,Home?_weight,Game Started?_weight,Year_weight,Month of Season_weight
Linreg,169,43,7.151063150415269,2.6741471818909424,0.19876381031976054,5.947488334571288,2.4387472879680026,-0.415667601779391,1.7209302325581395,5.92704979091911,0.10470244183107627,0.10470244183107691,-3.476558248723584,-1.1823433172501874,1.8775541398847384,-0.137809683333104,-1.588972638021361
Lasso (lambda=0.05),169,43,7.27343066307291,2.6969298587603108,0.18505322246447597,5.528781865234813,2.351336187199698,-0.3160038193639505,1.7209302325581395,5.130847988550634,-0.0,-0.0,-2.327637973348982,-0.9799576798576964,0.0,-0.8165467510929277,-0.5472818225988685
"Random Forest (500 estimators, 5 depth)",169,43,3.5312293030978976,1.8791565403387493,0.604345724238631,4.4213133119910175,2.1026919203704137,-0.0523955089947723,1.7209302325581395,,0.1293288751029119,0.13128766607690484,0.5669138162522901,0.06504808526100739,0.004744224232292901,0.017517505940454106,0.08515982713413886
"Random Forest (100 estimators, 5 depth)",169,43,3.56615926911654,1.8884277240912717,0.6004320190608474,4.507351201922385,2.1230523314139917,-0.07287491920114442,1.7209302325581395,,0.11938422403759504,0.12690296891220554,0.5859775991145889,0.06868912638417615,0.0046507626115662995,0.017132592109378,0.07726272683049007
Ridge (lambda=2.0),169,43,7.177555833487751,2.679096085154049,0.19579545498672613,5.68301758780077,2.3839080493594484,-0.35271621007255716,1.7209302325581395,5.677606210151003,0.04097525344386079,0.04097525344386083,-2.00463632530148,-1.1271049236493489,0.940666853007844,-1.5669282324501674,-1.0240500391466922
