model_type,n_train,n_test,mse_train,rmse_train,r2_train,mse_test,rmse_test,r2_test,y_test_mean,bias,Game of season_weight,Game for player_weight,Age (days)_weight,Home?_weight,Game Started?_weight,Year_weight,Month of Season_weight
Linreg,666,167,18.080861426644702,4.252159619139985,0.1625768132733424,15.197552461814256,3.8984038351374335,0.0882514668454884,5.910179640718563,5.538126714786695,-4.896332056531712,7.261459326798901,4.376741992675596,0.4385463101404858,3.603548196657661,-6.25634521332104,0.1678549427973594
Lasso (lambda=0.05),666,167,18.35823101382177,4.284650629143731,0.1497303167423426,15.217270187326172,3.900931963944792,0.0870685390445937,5.910179640718563,5.041378573567094,0.0,1.3335448045215306,-0.4009751556293695,0.2852555220792891,3.601280841943343,-0.0,0.0
"Random Forest (500 estimators, 5 depth)",666,167,12.803150659016511,3.5781490548908823,0.4070163488330682,16.085886405400764,4.01072143203698,0.0349575452057092,5.910179640718563,,0.1512155216556592,0.1826195787195789,0.258943206469389,0.0229531145347882,0.3226158751591905,0.0234452677470822,0.0382074357143118
"Random Forest (100 estimators, 5 depth)",666,167,12.820973512138345,3.5806387017036982,0.4061908754164173,15.963879984963302,3.99548244708487,0.0422770905830843,5.910179640718563,,0.144640066822418,0.1873028870540671,0.2708793493564217,0.0208596657797484,0.3181234034348452,0.0243763824583541,0.0338182450941453
Ridge (lambda=2.0),666,167,18.14194928501025,4.259336718904746,0.15974750178117,15.136448575789268,3.890558902752825,0.0919172793895348,5.910179640718563,5.432762361972452,-1.7322336589949672,4.239568168518471,-0.5245430700401875,0.4669001151246302,3.643491539079877,-0.965200914946086,-0.4944918156946941
SVM (linear kernel),666,167,18.264075460931714,4.2736489632317385,0.15409117330158872,15.293637125320759,3.910708008189918,0.08248704844780119,5.910179640718563,,,,,,,,
"Feedforward NN (3 layers, [[16, 4, 1]] activations)",666,167,18.301554353560164,4.278031598008617,0.1523553216206699,15.503073675380271,3.9373942748193596,0.06992229713106801,5.910179640718563,,,,,,,,
