model_type,n_train,n_test,mse_train,rmse_train,r2_train,mse_test,rmse_test,r2_test,y_test_mean,bias,Game of season_weight,Game for player_weight,Age (days)_weight,Home?_weight,Game Started?_weight,Year_weight,Month of Season_weight
Linreg,736,184,46.71821207498027,6.835072207005591,0.1645350287665152,55.702060927153646,7.46338133336048,0.2036379789746487,17.5,9.209643966591292,-2.7247601321036035,-2.7247601321036083,16.58954244898241,0.7228057643138385,9.328741272225844,-18.69132707052422,5.113432575912581
Lasso (lambda=0.05),736,184,47.06478077031091,6.860377596773439,0.1583373171629519,55.97137201517671,7.481401741330077,0.1997876883611099,17.5,9.875021494069658,-1.0000024122432134,-6.614867352760475e-16,-0.0,0.5796832598866244,8.309085365424206,-0.0,-0.0
"Random Forest (500 estimators, 5 depth)",736,184,35.373652115957405,5.947575314021455,0.367410567851999,46.98467976440704,6.854537166315975,0.3282687586129841,17.5,,0.0628306177447504,0.0641750518992724,0.6880141766625028,0.0150500195375262,0.1148418862749372,0.0313006071613711,0.0237876407196397
"Random Forest (100 estimators, 5 depth)",736,184,35.46981123957126,5.955653720589475,0.3656909476894178,46.76189078351359,6.838266650512657,0.3314539313001942,17.5,,0.0625693172859619,0.0674178716365141,0.6958973766829741,0.014439479150639,0.1073809142576152,0.030514825888629,0.0217802150976663
Ridge (lambda=2.0),736,184,46.86294483779638,6.845651527633902,0.1619467629029023,55.484349666181714,7.448781757185649,0.2067505564430897,17.5,9.701819855117352,-1.8004221684813757,-1.8004221684813884,0.7219597353024452,0.780829009795949,8.90962084376396,-1.6720294244457357,2.1039926214921256
SVM (linear kernel),736,184,46.94017740551053,6.851290200065279,0.16056560762966476,55.853414217242836,7.473514181243174,0.20147410909303176,17.5,,,,,,,,
"Feedforward NN (3 layers, [[16, 4, 1]] activations)",736,184,46.7171367668509,6.834993545487142,0.16455425857509465,54.79987428360401,7.402693718073443,0.21653637387854408,17.5,,,,,,,,
