model_type,n_train,n_test,mse_train,rmse_train,r2_train,mse_test,rmse_test,r2_test,y_test_mean,bias,Game of season_weight,Game for player_weight,Age (days)_weight,Home?_weight,Game Started?_weight,Year_weight,Month of Season_weight
Linreg,404,102,39.92316901425275,6.318478378079073,0.1525878960260706,34.25465755741122,5.852747863816724,0.17987845591021012,11.607843137254902,4.250369035543093,8.08155606219816,0.03557478152135385,26.08837391661336,0.3537850922458967,6.495133835540037,-26.249345911468403,-4.275695328607515
Lasso (lambda=0.05),404,102,40.66870649619465,6.37720208996035,0.13676306293383123,33.47571839675354,5.785820460120893,0.19852773845288052,11.607843137254902,5.410473255176218,1.8032142502482633,0.546270276768232,1.1956562203148153,0.2020460081331678,6.156648311450695,0.0,0.0
"Random Forest (500 estimators, 5 depth)",404,102,25.864042393452667,5.085670299326596,0.451007945434342,35.28556446492484,5.940165356698822,0.1551965870757055,11.607843137254902,,0.1707671383317434,0.1276340891280639,0.6351200551065792,0.01849756573075992,0.013294212875258562,0.013530200129346848,0.021156738698248197
"Random Forest (100 estimators, 5 depth)",404,102,25.756240568461514,5.075060646776698,0.4532961548521708,35.28385330273492,5.940021321740766,0.15523755554765795,11.607843137254902,,0.16973376221668918,0.1235214050825782,0.6344597161631778,0.019352822648900814,0.014112767798183904,0.009827582363267902,0.02899194372720226
Ridge (lambda=2.0),404,102,40.50143945502868,6.364074123942043,0.14031348537723354,33.225877487789624,5.764189230740922,0.2045094042071759,11.607843137254902,4.820643630380369,2.710269295925706,1.084272516396925,2.8893429447675905,0.38804851238625565,6.089986613520819,-1.2279079990218724,-0.9595656172576615
