model_type,n_train,n_test,mse_train,rmse_train,r2_train,mse_test,rmse_test,r2_test,y_test_mean,bias,Game of season_weight,Game for player_weight,Age (days)_weight,Home?_weight,Game Started?_weight,Year_weight,Month of Season_weight
Linreg,242,61,20.016114891629552,4.473937291874972,0.1383045684565048,19.0570048312895,4.365432948894015,0.1979650849726487,6.098360655737705,4.475029789320561,-10.297066049912203,10.518037023258058,-2.275067545710873,0.0294924786685689,3.309563600862412,1.3986059781353386,-0.5722666042524001
Lasso (lambda=0.05),242,61,20.155994892993256,4.489542837861474,0.1322827226191886,19.28827869181277,4.391842289041442,0.1882316713163602,6.098360655737705,4.414401272414999,-0.0,-0.0,-1.1824150097244046,-0.0,3.252520920963597,-0.0,-0.0
"Random Forest (500 estimators, 5 depth)",242,61,11.012070481282896,3.3184439849548304,0.5259294385083375,17.003853690410068,4.123572927742405,0.2843741988597297,6.098360655737705,,0.141607360269828,0.1386354440426547,0.443677611286532,0.0390197848412933,0.197307383115404,0.012771772043784,0.0269806444005039
"Random Forest (100 estimators, 5 depth)",242,61,11.009825350154928,3.3181056870080146,0.526026091592448,16.939098259279056,4.115713578382132,0.2870995020836363,6.098360655737705,,0.1394875176771107,0.1416223596483682,0.4640357562122644,0.0398754453456596,0.1887812936157555,0.009547086459505,0.0166505410413364
Ridge (lambda=2.0),242,61,20.101425973728198,4.483461383097684,0.1346319191885304,19.048914184406453,4.36450617875682,0.1983055887056753,6.098360655737705,4.693474679918657,-0.3722600890685957,0.6360401940823586,-0.9066179237612704,-0.0150209262565093,3.240985470556656,-0.5457921914340517,-0.6605707109845798
SVM (linear kernel),242,61,20.480056205524775,4.525489609481473,0.11833185582709327,20.55115712207882,4.533338408069579,0.13508204977429716,6.098360655737705,,,,,,,,
"Feedforward NN (3 layers, [[16, 4, 1]] activations)",242,61,22.27753033620361,4.719907873698767,0.0409504431448906,21.346231302960522,4.620198188710147,0.10162048229560816,6.098360655737705,,,,,,,,
