model_type,n_train,n_test,mse_train,rmse_train,r2_train,mse_test,rmse_test,r2_test,y_test_mean,bias,Game of season_weight,Game for player_weight,Age (days)_weight,Home?_weight,Game Started?_weight,Year_weight,Month of Season_weight
Linreg,264,66,46.09793782677334,6.789546216557727,0.4059019464788398,45.0722376888891,6.713586052840099,0.2569160559057705,13.636363636363637,3.475623192954025,-10.72996204814752,8.177046197613521,9.807116052468531,1.5251402037752768,7.969344350697676,-3.99344842005613,9.242984336523293
Lasso (lambda=0.05),264,66,47.09957982656343,6.862913362892135,0.3929930488045772,42.59146685390318,6.526213822263501,0.2978153116556065,13.636363636363637,3.774638778726171,-0.0,3.830172134968857,6.153189959012237,1.5236774972641858,8.798874166766451,0.0,0.0
"Random Forest (500 estimators, 5 depth)",264,66,25.81670940764478,5.0810146041558255,0.6672810643929674,40.05085340348362,6.328574357901124,0.3397011633452377,13.636363636363637,,0.0692873335471013,0.0737428974705213,0.5049425243211596,0.0118995193472759,0.3091583318688155,0.0133095593726456,0.0176598340724808
"Random Forest (100 estimators, 5 depth)",264,66,25.95187043500629,5.094297835325914,0.6655391447528929,39.42154994883125,6.278658292090058,0.3500761816956244,13.636363636363637,,0.0677397111074711,0.07517809566657,0.5141246008787113,0.0115463444863546,0.2911868340303571,0.0197230519910747,0.0205013618394609
Ridge (lambda=2.0),264,66,46.5428781233646,6.822234100598176,0.4001676733941885,43.3280875754126,6.582407430067862,0.2856710060007824,13.636363636363637,3.575738553391986,-3.830227744192922,5.03679198192798,3.616685328385628,1.5735833470043457,8.354826188796041,3.0613216215156758,3.0834776826379438
SVM (linear kernel),264,66,46.62966455437336,6.828591696270422,0.3990491927817128,45.758262586493316,6.764485389628195,0.24560589886015638,13.636363636363637,,,,,,,,
"Feedforward NN (3 layers, [[16, 4, 1]] activations)",264,66,53.41957720008587,7.308869762151045,0.31154259104271564,57.89684803256227,7.608997833654723,0.04548297593695594,13.636363636363637,,,,,,,,
