model_type,n_train,n_test,mse_train,rmse_train,r2_train,mse_test,rmse_test,r2_test,y_test_mean,bias,Game of season_weight,Game for player_weight,Age (days)_weight,Home?_weight,Game Started?_weight,Year_weight,Month of Season_weight
Linreg,152,39,17.68952000426424,4.205891107038346,0.2937837036153814,14.530943822414024,3.811947510448436,0.5399724095851359,5.717948717948718,6.666785633075058,2.66258298796648,2.662582987966479,-1.0481933331116509,-0.193223312257741,2.9554611200426253,-5.674094240743704,-1.8225589110695024
Lasso (lambda=0.05),152,39,17.892643038664204,4.229969626210595,0.2856744503948436,15.331999650802285,3.915609741892351,0.5146121998819775,5.717948717948718,6.234421714714817,2.490798901210701,8.476837431111905e-15,-0.8029894607264111,-0.0252034454404062,3.2464802795295435,-5.214678558372351,-0.0
"Random Forest (500 estimators, 5 depth)",152,39,8.74508073128865,2.957208266471716,0.650871333753183,9.777422374440867,3.1268870101813517,0.6904616719772592,5.717948717948718,,0.1806908046326757,0.1950210753577604,0.4433985266967838,0.0364235208716946,0.0661986086222046,0.0619267116481194,0.0163407521707612
"Random Forest (100 estimators, 5 depth)",152,39,8.955289060188111,2.9925388986925654,0.6424792152859329,9.935046178616934,3.151990827812945,0.6854715419682716,5.717948717948718,,0.1862671491354771,0.1773738252249018,0.4731573996572542,0.0400982248848691,0.063111964048993,0.0443010427993825,0.0156903942491222
Ridge (lambda=2.0),152,39,17.7724105203764,4.215733687079439,0.2904744768370387,15.017619738918969,3.875257377119482,0.5245649899488853,5.717948717948718,6.275861138640239,2.040872681962972,2.0408726819629672,-2.7810772497895107,-0.1907082450254452,3.015538215087382,-2.9031894896077417,-1.247295172269236
SVM (linear kernel),152,39,17.792686708778188,4.218137824772703,0.2896649933307336,14.90274291462671,3.8604070918268074,0.5282018155618344,5.717948717948718,,,,,,,,
"Feedforward NN (3 layers, [[16, 4, 1]] activations)",152,39,20.60711225387434,4.5395057279261515,0.177305065846611,15.79739435636969,3.974593608957989,0.4998785110307572,5.717948717948718,,,,,,,,
