model_type,n_train,n_test,mse_train,rmse_train,r2_train,mse_test,rmse_test,r2_test,y_test_mean,bias,Game of season_weight,Game for player_weight,Age (days)_weight,Home?_weight,Game Started?_weight,Year_weight,Month of Season_weight
Linreg,633,159,15.426296467184127,3.9276324251620247,0.1940101680425227,15.838472154317797,3.9797578009619876,0.029449114234204044,4.786163522012578,3.827775744037939,12.050774164766025,-7.747170884669125,-14.245094010125657,0.16793188581555446,3.778419918247869,13.424971498300279,-4.14477853838414
Lasso (lambda=0.05),633,159,15.89182492527417,3.986455182900489,0.16968733692712223,15.366078247209664,3.9199589598884406,0.05839649757440668,4.786163522012578,3.061465228035714,1.4357160612060602,0.0,-0.0,0.0,3.519285740039877,-0.0,-0.0
"Random Forest (500 estimators, 5 depth)",633,159,11.406534662405786,3.377356164576929,0.40403382138242117,14.588344165322813,3.8194690946940275,0.10605453521282593,4.786163522012578,,0.169794835137918,0.1476461826462533,0.25288172133173537,0.00992177541305155,0.3685875678034622,0.037037740068066795,0.014130177599512838
"Random Forest (100 estimators, 5 depth)",633,159,11.423646310706829,3.3798885056621066,0.4031397756490197,14.477139967108705,3.804883699550974,0.11286891301555824,4.786163522012578,,0.18028158710654674,0.14344258102726962,0.2485124782171335,0.009358137042375703,0.3633895806534274,0.04241394967453057,0.012601686278716382
Ridge (lambda=2.0),633,159,15.630242616982276,3.9535101640165635,0.18335443331359003,15.395310909100246,3.923685883082417,0.056605176693531156,4.786163522012578,3.3802128522572126,4.4649434347309205,-0.9076562026736926,-1.0520495058014498,0.17264712224388523,3.670254348514205,0.45639618431948953,-2.209499561348332
