model_type,n_train,n_test,mse_train,rmse_train,r2_train,mse_test,rmse_test,r2_test,y_test_mean,bias,Game of season_weight,Game for player_weight,Age (days)_weight,Home?_weight,Game Started?_weight,Year_weight,Month of Season_weight
Linreg,432,108,8.984931469802227,2.9974875262129492,0.0734042255829086,11.763482587468419,3.4297933738737703,0.07786996357273301,3.240740740740741,1.9293039792263247,667109642171534.4,-667109642171532.8,4.9375,0.0390625,1.796875,-5.625,0.3125
Lasso (lambda=0.05),432,108,9.06034259651232,3.010040298154216,0.065627245692917,12.165183060988149,3.487862247994916,0.04638098320273565,3.240740740740741,2.3857289895426605,0.27351960593822194,0.0,-0.3411695555699045,0.0,1.6307222570221156,-0.0,0.0
"Random Forest (500 estimators, 5 depth)",432,108,5.669920949792375,2.381159580916906,0.4152738047013509,11.174167842107819,3.3427784614161644,0.12406587737341335,3.240740740740741,,0.1637087957833573,0.1669160558311525,0.4790551171364211,0.02505331802008378,0.09739814368416548,0.029089855986032864,0.038778713558786905
"Random Forest (100 estimators, 5 depth)",432,108,5.783497884041167,2.4048904099856956,0.4035608709188415,11.251172718771764,3.3542767802868867,0.11802952638677211,3.240740740740741,,0.16289071638146613,0.172130684970278,0.47262973974500283,0.02451895002624301,0.09857816007053034,0.02126545886222234,0.04798628994425734
Ridge (lambda=2.0),432,108,8.987498623620134,2.997915713228131,0.07313948078346921,11.91341499446127,3.4515815207613554,0.06611688153313089,3.240740740740741,2.1729218456196615,0.5485000827875592,0.5485000827875587,-0.044574453289846994,0.13957021539147466,1.7656252196310696,-0.6152936973320134,-0.0007236689905133758
