model_type,n_train,n_test,mse_train,rmse_train,r2_train,mse_test,rmse_test,r2_test,y_test_mean,bias,Game of season_weight,Game for player_weight,Age (days)_weight,Home?_weight,Game Started?_weight,Year_weight,Month of Season_weight
Linreg,432,108,8.984931469802227,2.997487526212949,0.0734042255829086,11.76348258746842,3.4297933738737703,0.077869963572733,3.240740740740741,1.929303979226325,667109642171534.4,-667109642171532.8,4.9375,0.0390625,1.796875,-5.625,0.3125
Lasso (lambda=0.05),432,108,9.06034259651232,3.010040298154216,0.065627245692917,12.165183060988149,3.487862247994916,0.0463809832027356,3.240740740740741,2.3857289895426605,0.2735196059382219,0.0,-0.3411695555699045,0.0,1.6307222570221156,-0.0,0.0
"Random Forest (500 estimators, 5 depth)",432,108,5.669920949792375,2.381159580916906,0.4152738047013509,11.17416784210782,3.3427784614161644,0.1240658773734133,3.240740740740741,,0.1637087957833573,0.1669160558311525,0.4790551171364211,0.0250533180200837,0.0973981436841654,0.0290898559860328,0.0387787135587869
"Random Forest (100 estimators, 5 depth)",432,108,5.783497884041167,2.404890409985696,0.4035608709188415,11.251172718771764,3.3542767802868867,0.1180295263867721,3.240740740740741,,0.1628907163814661,0.172130684970278,0.4726297397450028,0.024518950026243,0.0985781600705303,0.0212654588622223,0.0479862899442573
Ridge (lambda=2.0),432,108,8.987498623620134,2.997915713228131,0.0731394807834692,11.91341499446127,3.4515815207613554,0.0661168815331308,3.240740740740741,2.172921845619661,0.5485000827875592,0.5485000827875587,-0.0445744532898469,0.1395702153914746,1.7656252196310696,-0.6152936973320134,-0.0007236689905133
SVM (linear kernel),432,108,9.104617792045348,3.017385920303425,0.06106124435720561,12.181600662495043,3.490214988005043,0.04509402048884259,3.240740740740741,,,,,,,,
"Feedforward NN (3 layers, [[16, 4, 1]] activations)",432,108,8.867865454542182,2.977896145694504,0.0854769804427955,12.755917111487095,3.5715426794995877,7.381120201177538e-05,3.240740740740741,,,,,,,,
