model_type,n_train,n_test,mse_train,rmse_train,r2_train,mse_test,rmse_test,r2_test,y_test_mean,bias,Game of season_weight,Game for player_weight,Age (days)_weight,Home?_weight,Game Started?_weight,Year_weight,Month of Season_weight
Linreg,224,57,45.64632363079005,6.7562063046350245,0.1927383157036971,54.04317806914061,7.351406536788767,0.1324702539222826,13.052631578947368,9.172034985792006,-7.76229193327695,2.760220940248251,18.98068124475169,-0.4797141767297949,5.776078719430334,-23.05610241902188,8.860697071566364
Lasso (lambda=0.05),224,57,46.41950464999643,6.813186086552784,0.1790645001105952,55.36294378450879,7.440627916010099,0.1112846749677909,13.052631578947368,8.673143526519308,-2.697836242822942,-0.0,0.0,-0.2889901420105762,6.138821631585962,-0.0,3.90438696723886
"Random Forest (500 estimators, 5 depth)",224,57,24.88555364106956,4.988542236071532,0.5598954669509253,44.41011711501449,6.664091619644383,0.2871052554536997,13.052631578947368,,0.2532653184365832,0.2527060881730729,0.1995535354433751,0.0164331060000101,0.2548574906766486,0.0118882668282935,0.0112961944420165
"Random Forest (100 estimators, 5 depth)",224,57,25.008425921890023,5.000842521204804,0.557722453299908,43.55543013355204,6.599653788915903,0.3008251440038411,13.052631578947368,,0.2560039347218534,0.2505778727514453,0.2054043555026235,0.0186942628086504,0.244291527546293,0.0142460478365738,0.0107819988325602
Ridge (lambda=2.0),224,57,46.24372450911861,6.800273855450133,0.1821731967438363,55.439149488016405,7.445747073868169,0.1100613806136162,13.052631578947368,8.80577949527045,-3.7152785497661354,0.4652278199886224,0.5859399074059857,-0.4640647078461815,6.10842347307778,-1.0184970819018089,4.582585430495594
SVM (linear kernel),224,57,47.20168998024998,6.870348606893975,0.16523144200410578,58.514706799393366,7.64949062352477,0.060690904103651966,13.052631578947368,,,,,,,,
"Feedforward NN (3 layers, [[16, 4, 1]] activations)",224,57,72.28854455137586,8.50226702423394,-0.2784331264415123,71.32896191010651,8.445647512778788,-0.14501031258182406,13.052631578947368,,,,,,,,
