model_type,n_train,n_test,mse_train,rmse_train,r2_train,mse_test,rmse_test,r2_test,y_test_mean,bias,Game of season_weight,Game for player_weight,Age (days)_weight,Home?_weight,Game Started?_weight,Year_weight,Month of Season_weight
Linreg,808,203,47.895628688920155,6.920666780659228,0.38205196434774347,60.05266960852151,7.749365755242264,0.3460164273738119,14.12807881773399,8.409090725030527,6.940884995730421,3.2538463101697173,-4.27613983019442,-0.7856612211158516,10.317720584064913,2.924951035206893,-12.449499109709391
Lasso (lambda=0.05),808,203,48.67218163931613,6.97654510766727,0.37203290032430447,60.756766257158475,7.794662677573577,0.3383486976167257,14.12807881773399,6.637578827430442,0.0,2.984418383668029,-0.0,-0.6308414721758172,10.630991934252624,-0.0,-3.7329861732553167
"Random Forest (500 estimators, 5 depth)",808,203,28.451467179031557,5.333991674068451,0.6329199817190334,40.47799497099148,6.362231917416362,0.5591878939530526,14.12807881773399,,0.03384226619684094,0.029091323824352516,0.3281697725616372,0.006426705570853182,0.5554110859917164,0.03695779880737313,0.010101047047226593
"Random Forest (100 estimators, 5 depth)",808,203,28.505383345714414,5.339043298730065,0.6322243568738526,40.04530093603513,6.328135660369106,0.5639000040503968,14.12807881773399,,0.035952521622516734,0.028286885208565364,0.3371808866351435,0.00617829129147726,0.5544544673353246,0.029905327973419205,0.008041619933553361
Ridge (lambda=2.0),808,203,47.99042434288375,6.927512132279794,0.38082891352330106,60.089902107605724,7.751767676317817,0.3456109592584454,14.12807881773399,7.850715449392954,4.064618259947621,3.75456428249473,-0.3540246891065421,-0.7975871697993894,10.355468782977406,-0.6793549332248171,-9.191316859580107
