model_type,n_train,n_test,mse_train,rmse_train,r2_train,mse_test,rmse_test,r2_test,y_test_mean,bias,Game of season_weight,Game for player_weight,Age (days)_weight,Home?_weight,Game Started?_weight,Year_weight,Month of Season_weight
Linreg,612,154,25.88265034222881,5.087499419383634,0.1554849715376223,23.365592620880157,4.8337969155602885,0.07734175185227532,8.214285714285714,8.180688221159008,-0.6102960337522939,4.663614926479847,-6.692967620393392,0.16613220363299608,3.3415692636367225,4.100799100458685,-4.459048058130469
Lasso (lambda=0.05),612,154,26.260187496250367,5.124469484371077,0.14316645715990717,22.822470361391407,4.777286924750428,0.098788510793973,8.214285714285714,7.900562879755724,0.0,0.07466805095800066,-2.61882850130221,0.0,3.395336220759992,-0.0,-0.0
"Random Forest (500 estimators, 5 depth)",612,154,18.3463214735528,4.283260612378472,0.4013849433286756,21.36455801264877,4.622181088257877,0.15635841177913978,8.214285714285714,,0.12680672001954973,0.11508619947970489,0.41715426334989714,0.014691583308330735,0.27958943829215377,0.018852837965958054,0.02781895758440576
"Random Forest (100 estimators, 5 depth)",612,154,18.549209656729893,4.306879340860374,0.3947649829488481,21.446153282072178,4.630999166710374,0.15313638571864663,8.214285714285714,,0.12331256112311471,0.11905405212617688,0.4207176117669189,0.014650731169871953,0.27341732595496976,0.014950862686350659,0.03389685517259705
Ridge (lambda=2.0),612,154,25.919237287483565,5.091093918548701,0.15429119019357052,23.18414236669558,4.814991419171542,0.08450684183601043,8.214285714285714,8.161272977552466,-0.09747155082003017,3.215602508743438,-1.8144977244935796,0.16664245383437723,3.3649709310325293,-1.2273508262156714,-3.0751141541163927
