model_type,n_train,n_test,mse_train,rmse_train,r2_train,mse_test,rmse_test,r2_test,y_test_mean,bias,Game of season_weight,Game for player_weight,Age (days)_weight,Home?_weight,Game Started?_weight,Year_weight,Month of Season_weight
Linreg,507,127,42.83943763939688,6.54518430904714,0.2275533172447083,47.87277327167862,6.919015339748758,0.0957680244485951,13.67716535433071,7.391464825835252,-9.00374181555718,21.110806761475168,-3.520269499581125,0.4432181834610567,5.143469297866741,7.941337723600318,-8.783438422973184
Lasso (lambda=0.05),507,127,43.86045995284551,6.622723001367754,0.20914305458717,47.56268943549494,6.896570846115839,0.101624959416363,13.67716535433071,7.15125007131846,0.0,3.0683903952546228,0.0,0.2304686212762608,6.703909743880263,0.0,-0.0
"Random Forest (500 estimators, 5 depth)",507,127,30.69427561698461,5.540241476414598,0.4465452235976132,43.80013742279018,6.618167225357046,0.1726929090472587,13.67716535433071,,0.079693658430427,0.0955774281798339,0.5288453308157824,0.009022585474793,0.2648771566714928,0.0133850438853562,0.0085987965423144
"Random Forest (100 estimators, 5 depth)",507,127,30.54830641556481,5.527052235646485,0.4491772241941258,43.69084268078075,6.609904891961816,0.1747572933252222,13.67716535433071,,0.0770964093882697,0.0985744962759039,0.5300562910521411,0.0074633745483933,0.2659989807024016,0.0128046688586411,0.008005779174249
Ridge (lambda=2.0),507,127,43.35626359359107,6.584547333992753,0.2182343225081386,47.94601883355193,6.924306379237702,0.0943845453938676,13.67716535433071,6.951271081688935,-1.3825007738612551,7.884052858473898,0.6622945570118196,0.4429460008333178,6.146736180742628,1.069877571528581,-3.165565793213743
SVM (linear kernel),507,127,43.0392264657529,6.560428832458507,0.22395088395720053,48.476737887644475,6.962523815948098,0.08436020157694535,13.67716535433071,,,,,,,,
"Feedforward NN (3 layers, [[16, 4, 1]] activations)",507,127,42.57898132538136,6.525257184615896,0.23224965843988155,47.77393893287637,6.911869423887894,0.09763483021980668,13.67716535433071,,,,,,,,
