model_type,n_train,n_test,mse_train,rmse_train,r2_train,mse_test,rmse_test,r2_test,y_test_mean,bias,Game of season_weight,Game for player_weight,Age (days)_weight,Home?_weight,Game Started?_weight,Year_weight,Month of Season_weight
Linreg,108,28,10.394096431952358,3.223987660018623,0.2644115815073035,22.56336606792118,4.750091164169502,0.1306001377475693,4.607142857142857,3.84941539054113,3.154831988863208,3.15483198886321,0.17442157108822032,-0.6693791163701465,5.066647303473409,-3.3186638792926804,-1.7859614473703467
Lasso (lambda=0.05),108,28,10.595338569987803,3.255048167076457,0.2501697099775646,22.676779822218073,4.762014261026323,0.1262301380734766,4.607142857142857,3.7589336185523194,3.642634797665577,0.0,-0.9597263962376154,-0.35135247929923547,3.280544784846826,-1.9747062596059668,0.0
"Random Forest (500 estimators, 5 depth)",108,28,3.7528334397452037,1.9372231259576693,0.7344126223110132,21.195051594671664,4.60380837944757,0.18332331792290824,4.607142857142857,,0.19571506472702843,0.2039476530341083,0.48686944062272597,0.03017848147182953,0.06348967154034708,0.0036624484072944334,0.016137240196666264
"Random Forest (100 estimators, 5 depth)",108,28,3.822993436789189,1.9552476663556433,0.7294474113756608,22.047241095182105,4.695448976954398,0.1504871962145391,4.607142857142857,,0.19301785481772193,0.21440813196007966,0.4701947236642532,0.03074798983524481,0.0698626288846332,0.006375711910178163,0.015392958927889083
Ridge (lambda=2.0),108,28,10.603231759315902,3.256260394887961,0.24961111032508587,22.571963453890767,4.7509960486082035,0.13026886775198487,4.607142857142857,3.821571648455886,1.7523283834972676,1.7523283834972665,-1.278330884416853,-0.5065844445126123,2.9631433057639964,-1.8783859199234263,0.365253432887325
