model_type,n_train,n_test,mse_train,rmse_train,r2_train,mse_test,rmse_test,r2_test,y_test_mean,bias,Game of season_weight,Game for player_weight,Age (days)_weight,Home?_weight,Game Started?_weight,Year_weight,Month of Season_weight
Linreg,832,209,22.591806285371263,4.753083871064265,0.2162848577155773,23.99912099970885,4.898889772153365,0.281511015866382,8.248803827751196,4.2906515173820745,-2.219372931753812,10.005374030699793,-16.78503335846324,0.0879802601897375,4.100571908394376,20.086667997972192,-7.119981142069659
Lasso (lambda=0.05),832,209,23.313408775356244,4.828396087248461,0.1912522954242846,25.56741228582785,5.056422874506032,0.2345592957178434,8.248803827751196,3.869285888816938,0.0,2.200158893186265,1.5600621803669092,0.0,4.608058142131609,0.0,-0.0
"Random Forest (500 estimators, 5 depth)",832,209,16.843298251885486,4.104058753464122,0.4157019709148736,21.416128797363697,4.627756345937381,0.3588409915563475,8.248803827751196,,0.07132253196925,0.0789418274393698,0.43498595262063,0.0071304891963032,0.370963352689257,0.0160149883907628,0.0206408576944269
"Random Forest (100 estimators, 5 depth)",832,209,16.84041731052043,4.103707751597381,0.4158019114571792,21.38807037307333,4.6247238158698005,0.3596810085205113,8.248803827751196,,0.0706717879523788,0.075909522573995,0.4255012270240718,0.0052735807708353,0.3780989832617925,0.0218767579867173,0.0226681404302093
Ridge (lambda=2.0),832,209,22.743301438505725,4.768993755343545,0.2110294547613188,24.209690102006785,4.920334348599369,0.2752069691305951,8.248803827751196,3.8749638023198862,-0.2409420960915677,6.60140709965479,0.3605173308033115,0.1098255884935212,4.421250778055223,1.9874001348671075,-4.543975451243489
SVM (linear kernel),832,209,22.753957728093276,4.770110871677227,0.210659785536785,23.69414617881807,4.867663318145378,0.29064139398526423,8.248803827751196,,,,,,,,
"Feedforward NN (3 layers, [[16, 4, 1]] activations)",832,209,22.743042639161782,4.76896662172863,0.21103843257221633,25.135006777870306,5.013482500006388,0.24750471126660323,8.248803827751196,,,,,,,,
