model_type,n_train,n_test,mse_train,rmse_train,r2_train,mse_test,rmse_test,r2_test,y_test_mean,bias,Game of season_weight,Game for player_weight,Age (days)_weight,Home?_weight,Game Started?_weight,Year_weight,Month of Season_weight
Linreg,308,77,49.477111002280374,7.033996801412435,0.25480202479459646,57.69690144982196,7.595847645248156,0.04090309723726859,17.7012987012987,6.527144451479256,9.752703628031103,1.1904472665763661,-8.529094379091427,0.5021078464346462,6.4150863587699725,20.110324226835587,-12.697224427433833
Lasso (lambda=0.05),308,77,50.38202034809655,7.098029328489461,0.24117276070487248,55.1710392576015,7.42772100025314,0.08289056180624499,17.7012987012987,4.569374741443063,0.0,3.0041876510828645,0.0,0.14286956291971603,8.521965394548829,10.021233644351264,-1.860384242262956
"Random Forest (500 estimators, 5 depth)",308,77,28.176489737021434,5.308153138052955,0.5756206723659256,47.179329302414544,6.868721082007519,0.21573693783674752,17.7012987012987,,0.12011780618481754,0.13460176711888408,0.6480411817864239,0.013508096871634406,0.06515276552522602,0.00357589213844563,0.015002490374568295
"Random Forest (100 estimators, 5 depth)",308,77,28.245253158590852,5.314626342330273,0.5745849942213516,46.689804551965125,6.832993820571267,0.22387431887773912,17.7012987012987,,0.11744741917512991,0.13747305426084433,0.6483101217656092,0.011280366614456893,0.06785851260902785,0.004073958478314273,0.013556567096617558
Ridge (lambda=2.0),308,77,50.02699994144378,7.072976738364392,0.24651988956577242,55.57794897014496,7.455061969571076,0.07612649241607317,17.7012987012987,5.158211882090974,3.3878854185738603,3.2669122019210652,3.7095436128293806,0.4079801270013811,7.6331724520446045,6.084851882349117,-5.3068214431709
