model_type,n_train,n_test,mse_train,rmse_train,r2_train,mse_test,rmse_test,r2_test,y_test_mean,bias,Game of season_weight,Game for player_weight,Age (days)_weight,Home?_weight,Game Started?_weight,Year_weight,Month of Season_weight
Linreg,910,228,77.87338440560049,8.824589758487388,0.1037552052996912,69.61419213713397,8.34351197860553,0.0642966812187095,21.399122807017545,12.006503724882716,18.041894607893724,-14.662372241764466,-19.459877283299708,-0.5123568991189233,9.708915228316672,22.77966060930502,-7.182327860626391
Lasso (lambda=0.05),910,228,79.01809028889964,8.889212017321876,0.0905807850892361,68.70782939703791,8.289018602768238,0.0764793496932201,21.399122807017545,12.338411670031713,0.9414141682346678,-0.0,0.0,-0.2713651003251718,9.133714008415168,2.213107422872001,0.0
"Random Forest (500 estimators, 5 depth)",910,228,53.2307681535121,7.295941896253842,0.3873670800411092,61.06926701454445,7.814682783999901,0.1791513473504972,21.399122807017545,,0.0661494466410146,0.1043796634169495,0.7842300532786469,0.0111992802218626,0.0158421830629261,0.0093396878715824,0.0088596855070176
"Random Forest (100 estimators, 5 depth)",910,228,53.513321077952575,7.315279972629385,0.3841151783844642,61.07419811154857,7.814998279689418,0.1790850671324791,21.399122807017545,,0.0749777890723305,0.0987457686106126,0.7653464347278575,0.0110271386690335,0.0363401650886768,0.0065996729206947,0.0069630309107943
Ridge (lambda=2.0),910,228,78.29833121383199,8.848634426499492,0.0988644924096709,68.46180511455142,8.27416491946779,0.0797862290888741,21.399122807017545,11.80941947188576,8.294273389289616,-6.361490855233274,0.135590605623639,-0.4938939136414522,9.553879799118974,2.4899787280458017,-1.9926332055156104
SVM (linear kernel),910,228,78.30904441345004,8.849239764717082,0.0987411941933991,69.0828875069074,8.31161160707762,0.0714380914760826,21.399122807017545,,,,,,,,
"Feedforward NN (3 layers, [[16, 4, 1]] activations)",910,228,70.44881710612079,8.39337936150397,0.1892045516437839,64.20439364920846,8.012764419924528,0.13701125627429978,21.399122807017545,,,,,,,,
