model_type,n_train,n_test,mse_train,rmse_train,r2_train,mse_test,rmse_test,r2_test,y_test_mean,bias,Game of season_weight,Game for player_weight,Age (days)_weight,Home?_weight,Game Started?_weight,Year_weight,Month of Season_weight
Linreg,134,34,20.91383259195685,4.573164395903219,0.3855475194365187,24.102884211436557,4.909468831903972,0.2885574979976342,7.9411764705882355,6.795027407826681,-0.2327791616075808,-0.2327791616075836,-10.326686036960744,-0.2313777301104378,16.613242679666275,-0.4874753020844253,3.067946796447136
Lasso (lambda=0.05),134,34,21.140632140603525,4.597894315945455,0.3788841044625354,22.50864003520542,4.744327142515092,0.3356146491497941,7.9411764705882355,6.806044110742043,1.7366864136737865,8.117963575689196e-16,-8.283716950470183,-0.0739037680209197,15.221524117212354,-0.0,0.0
"Random Forest (500 estimators, 5 depth)",134,34,9.97171988633116,3.157803015758133,0.7070289248658906,23.102648303117213,4.806521434792236,0.3180813645591999,7.9411764705882355,,0.0882237551176787,0.0979526592760951,0.4223635341988321,0.0180845439542448,0.3359655213014174,0.0165449467622672,0.0208650393894645
"Random Forest (100 estimators, 5 depth)",134,34,9.962744357393134,3.156381529123679,0.7072926276566674,23.438727308748355,4.841355937002397,0.308161353056044,7.9411764705882355,,0.0945879596863549,0.1071158758242133,0.412328993443003,0.0191970842612488,0.3274337819376693,0.0137252182833785,0.0256110865641317
Ridge (lambda=2.0),134,34,22.050331001922903,4.695777997512542,0.3521569744902683,19.317887629727124,4.395211898159988,0.4297957792880055,7.9411764705882355,6.609179530615426,1.164293336088609,1.1642933360886067,-4.960382503348368,-0.3691789831026205,11.162805517232526,-3.361421742068245,0.694839720486965
SVM (linear kernel),134,34,21.490901977897206,4.635828078984078,0.3685931083265884,21.265593364795468,4.611463256364022,0.3723055374909724,7.9411764705882355,,,,,,,,
"Feedforward NN (3 layers, [[16, 4, 1]] activations)",134,34,46.52229708168611,6.820725553904519,-0.36683416191955587,59.30677213830757,7.701089022879009,-0.7505522569677139,7.9411764705882355,,,,,,,,
