model_type,n_train,n_test,mse_train,rmse_train,r2_train,mse_test,rmse_test,r2_test,y_test_mean,bias,Game of season_weight,Game for player_weight,Age (days)_weight,Home?_weight,Game Started?_weight,Year_weight,Month of Season_weight
Linreg,191,48,17.208094606890867,4.148264047392701,0.0876147451733506,9.707773051928696,3.1157299388632347,0.1512007471578416,3.9791666666666665,4.209454668546024,6.004891762680735,-0.8746976472599259,4.570715472970265,0.2063951955524519,3.366033634472397,-7.513717560525992,-2.56171076663306
Lasso (lambda=0.05),191,48,17.577656829942004,4.192571624903026,0.0680202967026993,10.578472037345048,3.252456308291481,0.0750711709596225,3.9791666666666665,3.35842105343852,0.7381535622534489,0.0,-0.0,0.0,2.5470281259931093,-0.1401280064248975,0.0
"Random Forest (500 estimators, 5 depth)",191,48,9.073199556594354,3.0121752201016383,0.5189325908156381,9.702763791425008,3.114925968851428,0.1516387319098624,3.9791666666666665,,0.2238969950925809,0.2703466996048804,0.2819095395022055,0.0265013382960138,0.111706633041833,0.0416485213561927,0.0439902731062934
"Random Forest (100 estimators, 5 depth)",191,48,8.962128254838714,2.9936813883308813,0.5248216691983003,9.931698771154672,3.1514597841563314,0.1316217992205093,3.9791666666666665,,0.253819081070825,0.2613365896418522,0.2807482585619,0.01985250792689,0.1072202315890292,0.0394754179580719,0.0375479132514314
Ridge (lambda=2.0),191,48,17.379482763741485,4.168870682060249,0.0785276247957231,10.144353880638468,3.185020232375058,0.1130282971807132,3.9791666666666665,3.611294212819372,1.9779794771164545,-0.2800758473252378,-0.1806742359819042,0.2000475345456005,2.9719083872663994,-1.1702267566570286,-0.2121395554635664
SVM (linear kernel),191,48,18.061575092595533,4.249891185971181,0.04236261074311598,9.822148423296147,3.134030699163004,0.1412003351950849,3.9791666666666665,,,,,,,,
"Feedforward NN (3 layers, [[16, 4, 1]] activations)",191,48,18.601336125851226,4.312926631169516,0.013744101888841898,10.800469063629231,3.2864067100146372,0.05566085831271117,3.9791666666666665,,,,,,,,
