model_type,n_train,n_test,mse_train,rmse_train,r2_train,mse_test,rmse_test,r2_test,y_test_mean,bias,Game of season_weight,Game for player_weight,Age (days)_weight,Home?_weight,Game Started?_weight,Year_weight,Month of Season_weight
Linreg,273,69,8.42348309462687,2.902323740492585,0.2255253827883753,7.646422383404957,2.7652165165507308,0.0498847226382973,2.260869565217391,0.1686711830567286,-0.7064098000205661,3.8616214931879735,4.755895267321875,-0.0967949337428079,2.405276494730398,-3.8261363166364992,0.9661872132420352
Lasso (lambda=0.05),273,69,8.546311184632234,2.923407461273956,0.2142322826632717,7.564446897932785,2.7503539586629184,0.0600706837598395,2.260869565217391,0.7448185017629512,0.0,1.864459755597376,0.7636934865113392,-0.0,2.298502622991652,0.0,0.8175024213951422
"Random Forest (500 estimators, 5 depth)",273,69,4.439691335828252,2.107057506530909,0.5918044579389445,6.876027445277609,2.6222180392327425,0.1456110589057653,2.260869565217391,,0.1472714523996587,0.2448201404337764,0.3232340471154872,0.0294318644510801,0.189228563938689,0.0098430891130462,0.056170842548262
"Random Forest (100 estimators, 5 depth)",273,69,4.551691251467666,2.1334692993965643,0.5815069253365583,6.63167644803723,2.5752041565742374,0.175973181722903,2.260869565217391,,0.1501782127974538,0.239670386911701,0.330963817253885,0.0283739396618179,0.1864126009070565,0.0083016766103896,0.0560993658576961
Ridge (lambda=2.0),273,69,8.476686844755989,2.911475029045585,0.2206337063224067,7.740481204642718,2.782172030023075,0.0381973323075482,2.260869565217391,0.2882022999340941,0.6120746924956055,1.9118039016788493,1.2335039552310392,-0.1227686862326785,2.3984782868990693,0.0487660932697231,0.72959265780039
SVM (linear kernel),273,69,8.65109884894251,2.9412750379627046,0.204597861213911,7.166243156693721,2.676983966461832,0.10954996166043418,2.260869565217391,,,,,,,,
"Feedforward NN (3 layers, [[16, 4, 1]] activations)",273,69,8.9286211119954,2.9880798369513824,0.17908181921191657,8.549090488078814,2.92388277604948,-0.062277372735756176,2.260869565217391,,,,,,,,
