model_type,n_train,n_test,mse_train,rmse_train,r2_train,mse_test,rmse_test,r2_test,y_test_mean,bias,Game of season_weight,Game for player_weight,Age (days)_weight,Home?_weight,Game Started?_weight,Year_weight,Month of Season_weight
Linreg,89,23,12.574629943148361,3.5460724672725403,0.41091515489716135,19.187355954474814,4.380337424728238,0.33797865249692316,5.869565217391305,7.560071935202767,10.315801482870043,-13.816556606538676,-16.168381863127173,-0.3846490584325646,5.11036013632318,11.425886780653341,0.20418012225738025
Lasso (lambda=0.05),89,23,13.203838376839007,3.633708625748494,0.38143856955239597,19.054090116102167,4.365099095794065,0.3425767237530626,5.869565217391305,4.873524563077435,-1.0439660457384798,-0.0,-2.5543059100237255,-0.0,6.344016087377467,-0.0,0.06273032615215082
"Random Forest (500 estimators, 5 depth)",89,23,4.745654094296844,2.178452224469668,0.7776799063121722,18.58927521667386,4.311528176490774,0.3586142323493039,5.869565217391305,,0.1056588237781141,0.1003633142671376,0.39222474050319645,0.02716758406597773,0.3507215833079978,0.0034113948318180514,0.02045255924575829
"Random Forest (100 estimators, 5 depth)",89,23,4.860864227752125,2.2047367706263996,0.7722826465973636,18.680505692461033,4.322095058239816,0.35546650721941786,5.869565217391305,,0.10018528392523941,0.10937983160700303,0.35529054660434983,0.03175343514547138,0.38119636285301295,0.0031127821618896346,0.019081757703033917
Ridge (lambda=2.0),89,23,13.106075676640833,3.620231439651453,0.3860184677572299,18.834404960972943,4.339862320508906,0.35015652071780023,5.869565217391305,4.979489128132958,-1.2713847818912043,-1.1787429727122642,-2.6938583737161133,-0.19237237896287823,5.13233534616005,-0.8266406670267281,1.7208161087551561
