model_type,n_train,n_test,mse_train,rmse_train,r2_train,mse_test,rmse_test,r2_test,y_test_mean,bias,Game of season_weight,Game for player_weight,Age (days)_weight,Home?_weight,Game Started?_weight,Year_weight,Month of Season_weight
Linreg,572,143,15.935147157699255,3.9918851633907577,0.120221595084072,21.939808965641248,4.683994979250218,0.1116988537280613,5.811188811188811,4.236795540776949,-5.378924343276832,8.717276582833158,4.517090928323768,0.175349032385009,2.270578403226092,-6.773064309528216,1.3376392144160263
Lasso (lambda=0.05),572,143,16.182480510749656,4.022745394721079,0.1065663372646267,22.52850843821245,4.746420592216039,0.0878635315010701,5.811188811188811,4.356869410999788,0.0,2.9246242307278223,-1.069864907773152,0.0,1.8472594987380857,-0.0,0.2445174326974827
"Random Forest (500 estimators, 5 depth)",572,143,11.868952594364568,3.445134626449969,0.3447159239789246,22.322109427367028,4.72462796708556,0.0962202349805997,5.811188811188811,,0.1170231037331127,0.3745554974262836,0.3696655453117798,0.0224350465879771,0.0794170673747734,0.0128686024242182,0.0240351371418549
"Random Forest (100 estimators, 5 depth)",572,143,11.907336413320005,3.4507008582779246,0.3425967559109423,22.549919092404515,4.74867550927672,0.0869966548253878,5.811188811188811,,0.1204324261650197,0.3839521297202171,0.3509292800994712,0.02554750272543,0.0774861816529342,0.0102514494513145,0.0314010301856131
Ridge (lambda=2.0),572,143,16.039332985470246,4.0049136052442185,0.1144695025264004,22.389385180184355,4.731742298581397,0.0934963676744838,5.811188811188811,4.186803014727001,-1.0014523742730366,3.845831837560053,-0.3321760087323595,0.1845701657160486,2.200132421430009,-1.4805335063631044,1.052235192390337
SVM (linear kernel),572,143,16.08503399488986,4.010615164147498,0.11194635286406374,22.389578512425224,4.731762727824085,0.093488540019674,5.811188811188811,,,,,,,,
"Feedforward NN (3 layers, [[16, 4, 1]] activations)",572,143,15.409944154190404,3.9255501721657313,0.1492180176530863,22.82087256391187,4.777119693278772,0.0760262639845527,5.811188811188811,,,,,,,,
