model_type,n_train,n_test,mse_train,rmse_train,r2_train,mse_test,rmse_test,r2_test,y_test_mean,bias,Game of season_weight,Game for player_weight,Age (days)_weight,Home?_weight,Game Started?_weight,Year_weight,Month of Season_weight
Linreg,696,174,22.259239284032788,4.717969826528439,0.18292131525025734,20.726094645261746,4.552592079822411,0.11534160117416548,5.948275862068965,4.681109004065373,3.5150596041481927,-3.079050936749689,0.16558078116203678,0.5422684486683272,4.3865873352505895,-0.8195614196392013,-0.2737047151706551
Lasso (lambda=0.05),696,174,22.40903816983962,4.733818561144862,0.1774225884056333,20.425724389022058,4.519482756801055,0.12816239903733917,5.948275862068965,4.778020330977885,0.0,0.0,-0.0,0.3274432787782175,4.245919149070306,-0.0,0.0
"Random Forest (500 estimators, 5 depth)",696,174,16.444413433053523,4.0551711965160635,0.396368423560697,20.38892847189125,4.515410111151727,0.129732970709881,5.948275862068965,,0.16048504877743164,0.1330375422894268,0.21520885278256244,0.012581065975321907,0.4313404536325414,0.016108471627832497,0.031238564914883395
"Random Forest (100 estimators, 5 depth)",696,174,16.357839598055886,4.0444826119116755,0.399546323502873,20.047474191581784,4.477440584930389,0.14430737085910816,5.948275862068965,,0.16934856710312002,0.12782947592110144,0.21412685649380717,0.015069417097043483,0.4281662920649903,0.017484392148607433,0.02797499917133023
Ridge (lambda=2.0),696,174,22.274424202285058,4.719578816195896,0.1823639164606905,20.5841855715802,4.5369797852293985,0.12139875067824124,5.948275862068965,4.602717414881562,1.944912969562703,-1.9661533793608836,-0.25370181936523417,0.5290935243080898,4.352037806293307,-0.24298369257835473,0.2722450794893436
