model_type,n_train,n_test,mse_train,rmse_train,r2_train,mse_test,rmse_test,r2_test,y_test_mean,bias,Game of season_weight,Game for player_weight,Age (days)_weight,Home?_weight,Game Started?_weight,Year_weight,Month of Season_weight
Linreg,846,212,42.388252092685214,6.510626090683231,0.4165851952247005,46.18392234242357,6.795875391914096,0.3060795614417229,16.2688679245283,16.199987537738597,1.874257347161781,3.449082682316573,-34.92663139074237,-0.13559355233620135,6.0644750337071125,23.7725422309827,-4.868056605625885
Lasso (lambda=0.05),846,212,42.74943695755044,6.538305358236983,0.41161399242628405,46.277993312009734,6.802793052269761,0.30466613085462735,16.2688679245283,15.772732838002893,0.0,1.5798214645616657,-11.913951272624127,-0.0,5.9538763411783675,-0.0,-0.0
"Random Forest (500 estimators, 5 depth)",846,212,28.51361255194539,5.339813906115586,0.607550137616964,39.312302981014,6.269952390649709,0.40932668466180433,16.2688679245283,,0.03299353833471972,0.04299630774972617,0.8836287174436069,0.006217082048943617,0.002942585191752948,0.024468814591950917,0.006752954639299542
"Random Forest (100 estimators, 5 depth)",846,212,28.385497868746125,5.327804225827571,0.6093134564422865,39.42777296031422,6.279153841109025,0.4075917307078669,16.2688679245283,,0.0335668264690334,0.040157304706563625,0.8678005731423282,0.005092264564183288,0.0032187576452913764,0.04437267617297185,0.005791597299628331
Ridge (lambda=2.0),846,212,42.588880934878176,6.5260157013968465,0.41382382076310753,46.32574263371189,6.806301685475886,0.3039486900532429,16.2688679245283,16.02352473666886,0.8674314895088137,3.590773934544011,-7.504685889577798,-0.1584071322994906,5.978997893090934,-4.515119479129358,-2.47189121706694
