model_type,n_train,n_test,mse_train,rmse_train,r2_train,mse_test,rmse_test,r2_test,y_test_mean,bias,Game of season_weight,Game for player_weight,Age (days)_weight,Home?_weight,Game Started?_weight,Year_weight,Month of Season_weight
Linreg,846,212,42.388252092685214,6.510626090683231,0.4165851952247005,46.18392234242357,6.795875391914096,0.3060795614417229,16.2688679245283,16.199987537738597,1.874257347161781,3.449082682316573,-34.92663139074237,-0.1355935523362013,6.0644750337071125,23.7725422309827,-4.868056605625885
Lasso (lambda=0.05),846,212,42.74943695755044,6.538305358236983,0.411613992426284,46.27799331200973,6.802793052269761,0.3046661308546273,16.2688679245283,15.772732838002891,0.0,1.5798214645616655,-11.913951272624129,-0.0,5.953876341178368,-0.0,-0.0
"Random Forest (500 estimators, 5 depth)",846,212,28.51361255194539,5.339813906115586,0.607550137616964,39.312302981014,6.269952390649709,0.4093266846618043,16.2688679245283,,0.0329935383347197,0.0429963077497261,0.8836287174436069,0.0062170820489436,0.0029425851917529,0.0244688145919509,0.0067529546392995
"Random Forest (100 estimators, 5 depth)",846,212,28.385497868746125,5.327804225827571,0.6093134564422865,39.42777296031422,6.279153841109025,0.4075917307078669,16.2688679245283,,0.0335668264690334,0.0401573047065636,0.8678005731423282,0.0050922645641832,0.0032187576452913,0.0443726761729718,0.0057915972996283
Ridge (lambda=2.0),846,212,42.588880934878176,6.526015701396847,0.4138238207631075,46.32574263371189,6.806301685475886,0.3039486900532429,16.2688679245283,16.02352473666886,0.8674314895088137,3.590773934544011,-7.504685889577798,-0.1584071322994906,5.978997893090934,-4.515119479129358,-2.47189121706694
SVM (linear kernel),846,212,42.62075464679222,6.52845729455223,0.413385123848379,46.30960464533349,6.805116064060443,0.3041911657765034,16.2688679245283,,,,,,,,
"Feedforward NN (3 layers, [[16, 4, 1]] activations)",846,212,43.94350060695818,6.628989410683817,0.3951793819737167,48.57494535076297,6.969572824123654,0.270154078061423,16.2688679245283,,,,,,,,
