model_type,n_train,n_test,mse_train,rmse_train,r2_train,mse_test,rmse_test,r2_test,y_test_mean,bias,Game of season_weight,Game for player_weight,Age (days)_weight,Home?_weight,Game Started?_weight,Year_weight,Month of Season_weight
Linreg,444,112,33.43407250320355,5.782220378297904,0.12431780945753035,44.091425060224125,6.640137427811576,0.07784485445227285,9.589285714285714,3.913905052049726,0.05862883483206893,6.379818845143861,29.954133893459556,0.12215343520634753,3.2034489086131654,-28.720029033666098,1.895724171603291
Lasso (lambda=0.05),444,112,34.39270984779897,5.864529806199212,0.09920984064007032,42.622026938334024,6.528554735799802,0.10857674930730021,9.589285714285714,5.0263045179669135,0.20207568990023184,3.5155494156137976,1.9736459359375491,0.0,3.0348379434895154,0.0,0.0
"Random Forest (500 estimators, 5 depth)",444,112,22.018239264147503,4.692359669094804,0.42331344801416415,41.893779964248715,6.472540456748703,0.12380775382722797,9.589285714285714,,0.23320422472819535,0.19835272721388947,0.364239113620951,0.015705056401651443,0.11549344097248365,0.02019203392747463,0.052813403135354514
"Random Forest (100 estimators, 5 depth)",444,112,22.238403574736473,4.71576118720366,0.4175470560869662,42.21951396392694,6.497654497118706,0.11699515288559725,9.589285714285714,,0.22810419057347484,0.19416907310962017,0.36644081748681023,0.013488200283290938,0.11811617686844259,0.023410041598059324,0.056271500080301955
Ridge (lambda=2.0),444,112,34.19660043113604,5.847785942656934,0.10434620335965661,42.6745736147501,6.532577869015424,0.10747775584151098,9.589285714285714,4.295914487473831,0.7046372128764193,3.08300817335829,4.173266086052244,0.127004414713966,3.34419517314084,-1.9246039286027208,1.0737107169736706
