model_type,n_train,n_test,mse_train,rmse_train,r2_train,mse_test,rmse_test,r2_test,y_test_mean,bias,Game of season_weight,Game for player_weight,Age (days)_weight,Home?_weight,Game Started?_weight,Year_weight,Month of Season_weight
Linreg,104,26,30.560399280645747,5.528146097983098,0.14418760115199347,29.056603584209295,5.390417756000855,-0.10592106429398584,5.269230769230769,4.66166689122589,0.054134625981449754,0.054134625981453244,-5.921595036758886,-0.8720154562008171,7.529983601596303,8.986183877609482,-2.091027161162054
Lasso (lambda=0.05),104,26,30.868584513886677,5.555950369998519,0.1355571921927594,27.91500344143608,5.283465097967061,-0.062470712595619204,5.269230769230769,4.7291867313188085,-0.0,-0.0,0.0,-0.681415001284107,6.723128250860342,2.8521818378951993,-0.0
"Random Forest (500 estimators, 5 depth)",104,26,13.308367371660077,3.6480635098172396,0.6273129254464934,37.89672855640873,6.156031883966223,-0.4423843535911436,5.269230769230769,,0.17141108209175546,0.14507252037392424,0.4484305180029669,0.054578349095878304,0.12980728125710198,0.013654503204501803,0.03704574597387135
"Random Forest (100 estimators, 5 depth)",104,26,13.517121396045269,3.676563802798106,0.6214669847329043,38.97334217631783,6.242863299505911,-0.48336125844214006,5.269230769230769,,0.16609511285895096,0.15630104292300884,0.4286037784784655,0.05903372763286527,0.13508484619863825,0.02203896235826192,0.03284252954980925
Ridge (lambda=2.0),104,26,31.01618690546056,5.569217800145776,0.13142373975817212,27.65423146204978,5.258729072889169,-0.05254549115171714,5.269230769230769,4.88663564213508,-0.20873488104611268,-0.2087348810461129,0.5251926933901049,-0.7872867236505393,5.70692076474792,2.614222576066723,-0.03304020900380591
