model_type,n_train,n_test,mse_train,rmse_train,r2_train,mse_test,rmse_test,r2_test,y_test_mean,bias,Game of season_weight,Game for player_weight,Age (days)_weight,Home?_weight,Game Started?_weight,Year_weight,Month of Season_weight
Linreg,208,52,16.684703746734876,4.084691389411796,0.3084034118662333,20.76708923645252,4.557092190909958,0.3129134532183875,4.923076923076923,0.1294544221116043,2.795161150131292,4.7439743909210605,19.964202463315342,0.4103314677364197,4.504984508678981,-20.27356241328132,1.054155927273578
Lasso (lambda=0.05),208,52,17.208194106019494,4.148276040238824,0.28670424645713743,22.21120998771308,4.71287703931612,0.265134203617167,4.923076923076923,1.135264524064433,0.6634332475176183,4.670986193426547,1.1038646559851788,0.06519531341933177,4.163658326747083,0.0,0.0
"Random Forest (500 estimators, 5 depth)",208,52,8.171135736584924,2.8585198506543423,0.6612987750707934,19.793766587362168,4.4490186094645825,0.3451161798621364,4.923076923076923,,0.19618124302659168,0.2516809600249051,0.2601802031482932,0.01750223433278931,0.20909656325962225,0.028260750572049673,0.03709804563574871
"Random Forest (100 estimators, 5 depth)",208,52,8.116265987554915,2.848906103674692,0.663573177529293,20.75468940339113,4.555731489386872,0.3133237061133317,4.923076923076923,,0.18194580651039594,0.2604994930364099,0.2754299534562965,0.01624281477354969,0.19657054627752693,0.031203186559323474,0.03810819938649754
Ridge (lambda=2.0),208,52,17.1155300670899,4.137091981946969,0.2905452576095796,21.635187811715852,4.65136408075264,0.2841921025489468,4.923076923076923,0.3645383695700515,1.554005656233708,3.9632653392350377,1.9615553856610446,0.2815711986038328,4.468481888229735,-0.20724662957450074,0.11961536127041131
