model_type,n_train,n_test,mse_train,rmse_train,r2_train,mse_test,rmse_test,r2_test,y_test_mean,bias,Game of season_weight,Game for player_weight,Age (days)_weight,Home?_weight,Game Started?_weight,Year_weight,Month of Season_weight
Linreg,140,36,17.089088226898532,4.133895043043369,0.245023387195766,23.64815624997463,4.862936998355482,0.09067141882366725,6.222222222222222,3.5439811168903397,1.38207614736667,1.382076147366665,17.109166628973227,-0.8055877584104036,1.905163411910565,-14.893782795179565,-1.3799484575259071
Lasso (lambda=0.05),140,36,18.533551917194803,4.305061197845485,0.1812086131282965,21.09417655081877,4.592839704455052,0.18887809132859235,6.222222222222222,6.1185932477787945,1.0411950819040203,7.558497893522276e-17,2.266674543271194,-0.6781542533069372,2.03079490168708,-0.7476310869942128,-3.1984503862425138
"Random Forest (500 estimators, 5 depth)",140,36,7.626176126895234,2.761553209137067,0.6630841537894728,24.89419069614926,4.989407850251296,0.04275839241011625,6.222222222222222,,0.21884189162054346,0.23210465921955217,0.21306078652882718,0.03182525009646412,0.06108600479939811,0.006311533942572704,0.2367698737926423
"Random Forest (100 estimators, 5 depth)",140,36,7.753875909915317,2.7845782283705582,0.6574425216344825,25.092461045691437,5.009237571296797,0.03513441979539211,6.222222222222222,,0.2278111450664265,0.21636417463574215,0.2146205309323893,0.03173411560046839,0.06352788279416914,0.009207152250214458,0.23673499872059023
Ridge (lambda=2.0),140,36,18.161353472343002,4.261613951584892,0.19765191995978182,21.337855868997313,4.619291706419645,0.17950803447007724,6.222222222222222,5.958693101985241,0.9691335601592448,0.9691335601592447,3.731835157328449,-0.8188317516814467,1.9823588722124101,-2.4859937455143997,-3.301812366363327
