model_type,n_train,n_test,mse_train,rmse_train,r2_train,mse_test,rmse_test,r2_test,y_test_mean,bias,Game of season_weight,Game for player_weight,Age (days)_weight,Home?_weight,Game Started?_weight,Year_weight,Month of Season_weight
Linreg,295,74,64.70325784126884,8.043833528938105,0.18414336319894054,85.73400358446014,9.25926582318815,0.1412485757664097,27.594594594594593,22.120990841483646,2.6320143031666503,-7.025300689598486,17.629389510211883,1.6889429952784512,-2.6645352591003757e-14,-7.034626610172686,6.731232406359571
Lasso (lambda=0.05),295,74,65.30578754907634,8.081199635516768,0.1765459426457049,81.5242351131668,9.029077201639534,0.18341556341741083,27.594594594594593,22.206067375539888,-0.0,-0.212165955056225,11.211942687529916,1.5231500377665017,0.0,0.0,0.0
"Random Forest (500 estimators, 5 depth)",295,74,41.03341398265898,6.4057328997281004,0.48260127472275005,87.5884310912105,9.358869113905296,0.12267377235143817,27.594594594594593,,0.11331294721199184,0.14910903834191305,0.656675505645408,0.038453663303504304,0.0,0.0073234327476928126,0.035125412749489986
"Random Forest (100 estimators, 5 depth)",295,74,40.78916566424721,6.3866396222307085,0.48568105181979504,90.00691330591745,9.487197336722655,0.09844913615656847,27.594594594594593,,0.11781399586793777,0.13877616623270286,0.6531467012803788,0.04350944776373371,0.0,0.007590365596128831,0.03916332325911807
Ridge (lambda=2.0),295,74,65.09327276338898,8.068040205860962,0.17922558512594478,82.72941841577872,9.09557136279952,0.17134389016864038,27.594594594594593,22.305718415577275,-0.9989320883797308,-2.198190335376243,7.9974126998775565,1.6757695022966994,0.0,3.564220054483698,3.119938670154907
