model_type,n_train,n_test,mse_train,rmse_train,r2_train,mse_test,rmse_test,r2_test,y_test_mean,bias,Game of season_weight,Game for player_weight,Age (days)_weight,Home?_weight,Game Started?_weight,Year_weight,Month of Season_weight
Linreg,295,74,64.70325784126884,8.043833528938105,0.1841433631989405,85.73400358446014,9.25926582318815,0.1412485757664097,27.594594594594597,22.120990841483646,2.6320143031666503,-7.025300689598486,17.629389510211883,1.6889429952784512,-2.664535259100376e-14,-7.034626610172686,6.731232406359571
Lasso (lambda=0.05),295,74,65.30578754907634,8.081199635516768,0.1765459426457049,81.5242351131668,9.029077201639534,0.1834155634174108,27.594594594594597,22.206067375539888,-0.0,-0.212165955056225,11.211942687529916,1.5231500377665017,0.0,0.0,0.0
"Random Forest (500 estimators, 5 depth)",295,74,41.03341398265898,6.4057328997281004,0.48260127472275,87.5884310912105,9.358869113905296,0.1226737723514381,27.594594594594597,,0.1133129472119918,0.149109038341913,0.656675505645408,0.0384536633035043,0.0,0.0073234327476928,0.0351254127494899
"Random Forest (100 estimators, 5 depth)",295,74,40.78916566424721,6.3866396222307085,0.485681051819795,90.00691330591745,9.487197336722655,0.0984491361565684,27.594594594594597,,0.1178139958679377,0.1387761662327028,0.6531467012803788,0.0435094477637337,0.0,0.0075903655961288,0.039163323259118
Ridge (lambda=2.0),295,74,65.09327276338898,8.068040205860962,0.1792255851259447,82.72941841577872,9.09557136279952,0.1713438901686403,27.594594594594597,22.305718415577275,-0.9989320883797308,-2.198190335376243,7.997412699877555,1.6757695022966994,0.0,3.564220054483698,3.119938670154907
SVM (linear kernel),295,74,65.06051392037075,8.066009789255823,0.17963864809034635,84.74656682241822,9.205789853261816,0.151139198976473,27.594594594594593,,,,,,,,
"Feedforward NN (3 layers, [[16, 4, 1]] activations)",295,74,69.62108644152408,8.343925121998884,0.12213345464053038,93.64025028570772,9.676789255001253,0.06205595287262555,27.594594594594593,,,,,,,,
