model_type,n_train,n_test,mse_train,rmse_train,r2_train,mse_test,rmse_test,r2_test,y_test_mean,bias,Game of season_weight,Game for player_weight,Age (days)_weight,Home?_weight,Game Started?_weight,Year_weight,Month of Season_weight
Linreg,522,131,56.2051327780757,7.497008255169238,0.2987621262347645,56.677749038181766,7.528462594592721,0.3174609230856092,13.755725190839694,2.363534649245178,-8.540981851567267,-8.54098185156726,14.444705377590136,2.0965725523393264,14.48536397235121,-21.233758598771267,18.86366735468823
Lasso (lambda=0.05),522,131,58.40578558996051,7.642367799966219,0.2713058954169353,59.35902719132438,7.704480981307202,0.28517175940757,13.755725190839694,5.614116715189404,-0.0,-0.0,-0.0,1.9181509060508497,10.943465547122752,-1.7185832024609768,0.9439291087545398
"Random Forest (500 estimators, 5 depth)",522,131,33.83444071261155,5.816737978679421,0.5778678904820131,42.2981167491084,6.503700235182154,0.4906269558851955,13.755725190839694,,0.0508548762058207,0.0503654890231631,0.4295074233214594,0.0272992954462173,0.4270173475778187,0.0037791097373913,0.0111764586881293
"Random Forest (100 estimators, 5 depth)",522,131,33.99533183436222,5.8305515892033934,0.5758605480464101,41.76499742732408,6.462584423226058,0.4970470197718323,13.755725190839694,,0.051568043100791,0.0542798264214492,0.4245181763897427,0.0270470838117475,0.4283904940899195,0.0048661194366279,0.0093302567497218
Ridge (lambda=2.0),522,131,56.92276831603356,7.544717908313972,0.289808616227717,57.88995834898462,7.608545087530508,0.3028629505467733,13.755725190839694,4.413020177918646,-4.143521320920947,-4.143521320920941,-1.1038419616059243,2.064740549967375,12.572187535126744,-3.038350839650028,8.850468668331422
SVM (linear kernel),522,131,56.590120654792834,7.522640537390633,0.2939588624268046,56.881526502626585,7.541984254997261,0.3150069427346178,13.755725190839694,,,,,,,,
"Feedforward NN (3 layers, [[16, 4, 1]] activations)",522,131,57.278703293737344,7.568269504565581,0.28536782808921735,59.13218066188059,7.689745162349698,0.2879035478683907,13.755725190839694,,,,,,,,
