model_type,n_train,n_test,mse_train,rmse_train,r2_train,mse_test,rmse_test,r2_test,y_test_mean,bias,Game of season_weight,Game for player_weight,Age (days)_weight,Home?_weight,Game Started?_weight,Year_weight,Month of Season_weight
Linreg,145,37,35.36129969757657,5.946536781823229,0.16127841876378,21.4910831099229,4.635847615045484,0.175735620062631,6.621621621621622,2.5994875274456586,-9.4036603094142,6.019441274325798,-10.517671740344433,0.6376551093335576,4.183975725979423,10.50835078967979,7.599481847080425
Lasso (lambda=0.05),145,37,36.60161492930023,6.04992685321899,0.1318598407906992,20.21447479909022,4.496051022740981,0.2246983806815008,6.621621621621622,3.185064905937873,-3.1298546364265354,3.3459280679785803,-0.6967327027776835,0.4343224972011706,3.121475466037161,0.0,5.346450809878521
"Random Forest (500 estimators, 5 depth)",145,37,15.374738915759236,3.921063492951783,0.6353322574451815,22.650079855593145,4.759210003308652,0.1312837081216167,6.621621621621622,,0.2206079067124116,0.1888965809807301,0.3521838532748189,0.0353913875740604,0.0587377531032457,0.0096359340261595,0.1345465843285734
"Random Forest (100 estimators, 5 depth)",145,37,15.067945587252131,3.881745172889655,0.6426089748678683,22.40063825095866,4.732931253563552,0.1408507377833135,6.621621621621622,,0.2243125662529894,0.1947753640501563,0.3505081781967896,0.035867146953455,0.0542110373193199,0.0103619403148759,0.1299637669124136
Ridge (lambda=2.0),145,37,36.44959887050748,6.037350318683477,0.1354654534320436,20.31457126980472,4.507168875225857,0.2208593021694778,6.621621621621622,3.2304871514038846,-3.071992271975837,3.731710855082192,-2.270338735412948,0.6307889463882426,3.268831222948221,1.733305713057183,4.473672775104905
SVM (linear kernel),145,37,36.45051732692916,6.037426382733719,0.13544366890407455,19.766616086967684,4.445966271460872,0.24187545741416605,6.621621621621622,,,,,,,,
"Feedforward NN (3 layers, [[16, 4, 1]] activations)",145,37,41.35107182493686,6.430479906269583,0.01920923033266153,24.28062783328768,4.927537704907765,0.06874602163470511,6.621621621621622,,,,,,,,
