model_type,n_train,n_test,mse_train,rmse_train,r2_train,mse_test,rmse_test,r2_test,y_test_mean,bias,Game of season_weight,Game for player_weight,Age (days)_weight,Home?_weight,Game Started?_weight,Year_weight,Month of Season_weight
Linreg,632,159,42.882640989339286,6.548483869518141,0.35307782297211676,41.15242760482683,6.415015791471354,0.31738613488474077,14.465408805031446,12.009690159282671,-7.657479636267641,9.930060335231117,-23.257939921868914,-0.7058700870742007,7.498237173127906,17.197914861060305,-1.6871888380415543
Lasso (lambda=0.05),632,159,43.197105223189816,6.572450473239781,0.34833385473539924,41.07968831046518,6.409343828385647,0.31859269434574666,14.465408805031446,11.610592028211126,0.0,1.5215859327909635,-6.797971847636689,-0.5252339895083955,7.745444755369837,-0.0,0.0
"Random Forest (500 estimators, 5 depth)",632,159,29.057776337558447,5.390526536207613,0.5616380079632719,35.05118618331333,5.920404224655047,0.418590176326324,14.465408805031446,,0.032646047245085796,0.045345605705042896,0.524469528729045,0.008405387891755592,0.35629124402373175,0.023555495747743495,0.009286690657595525
"Random Forest (100 estimators, 5 depth)",632,159,28.87408316213992,5.373461004058736,0.564409180311926,35.41483671557614,5.95103660848899,0.4125581410412409,14.465408805031446,,0.03598475901559847,0.04383136456484152,0.5364168069270728,0.009347162775949202,0.3408393598917242,0.025369983621952086,0.008210563202861811
Ridge (lambda=2.0),632,159,43.11587206356001,6.566267742299274,0.3495593280565883,41.10554037189029,6.411360259094032,0.31816387455071404,14.465408805031446,11.792296000361144,-0.8924309777453766,3.504068412618673,-4.892202265623527,-0.7232614227707493,7.682233293636976,-2.258909067253517,-0.6519849994253418
