model_type,n_train,n_test,mse_train,rmse_train,r2_train,mse_test,rmse_test,r2_test,y_test_mean,bias,Game of season_weight,Game for player_weight,Age (days)_weight,Home?_weight,Game Started?_weight,Year_weight,Month of Season_weight
Linreg,493,124,16.24574188536911,4.030600685427559,0.1703738004236099,17.656018772318667,4.201906563968155,0.0435325289581207,4.991935483870968,5.534641404380197,-11.143366830368816,13.271113150754491,-2.0686862813594744,0.5137577115011056,2.983293849802901,-0.8332357398766699,-0.6376961621148691
Lasso (lambda=0.05),493,124,16.591928212967847,4.073319065942152,0.1526949988436275,17.488245905626407,4.18189501370209,0.0526211741155544,4.991935483870968,6.261329770313784,0.0,0.1875376184636788,-4.058736391591134,0.2881106482286473,3.061253537691479,-0.0,0.0
"Random Forest (500 estimators, 5 depth)",493,124,11.733393027278748,3.425404067738396,0.4008072802065072,16.54484069800007,4.067534965799319,0.1037276214263601,4.991935483870968,,0.1097942233632962,0.1649863261119369,0.6153007233405987,0.0243280556249165,0.0514503216826849,0.0223630652042487,0.0117772846723179
"Random Forest (100 estimators, 5 depth)",493,124,11.631683540725351,3.410525405377499,0.406001309225653,16.415038914642455,4.051547718421006,0.1107592849664685,4.991935483870968,,0.1073929957753365,0.1534623668473465,0.6291902697372861,0.0174189895281505,0.0642133101974165,0.0143329073192316,0.0139891605952322
Ridge (lambda=2.0),493,124,16.424014271290606,4.052655212486082,0.1612699107357732,17.679989212164557,4.20475792551302,0.0422339946580153,4.991935483870968,6.024657854968967,-1.964914889248077,2.8760373632529426,-2.4426335327216973,0.4930316150819014,3.2808838772663123,-1.909122285058648,0.075448038128316
SVM (linear kernel),493,124,16.632075178563078,4.078244129348202,0.15064480164572125,17.341845161550765,4.164354110969763,0.06055204184119456,4.991935483870968,,,,,,,,
"Feedforward NN (3 layers, [[16, 4, 1]] activations)",493,124,16.55003333179448,4.068173218017453,0.1548344573734266,19.06235432701723,4.366045616689916,-0.03265192852261656,4.991935483870968,,,,,,,,
