model_type,n_train,n_test,mse_train,rmse_train,r2_train,mse_test,rmse_test,r2_test,y_test_mean,bias,Game of season_weight,Game for player_weight,Age (days)_weight,Home?_weight,Game Started?_weight,Year_weight,Month of Season_weight
Linreg,400,100,29.100267696682405,5.394466395917432,0.149163336756777,28.44272400325333,5.333172039532696,0.2392471299774972,8.18,5.206569792648452,-7.237774769575501,11.71859882388051,1.5938745826332457,0.0840336773199187,2.940541811171234,-3.162714571416793,-0.4827343517479674
Lasso (lambda=0.05),400,100,29.40188506763494,5.422350511322091,0.1403446165940514,29.849717994664207,5.4634895437498745,0.2016144926482522,8.18,5.331052903844483,0.0,2.87148678983502,-0.0,0.0,3.331589393199987,-2.2073109690820805,-0.0
"Random Forest (500 estimators, 5 depth)",400,100,17.39788813899445,4.171077575278893,0.4913187312930293,26.086782890804827,5.10752218701053,0.3022611001828194,8.18,,0.0990884162222007,0.12303566941002,0.6616363558841332,0.038143699452909,0.0377393111818367,0.0204082532144636,0.0199482946344364
"Random Forest (100 estimators, 5 depth)",400,100,17.50961718481995,4.184449448233298,0.4880519857933527,25.80752674113385,5.080110898507418,0.3097303185779818,8.18,,0.0974164491323575,0.1286000018158236,0.6612034339003738,0.0391072162849358,0.0357359557629518,0.0168983080400882,0.021038635063469
Ridge (lambda=2.0),400,100,29.269601910399288,5.410138806943801,0.1442123253477578,29.243643322960096,5.407739206263566,0.217825072404752,8.18,5.775480533837063,-0.5091694163988566,4.409049578785213,-1.11447733562617,0.0519946568400756,3.171414998153495,-1.6035225402516775,-1.0139306736063864
SVM (linear kernel),400,100,29.66106185801597,5.4461970087406835,0.13276677855433383,29.785524146804484,5.45761157896057,0.20333147495949244,8.18,,,,,,,,
"Feedforward NN (3 layers, [[16, 4, 1]] activations)",400,100,30.233297757841342,5.498481404700878,0.1160356856080339,31.94939003725791,5.652379148399186,0.14545490918759407,8.18,,,,,,,,
