model_type,n_train,n_test,mse_train,rmse_train,r2_train,mse_test,rmse_test,r2_test,y_test_mean,bias,Game of season_weight,Game for player_weight,Age (days)_weight,Home?_weight,Game Started?_weight,Year_weight,Month of Season_weight
Linreg,211,53,22.452288680817606,4.7383846066795385,0.2649396020264342,41.20460488589454,6.419081311674946,0.251479433974793,8.320754716981131,4.944930223224341,5.644052198386359,5.644052198386353,2.635828901774955,1.530461194371023,3.373449352190143,-7.217012913257144,-7.850625164388263
Lasso (lambda=0.05),211,53,23.05829069826423,4.801904903084216,0.24509983912076339,42.40322810659792,6.511776109987038,0.22970531105585235,8.320754716981131,5.208274041526269,1.6464174343224098,1.9608847463745865e-14,-0.0,1.4391972075361925,3.5961895205152916,-4.012309547806292,-0.0
"Random Forest (500 estimators, 5 depth)",211,53,10.44392388664333,3.231706033450959,0.6580787394257699,43.69476830878151,6.610201835706797,0.2062432634070539,8.320754716981131,,0.14352512805730858,0.15071112579360965,0.49543578759020257,0.043472111665237234,0.11822907897382479,0.020646634980446627,0.027980132939370662
"Random Forest (100 estimators, 5 depth)",211,53,10.236561069084313,3.1994626219232996,0.6648675437818297,45.24160492607642,6.726187993661522,0.17814351524705008,8.320754716981131,,0.14391957714818368,0.14458591024203454,0.49127389701967733,0.04173518054826093,0.11433948716978182,0.03442967403048845,0.029716273841573212
Ridge (lambda=2.0),211,53,22.778526038875178,4.772685411681266,0.25425899099133187,41.87565621212034,6.471140255945651,0.23928915281739616,8.320754716981131,5.054651813632672,2.320651310362206,2.320651310362205,-1.5034309179630052,1.557512858418843,3.424431433914881,-2.6324828707947714,-2.495685182033206
