model_type,n_train,n_test,mse_train,rmse_train,r2_train,mse_test,rmse_test,r2_test,y_test_mean,bias,Game of season_weight,Game for player_weight,Age (days)_weight,Home?_weight,Game Started?_weight,Year_weight,Month of Season_weight
Linreg,211,53,22.45228868081761,4.7383846066795385,0.2649396020264342,41.20460488589454,6.419081311674946,0.251479433974793,8.320754716981131,4.944930223224341,5.644052198386359,5.644052198386353,2.635828901774955,1.530461194371023,3.373449352190143,-7.217012913257144,-7.850625164388263
Lasso (lambda=0.05),211,53,23.05829069826423,4.801904903084216,0.2450998391207633,42.40322810659792,6.511776109987038,0.2297053110558523,8.320754716981131,5.208274041526269,1.6464174343224098,1.9608847463745862e-14,-0.0,1.4391972075361923,3.596189520515292,-4.012309547806292,-0.0
"Random Forest (500 estimators, 5 depth)",211,53,10.44392388664333,3.231706033450959,0.6580787394257699,43.69476830878151,6.610201835706797,0.2062432634070539,8.320754716981131,,0.1435251280573085,0.1507111257936096,0.4954357875902025,0.0434721116652372,0.1182290789738247,0.0206466349804466,0.0279801329393706
"Random Forest (100 estimators, 5 depth)",211,53,10.236561069084312,3.1994626219233,0.6648675437818297,45.24160492607642,6.726187993661522,0.17814351524705,8.320754716981131,,0.1439195771481836,0.1445859102420345,0.4912738970196773,0.0417351805482609,0.1143394871697818,0.0344296740304884,0.0297162738415732
Ridge (lambda=2.0),211,53,22.778526038875174,4.772685411681266,0.2542589909913318,41.87565621212034,6.471140255945651,0.2392891528173961,8.320754716981131,5.054651813632672,2.320651310362206,2.320651310362205,-1.5034309179630052,1.557512858418843,3.424431433914881,-2.6324828707947714,-2.495685182033206
SVM (linear kernel),211,53,23.28963716616561,4.825933812866232,0.23752583946385297,45.28581811165708,6.729473836167065,0.17734034097106177,8.320754716981131,,,,,,,,
"Feedforward NN (3 layers, [[16, 4, 1]] activations)",211,53,41.307251865320914,6.427071795562962,-0.3523487706292676,86.63370099063339,9.30772265329352,-0.5737830051263608,8.320754716981131,,,,,,,,
