model_type,n_train,n_test,mse_train,rmse_train,r2_train,mse_test,rmse_test,r2_test,y_test_mean,bias,Game of season_weight,Game for player_weight,Age (days)_weight,Home?_weight,Game Started?_weight,Year_weight,Month of Season_weight
Linreg,222,56,30.900685339065408,5.558838488305395,0.09517163871582801,40.992082560287635,6.4025059594105524,0.026886816279251602,8.017857142857142,4.986863850038665,-20.617511047906543,18.155237371370102,6.888763218690576,-1.0306150387326318,2.6225722829632243,-5.7825205019422405,7.328182359867765
Lasso (lambda=0.05),222,56,31.429909167946658,5.606238415189516,0.07967500087156065,39.97738096632713,6.322766875848511,0.05097487028756431,8.017857142857142,6.343992797389012,0.0,1.1792540611384101,0.6235556890627351,-0.727024273505118,2.9355535510814947,0.0,0.0
"Random Forest (500 estimators, 5 depth)",222,56,17.486539256650854,4.181690956616815,0.48796227376472545,39.16581185960878,6.258259491233068,0.07024075159736609,8.017857142857142,,0.1886488608995569,0.21104854474008497,0.4303748097606312,0.04193016600847485,0.08970070357335014,0.01668692313002563,0.021609991887876174
"Random Forest (100 estimators, 5 depth)",222,56,17.712904301329733,4.208670134535342,0.4813338928669766,38.16803589574613,6.178028479680725,0.09392700719090508,8.017857142857142,,0.18795034059612603,0.21808295749509557,0.42668526155729636,0.03945052031398027,0.08917402322422209,0.008399122932498913,0.0302577738807809
Ridge (lambda=2.0),222,56,31.33033177607882,5.597350424627604,0.08259080831453736,39.97831941509297,6.3228410872876575,0.050952592403415875,8.017857142857142,5.899033724799054,-0.40813734688328834,1.6525206728288844,1.4042870238663374,-0.8922375331580374,3.0990923810311637,-0.42020435663996375,0.5246925924673174
