model_type,n_train,n_test,mse_train,rmse_train,r2_train,mse_test,rmse_test,r2_test,y_test_mean,bias,Game of season_weight,Game for player_weight,Age (days)_weight,Home?_weight,Game Started?_weight,Year_weight,Month of Season_weight
Linreg,750,188,82.82269670360984,9.100697594339119,0.40166307755469965,88.13801724138894,9.388184981208505,0.33518375651960164,21.430851063829788,13.23427558494199,-15.263588138164021,18.609465429660048,-84.80981133999005,-0.6770734304562767,15.439763103692387,81.13842427396521,-10.334043192650062
Lasso (lambda=0.05),750,188,85.64260108695724,9.25432877560319,0.3812912111765724,85.69855312042253,9.257351301556106,0.35358439025026955,21.430851063829788,12.54872277450357,-6.484388248261782,9.89040419077006,-6.584343977775618,-0.4005219271464347,14.984944703251738,-0.0,-4.872079250319466
"Random Forest (500 estimators, 5 depth)",750,188,52.04439709603288,7.214180278869726,0.6240150873087401,67.37681961087009,8.208338419611492,0.4917833925322235,21.430851063829788,,0.025073390199084118,0.01446624152347027,0.4330444715879577,0.01034013997667017,0.5043039919088304,0.00970298816296023,0.003068776641027133
"Random Forest (100 estimators, 5 depth)",750,188,52.479331988325555,7.24426200439531,0.6208729823631627,67.37344977744029,8.208133148130596,0.4918088108485422,21.430851063829788,,0.024081402596723995,0.013787388265819355,0.4326160142453043,0.01045249016215715,0.5063707862681118,0.009411698182301382,0.0032802202795819257
Ridge (lambda=2.0),750,188,85.02561503892916,9.220933523181325,0.3857485102970044,85.31939613222815,9.23684990309078,0.3564443334673989,21.430851063829788,13.02193590597862,-8.780122485059303,13.420263773224145,-7.595920363437498,-0.6057490806560208,14.904140208641282,0.9933692501828162,-6.316028735517195
