model_type,n_train,n_test,mse_train,rmse_train,r2_train,mse_test,rmse_test,r2_test,y_test_mean,bias,Game of season_weight,Game for player_weight,Age (days)_weight,Home?_weight,Game Started?_weight,Year_weight,Month of Season_weight
Linreg,168,42,17.186934716435047,4.145712811620584,0.15918899987405133,17.655275621054574,4.201818132791396,-0.13448587336224183,4.238095238095238,7.53941355461617,-0.8059244179289357,-0.8059244179289343,-3.1937200451924634,-0.49797356599542647,3.063559019774157,-1.6409773071236993,0.3078831291382056
Lasso (lambda=0.05),168,42,17.291348553158656,4.158286732917616,0.15408091609232766,17.248356435858977,4.15311406487457,-0.10833821772021102,4.238095238095238,6.756878115165167,-0.0,-0.0,-1.5070298444983552,-0.2526736290005843,2.8400675538403766,-1.9986477413886794,-0.5663339013232912
"Random Forest (500 estimators, 5 depth)",168,42,8.907375936772809,2.9845227318237684,0.564237614591392,18.175136683046393,4.2632307799421785,-0.16789090444753874,4.238095238095238,,0.16504573128729205,0.1591897004709003,0.514893063808541,0.025066389108388747,0.08093248393012693,0.014753938448516829,0.04011869294623425
"Random Forest (100 estimators, 5 depth)",168,42,8.875916499118407,2.9792476397772654,0.565776658154076,18.39216241830483,4.288608447772404,-0.18183646021746025,4.238095238095238,,0.15568375363170003,0.1750880419940857,0.5138189029645059,0.023740885887391327,0.08511463513421887,0.013454965936601544,0.03309881445149661
Ridge (lambda=2.0),168,42,17.21549315672911,4.1491557161342,0.15779187751675716,17.30021266977994,4.159352433946893,-0.11167037554610992,4.238095238095238,7.264049147386288,-0.3409136097706962,-0.3409136097706963,-2.2029772354521358,-0.46931427088419425,2.8636609955138,-1.8328969628898584,-0.4448500020057155
