model_type,n_train,n_test,mse_train,rmse_train,r2_train,mse_test,rmse_test,r2_test,y_test_mean,bias,Game of season_weight,Game for player_weight,Age (days)_weight,Home?_weight,Game Started?_weight,Year_weight,Month of Season_weight
Linreg,335,84,43.30016221646668,6.580285876500099,0.1473887354281717,58.67586192007692,7.660017096591686,-0.1527494506789881,12.166666666666666,11.033012498636658,5.533403028444052,-3.979983308569832,-3.598383039240958,0.8524898646487027,4.825932472928063,-1.943429652766617,1.4416577942914557
Lasso (lambda=0.05),335,84,43.63264154493559,6.605500854964412,0.1408419788762513,58.16090589374405,7.626329778716892,-0.1426325941547903,12.166666666666666,10.68828395215712,2.237754679737941,0.0,-2.891293337017469,0.6120795860945366,4.640157574673675,-0.0,0.0
"Random Forest (500 estimators, 5 depth)",335,84,28.14031088293179,5.304744186379942,0.4458970863112236,57.3726544798492,7.574473874788215,-0.1271465602964057,12.166666666666666,,0.1819960478956864,0.1685928194535363,0.3697353813039515,0.0241492817893631,0.2323029102492975,0.0081078486804428,0.0151157106277221
"Random Forest (100 estimators, 5 depth)",335,84,28.2218823962752,5.312427166208983,0.4442908846809139,57.19336167892836,7.562629283452175,-0.1236241633343684,12.166666666666666,,0.1688762837124013,0.1895743121726571,0.3559195162115383,0.0225893347174381,0.2392857248886101,0.0095072466678236,0.0142475816295313
Ridge (lambda=2.0),335,84,43.38067694015441,6.586400909461434,0.145803342744494,58.67861624603136,7.66019688037007,-0.1528035623294537,12.166666666666666,10.737307771749077,2.9463682812886187,-1.4929455313723532,-2.508614609906004,0.8125402522469944,4.757549546299184,-1.8124486708705383,2.0238055961636507
SVM (linear kernel),335,84,43.36481432671366,6.585196605015955,0.14611568898554317,59.73457259524626,7.728814436590276,-0.17354894316691793,12.166666666666666,,,,,,,,
"Feedforward NN (3 layers, [[16, 4, 1]] activations)",335,84,44.788598881958634,6.692428474175771,0.11808034943978019,64.32418039425372,8.020235681964323,-0.2637166492049532,12.166666666666666,,,,,,,,
