model_type,n_train,n_test,mse_train,rmse_train,r2_train,mse_test,rmse_test,r2_test,y_test_mean,bias,Game of season_weight,Game for player_weight,Age (days)_weight,Home?_weight,Game Started?_weight,Year_weight,Month of Season_weight
Linreg,104,27,17.010419531406527,4.124368985845777,0.3696736499900886,22.64216091736714,4.758377971259444,0.2440168861060436,6.222222222222222,6.466357098050921,6.627415042448646,-10.230612109375636,-11.143148985086292,0.7378751273718093,2.533206442342019,1.97519148029734,5.981068058250889
Lasso (lambda=0.05),104,27,17.72803894383081,4.210467782067785,0.343082041000404,24.33681047972685,4.93323529539458,0.1874354291599856,6.222222222222222,6.1646281377356535,0.0,0.0,-5.696670377537332,0.6707593744708624,3.000010255702361,-0.0,0.8956373974183688
"Random Forest (500 estimators, 5 depth)",104,27,7.276270359572925,2.697456275748121,0.7303755542908899,21.5632995112722,4.643629992933567,0.2800382273647783,6.222222222222222,,0.1624202902248214,0.1985669401885015,0.4609548885817076,0.0375619375482103,0.1087350858286461,0.007218989661485,0.0245418679666278
"Random Forest (100 estimators, 5 depth)",104,27,7.276755961722566,2.697546285371683,0.7303575601532394,22.202981219143776,4.712003949398151,0.2586803467639548,6.222222222222222,,0.159000777187588,0.2079274233023614,0.454317527082706,0.0414087920945299,0.1019766202236621,0.0078462918594431,0.0275225682497092
Ridge (lambda=2.0),104,27,17.67460715404146,4.204117880607234,0.3450619724753589,24.36875162268648,4.936471576205669,0.1863689689045323,6.222222222222222,5.84176229120411,1.2785019559236783,-0.5897443861004734,-3.603931377972934,0.7974707428656436,2.9377787352559306,-2.18493513495078,1.047616811163227
SVM (linear kernel),104,27,17.926105922053274,4.233923230533741,0.33574260794233335,23.622764615568933,4.860325566828721,0.2112762020358272,6.222222222222222,,,,,,,,
"Feedforward NN (3 layers, [[16, 4, 1]] activations)",104,27,23.39496925439715,4.836834631698416,0.13309218790919952,27.219389710445355,5.217220496628962,0.09119102780458632,6.222222222222222,,,,,,,,
