model_type,n_train,n_test,mse_train,rmse_train,r2_train,mse_test,rmse_test,r2_test,y_test_mean,bias,Game of season_weight,Game for player_weight,Age (days)_weight,Home?_weight,Game Started?_weight,Year_weight,Month of Season_weight
Linreg,86,22,7.7973738358144775,2.7923778103642203,0.08648359882646839,12.569189533434603,3.545305280710619,0.12240511624605499,2.6363636363636362,2.097924789767272,0.09916238710156389,4.375249402640049,5.45079145887836,-0.2955796562588561,2.6645352591003757e-15,-7.14729983298862,-0.6729790503319304
Lasso (lambda=0.05),86,22,8.320108045965359,2.8844597494098196,0.025241662184419256,13.523640740150286,3.677450304239377,0.05576426453653516,2.6363636363636362,1.6555240221497902,0.0,1.1415214267767297,0.0,-0.0,0.0,-0.0,-0.0
"Random Forest (500 estimators, 5 depth)",86,22,2.541789172029232,1.5942989594267545,0.7022117772128784,13.921736138254145,3.731184280929333,0.02796879819460396,2.6363636363636362,,0.3974347645584329,0.23215225902420472,0.24824554328049206,0.06149650859631132,0.0,0.006752856455149638,0.05391806808540939
"Random Forest (100 estimators, 5 depth)",86,22,2.577538445833305,1.6054714092232552,0.6980235019502428,13.953486853486089,3.7354366349178094,0.025751927713897005,2.6363636363636362,,0.3828476814154996,0.23877828883286037,0.2433303204052548,0.05735752225356054,0.0,0.0075580240315390405,0.07012816306128582
Ridge (lambda=2.0),86,22,8.151718558241486,2.8551214612064206,0.04496965805328734,13.213471531969857,3.6350339107042533,0.0774206258693868,2.6363636363636362,1.7142401916384713,0.5785314853124959,1.4399924792987937,0.9531773184833208,-0.07674102877363871,0.0,-1.1475588105720713,-0.4577053366469248
