model_type,n_train,n_test,mse_train,rmse_train,r2_train,mse_test,rmse_test,r2_test,y_test_mean,bias,Game of season_weight,Game for player_weight,Age (days)_weight,Home?_weight,Game Started?_weight,Year_weight,Month of Season_weight
Linreg,108,27,5.516564380769454,2.348736762766201,0.0733029893094993,6.717963663927029,2.5919034827568384,-0.0085246109972823,2.925925925925926,1.8347091787320742,-0.8259202925370643,1.2923365771347317,12.36572475729336,0.08405291281566536,3.5174127416796814,-14.196575842496937,1.7992828191300099
Lasso (lambda=0.05),108,27,5.951303394019106,2.43952933862643,0.00027359706432128483,8.173031909271241,2.8588515017872544,-0.22696463382593368,2.925925925925926,1.7046506311751808,0.0,0.0,-0.0,0.0,0.0,-0.016108303065630054,0.0
"Random Forest (500 estimators, 5 depth)",108,27,2.0086843026530095,1.4172806012406327,0.6625722804616591,8.732184441407854,2.9550269781184495,-0.3109066016858164,2.925925925925926,,0.19586422122729488,0.3054805022203277,0.30888407152623537,0.03659552265757828,0.04055121572291697,0.023975418231149966,0.08864904841449682
"Random Forest (100 estimators, 5 depth)",108,27,2.123210645837525,1.4571241010420235,0.6433336361626141,8.890053237441249,2.981619230794108,-0.33460642711998956,2.925925925925926,,0.21910312525117595,0.2582766018700868,0.3321961125946805,0.03634854670380429,0.038149818842249064,0.02724077871691262,0.0886850160210907
Ridge (lambda=2.0),108,27,5.768871774004581,2.4018475750980914,0.03091927166429853,7.337403746193181,2.708764247067873,-0.10151716041491521,2.925925925925926,1.7920458254381748,0.014903573370184555,0.4258325838843824,-0.047530412532462714,0.10140166069410433,1.3585514128288076,-0.7795471429417982,0.3151981254886804
