model_type,n_train,n_test,mse_train,rmse_train,r2_train,mse_test,rmse_test,r2_test,y_test_mean,bias,Game of season_weight,Game for player_weight,Age (days)_weight,Home?_weight,Game Started?_weight,Year_weight,Month of Season_weight
Linreg,626,157,52.10266751740642,7.218217752146746,0.1161878902678371,50.21548060497813,7.086288210690992,0.2037989703791459,10.254777070063694,9.80496637766442,-11.4330129925286,10.095799753665434,2.789904969366229,0.4847125487633359,3.886009633720175,-9.882045679915455,4.039234696117349
Lasso (lambda=0.05),626,157,52.467931353606886,7.243475088216075,0.1099919579468414,50.69223841022816,7.119848201347284,0.1962396470221526,10.254777070063694,10.784708794022675,0.0,0.0703662501119086,-6.61320296254234,0.2863349682287786,3.646579362827613,-0.0991712158033437,0.0
"Random Forest (500 estimators, 5 depth)",626,157,37.86806851264343,6.153703641925197,0.3576479071352647,47.4474657969275,6.888212090007646,0.2476877515602463,10.254777070063694,,0.0900959460014847,0.0904553706390876,0.7409209462659839,0.0136285607419785,0.0435145754944664,0.0082311798610521,0.0131534209959464
"Random Forest (100 estimators, 5 depth)",626,157,37.39571861163753,6.1152038896211405,0.3656603291940843,47.49252552031057,6.891482098961774,0.2469732986122749,10.254777070063694,,0.0972486862881928,0.084371067306963,0.7421239690110547,0.0145122705678961,0.0439056083145636,0.0067889005271322,0.0110494979841973
Ridge (lambda=2.0),626,157,52.25488479603988,7.228754027911026,0.113605844461415,50.37181950745891,7.097310723609254,0.2013201094058896,10.254777070063694,10.289076969531289,-2.4653893264987,2.4323006706304744,-3.308881084379528,0.4866320955185513,3.907911240745933,-4.005690300191267,1.3446048041654008
SVM (linear kernel),626,157,52.321768716114434,7.233378789757553,0.11247129950767543,50.205540325129014,7.085586801749662,0.20395658036226738,10.254777070063694,,,,,,,,
"Feedforward NN (3 layers, [[16, 4, 1]] activations)",626,157,57.848227229843914,7.605802208172647,0.018726560685334626,59.10425533377672,7.687929196719798,0.06286132513761744,10.254777070063694,,,,,,,,
