model_type,n_train,n_test,mse_train,rmse_train,r2_train,mse_test,rmse_test,r2_test,y_test_mean,bias,Game of season_weight,Game for player_weight,Age (days)_weight,Home?_weight,Game Started?_weight,Year_weight,Month of Season_weight
Linreg,861,216,40.13887684644792,6.335524985859335,0.1753208604403008,40.718793477663496,6.381127915789143,0.1713341921240125,13.898148148148149,8.033520739336499,-118.42720350310483,122.22456074223194,-4.430611409027959,0.9929956033916064,7.135295353166264,6.677650815451409,-5.050022959369301
Lasso (lambda=0.05),861,216,41.52466176887359,6.443963203562975,0.1468490145086689,41.593143477211015,6.449274647370122,0.1535403459203213,13.898148148148149,8.799387308828733,0.0,0.0,-0.0,0.773129276310176,6.9158748272260855,-0.0,-0.7114407360392556
"Random Forest (500 estimators, 5 depth)",861,216,28.31876985723427,5.321538298014426,0.4181725899159084,37.80738585704893,6.148771085107082,0.2305840799998975,13.898148148148149,,0.0421887270212348,0.0441676498426362,0.8211154921222413,0.0197017819096859,0.0530093571131758,0.0093103769178854,0.0105066150731403
"Random Forest (100 estimators, 5 depth)",861,216,28.26965825396114,5.316921877737263,0.4191816195129403,37.798601722969536,6.1480567436361175,0.2307628454038229,13.898148148148149,,0.0447872316915068,0.044373285085417,0.8306793389472036,0.0175915693857063,0.0478424795362252,0.0039421722651471,0.0107839230887935
Ridge (lambda=2.0),861,216,41.07117607783866,6.408679745301575,0.1561661708136646,41.04960821908377,6.406996817471019,0.1646018004801713,13.898148148148149,8.941222898925599,0.3169706977274091,3.712991447495047,-0.3051495237658721,0.950586575551998,7.262027921648954,0.4546946311657643,-5.784350190238103
SVM (linear kernel),861,216,41.1949751734954,6.418331182908482,0.15362263846533708,40.64251788206647,6.375148459609899,0.17288647235258336,13.898148148148149,,,,,,,,
"Feedforward NN (3 layers, [[16, 4, 1]] activations)",861,216,40.19898892047731,6.34026725938878,0.1740858190693788,40.25634229654556,6.344788593526625,0.18074550932854905,13.898148148148149,,,,,,,,
