model_type,n_train,n_test,mse_train,rmse_train,r2_train,mse_test,rmse_test,r2_test,y_test_mean,bias,Game of season_weight,Game for player_weight,Age (days)_weight,Home?_weight,Game Started?_weight,Year_weight,Month of Season_weight
Linreg,655,164,35.25675991454221,5.937740303730217,0.10154400213639925,38.94231840994966,6.240378066267272,0.08617244018810111,8.463414634146341,7.503509315200548,-16.39644239831892,17.862975530112436,-8.718251525358475,0.2322588606513578,3.1612237011493285,6.5468177638236735,0.9224179802097048
Lasso (lambda=0.05),655,164,35.48713148834846,5.95710764451579,0.09567339114647289,39.34429860225008,6.272503376025403,0.07673949954097314,8.463414634146341,7.488496531873757,0.0,1.540058150981873,-1.5286205347289163,0.06013657537705733,3.1220984093303237,-0.0,0.0
"Random Forest (500 estimators, 5 depth)",655,164,22.95256672810175,4.7908837105592275,0.41509454376374144,29.734793789141783,5.452961928084752,0.3022378954484911,8.463414634146341,,0.09251657361372982,0.13853075566541903,0.6403179885848558,0.008183543339923535,0.0949808018440868,0.015389178264177926,0.01008115868780707
"Random Forest (100 estimators, 5 depth)",655,164,23.13921511415727,4.810323805541294,0.41033814066970753,29.95750151107332,5.473344636606882,0.29701179534983935,8.463414634146341,,0.09146594556709367,0.12883705717544686,0.6614671103320819,0.00862087885205954,0.0851629203036446,0.01443236056330714,0.010013727206366325
Ridge (lambda=2.0),655,164,35.39576528015712,5.9494340302382644,0.0980016969224583,39.08651485441891,6.251920893167068,0.08278870007289463,8.463414634146341,7.532875789515629,-0.09714631706771315,2.539420855257531,-1.5216462089331415,0.23876843580448937,3.134572667476089,-0.6761441767515396,-0.6936660071603685
