model_type,n_train,n_test,mse_train,rmse_train,r2_train,mse_test,rmse_test,r2_test,y_test_mean,bias,Game of season_weight,Game for player_weight,Age (days)_weight,Home?_weight,Game Started?_weight,Year_weight,Month of Season_weight
Linreg,228,58,17.376577191710457,4.168522183185602,0.191879657667424,12.7200309635323,3.5665152408944367,0.21029465421569327,5.431034482758621,6.077723584217005,1.5473101045851714,0.2184892491523135,-7.931017151904723,0.6318100531346338,2.4446903035258454,5.119093644496334,-2.184539028802795
Lasso (lambda=0.05),228,58,17.5600369738632,4.190469779614595,0.18334762167887153,13.003767316768455,3.6060736704577256,0.19267927925423856,5.431034482758621,5.993135847702726,0.3752360351914942,0.0,-3.0822385447600436,0.4003250737040001,2.4047521443727295,-0.0,-0.0
"Random Forest (500 estimators, 5 depth)",228,58,10.736847460970791,3.276712904874455,0.5006689320914367,13.308868579999064,3.6481322042929123,0.17373749371381642,5.431034482758621,,0.1499316091349402,0.22505393477374047,0.373766042045353,0.03132586470709249,0.1831481112277753,0.012792361921010766,0.023982076190087718
"Random Forest (100 estimators, 5 depth)",228,58,10.821292431603588,3.2895732902009627,0.49674170880556456,13.689535516844831,3.699937231473641,0.15010431893206577,5.431034482758621,,0.16302834793910234,0.21933139314622674,0.3787984966955542,0.03167761631326129,0.17362675559778604,0.010369322971469782,0.023168067336599724
Ridge (lambda=2.0),228,58,17.472498172551187,4.1800117431116375,0.18741872758788758,13.181738797662739,3.6306664398788744,0.18163016858286507,5.431034482758621,5.841193429509454,0.9880696714457243,0.8562400729521448,-2.530099601535218,0.6251325540345603,2.3742058987829315,-0.7017984044840083,-0.9663847399886824
