model_type,n_train,n_test,mse_train,rmse_train,r2_train,mse_test,rmse_test,r2_test,y_test_mean,bias,Game of season_weight,Game for player_weight,Age (days)_weight,Home?_weight,Game Started?_weight,Year_weight,Month of Season_weight
Linreg,228,58,17.376577191710457,4.168522183185602,0.191879657667424,12.7200309635323,3.5665152408944367,0.2102946542156932,5.431034482758621,6.077723584217005,1.5473101045851714,0.2184892491523135,-7.931017151904723,0.6318100531346338,2.4446903035258454,5.119093644496334,-2.184539028802795
Lasso (lambda=0.05),228,58,17.5600369738632,4.190469779614595,0.1833476216788715,13.003767316768457,3.6060736704577256,0.1926792792542385,5.431034482758621,5.993135847702726,0.3752360351914942,0.0,-3.082238544760044,0.4003250737040001,2.404752144372729,-0.0,-0.0
"Random Forest (500 estimators, 5 depth)",228,58,10.736847460970791,3.276712904874455,0.5006689320914367,13.308868579999064,3.648132204292912,0.1737374937138164,5.431034482758621,,0.1499316091349402,0.2250539347737404,0.373766042045353,0.0313258647070924,0.1831481112277753,0.0127923619210107,0.0239820761900877
"Random Forest (100 estimators, 5 depth)",228,58,10.821292431603588,3.2895732902009627,0.4967417088055645,13.689535516844831,3.699937231473641,0.1501043189320657,5.431034482758621,,0.1630283479391023,0.2193313931462267,0.3787984966955542,0.0316776163132612,0.173626755597786,0.0103693229714697,0.0231680673365997
Ridge (lambda=2.0),228,58,17.472498172551187,4.1800117431116375,0.1874187275878875,13.18173879766274,3.6306664398788735,0.181630168582865,5.431034482758621,5.841193429509454,0.9880696714457244,0.8562400729521448,-2.530099601535218,0.6251325540345603,2.3742058987829315,-0.7017984044840083,-0.9663847399886824
SVM (linear kernel),228,58,18.018666108681245,4.244839939112103,0.16201847674176262,11.538394864969439,3.396821288347304,0.2836548800266274,5.431034482758621,,,,,,,,
"Feedforward NN (3 layers, [[16, 4, 1]] activations)",228,58,18.876972531754532,4.344763806210245,0.12210181923276098,14.657465581324807,3.828506965035431,0.09001173358721681,5.431034482758621,,,,,,,,
