model_type,n_train,n_test,mse_train,rmse_train,r2_train,mse_test,rmse_test,r2_test,y_test_mean,bias,Game of season_weight,Game for player_weight,Age (days)_weight,Home?_weight,Game Started?_weight,Year_weight,Month of Season_weight
Linreg,219,55,28.23171703077121,5.313352710932262,0.24222742415520426,31.783317981098847,5.637669552314932,-0.04991085780706328,7.9818181818181815,3.2022618428223613,-6.459235818228157,2.47086609122785,5.458138372117999,0.49282283768531,5.660779524021967,-3.9566328066174306,5.969849946315074
Lasso (lambda=0.05),219,55,28.477438601032755,5.336425639042743,0.23563196745539505,29.340244301590502,5.41666357655619,0.030792157028072697,7.9818181818181815,4.375125462416997,0.0,0.4740804744608781,1.305700901878492,0.32238893636676286,5.600865889611365,0.0,0.0
"Random Forest (500 estimators, 5 depth)",219,55,18.736340384742824,4.328549455041818,0.49709453024849914,30.818683609388597,5.551457791372334,-0.0180457107738059,7.9818181818181815,,0.08595759794847536,0.11546425598164768,0.3331633792924795,0.028341372286856195,0.4166402260371356,0.008583530146277291,0.011849638307128272
"Random Forest (100 estimators, 5 depth)",219,55,18.749717429785203,4.330094390401346,0.49673547458539846,30.92292919845595,5.560838893409514,-0.02148929636500796,7.9818181818181815,,0.0890485066719253,0.11834157054605386,0.31858286393852503,0.03186289438480634,0.4214226189367287,0.008832603757078773,0.011908941764882077
Ridge (lambda=2.0),219,55,28.377238555825514,5.327029055282646,0.23832145482428924,29.663513085916993,5.446422044417509,0.020113491985728538,7.9818181818181815,3.927170971535893,-1.2692403943490842,1.4308780852626004,1.278340402030084,0.49902918298806176,5.338046596747003,0.6586378187045794,0.7324381066375137
