model_type,n_train,n_test,mse_train,rmse_train,r2_train,mse_test,rmse_test,r2_test,y_test_mean,bias,Game of season_weight,Game for player_weight,Age (days)_weight,Home?_weight,Game Started?_weight,Year_weight,Month of Season_weight
Linreg,232,59,42.91292403672452,6.550795679665526,0.1827888290291768,39.79048703551264,6.307970120055471,0.2160186705006931,9.305084745762713,5.61742668645876,-8.43409356645686,8.953351800361844,11.97675532254613,0.2269666714196311,2.8284886758211503,-6.190242707061636,0.9837484240306568
Lasso (lambda=0.05),232,59,43.39362037227649,6.587383423809221,0.1736347006616567,39.65292378998453,6.297056756134928,0.2187290423547273,9.305084745762713,6.473556691827964,-5.495388735482877,5.605002965965253,5.773407614997749,0.0629600400385305,3.003919401300945,0.0,-0.0
"Random Forest (500 estimators, 5 depth)",232,59,23.310267784899978,4.828070813989784,0.5560915118289482,48.3596725021743,6.954111913262131,0.0471822999158415,9.305084745762713,,0.1516226366418183,0.2184957308409116,0.56517331419457,0.0173350075397718,0.0115743139822411,0.0141739584054287,0.0216250383952582
"Random Forest (100 estimators, 5 depth)",232,59,23.766663541550493,4.875106515918446,0.5474001509140105,47.190562561099945,6.869538744420905,0.0702169605651649,9.305084745762713,,0.1497955167761735,0.2214545296680787,0.5676809473879028,0.0196064775232512,0.0100975536609625,0.0122291056815827,0.0191358693020484
Ridge (lambda=2.0),232,59,43.42334676601715,6.58963935022374,0.1730686068430031,39.96922723478208,6.322122051556904,0.2124970001342773,9.305084745762713,6.473016203489021,-5.268489125984765,5.764962403237262,4.733441330156907,0.2495425732359302,3.1842077513370204,1.0624146203766076,-0.7466558712039655
SVM (linear kernel),232,59,44.269623101014574,6.6535421469330585,0.1569525651093686,37.96809263781268,6.161825430650619,0.25192482016671214,9.305084745762711,,,,,,,,
"Feedforward NN (3 layers, [[16, 4, 1]] activations)",232,59,45.13079722201014,6.717945907940175,0.14055281776923667,42.96031896783005,6.554412175613466,0.15356431927926584,9.305084745762711,,,,,,,,
