model_type,n_train,n_test,mse_train,rmse_train,r2_train,mse_test,rmse_test,r2_test,y_test_mean,bias,Game of season_weight,Game for player_weight,Age (days)_weight,Home?_weight,Game Started?_weight,Year_weight,Month of Season_weight
Linreg,792,199,47.93435625095801,6.923464179943304,0.1829455464513915,48.298978471457744,6.949746648005073,0.1627286253252681,13.085427135678392,10.861908631878835,13.492324877429628,-10.621468283571208,0.2773296711521352,0.4189915583461602,6.461357640997083,-7.3137018980250765,-4.023883927909395
Lasso (lambda=0.05),792,199,49.28989494229948,7.020676245369778,0.15984001189660402,49.62742999011318,7.044673873935768,0.13969968217959328,13.085427135678392,10.538927726588135,0.6834138177740051,-0.10033902651606447,-2.3170656013024056,0.31167651099487037,5.425070624344572,-2.9862640725237055,-0.0
"Random Forest (500 estimators, 5 depth)",792,199,28.268855908703763,5.316846425156905,0.5181494772558108,35.867144684225416,5.988918490364134,0.37823667320075016,13.085427135678392,,0.060688510769252406,0.059013212682944266,0.7968143928618219,0.011521183084105102,0.044494648921819924,0.015949578443565728,0.011518473236490712
"Random Forest (100 estimators, 5 depth)",792,199,28.47995475686075,5.336661386753028,0.5145512385911954,35.48949609342493,5.957306110434895,0.38478327863155337,13.085427135678392,,0.05743190875643054,0.055649205241282994,0.7786106483016921,0.01082905936409972,0.047049405858404565,0.03960178681501079,0.010827985663079253
Ridge (lambda=2.0),792,199,48.13175353750536,6.937705206875351,0.17958085472073537,48.49115545323017,6.963559108188152,0.1593972031958223,13.085427135678392,10.751656883521154,8.45492145575343,-6.776070961105936,-3.041442961109091,0.45231520959022115,6.072609239727258,-3.411791229982004,-2.312627298036088
