model_type,n_train,n_test,mse_train,rmse_train,r2_train,mse_test,rmse_test,r2_test,y_test_mean,bias,Game of season_weight,Game for player_weight,Age (days)_weight,Home?_weight,Game Started?_weight,Year_weight,Month of Season_weight
Linreg,792,199,47.93435625095801,6.923464179943304,0.1829455464513915,48.298978471457744,6.949746648005073,0.1627286253252681,13.085427135678392,10.861908631878835,13.492324877429628,-10.621468283571208,0.2773296711521352,0.4189915583461602,6.461357640997083,-7.313701898025076,-4.023883927909395
Lasso (lambda=0.05),792,199,49.28989494229948,7.020676245369778,0.159840011896604,49.62742999011318,7.044673873935768,0.1396996821795932,13.085427135678392,10.538927726588136,0.6834138177740051,-0.1003390265160644,-2.3170656013024056,0.3116765109948703,5.425070624344572,-2.986264072523705,-0.0
"Random Forest (500 estimators, 5 depth)",792,199,28.268855908703763,5.316846425156905,0.5181494772558108,35.867144684225416,5.988918490364134,0.3782366732007501,13.085427135678392,,0.0606885107692524,0.0590132126829442,0.7968143928618219,0.0115211830841051,0.0444946489218199,0.0159495784435657,0.0115184732364907
"Random Forest (100 estimators, 5 depth)",792,199,28.47995475686075,5.336661386753028,0.5145512385911954,35.48949609342493,5.957306110434895,0.3847832786315533,13.085427135678392,,0.0574319087564305,0.0556492052412829,0.7786106483016921,0.0108290593640997,0.0470494058584045,0.0396017868150107,0.0108279856630792
Ridge (lambda=2.0),792,199,48.13175353750536,6.937705206875351,0.1795808547207353,48.49115545323017,6.963559108188152,0.1593972031958223,13.085427135678392,10.751656883521154,8.45492145575343,-6.776070961105936,-3.041442961109091,0.4523152095902211,6.072609239727258,-3.411791229982004,-2.312627298036088
SVM (linear kernel),792,199,48.23235384735897,6.9449516807072875,0.17786609441887746,48.7374938972666,6.9812243838216945,0.15512688249337703,13.085427135678392,,,,,,,,
"Feedforward NN (3 layers, [[16, 4, 1]] activations)",792,199,44.83741371795356,6.69607450062748,0.2357337945239798,46.07420251172559,6.787798060617713,0.20129551193652473,13.085427135678392,,,,,,,,
