model_type,n_train,n_test,mse_train,rmse_train,r2_train,mse_test,rmse_test,r2_test,y_test_mean,bias,Game of season_weight,Game for player_weight,Age (days)_weight,Home?_weight,Game Started?_weight,Year_weight,Month of Season_weight
Linreg,859,215,78.2090232670351,8.84358656129034,0.17041941231819246,76.35744394874325,8.738274655144645,0.216741846802599,24.516279069767442,10.509528913940587,-30.916607633412312,34.06530662491248,-10.555265321816558,2.9904094580338487,11.766468501181711,12.73896227644421,-0.5463974441817996
Lasso (lambda=0.05),859,215,79.05325782859079,8.89118989947863,0.1614644276570829,80.61428632383006,8.978545891391883,0.17307607795626245,24.516279069767442,10.56846280289196,0.0,2.4363805806940557,0.0,2.777741189653056,12.695010165949306,0.0,0.0
"Random Forest (500 estimators, 5 depth)",859,215,53.73925526848006,7.330706328075083,0.4299757098999707,56.817609151373986,7.537745627929745,0.41717724806411105,24.516279069767442,,0.056756437880488696,0.06608704034236756,0.751408364077457,0.06087482010349451,0.03199361769602496,0.017267290773235487,0.015612429126931693
"Random Forest (100 estimators, 5 depth)",859,215,53.76965334542526,7.332779373840813,0.4296532707045534,57.06618212167023,7.55421618181994,0.414627440270915,24.516279069767442,,0.05726305041978549,0.05947943320706703,0.7550939466643394,0.05282691678824888,0.03648573542321654,0.017508134120087414,0.02134278337725524
Ridge (lambda=2.0),859,215,78.79596021773307,8.876708861832356,0.16419364091545186,79.8432335118175,8.935504099479642,0.18098537101693668,24.516279069767442,9.81666712735877,-2.6029702140934843,6.566800626208738,-0.10699838455655379,2.949791460058562,12.937446108237012,1.0631741693958507,-1.1470851157240793
