model_type,n_train,n_test,mse_train,rmse_train,r2_train,mse_test,rmse_test,r2_test,y_test_mean,bias,Game of season_weight,Game for player_weight,Age (days)_weight,Home?_weight,Game Started?_weight,Year_weight,Month of Season_weight
Linreg,408,103,35.42848683123303,5.952183366734683,0.2264307218614695,36.13930590062707,6.011597616326884,0.3240493785309117,11.718446601941748,12.231974493515803,-11.712086706781918,19.13543225510157,-22.068019857371567,0.9957976480438616,3.884751650702348,18.799059356353336,-6.973880213966661
Lasso (lambda=0.05),408,103,36.76199750374791,6.063167283173697,0.1973139579070475,38.12184378486503,6.174288929493423,0.2869679326774261,11.718446601941748,8.198718793537381,-0.0,7.112486555120254,-0.0840345332794106,0.6356680206495201,4.579014926686894,-0.0,-4.84056855244339
"Random Forest (500 estimators, 5 depth)",408,103,24.709184657367818,4.970833396661753,0.4604831352283178,36.8127209707567,6.067348759611294,0.311453803607242,11.718446601941748,,0.0696167280950355,0.1076864096768997,0.5763685559651448,0.0186363446057267,0.1160497005801829,0.0992191745879166,0.0124230864890935
"Random Forest (100 estimators, 5 depth)",408,103,24.62270964840141,4.962127532460388,0.4623712884136859,37.63606419739722,6.134823892940792,0.2960539681134351,11.718446601941748,,0.0719034175121484,0.0993634836461526,0.592939591046967,0.0186774042032998,0.1349999641788973,0.0702573297530624,0.0118588096594723
Ridge (lambda=2.0),408,103,36.18107025289002,6.015070261675255,0.20999831206075,37.221630720702905,6.100953263278035,0.3038055438326648,11.718446601941748,9.308638876993632,-2.705086302721311,10.23406420893208,-1.510782122153649,0.8369004828262872,4.397266932430887,0.0771650696429898,-5.602387337811964
SVM (linear kernel),408,103,35.79436037084844,5.98283882206837,0.21844199427966482,36.36814387672767,6.030600623215541,0.3197691864158152,11.718446601941748,,,,,,,,
"Feedforward NN (3 layers, [[16, 4, 1]] activations)",408,103,36.31249559733198,6.02598503129007,0.20712868318516797,37.470950928097416,6.1213520506582055,0.2991422514718063,11.718446601941748,,,,,,,,
