model_type,n_train,n_test,mse_train,rmse_train,r2_train,mse_test,rmse_test,r2_test,y_test_mean,bias,Game of season_weight,Game for player_weight,Age (days)_weight,Home?_weight,Game Started?_weight,Year_weight,Month of Season_weight
Linreg,400,101,28.762215354417748,5.363041614085961,0.2551301023636758,29.54941079069353,5.435936974496074,0.1857240968705874,7.217821782178218,6.052833555130009,-6.654918933535232,8.701296358317745,-10.796397896102713,1.1760450553209982,5.360087477235804,8.518476290601612,0.9013949918118316
Lasso (lambda=0.05),400,101,29.176774554185958,5.401552976152873,0.2443940493548763,28.666624990187437,5.354122242738527,0.2100505110271538,7.217821782178218,6.424874850271864,0.0,2.4620788367596145,-2.843522982571553,1.0434778847973252,5.575138858618715,-0.0,0.0
"Random Forest (500 estimators, 5 depth)",400,101,18.98235637904142,4.356874611351745,0.5084041448573238,30.27253491134824,5.502048246912075,0.1657973866362765,7.217821782178218,,0.1469272202666162,0.1637420624318536,0.2375001784128529,0.0279621295827998,0.3670202484424099,0.01116340606926,0.0456847547942072
"Random Forest (100 estimators, 5 depth)",400,101,18.690289857777,4.323226787687294,0.5159679419124701,31.11839921289532,5.578386793051851,0.1424883967228768,7.217821782178218,,0.1493807775456425,0.1668344035192296,0.2335424745802592,0.0303148303565196,0.366966440670787,0.0094793048646064,0.0434817684629554
Ridge (lambda=2.0),400,101,28.96777702982541,5.382172147918107,0.2498065658338188,29.28496239520564,5.411558222472123,0.1930113472862487,7.217821782178218,6.18355273402816,-2.113681793530413,4.410358091123978,-2.395399846923842,1.188767939916728,5.463094840280537,-0.7286115506636008,1.10065795504154
SVM (linear kernel),400,101,28.992592482468545,5.384476992472765,0.24916390728188464,29.3395228494262,5.416596980524414,0.19150785662613745,7.217821782178218,,,,,,,,
"Feedforward NN (3 layers, [[16, 4, 1]] activations)",400,101,29.4267878496085,5.424646334057963,0.23791932633808655,29.277662227737387,5.410883682702613,0.19321251374944193,7.217821782178218,,,,,,,,
