model_type,n_train,n_test,mse_train,rmse_train,r2_train,mse_test,rmse_test,r2_test,y_test_mean,bias,Game of season_weight,Game for player_weight,Age (days)_weight,Home?_weight,Game Started?_weight,Year_weight,Month of Season_weight
Linreg,626,157,37.15064081519585,6.095132551076789,0.39233414740753414,30.729086000672,5.54338218064315,0.3953549754526495,10.178343949044587,9.907819562459174,-5.643350986119113,3.5463147880842087,-1.2119299027449304,1.032589002390675,7.965603144345058,-7.120091812563929,0.2387874507787755
Lasso (lambda=0.05),626,157,37.245916128043255,6.102943234869816,0.39077574752688515,30.617743446045214,5.533330231067473,0.3975458223159115,10.178343949044587,9.619567798993092,-1.1823942049034433,-0.0,-0.0,0.8279335749473091,7.806561602463064,-7.989415870403974,-0.0
"Random Forest (500 estimators, 5 depth)",626,157,19.89775329092873,4.460689777481587,0.6745362945863089,28.16850953585604,5.307401392004946,0.44573850522604264,10.178343949044587,,0.03552864193594588,0.03841529648599238,0.4910103638874722,0.019106838427797066,0.3949477966577525,0.013521386992718964,0.007469675612320982
"Random Forest (100 estimators, 5 depth)",626,157,20.050171874805283,4.477741827618614,0.6720432132641585,27.910633057236755,5.283051491064303,0.45081264670039467,10.178343949044587,,0.03825899865281332,0.034031950887597806,0.5059365982012292,0.019369945902589503,0.38011084565883446,0.012097256234084594,0.010194404462851194
Ridge (lambda=2.0),626,157,37.172512629715214,6.0969264904306675,0.3919763943640867,30.711913626619136,5.541833056545382,0.3956928699975931,10.178343949044587,9.909764348593692,-1.6317209343378318,-0.33653532219753945,-3.9332894681915924,1.0156604574544097,7.938707858240637,-4.295803791775028,-0.1392975658778177
