model_type,n_train,n_test,mse_train,rmse_train,r2_train,mse_test,rmse_test,r2_test,y_test_mean,bias,Game of season_weight,Game for player_weight,Age (days)_weight,Home?_weight,Game Started?_weight,Year_weight,Month of Season_weight
Linreg,271,68,11.400496781879694,3.3764621694726116,0.3575648531013419,6.10642053678206,2.471117264878796,0.15427895402161773,2.014705882352941,1.0848444894636464,-1.2604025404409755,1.8993739901347269,12.685028884400058,-0.42398508180196015,8.33535142448199,-12.804146529575146,3.5002071280986375
Lasso (lambda=0.05),271,68,11.660806163758568,3.4147922577747782,0.3428960277697777,5.908973332801753,2.4308379898302053,0.18162480334036268,2.014705882352941,2.0507670000900244,0.0,1.9024199908761674,0.0,-0.2906013905082168,7.746213838570859,0.0,0.17620385327458635
"Random Forest (500 estimators, 5 depth)",271,68,5.324540377447474,2.307496560657778,0.6999541384029662,4.945771203496651,2.223908991729799,0.31502542771232755,2.014705882352941,,0.111830199355919,0.10348412666325722,0.307620104536306,0.0253268984291486,0.4176355307862895,0.017341271917114234,0.016761868311965546
"Random Forest (100 estimators, 5 depth)",271,68,5.2719731729654775,2.296077780251679,0.7029163794683835,4.800487639896859,2.1910015152657607,0.3351467682965502,2.014705882352941,,0.11112109651460146,0.08678166039109972,0.31444341429856265,0.026834821690822803,0.42454353582226245,0.017164900150853417,0.01911057113179742
Ridge (lambda=2.0),271,68,11.608036446095491,3.407056859827187,0.3458696807576511,6.320880151893324,2.5141360647135476,0.12457693646165457,2.014705882352941,1.589863807401111,0.2073126432385048,1.6819348753631025,1.0246750336051853,-0.484567303228732,7.579809595820404,-0.6758188430471944,0.8309662521089796
