model_type,n_train,n_test,mse_train,rmse_train,r2_train,mse_test,rmse_test,r2_test,y_test_mean,bias,Game of season_weight,Game for player_weight,Age (days)_weight,Home?_weight,Game Started?_weight,Year_weight,Month of Season_weight
Linreg,108,28,13.575514215099524,3.6844964669679796,0.251353150684982,11.460654472521545,3.3853588395503285,0.08277326393865936,3.0714285714285716,2.1657850296145797,6.732266306353316,2.1914484438291044,3.798603555908689,-0.1910095813944719,1.1448768030823828,-7.0825840145602275,-0.6708185688086036
Lasso (lambda=0.05),108,28,13.990545642914743,3.740393781798214,0.2284654746914654,9.702484688874767,3.1148811676972152,0.2234842796980585,3.0714285714285716,1.4994323224656094,1.7677803081129468,4.372515209522281,-0.0,-0.19685960045693404,0.9234106700792737,-0.6526617719401121,0.0
"Random Forest (500 estimators, 5 depth)",108,28,4.36056111231489,2.0881956594904825,0.7595287893883877,18.29322872938233,4.2770584201507384,-0.46405587217596467,3.0714285714285716,,0.46200229419140165,0.2715362627438879,0.18399367096643043,0.017967540996609223,0.02569346173738294,0.009584571232979469,0.029222198131308268
"Random Forest (100 estimators, 5 depth)",108,28,4.227917747960135,2.0561901050146445,0.7668436531374367,17.606748493568126,4.196039620114201,-0.40911502847666537,3.0714285714285716,,0.4583639054622256,0.2736141862123176,0.18764946548146447,0.021781515121677662,0.01983257673037697,0.006797745670877583,0.031960605321060216
Ridge (lambda=2.0),108,28,13.9056313801549,3.7290255268843224,0.23314822882289687,10.127913649442977,3.1824383182464,0.1894360656223668,3.0714285714285716,1.7466975333091503,2.6539497395833958,3.0100180846339777,0.4273254850441667,-0.31570220550248423,1.3664683456460585,-1.6558307492879312,0.5190874331479448
