model_type,n_train,n_test,mse_train,rmse_train,r2_train,mse_test,rmse_test,r2_test,y_test_mean,bias,Game of season_weight,Game for player_weight,Age (days)_weight,Home?_weight,Game Started?_weight,Year_weight,Month of Season_weight
Linreg,749,188,28.706105494156525,5.357807900079708,0.37214163668107725,30.043110837741917,5.481159625274739,0.42099275128406366,11.46808510638298,9.88219042455946,-25.567137496112245,21.729275291546536,-17.39722172188432,1.2617457284825344,5.520419616565239,8.233605875177714,4.17551429238558
Lasso (lambda=0.05),749,188,29.055031386030564,5.3902719213440955,0.3645099487310617,30.401645263494213,5.513768698766227,0.41408287991468495,11.46808510638298,10.385990427375269,-0.0,-0.0,-8.336600336607837,1.0480651015879594,5.141990868468868,-0.0,0.0
"Random Forest (500 estimators, 5 depth)",749,188,21.33949090244758,4.619468681834262,0.5332638265822182,29.690775881163717,5.4489242866059096,0.4277831430959034,11.46808510638298,,0.03688355453951075,0.037882058673001165,0.8855629738228642,0.011970601722690984,0.007389275138485646,0.007237229947229717,0.013074306156217401
"Random Forest (100 estimators, 5 depth)",749,188,21.294360536428464,4.614581295895486,0.534250915469999,29.791357191552112,5.458145948172521,0.42584468512080353,11.46808510638298,,0.03829457296121337,0.03676146127105474,0.8816017747912858,0.014165249374246628,0.010198275388582392,0.006886935864075224,0.012091730349541875
Ridge (lambda=2.0),749,188,28.871903912229822,5.373258221249917,0.36851530278379685,29.974954606426966,5.474938776500333,0.4223062954170148,11.46808510638298,10.003821538927026,-1.8107915955503966,-0.3661938939504114,-5.718440642122433,1.242931274097321,5.5325890504556785,-3.649928088229865,2.8362332677956403
