model_type,n_train,n_test,mse_train,rmse_train,r2_train,mse_test,rmse_test,r2_test,y_test_mean,bias,Game of season_weight,Game for player_weight,Age (days)_weight,Home?_weight,Game Started?_weight,Year_weight,Month of Season_weight
Linreg,749,188,28.706105494156525,5.357807900079708,0.3721416366810772,30.04311083774192,5.481159625274739,0.4209927512840636,11.46808510638298,9.88219042455946,-25.567137496112245,21.729275291546536,-17.39722172188432,1.2617457284825344,5.520419616565239,8.233605875177714,4.17551429238558
Lasso (lambda=0.05),749,188,29.055031386030564,5.390271921344096,0.3645099487310617,30.401645263494213,5.513768698766227,0.4140828799146849,11.46808510638298,10.385990427375267,-0.0,-0.0,-8.336600336607837,1.0480651015879594,5.141990868468868,-0.0,0.0
"Random Forest (500 estimators, 5 depth)",749,188,21.33949090244758,4.619468681834262,0.5332638265822182,29.69077588116372,5.4489242866059096,0.4277831430959034,11.46808510638298,,0.0368835545395107,0.0378820586730011,0.8855629738228642,0.0119706017226909,0.0073892751384856,0.0072372299472297,0.0130743061562174
"Random Forest (100 estimators, 5 depth)",749,188,21.294360536428464,4.614581295895486,0.534250915469999,29.791357191552112,5.458145948172521,0.4258446851208035,11.46808510638298,,0.0382945729612133,0.0367614612710547,0.8816017747912858,0.0141652493742466,0.0101982753885823,0.0068869358640752,0.0120917303495418
Ridge (lambda=2.0),749,188,28.871903912229826,5.373258221249917,0.3685153027837968,29.97495460642697,5.474938776500333,0.4223062954170148,11.46808510638298,10.003821538927026,-1.8107915955503968,-0.3661938939504114,-5.718440642122433,1.242931274097321,5.532589050455679,-3.649928088229865,2.8362332677956403
SVM (linear kernel),749,188,28.960852427168575,5.381528818762246,0.3665698257485904,30.614942791607415,5.5330771539539745,0.40997209339934226,11.46808510638298,,,,,,,,
"Feedforward NN (3 layers, [[16, 4, 1]] activations)",749,188,28.68537983150306,5.355873395768711,0.37259494723673425,29.37097218306961,5.419499255749521,0.43394657471797193,11.46808510638298,,,,,,,,
