model_type,n_train,n_test,mse_train,rmse_train,r2_train,mse_test,rmse_test,r2_test,y_test_mean,bias,Game of season_weight,Game for player_weight,Age (days)_weight,Home?_weight,Game Started?_weight,Year_weight,Month of Season_weight
Linreg,160,40,27.644060068817947,5.257761887801496,0.2136722058756816,24.981988222874552,4.998198497746419,0.07396948483460097,7.35,12.32096136332224,36.00362044062904,-47.29067351015473,-19.806073884161258,-0.16839998617532803,2.430340334763563,8.25016263370188,2.621842972363396
Lasso (lambda=0.05),160,40,28.355091307773932,5.324949887818094,0.19344711505002532,24.321920035642062,4.931725867852152,0.09843684419823684,7.35,10.918783267796368,-0.0,-5.893406202356442,-7.509294631051578,-0.0,2.6048025136837896,-0.0,-0.0
"Random Forest (500 estimators, 5 depth)",160,40,15.32197025896572,3.9143288388899724,0.5641707098965185,23.80167345819229,4.878695876788416,0.11772130634075462,7.35,,0.16407143796149992,0.13571247844819945,0.5940677315871231,0.03075105146344906,0.042433185631844145,0.01253542769519733,0.02042868721268694
"Random Forest (100 estimators, 5 depth)",160,40,15.935571119874561,3.991938266040015,0.5467169997602324,23.040194773577543,4.8000202888714485,0.14594774261597465,7.35,,0.1514438747911151,0.14666768228528435,0.6051418507795371,0.02925097218792135,0.037121367138810236,0.007813653987536152,0.022560598829795817
Ridge (lambda=2.0),160,40,28.532514058251927,5.341583478543785,0.18840037301345314,24.33655188024103,4.933209085396749,0.09789447205111546,7.35,10.916200057427107,-2.5145260666767686,-2.859048006783387,-4.690763728372102,-0.07413783046626542,2.7971672949731223,-2.605341869136695,-0.24484942716314276
