model_type,n_train,n_test,mse_train,rmse_train,r2_train,mse_test,rmse_test,r2_test,y_test_mean,bias,Game of season_weight,Game for player_weight,Age (days)_weight,Home?_weight,Game Started?_weight,Year_weight,Month of Season_weight
Linreg,194,49,23.87734443453859,4.886444968946093,0.09466820018366173,30.206291117705195,5.49602502884632,0.036515862401225174,5.469387755102041,2.196261433715753,-6.4239832063388125,2.8027160259815904,11.697655485460666,0.07451245344354973,4.664400326747437,-9.054377456985591,3.5973932661992265
Lasso (lambda=0.05),194,49,24.452931871736514,4.944990583584211,0.07284426528593058,30.187673707537716,5.494331051869528,0.037109698278315784,5.469387755102041,4.88843331006069,-1.879182193037767,-0.0,0.47965428907367513,0.0,4.117003704444896,0.0,0.40450573355055164
"Random Forest (500 estimators, 5 depth)",194,49,12.927662051798205,3.5955058130669464,0.5098356274560307,26.35796027638445,5.134000416476848,0.15926531573187208,5.469387755102041,,0.28521523528560316,0.1614742806071732,0.3005101848934342,0.024406207703318028,0.11059211937737393,0.029663367513585878,0.08813860461951172
"Random Forest (100 estimators, 5 depth)",194,49,12.990970266270077,3.6042988591777565,0.5074352374165054,26.425761656867692,5.140599348020393,0.15710266840955267,5.469387755102041,,0.28761631466804916,0.1620130684580254,0.28391497328114457,0.02775141803577779,0.11940954991872083,0.029343373269211562,0.0899513023690707
Ridge (lambda=2.0),194,49,24.194346727517683,4.9187749214126155,0.08264876237576468,29.833580866966123,5.462012529001203,0.048404128097541466,5.469387755102041,4.102771811513101,-3.151342030798028,-0.0010011325416151042,1.502454110651421,0.022113825644750024,4.171820139201366,0.015149857231280135,1.6169638460198386
