model_type,n_train,n_test,mse_train,rmse_train,r2_train,mse_test,rmse_test,r2_test,y_test_mean,bias,Game of season_weight,Game for player_weight,Age (days)_weight,Home?_weight,Game Started?_weight,Year_weight,Month of Season_weight
Linreg,194,49,23.87734443453859,4.886444968946093,0.0946682001836617,30.206291117705195,5.49602502884632,0.0365158624012251,5.469387755102041,2.196261433715753,-6.4239832063388125,2.8027160259815904,11.697655485460666,0.0745124534435497,4.664400326747437,-9.054377456985591,3.5973932661992265
Lasso (lambda=0.05),194,49,24.452931871736517,4.944990583584211,0.0728442652859305,30.18767370753772,5.494331051869528,0.0371096982783157,5.469387755102041,4.88843331006069,-1.879182193037767,-0.0,0.4796542890736751,0.0,4.117003704444896,0.0,0.4045057335505516
"Random Forest (500 estimators, 5 depth)",194,49,12.927662051798205,3.5955058130669464,0.5098356274560307,26.35796027638445,5.134000416476848,0.159265315731872,5.469387755102041,,0.2852152352856031,0.1614742806071732,0.3005101848934342,0.024406207703318,0.1105921193773739,0.0296633675135858,0.0881386046195117
"Random Forest (100 estimators, 5 depth)",194,49,12.990970266270075,3.604298859177757,0.5074352374165054,26.42576165686769,5.140599348020393,0.1571026684095526,5.469387755102041,,0.2876163146680491,0.1620130684580254,0.2839149732811445,0.0277514180357777,0.1194095499187208,0.0293433732692115,0.0899513023690707
Ridge (lambda=2.0),194,49,24.194346727517683,4.918774921412616,0.0826487623757646,29.833580866966123,5.462012529001203,0.0484041280975414,5.469387755102041,4.102771811513101,-3.151342030798028,-0.0010011325416151,1.502454110651421,0.02211382564475,4.171820139201366,0.0151498572312801,1.6169638460198386
SVM (linear kernel),194,49,25.481691549291398,5.047939336926643,0.0338378819331816,33.19932782746649,5.7618857874368254,-0.0589524419287808,5.469387755102041,,,,,,,,
"Feedforward NN (3 layers, [[16, 4, 1]] activations)",194,49,27.569287797491498,5.25064641710823,-0.045315278245677826,32.52637539607964,5.703189931615432,-0.03748741034071812,5.469387755102041,,,,,,,,
