model_type,n_train,n_test,mse_train,rmse_train,r2_train,mse_test,rmse_test,r2_test,y_test_mean,bias,Game of season_weight,Game for player_weight,Age (days)_weight,Home?_weight,Game Started?_weight,Year_weight,Month of Season_weight
Linreg,857,215,32.950629345182364,5.740263874177072,0.0958719519653108,28.828725328935064,5.369238803493011,0.0878671656490687,10.27906976744186,9.055691464895991,-1.2177275972597164,2.8237684491676864,-5.360360904581494,0.3029335447616362,3.398322845621158,1.3502687174710513,-0.9296809788712396
Lasso (lambda=0.05),857,215,33.05951294317246,5.74974025006108,0.0928843090319242,29.079792471505524,5.392568263036225,0.0799234712348266,10.27906976744186,9.26740708663744,0.0,0.3246377282436037,-3.334375660436972,0.1013639954198789,3.130650933495214,-0.0,0.0
"Random Forest (500 estimators, 5 depth)",857,215,24.47323884156455,4.947043444479192,0.3284819712815099,29.972561543906817,5.474720225171951,0.05167650661399,10.27906976744186,,0.0955994449198424,0.0993447968309192,0.6700113302120196,0.019594177877871,0.086360471057816,0.0172580965414009,0.0118316825601307
"Random Forest (100 estimators, 5 depth)",857,215,24.62315684249682,4.962172592977477,0.3243683906840586,30.178800631521376,5.493523516971724,0.0451511593642104,10.27906976744186,,0.0942242049999547,0.1056825433663658,0.668126778509152,0.0179711654407393,0.0879288247650445,0.0176059123833707,0.0084605705353728
Ridge (lambda=2.0),857,215,32.95975707450928,5.741058880947771,0.0956214973833096,28.834519389379828,5.369778337080575,0.0876838431914998,10.27906976744186,8.994804599127297,-0.1517834209366342,1.6170030606110786,-2.203531807327491,0.2981593865012863,3.378014700200628,-1.752572191047831,-0.5437452093713546
SVM (linear kernel),857,215,33.051008628955294,5.749000663502771,0.09311765780752712,29.016016352353667,5.386651682850272,0.08194132986930114,10.279069767441861,,,,,,,,
"Feedforward NN (3 layers, [[16, 4, 1]] activations)",857,215,33.299272377083824,5.77055217263338,0.08630558099886221,29.250522988204775,5.408375263256496,0.07452160527196416,10.279069767441861,,,,,,,,
