model_type,n_train,n_test,mse_train,rmse_train,r2_train,mse_test,rmse_test,r2_test,y_test_mean,bias,Game of season_weight,Game for player_weight,Age (days)_weight,Home?_weight,Game Started?_weight,Year_weight,Month of Season_weight
Linreg,440,110,51.28834427364808,7.161588111141835,0.21413093217174128,46.41852128697499,6.813113920005668,0.31422753475795906,12.854545454545455,8.730441540939914,-3.821649252772786,1.279888352606589,-8.642622925175633,1.6218020243551714,7.939368117999686,6.945942591699039,2.606867131479798
Lasso (lambda=0.05),440,110,51.458285811277705,7.1734430931929545,0.21152699165360467,47.30058714262953,6.8775422312501675,0.3011961744395558,12.854545454545455,9.166474874440416,0.0,0.0,-1.95988081202027,1.455942630500007,7.794200166047608,-0.0,0.0
"Random Forest (500 estimators, 5 depth)",440,110,31.529391385842438,5.6151038624269844,0.5168888025438709,45.59269989857027,6.752236658957553,0.3264279572116322,12.854545454545455,,0.07416749868943588,0.09239436879528,0.40693092216282295,0.035819775297469596,0.3581490705833873,0.022650691555808695,0.009887672915795665
"Random Forest (100 estimators, 5 depth)",440,110,31.47029592821165,5.609839206983713,0.5177942966255944,45.16735847987675,6.720666520507973,0.3327118160072128,12.854545454545455,,0.0732794871635823,0.10037197370422805,0.40125024207546933,0.03633048847727703,0.3608444119428649,0.01758844364007309,0.01033495299650529
Ridge (lambda=2.0),440,110,51.35998785157957,7.1665882992941325,0.21303316868176592,47.17889647815235,6.868689575031933,0.30299399360013457,12.854545454545455,8.862434598933618,-1.4008793831994966,0.7192995160375727,-1.853697577536889,1.6181767584360645,7.8364736105681585,-0.4241557014762262,1.3537472685267502
