model_type,n_train,n_test,mse_train,rmse_train,r2_train,mse_test,rmse_test,r2_test,y_test_mean,bias,Game of season_weight,Game for player_weight,Age (days)_weight,Home?_weight,Game Started?_weight,Year_weight,Month of Season_weight
Linreg,625,157,17.35821314935044,4.166318896742116,0.13915242471815048,15.76299812958398,3.970264239264684,0.14019946780885184,5.1528662420382165,3.7473285577992916,1.0663485872051237,2.3864949681400494,0.7728450827871677,0.8801880813454437,3.0358899737652334,-2.902095557524742,-2.696960039112032
Lasso (lambda=0.05),625,157,17.58313782795932,4.19322522981527,0.12799771296668494,15.898669731080993,3.98731359828657,0.13279919317763011,5.1528662420382165,3.321036092938569,0.0,0.35191550390267584,-1.243547791999449,0.6696746465687353,2.991051159252391,-0.0,-0.0
"Random Forest (500 estimators, 5 depth)",625,157,10.029450691692883,3.1669307999533056,0.5026084634940796,13.574398579715643,3.6843450679483922,0.2595777131312579,5.1528662420382165,,0.08890036074847411,0.1071690363024634,0.5918333684009076,0.01785787820856406,0.1756667062596147,0.008382711954790498,0.010189938125185606
"Random Forest (100 estimators, 5 depth)",625,157,10.052693244156867,3.1705982470437446,0.5014557932992946,13.595036624481775,3.687144779430525,0.25845200076820163,5.1528662420382165,,0.08576870334264078,0.10330763615798498,0.5939518569281795,0.01666131506439469,0.18240436650133657,0.006640536709275123,0.011265585296188188
Ridge (lambda=2.0),625,157,17.367323067326723,4.167412034743712,0.13870063565821533,15.781687493574967,3.9726172095452346,0.13918004720284372,5.1528662420382165,3.6764416928318773,0.5524940665226137,2.1280040449727062,-0.8776343477411379,0.866263209948342,3.010925909051154,-1.1394513813210945,-2.021293333406234
