model_type,n_train,n_test,mse_train,rmse_train,r2_train,mse_test,rmse_test,r2_test,y_test_mean,bias,Game of season_weight,Game for player_weight,Age (days)_weight,Home?_weight,Game Started?_weight,Year_weight,Month of Season_weight
Linreg,252,64,16.78409205945551,4.09683927674195,0.1992347517567643,15.64637136933156,3.955549439626758,0.2951759419228383,5.359375,7.832220117634016,10.054580860209123,-5.328300811830506,-10.98603977586867,0.8685602946804033,2.824439038085133,6.05084117368488,-4.612688069611644
Lasso (lambda=0.05),252,64,17.295434648789307,4.158778023505138,0.1748387121000024,16.638908151560837,4.079081777993773,0.2504650127157699,5.359375,5.376052548273708,1.240793514326818,0.0,-2.8298727799515686,0.582574405207366,2.9671674492101614,-0.0,-0.0
"Random Forest (500 estimators, 5 depth)",252,64,10.193513051095769,3.192728151768604,0.5136697904231963,15.276015358846642,3.9084543439634345,0.3118594156869153,5.359375,,0.1616273235521159,0.1477133817211113,0.493459980004149,0.0262418514574223,0.1437254759453769,0.0135632450154888,0.0136687423043354
"Random Forest (100 estimators, 5 depth)",252,64,10.38154064379486,3.222039826537664,0.5046990363656694,15.514251651886465,3.938813482749147,0.3011275554441809,5.359375,,0.1781837477494275,0.157967166593027,0.4609417918905274,0.0302278173947969,0.1476108669618338,0.01310231070004,0.0119662987103472
Ridge (lambda=2.0),252,64,17.015980111384117,4.125043043579559,0.1881714250775804,16.060749790528583,4.007586529387554,0.2765093850890816,5.359375,6.380861238116887,2.5139954978222923,1.0350789000132858,-2.8038968021153563,0.7591590421511547,2.555908226424181,-1.5865780637166893,-2.0501378734748377
SVM (linear kernel),252,64,17.120312281633936,4.137669909699653,0.18319376075627525,16.279751927524455,4.0348174590090755,0.26664396829170467,5.359375,,,,,,,,
"Feedforward NN (3 layers, [[16, 4, 1]] activations)",252,64,22.187211544335998,4.710330300980601,-0.058546860752965335,21.8977025875811,4.679498112787428,0.013571438640533784,5.359375,,,,,,,,
