model_type,n_train,n_test,mse_train,rmse_train,r2_train,mse_test,rmse_test,r2_test,y_test_mean,bias,Game of season_weight,Game for player_weight,Age (days)_weight,Home?_weight,Game Started?_weight,Year_weight,Month of Season_weight
Linreg,199,50,15.393115450401812,3.923406103171301,0.2337651089912437,13.383807208908058,3.6583886082410735,0.2181624913012866,5.04,5.44492505408001,-0.3154256857436274,-0.3154256857436268,-0.3727761453209562,-0.1628346794325694,3.078331575089463,-4.637915803091489,2.814724324406581
Lasso (lambda=0.05),199,50,15.51244181234728,3.938583731793356,0.2278253093298716,13.539659137765652,3.679627581395385,0.2090581399099419,5.04,5.214714613611222,0.0,0.0,-3.711828804692808,-0.0,3.2141193234736285,-0.0763474157632995,1.2968419469720192
"Random Forest (500 estimators, 5 depth)",199,50,8.02146057635424,2.8322183136817403,0.600709616564762,12.7157477287327,3.565914711365472,0.2571883044716389,5.04,,0.1694856898334787,0.1768173774320202,0.4598144573114824,0.0424503324710723,0.0910689076558733,0.0060118099463977,0.0543514253496751
"Random Forest (100 estimators, 5 depth)",199,50,8.096733626868932,2.8454759930227724,0.5969626923087292,12.98077296382886,3.602883978679977,0.2417064115905191,5.04,,0.1770496351298881,0.1764916629050872,0.4495988804262101,0.0431093922931499,0.1019092147429607,0.003875587459884,0.0479656270428199
Ridge (lambda=2.0),199,50,15.425454870586526,3.927525285798492,0.2321553249172943,13.505802363738152,3.675024131041612,0.2110359400564218,5.04,5.340662362412793,0.0991158368267696,0.0991158368267696,-2.156092303368081,-0.1786558320476927,3.0995185452930887,-2.264426343134787,1.7839555166275176
SVM (linear kernel),199,50,15.715199571448556,3.9642401001261964,0.2177324811466015,14.070859771947362,3.7511144706536697,0.17802716539236385,5.04,,,,,,,,
"Feedforward NN (3 layers, [[16, 4, 1]] activations)",199,50,16.269027103556436,4.033488205456468,0.19016418413293534,15.878460627111547,3.9847786170766812,0.07243313469065193,5.04,,,,,,,,
