model_type,n_train,n_test,mse_train,rmse_train,r2_train,mse_test,rmse_test,r2_test,y_test_mean,bias,Game of season_weight,Game for player_weight,Age (days)_weight,Home?_weight,Game Started?_weight,Year_weight,Month of Season_weight
Linreg,219,55,29.842946106984925,5.462869768444506,0.16967697911275192,34.93771670088065,5.9108135396813735,0.1886738237720016,7.254545454545455,8.811771970394457,3.613322184127302,3.6133221841273193,-23.69121694019908,-1.6390204419794223,4.079662519331462,24.67462175715756,-12.792667196501446
Lasso (lambda=0.05),219,55,31.136548213450602,5.5800132807593394,0.13368496930862317,36.71760451086766,6.059505302486966,0.14734114071904225,7.254545454545455,8.138372520960013,4.574587144627067,5.769935548434825e-15,-0.0,-1.5034882685203494,4.233762948117589,0.0,-5.90539684799424
"Random Forest (500 estimators, 5 depth)",219,55,14.700077175500269,3.8340679669901876,0.5909984073328396,38.2695822756004,6.186241369005933,0.11130100116923147,7.254545454545455,,0.15065552350832104,0.15474676634659723,0.4777156192906263,0.027934341405297776,0.06658172956999059,0.016052703292583997,0.1063133165865832
"Random Forest (100 estimators, 5 depth)",219,55,14.949843910409866,3.866502801034789,0.5840491246077424,38.3041012322818,6.189030718317837,0.11049939946836829,7.254545454545455,,0.13819331429381612,0.15645669787292132,0.5026285806882702,0.02603262206338046,0.06955983351679357,0.010725424222716952,0.09640352734210145
Ridge (lambda=2.0),219,55,30.89969472194161,5.558749384703506,0.14027496568071085,36.24336424393635,6.020246194628285,0.15835398239031917,7.254545454545455,8.082154277829167,2.6202459945222936,2.6202459945222962,-1.409919572093989,-1.629057142988729,4.295551084318885,1.7033290299583435,-6.582600641230827
