model_type,n_train,n_test,mse_train,rmse_train,r2_train,mse_test,rmse_test,r2_test,y_test_mean,bias,Game of season_weight,Game for player_weight,Age (days)_weight,Home?_weight,Game Started?_weight,Year_weight,Month of Season_weight
Linreg,135,34,14.765966490396288,3.842650971711624,0.20628302820388633,14.765288725637213,3.8425627809623633,-0.15539658612581175,3.5,1.232814240500049,2.9800557581614706,2.9800557581614733,-8.147711274166916,0.14106106600592666,4.7414295000885245,10.899022407163343,-1.4694303801024153
Lasso (lambda=0.05),135,34,15.376535881007468,3.9212926288416003,0.17346301008299336,12.927777455040752,3.595521861293678,-0.011609743317342991,3.5,1.912071445319572,5.383301747049774,0.0,-0.0,0.0,1.5580476975229567,1.2268913795909697,0.13059811072831562
"Random Forest (500 estimators, 5 depth)",135,34,7.335317147071482,2.7083790626630315,0.6057037162501763,12.493015490937399,3.5345460091696923,0.022410755599835297,3.5,,0.3044907832749181,0.325703048609621,0.25550685270788986,0.02907550512492545,0.02276590970311583,0.01576101139237063,0.04669688918715918
"Random Forest (100 estimators, 5 depth)",135,34,7.688554811165533,2.772824338317437,0.5867160848444424,12.684450768411288,3.5615236582692087,0.007430779917183439,3.5,,0.26909517227229923,0.3423327365197097,0.27847691960170284,0.027636614126124764,0.027911847477210094,0.015922981474980984,0.038623728527972453
Ridge (lambda=2.0),135,34,15.228031891624687,3.90231109621269,0.181445564887598,13.149216681743752,3.626184865908487,-0.02893755392241104,3.5,1.6207841995424044,2.412947546997436,2.412947546997439,-0.7173236853537835,0.10611905499819956,2.46911441792822,2.1536340030844157,0.631253093709618
