model_type,n_train,n_test,mse_train,rmse_train,r2_train,mse_test,rmse_test,r2_test,y_test_mean,bias,Game of season_weight,Game for player_weight,Age (days)_weight,Home?_weight,Game Started?_weight,Year_weight,Month of Season_weight
Linreg,368,93,46.11094225174048,6.790503829005656,0.2488747012112131,52.51973186020194,7.247049872893241,0.1239350885260548,9.913978494623656,4.817769814269134,-21.99840216534532,5.84634493506038,16.74092956676647,1.081271336059822,3.537487396269329,-12.733786549715688,20.537019903961685
Lasso (lambda=0.05),368,93,47.46283589203429,6.889327680698189,0.2268529973615586,50.29643846894451,7.09199820000996,0.1610211371216017,9.913978494623656,5.609638093634222,-6.719184705676434,-0.0,4.791758076339283,0.7568738758510406,4.378525750303952,0.0,8.530806171722292
"Random Forest (500 estimators, 5 depth)",368,93,27.831790138470136,5.275584340949364,0.5466333875925922,36.88934464800872,6.073659905527204,0.3846605969083607,9.913978494623656,,0.0961256707803837,0.0933396730877083,0.6044730495174088,0.0366043359379745,0.1353071111476521,0.0147358871035584,0.0194142724253139
"Random Forest (100 estimators, 5 depth)",368,93,27.71999372795517,5.264978036797036,0.5484544979007078,37.971140326787896,6.16207272975481,0.3666155079104723,9.913978494623656,,0.0991718000650323,0.0863671355693133,0.5928946257378137,0.0414917455368689,0.14715481074904,0.0159656437702571,0.0169542385716745
Ridge (lambda=2.0),368,93,47.32386700556637,6.87923447816444,0.2291167343678571,50.75071775478844,7.1239538007196845,0.1534434491128994,9.913978494623656,5.304794390072408,-7.314462988702899,-0.3769450423046762,3.4830209393016944,0.933679962178799,4.269285354715467,1.9925798977191915,9.186339135948405
SVM (linear kernel),368,93,46.94049787598758,6.851313587625922,0.23536163499099283,49.34813512626902,7.024822782552526,0.17683948299897256,9.913978494623656,,,,,,,,
"Feedforward NN (3 layers, [[16, 4, 1]] activations)",368,93,48.59700473870772,6.9711551939910015,0.20837792675502897,45.97169371070762,6.780242894668865,0.23316082633131052,9.913978494623656,,,,,,,,
