model_type,n_train,n_test,mse_train,rmse_train,r2_train,mse_test,rmse_test,r2_test,y_test_mean,bias,Game of season_weight,Game for player_weight,Age (days)_weight,Home?_weight,Game Started?_weight,Year_weight,Month of Season_weight
Linreg,118,30,18.36450055721392,4.285382194998938,0.21331479504729656,29.441910455388033,5.426040034443907,0.09813418842621979,6.233333333333333,5.346431298546962,0.9035857718881359,0.9035857718881353,-7.453384242699603,1.343553297310844,4.408534576757317,4.474779135900993,-1.8660133439302176
Lasso (lambda=0.05),118,30,18.57460747436086,4.309826849696036,0.204314386750715,30.510315004231018,5.5236143062519325,0.0654067763586017,6.233333333333333,5.334845301609614,0.988383331886443,0.0,-3.3379426278449724,1.0964199820887934,3.882911142532611,0.0,0.0
"Random Forest (500 estimators, 5 depth)",118,30,7.954998904094159,2.8204607609562946,0.6592295051112863,31.336826877177824,5.597930588813854,0.04008903068445435,6.233333333333333,,0.1761468389099946,0.17171812826266225,0.4222062128718015,0.050085866864291034,0.15178796673952968,0.003876053656243084,0.024178932695477922
"Random Forest (100 estimators, 5 depth)",118,30,8.02183462918311,2.832284348221963,0.656366444614435,30.82595706924406,5.552112847308136,0.05573801564549674,6.233333333333333,,0.14726416106842102,0.18915899252553578,0.4368776459768062,0.048929511006571204,0.1532351879155095,0.004284102746149978,0.020250398761006465
Ridge (lambda=2.0),118,30,18.585683476151246,4.3111116288204885,0.20383992098937398,30.629994886569825,5.534437178843918,0.06174073728216023,6.233333333333333,5.05655759001311,0.6589723667467334,0.658972366746733,-2.9246657315701086,1.2069712838114453,3.7286634365142177,-0.5011419937729247,0.3296501355907332
