model_type,n_train,n_test,mse_train,rmse_train,r2_train,mse_test,rmse_test,r2_test,y_test_mean,bias,Game of season_weight,Game for player_weight,Age (days)_weight,Home?_weight,Game Started?_weight,Year_weight,Month of Season_weight
Linreg,118,30,18.36450055721392,4.285382194998938,0.2133147950472965,29.441910455388037,5.426040034443907,0.0981341884262197,6.233333333333333,5.346431298546962,0.903585771888136,0.9035857718881352,-7.453384242699603,1.343553297310844,4.408534576757317,4.474779135900993,-1.8660133439302176
Lasso (lambda=0.05),118,30,18.57460747436086,4.309826849696036,0.204314386750715,30.510315004231018,5.5236143062519325,0.0654067763586017,6.233333333333333,5.334845301609614,0.988383331886443,0.0,-3.3379426278449724,1.0964199820887934,3.882911142532611,0.0,0.0
"Random Forest (500 estimators, 5 depth)",118,30,7.954998904094159,2.8204607609562946,0.6592295051112863,31.336826877177824,5.597930588813854,0.0400890306844543,6.233333333333333,,0.1761468389099946,0.1717181282626622,0.4222062128718015,0.050085866864291,0.1517879667395296,0.003876053656243,0.0241789326954779
"Random Forest (100 estimators, 5 depth)",118,30,8.02183462918311,2.832284348221963,0.656366444614435,30.82595706924406,5.552112847308136,0.0557380156454967,6.233333333333333,,0.147264161068421,0.1891589925255357,0.4368776459768062,0.0489295110065712,0.1532351879155095,0.0042841027461499,0.0202503987610064
Ridge (lambda=2.0),118,30,18.58568347615125,4.3111116288204885,0.2038399209893739,30.629994886569825,5.534437178843918,0.0617407372821602,6.233333333333333,5.05655759001311,0.6589723667467334,0.658972366746733,-2.924665731570109,1.2069712838114453,3.7286634365142177,-0.5011419937729247,0.3296501355907332
SVM (linear kernel),118,30,19.00656201536608,4.359651593346202,0.18581063024711353,30.010855810760283,5.478216480822959,0.08070623090826523,6.233333333333333,,,,,,,,
"Feedforward NN (3 layers, [[16, 4, 1]] activations)",118,30,20.974267357688802,4.5797671728690315,0.1015194906275495,29.652775925423256,5.445436247484976,0.09167494867836579,6.233333333333333,,,,,,,,
