model_type,n_train,n_test,mse_train,rmse_train,r2_train,mse_test,rmse_test,r2_test,y_test_mean,bias,Game of season_weight,Game for player_weight,Age (days)_weight,Home?_weight,Game Started?_weight,Year_weight,Month of Season_weight
Linreg,147,37,21.049668146292078,4.587991733459432,0.224226671192144,19.797531321479298,4.449441686490486,0.136467839829696,6.216216216216216,2.5036361309623176,2.1620903653697843,2.1620903653697754,13.68047292630215,1.10063082792236,5.236508239903346,-9.117549784449412,-1.1248843881782085
Lasso (lambda=0.05),147,37,21.720891253935196,4.660567696529597,0.19948913229271092,17.578443974407797,4.192665497557347,0.2332603772075359,6.216216216216216,3.2924645030728543,0.5213748202519685,0.0,4.219547114909727,1.101461054744363,4.661119855346967,0.0,-0.0
"Random Forest (500 estimators, 5 depth)",147,37,12.52724834984945,3.5393853067799004,0.5383155171081726,21.669455288120705,4.655046217613817,0.054817935084520264,6.216216216216216,,0.12796084507855504,0.12833244747036496,0.4934487497521237,0.04187187972843049,0.1744723184206876,0.0077949690000557684,0.0261187905497824
"Random Forest (100 estimators, 5 depth)",147,37,12.475749079742512,3.5321026428662163,0.5402134928826302,21.253237351477285,4.610123355342814,0.07297260134542771,6.216216216216216,,0.13592286957996974,0.1457620567103126,0.4701611138671201,0.03979446771848173,0.17627813116382404,0.005605610436609859,0.026475750523681934
Ridge (lambda=2.0),147,37,21.59037658010301,4.646544584968814,0.20429917501041062,17.81628938929384,4.220934658259216,0.22288599458537983,6.216216216216216,3.0957439172746746,1.0443704561146783,1.044370456114678,4.206073136134453,1.2194176243850214,4.379445904903401,0.590147740446579,-1.3615346410189386
