model_type,n_train,n_test,mse_train,rmse_train,r2_train,mse_test,rmse_test,r2_test,y_test_mean,bias,Game of season_weight,Game for player_weight,Age (days)_weight,Home?_weight,Game Started?_weight,Year_weight,Month of Season_weight
Linreg,327,82,26.572124750392952,5.154815685394867,0.1832092639807696,23.44608241399968,4.842115489535507,0.2436602468253029,6.975609756097561,5.42701228618161,1.946166688276088,2.8431646707425218,19.380479225360585,0.2911521062323189,3.8769009565343393,-18.01614609447037,-2.208556490250128
Lasso (lambda=0.05),327,82,27.26114455779711,5.221220600376612,0.1620297384099683,23.11736698606325,4.808052306918389,0.2542641737944288,6.975609756097561,5.290696349781128,0.0,0.426095060684018,2.903104863688167,0.215561569689835,3.8033828243572154,0.0,-0.0
"Random Forest (500 estimators, 5 depth)",327,82,16.476767791788117,4.059158507842249,0.493526715748482,21.997343230913955,4.690132538736401,0.2903946656847752,6.975609756097561,,0.118000389234363,0.126536115860623,0.493478642625887,0.0348638410317489,0.165863334647601,0.0340413221184379,0.0272163544813389
"Random Forest (100 estimators, 5 depth)",327,82,16.431735774686135,4.053607748004996,0.4949109383027065,22.703069886239195,4.764773854679695,0.2676288528350011,6.975609756097561,,0.1059397660519714,0.1257814212132882,0.5252137396082043,0.0397657247463899,0.1420152185209381,0.0408546115535181,0.0204295183056898
Ridge (lambda=2.0),327,82,26.96210245222911,5.192504448936862,0.1712218833288278,23.08963223995612,4.805167243702983,0.2551588601925496,6.975609756097561,5.473440035237886,1.193807182707618,2.0094842095983085,3.31665824166052,0.3153474578196885,3.8262274612035134,-0.5230286193644471,-2.730740606509316
SVM (linear kernel),327,82,26.986762784497795,5.1948785148930865,0.1704638584763395,23.171071861675948,4.81363395592934,0.2525317252067306,6.975609756097561,,,,,,,,
"Feedforward NN (3 layers, [[16, 4, 1]] activations)",327,82,27.744577617878136,5.267312181547448,0.14716966799148323,23.373473752799725,4.834612058149002,0.24600250665023338,6.975609756097561,,,,,,,,
