model_type,n_train,n_test,mse_train,rmse_train,r2_train,mse_test,rmse_test,r2_test,y_test_mean,bias,Game of season_weight,Game for player_weight,Age (days)_weight,Home?_weight,Game Started?_weight,Year_weight,Month of Season_weight
Linreg,101,26,8.317099310360323,2.8839381599403833,0.12435773784228166,4.543458346365325,2.1315389619627703,-0.5512009303752321,1.6153846153846154,2.3804742280882243,1.5287423898541257,1.5287423898541221,-10.131331433682723,-0.403080508304488,8.881784197001252e-16,10.61843619924642,-2.6356748071555387
Lasso (lambda=0.05),101,26,8.87084246445063,2.9783959549480037,0.06605845704639313,4.1019612584274885,2.0253299134776754,-0.40046758116009196,1.6153846153846154,2.92395584758385,1.2939453444133027,0.0,-1.2488117143551294,-0.2461779332596893,0.0,0.0,0.0
"Random Forest (500 estimators, 5 depth)",101,26,3.8130647419781623,1.9527070292233195,0.5985522702295418,7.014881936680909,2.64856223953316,-1.394979893533482,1.6153846153846154,,0.23767706126332985,0.23290445771442664,0.4075917730123605,0.05197827858092848,0.0,0.023688830663140314,0.04615959876581421
"Random Forest (100 estimators, 5 depth)",101,26,3.798705785635268,1.9490268817118115,0.6000640123099392,7.351056690457282,2.71128321841472,-1.5097547084591527,1.6153846153846154,,0.2543114027276636,0.2506147115549083,0.37516796883818704,0.050056985538357246,0.0,0.027151868362964734,0.04269706297791923
Ridge (lambda=2.0),101,26,8.768249640985317,2.961123037123807,0.07685965211068801,4.061993263434332,2.015438727283549,-0.38682194246545865,1.6153846153846154,2.8038053504573135,0.9656751189164521,0.965675118916452,-1.7271185418929227,-0.4107976295957369,0.0,0.655104261440726,-0.2786036549703385
