model_type,n_train,n_test,mse_train,rmse_train,r2_train,mse_test,rmse_test,r2_test,y_test_mean,bias,Game of season_weight,Game for player_weight,Age (days)_weight,Home?_weight,Game Started?_weight,Year_weight,Month of Season_weight
Linreg,644,162,26.347177288234317,5.132950154466173,0.308601082952944,28.23966714420192,5.314100784159247,0.2425451771218431,10.141975308641976,4.968121531650992,-12.49632975991906,7.534409701738159,-10.86909890724195,1.5505826588708134,8.646430992400783,4.817615514434396,6.99336831498302
Lasso (lambda=0.05),644,162,27.158848872966576,5.211415246645251,0.2873013114995382,29.589541229681952,5.439626938465721,0.2063383538932265,10.141975308641976,4.646594071285542,-0.0,0.0,-5.273013222266989,1.3200881534847426,8.714711908620933,-0.0,1.742389078015254
"Random Forest (500 estimators, 5 depth)",644,162,17.61853926947825,4.197444373601424,0.5376567729588217,18.84299983592079,4.340852431944766,0.4945860717717081,10.141975308641976,,0.0521893835512881,0.0407614297893166,0.8392212451175072,0.0217699397148144,0.0064758573621515,0.0306853145209312,0.0088968299439908
"Random Forest (100 estimators, 5 depth)",644,162,17.670495381555934,4.203628834894434,0.5362933479804455,18.93199886576502,4.3510916866649705,0.4921989067940632,10.141975308641976,,0.0515010947726172,0.0404674383757687,0.8478529270704985,0.024325962175132,0.0076946177934472,0.019269559335809,0.008888400476727
Ridge (lambda=2.0),644,162,26.58012599435154,5.155591721068644,0.3024880758032601,28.919715969126276,5.377705455780028,0.2243046553904339,10.141975308641976,4.46651634294629,-5.714274157826967,3.629539906199398,-3.9436991780853785,1.516694507935901,8.863083617579125,-2.110851723584081,4.477824509842032
SVM (linear kernel),644,162,26.639471863769902,5.161343997813932,0.3009307298531346,29.675805345379153,5.447550398608456,0.20402454579688767,10.141975308641975,,,,,,,,
"Feedforward NN (3 layers, [[16, 4, 1]] activations)",644,162,40.02560582257826,6.326579314493596,-0.05034631289481606,40.334715869927614,6.350961806681537,-0.08187270441569594,10.141975308641975,,,,,,,,
