model_type,n_train,n_test,mse_train,rmse_train,r2_train,mse_test,rmse_test,r2_test,y_test_mean,bias,Game of season_weight,Game for player_weight,Age (days)_weight,Home?_weight,Game Started?_weight,Year_weight,Month of Season_weight
Linreg,605,152,26.043597564298736,5.103292815849267,0.1426500965066527,28.78906895175486,5.365544609054598,0.223167478298501,7.578947368421052,5.712795280246011,-2.5680529297175374,0.6245425083880283,10.52859438071439,0.0725384764485148,4.57013591765554,-11.140341449105437,2.784663905754328
Lasso (lambda=0.05),605,152,26.199402914139377,5.118535231307818,0.1375210162664967,29.059834008692945,5.390717392768141,0.2158612641822213,7.578947368421052,5.910756501182033,-0.0,-0.0,-0.0,0.0,4.225232509806977,-0.0,-0.0
"Random Forest (500 estimators, 5 depth)",605,152,17.149497406946303,4.1411951664883295,0.4354420540209754,24.954689670896517,4.995466912201152,0.32663280852161,7.578947368421052,,0.1815145945592381,0.0962046346736176,0.3285473144747154,0.0216371807769745,0.3112444066706589,0.0428458564635327,0.0180060123812626
"Random Forest (100 estimators, 5 depth)",605,152,17.322686538461582,4.162053163819701,0.4297407032446808,24.98826557702079,4.998826419973071,0.3257268099335123,7.578947368421052,,0.1831157553793818,0.0989699694716736,0.3187462147798127,0.0236146908677236,0.3089526460015527,0.0506001538091822,0.0160005696906732
Ridge (lambda=2.0),605,152,26.108500072419137,5.109647744455496,0.1405135192178922,28.93286477523111,5.3789278462562695,0.2192873503114377,7.578947368421052,5.9374830526607525,-0.9985842708778124,-0.6539082955170427,0.7255933747958858,0.0698872252743395,4.400714053605933,-0.8880403237519026,1.3992998164801562
SVM (linear kernel),605,152,26.523548912855592,5.150101835192737,0.12685019630658212,30.20447524116413,5.495859827284911,0.18497473094440697,7.578947368421052,,,,,,,,
"Feedforward NN (3 layers, [[16, 4, 1]] activations)",605,152,28.567739015309698,5.3448797007331885,0.05955587635964921,33.91960703288182,5.8240541749611,0.08472712644389613,7.578947368421052,,,,,,,,
