model_type,n_train,n_test,mse_train,rmse_train,r2_train,mse_test,rmse_test,r2_test,y_test_mean,bias,Game of season_weight,Game for player_weight,Age (days)_weight,Home?_weight,Game Started?_weight,Year_weight,Month of Season_weight
Linreg,605,152,26.043597564298736,5.103292815849267,0.14265009650665272,28.78906895175486,5.365544609054598,0.22316747829850103,7.578947368421052,5.712795280246011,-2.5680529297175374,0.6245425083880283,10.52859438071439,0.07253847644851487,4.57013591765554,-11.140341449105437,2.7846639057543277
Lasso (lambda=0.05),605,152,26.199402914139377,5.118535231307818,0.1375210162664967,29.059834008692945,5.390717392768141,0.2158612641822213,7.578947368421052,5.910756501182033,-0.0,-0.0,-0.0,0.0,4.225232509806977,-0.0,-0.0
"Random Forest (500 estimators, 5 depth)",605,152,17.149497406946303,4.1411951664883295,0.43544205402097547,24.954689670896514,4.995466912201152,0.32663280852161003,7.578947368421052,,0.18151459455923813,0.09620463467361763,0.3285473144747154,0.021637180776974577,0.3112444066706589,0.04284585646353276,0.018006012381262638
"Random Forest (100 estimators, 5 depth)",605,152,17.322686538461582,4.162053163819701,0.42974070324468083,24.98826557702079,4.998826419973071,0.32572680993351233,7.578947368421052,,0.18311575537938182,0.09896996947167361,0.31874621477981274,0.023614690867723605,0.3089526460015527,0.0506001538091822,0.016000569690673296
Ridge (lambda=2.0),605,152,26.108500072419137,5.109647744455496,0.14051351921789224,28.93286477523111,5.3789278462562695,0.21928735031143776,7.578947368421052,5.9374830526607525,-0.9985842708778123,-0.6539082955170427,0.7255933747958858,0.06988722527433959,4.400714053605933,-0.8880403237519026,1.3992998164801562
