model_type,n_train,n_test,mse_train,rmse_train,r2_train,mse_test,rmse_test,r2_test,y_test_mean,bias,Game of season_weight,Game for player_weight,Age (days)_weight,Home?_weight,Game Started?_weight,Year_weight,Month of Season_weight
Linreg,255,64,46.420275134685596,6.813242629958631,0.23722326796943227,60.16883610802108,7.7568573602987625,0.075738513096137,13.203125,12.187739681509925,0.8831268062065057,0.883126806206501,-15.530778279374426,1.1898983940509376,4.490545804979915,8.247927939031964,-3.5946926195617683
Lasso (lambda=0.05),255,64,46.60639154517164,6.826887398014679,0.2341650080397809,58.57260248940167,7.653273971928724,0.10025846982494002,13.203125,12.072848282668579,0.0,0.0,-8.614340401004956,0.9679239512392752,4.199172232584222,-0.0,-0.19845986164029084
"Random Forest (500 estimators, 5 depth)",255,64,28.37262959534857,5.326596436313584,0.533781701658147,58.16491738121843,7.6265927766741575,0.10652097494638724,13.203125,,0.10862147149872813,0.11102878254152054,0.4999954651936089,0.02103168512673674,0.17501463619791494,0.05115885847516784,0.033149100966322904
"Random Forest (100 estimators, 5 depth)",255,64,28.612667024790838,5.3490809514150035,0.5298374129725725,57.02310858256787,7.551364683457413,0.12406045163006518,13.203125,,0.09342944582388675,0.12409173232641389,0.48134894317414373,0.02788847727927677,0.17505160122677169,0.060278900430719824,0.037910899738787404
Ridge (lambda=2.0),255,64,46.573239628896665,6.824458925724198,0.23470975945031014,58.254435870718936,7.6324593592576,0.10514586953363525,13.203125,11.858866465620228,1.0123023049668893,1.0123023049668831,-4.480002775751733,1.1567205951619515,4.227634769446994,-3.016733045515243,-2.172646996281352
