model_type,n_train,n_test,mse_train,rmse_train,r2_train,mse_test,rmse_test,r2_test,y_test_mean,bias,Game of season_weight,Game for player_weight,Age (days)_weight,Home?_weight,Game Started?_weight,Year_weight,Month of Season_weight
Linreg,255,64,46.4202751346856,6.813242629958631,0.2372232679694322,60.16883610802108,7.756857360298762,0.075738513096137,13.203125,12.187739681509925,0.8831268062065057,0.883126806206501,-15.530778279374426,1.1898983940509376,4.490545804979915,8.247927939031964,-3.5946926195617683
Lasso (lambda=0.05),255,64,46.60639154517164,6.826887398014679,0.2341650080397809,58.57260248940167,7.653273971928724,0.10025846982494,13.203125,12.07284828266858,0.0,0.0,-8.614340401004956,0.9679239512392752,4.199172232584222,-0.0,-0.1984598616402908
"Random Forest (500 estimators, 5 depth)",255,64,28.37262959534857,5.326596436313584,0.533781701658147,58.16491738121843,7.626592776674157,0.1065209749463872,13.203125,,0.1086214714987281,0.1110287825415205,0.4999954651936089,0.0210316851267367,0.1750146361979149,0.0511588584751678,0.0331491009663229
"Random Forest (100 estimators, 5 depth)",255,64,28.61266702479084,5.349080951415004,0.5298374129725725,57.02310858256787,7.551364683457413,0.1240604516300651,13.203125,,0.0934294458238867,0.1240917323264138,0.4813489431741437,0.0278884772792767,0.1750516012267716,0.0602789004307198,0.0379108997387874
Ridge (lambda=2.0),255,64,46.573239628896665,6.824458925724198,0.2347097594503101,58.254435870718936,7.6324593592576,0.1051458695336352,13.203125,11.858866465620228,1.012302304966889,1.0123023049668831,-4.480002775751733,1.1567205951619517,4.227634769446994,-3.016733045515243,-2.172646996281352
SVM (linear kernel),255,64,47.06396311259165,6.860318003751113,0.2266462041581997,60.030079177727906,7.747908051708404,0.07786997674088403,13.203125,,,,,,,,
"Feedforward NN (3 layers, [[16, 4, 1]] activations)",255,64,48.61052497933792,6.972124853969406,0.20123314050924368,64.34475395127927,8.021518182443973,0.011591684195059737,13.203125,,,,,,,,
