model_type,n_train,n_test,mse_train,rmse_train,r2_train,mse_test,rmse_test,r2_test,y_test_mean,bias,Game of season_weight,Game for player_weight,Age (days)_weight,Home?_weight,Game Started?_weight,Year_weight,Month of Season_weight
Linreg,301,76,25.640703387022004,5.063665015285076,0.216691078663723,30.30564174468989,5.505056016489741,0.0868737619010594,5.907894736842105,6.917638435940262,-7.628801891058187,8.581756862730028,29.23749146371024,0.1837843030680061,3.242709257403834,-30.518904256745056,0.346043514621714
Lasso (lambda=0.05),301,76,27.19419273679855,5.214805148497741,0.1692328616049518,29.338124755066648,5.416467922462631,0.1160255995844268,5.907894736842105,6.796114323458173,-0.2942119998300466,1.7125945149417126,1.2714756581230282,0.262421195981503,3.758924944219193,0.0,-4.956732585377762
"Random Forest (500 estimators, 5 depth)",301,76,12.543272161874857,3.541648226726485,0.6168101616074004,31.024648375344984,5.569977412462728,0.0652096828048521,5.907894736842105,,0.2431664720126554,0.151590609650228,0.4239081799760256,0.0260849859434299,0.0887187816760584,0.0173433955433847,0.0491875751982174
"Random Forest (100 estimators, 5 depth)",301,76,12.747119322192932,3.57031081590846,0.6105827466704514,31.03172535086764,5.570612654894221,0.0649964495035889,5.907894736842105,,0.2395229967307331,0.1576522424732873,0.450089955616992,0.0222563672345998,0.0754211981189745,0.0122390991565868,0.0428181406688259
Ridge (lambda=2.0),301,76,26.667462550994856,5.1640548555369605,0.1853241695324083,29.390898963569427,5.421337377766617,0.1144354826390486,5.907894736842105,6.573948558534062,-3.435148714866853,4.506601579913894,3.3413478067850413,0.3945659255834972,3.580183686752963,-1.8707373634151248,-3.962608451694648
SVM (linear kernel),301,76,27.08786939430553,5.204600791060303,0.17248097931311224,30.06642252339953,5.483285741542158,0.09408157322074873,5.907894736842105,,,,,,,,
"Feedforward NN (3 layers, [[16, 4, 1]] activations)",301,76,28.603654505195657,5.348238448797479,0.12617460533158187,29.808753955251333,5.459739366970857,0.10184527386406972,5.907894736842105,,,,,,,,
