model_type,n_train,n_test,mse_train,rmse_train,r2_train,mse_test,rmse_test,r2_test,y_test_mean,bias,Game of season_weight,Game for player_weight,Age (days)_weight,Home?_weight,Game Started?_weight,Year_weight,Month of Season_weight
Linreg,437,110,37.32758984791322,6.109630909303214,0.2290721081206909,62.99918182455748,7.937202392818106,0.1367473194120049,14.945454545454544,15.225800996779848,-22.934811183162704,18.742409351568234,-8.09557843141909,0.8684955851059633,3.425696319250964,3.817401751611995,0.5845494087268044
Lasso (lambda=0.05),437,110,38.403321663954834,6.197041363744059,0.2068549849539556,62.90302277930514,7.9311425897726195,0.138064948485475,14.945454545454544,15.927141154340266,-3.847215388542473,0.0,-5.85130874436596,0.5366696212357596,3.2661002666836625,-0.0,-0.0
"Random Forest (500 estimators, 5 depth)",437,110,26.13274074994294,5.112019243894035,0.4602796800579316,56.48591203361699,7.515711013178793,0.2259960595318403,14.945454545454544,,0.1658757601309594,0.1035299820799597,0.5511143923294559,0.0203817779614503,0.1184389129420554,0.0073685583699176,0.0332906161862016
"Random Forest (100 estimators, 5 depth)",437,110,26.155868553097807,5.11428084417524,0.4598020208090321,56.7255675678956,7.531637774607566,0.2227121552589261,14.945454545454544,,0.1693626116783343,0.1002971448008074,0.5715690332037194,0.0197125949156292,0.0973957680698164,0.0082623986038809,0.0334004487278121
Ridge (lambda=2.0),437,110,38.09006950919841,6.171715280957022,0.2133245915981821,62.65472367499564,7.915473686078151,0.1414672921536783,14.945454545454544,15.956783188962932,-6.861890445188288,3.2471330019950075,-4.186423577222588,0.75949201244124,3.2810141952555463,-1.9009822724996344,-0.0842698437787485
SVM (linear kernel),437,110,37.54557849458739,6.127444695351186,0.22456998171716847,63.28946059495519,7.9554673398207845,0.13276974511014417,14.945454545454545,,,,,,,,
"Feedforward NN (3 layers, [[16, 4, 1]] activations)",437,110,40.07168435123954,6.330219929136708,0.17239823768902596,63.27328218075363,7.954450463781495,0.1329914314721362,14.945454545454545,,,,,,,,
