model_type,n_train,n_test,mse_train,rmse_train,r2_train,mse_test,rmse_test,r2_test,y_test_mean,bias,Game of season_weight,Game for player_weight,Age (days)_weight,Home?_weight,Game Started?_weight,Year_weight,Month of Season_weight
Linreg,437,110,37.32758984791322,6.109630909303214,0.2290721081206909,62.999181824557475,7.937202392818106,0.1367473194120049,14.945454545454545,15.225800996779848,-22.934811183162704,18.742409351568234,-8.09557843141909,0.8684955851059633,3.4256963192509637,3.817401751611995,0.5845494087268044
Lasso (lambda=0.05),437,110,38.403321663954834,6.197041363744059,0.2068549849539556,62.90302277930514,7.9311425897726195,0.13806494848547501,14.945454545454545,15.927141154340266,-3.847215388542473,0.0,-5.8513087443659595,0.5366696212357596,3.2661002666836625,-0.0,-0.0
"Random Forest (500 estimators, 5 depth)",437,110,26.13274074994294,5.112019243894035,0.46027968005793163,56.48591203361699,7.515711013178793,0.22599605953184032,14.945454545454545,,0.1658757601309594,0.1035299820799597,0.5511143923294559,0.020381777961450305,0.11843891294205543,0.007368558369917638,0.033290616186201646
"Random Forest (100 estimators, 5 depth)",437,110,26.155868553097807,5.11428084417524,0.4598020208090321,56.7255675678956,7.531637774607566,0.22271215525892618,14.945454545454545,,0.16936261167833436,0.10029714480080741,0.5715690332037194,0.01971259491562923,0.0973957680698164,0.008262398603880962,0.033400448727812115
Ridge (lambda=2.0),437,110,38.09006950919841,6.171715280957022,0.21332459159818218,62.65472367499564,7.915473686078151,0.14146729215367837,14.945454545454545,15.956783188962932,-6.861890445188288,3.2471330019950075,-4.186423577222588,0.75949201244124,3.2810141952555463,-1.9009822724996344,-0.08426984377874852
