model_type,n_train,n_test,mse_train,rmse_train,r2_train,mse_test,rmse_test,r2_test,y_test_mean,bias,Game of season_weight,Game for player_weight,Age (days)_weight,Home?_weight,Game Started?_weight,Year_weight,Month of Season_weight
Linreg,248,62,20.450160179915198,4.522185332327192,0.0633560922151016,21.49526476007891,4.636298605577396,-0.0243962030466566,8.129032258064516,6.996283744833228,-5.759941763625578,4.989022184009326,0.9542519869557258,1.8286974109775935,-0.8843901002334706,-1.3381145680645363,3.1714103204103194
Lasso (lambda=0.05),248,62,20.634875176041398,4.542562622137575,0.054895905386441,21.49299541284497,4.636053862159603,-0.0242880531487237,8.129032258064516,7.324071216981708,0.0,0.0,-0.0113084161895525,1.5408520788577769,-0.8113003514295968,-0.0,1.078972615932473
"Random Forest (500 estimators, 5 depth)",248,62,12.177766025192872,3.4896656036349487,0.4422424930867156,23.65144492004145,4.863275122799599,-0.1271529168440284,8.129032258064516,,0.1607256174233813,0.2147631301662613,0.4594090159091891,0.0722448583398532,0.0352173019922379,0.0211007592812194,0.0365393168878576
"Random Forest (100 estimators, 5 depth)",248,62,12.170571635737245,3.4886346377540374,0.4425720054716829,23.89597134041596,4.888350574622892,-0.1388062711698356,8.129032258064516,,0.1537903824299896,0.2083434776319389,0.4690437834363135,0.0799231143945796,0.0342267579271861,0.0192888670392881,0.035383617140704
Ridge (lambda=2.0),248,62,20.53692738882365,4.531768682183993,0.0593820413076948,21.49275899305743,4.636028364134265,-0.0242767861308299,8.129032258064516,7.210306800655142,-0.8844865350933805,1.0152908540679582,-0.4203295244291136,1.7129266821586109,-0.7364117653546356,-0.1418782385979461,1.5494147209132445
SVM (linear kernel),248,62,20.816896006616037,4.562553671642235,0.046559114840657,20.68382800756665,4.547947669835994,0.014274301251100852,8.129032258064516,,,,,,,,
"Feedforward NN (3 layers, [[16, 4, 1]] activations)",248,62,21.475453565761235,4.634161581749306,0.016396322946984787,20.23833597877012,4.498703810962677,0.03550503964304064,8.129032258064516,,,,,,,,
