model_type,n_train,n_test,mse_train,rmse_train,r2_train,mse_test,rmse_test,r2_test,y_test_mean,bias,Game of season_weight,Game for player_weight,Age (days)_weight,Home?_weight,Game Started?_weight,Year_weight,Month of Season_weight
Linreg,686,172,54.15890099369049,7.359273129439516,0.2606450168314898,57.02118974861413,7.551237630257316,0.29326592241913807,15.05813953488372,3.432677258154124,-1.804240901515321,4.011330103330677,-12.340198133611194,1.176449959044001,10.073581283895042,18.218427457944017,-1.0060167500849153
Lasso (lambda=0.05),686,172,54.326247051524,7.3706341010474805,0.2583604774574868,57.13915931623472,7.559044867986611,0.2918037797679147,15.05813953488372,4.2094308875221635,0.0,1.4322927204780127,0.0,0.9727614464114027,9.892893558632911,4.194839589380389,0.0
"Random Forest (500 estimators, 5 depth)",686,172,38.01619254387468,6.165727251823152,0.4810186159116887,48.712126523270264,6.979407318911131,0.39625041222044355,15.05813953488372,,0.08455156404328196,0.04560761737582026,0.37296369722047595,0.010113025199612966,0.4626215615016432,0.008904715392404925,0.015237819266760676
"Random Forest (100 estimators, 5 depth)",686,172,38.47179925896127,6.2025639262293195,0.47479886091327117,48.696153219005375,6.97826290841821,0.39644838912175573,15.05813953488372,,0.0816248484423747,0.04603971158081074,0.36535587737772335,0.01280497525819335,0.4677226407863931,0.010197186695630439,0.01625475985887443
Ridge (lambda=2.0),686,172,54.254194445612555,7.3657446633461685,0.2593441099214674,56.9755719220918,7.548216472922051,0.2938313205227313,15.05813953488372,3.5113845868739038,0.007866270560043527,2.1418379941982812,1.5049073125162895,1.149645478635559,9.980935909864199,3.240134376190817,-0.046014728858419326
