model_type,n_train,n_test,mse_train,rmse_train,r2_train,mse_test,rmse_test,r2_test,y_test_mean,bias,Game of season_weight,Game for player_weight,Age (days)_weight,Home?_weight,Game Started?_weight,Year_weight,Month of Season_weight
Linreg,784,196,51.06118454798779,7.145710919704756,0.2337966020692801,46.1641178847172,6.794418141733492,0.1684773448061055,19.168367346938776,11.679893800005289,-196815556241893.72,196815556241903.12,-3.83984375,1.021484375,8.603515625,0.69970703125,-7.953125
Lasso (lambda=0.05),784,196,51.432253743746365,7.171628388570225,0.2282284884194598,46.14456159633344,6.792978845567933,0.168829598842091,19.168367346938776,10.945647965925772,1.2894740959263176,0.0,-3.7893591874875296,0.8454047014478672,9.068100389878516,-0.0,-0.0
"Random Forest (500 estimators, 5 depth)",784,196,41.21208947954658,6.419664280906485,0.3815881226692412,44.59588259095689,6.678014869027838,0.1967248936641343,19.168367346938776,,0.0715164829151878,0.0698752898833609,0.4326498326940575,0.0163053960302101,0.3687609779929289,0.029827265762268,0.0110647547219866
"Random Forest (100 estimators, 5 depth)",784,196,41.05421248339877,6.407356122723222,0.383957160755106,44.60483510532619,6.67868513296788,0.1965636381509756,19.168367346938776,,0.0698936459693416,0.0660215102369227,0.4045742933368267,0.0149743205331036,0.3993743077337261,0.0345980560336809,0.010563866156398
Ridge (lambda=2.0),784,196,51.11422638584599,7.149421402172766,0.2330006777921759,45.99521479012054,6.781977203597823,0.1715196806315232,19.168367346938776,11.262741198765802,3.100393574963153,3.100393574963164,-1.9012728580799665,1.0383538943376116,8.783105821988064,-1.7702425689576935,-4.395710407645292
SVM (linear kernel),784,196,51.27606520265385,7.160730772948655,0.23057219023449427,46.36501112263864,6.80918578999271,0.16485879242687262,19.168367346938776,,,,,,,,
"Feedforward NN (3 layers, [[16, 4, 1]] activations)",784,196,50.276362913323304,7.09058269208697,0.24557331678071292,45.92708010079553,6.776952124723586,0.17274694415077485,19.168367346938776,,,,,,,,
