model_type,n_train,n_test,mse_train,rmse_train,r2_train,mse_test,rmse_test,r2_test,y_test_mean,bias,Game of season_weight,Game for player_weight,Age (days)_weight,Home?_weight,Game Started?_weight,Year_weight,Month of Season_weight
Linreg,654,164,28.36689683765608,5.326058283351402,0.19476987296977077,19.866941928591192,4.457234784997442,0.26301821953080007,6.512195121951219,4.225932663089706,-4.623633219466751,11.074787058430935,6.384449081708335,0.7473904235688702,4.5990009609694695,-6.918157890788232,-2.0642193879197483
Lasso (lambda=0.05),654,164,28.528676654438584,5.341224265506793,0.19017754892515493,20.12797149997653,4.486420789446363,0.253335096734844,6.512195121951219,4.266251868927107,0.0,3.428450299516188,-0.0,0.5631170322774124,4.510192550229888,-0.0,0.0
"Random Forest (500 estimators, 5 depth)",654,164,19.193023151487925,4.38098426743214,0.45518184245479265,20.23752379588468,4.498613541513061,0.24927115743391492,6.512195121951219,,0.12726888516211174,0.13742994998865019,0.3661404469464439,0.013290373973083296,0.31755456130210324,0.023360675543811788,0.014955107083795901
"Random Forest (100 estimators, 5 depth)",654,164,19.025395823296975,4.3618110714813145,0.4599401554823127,20.157500313262645,4.48971049325707,0.2522396992917465,6.512195121951219,,0.1429017141012577,0.12674344943746316,0.372737513432051,0.0130065694904538,0.31293371679078524,0.013915999303108646,0.017761037444880556
Ridge (lambda=2.0),654,164,28.40339940099816,5.329483971361408,0.19373370169290915,19.98616291230773,4.470588653891983,0.2585956117049698,6.512195121951219,4.251357804868196,2.505334067352649,2.870795451998395,0.24751168134029386,0.7407865579465316,4.609023887040608,-0.6178899698137872,-1.469124098449161
