model_type,n_train,n_test,mse_train,rmse_train,r2_train,mse_test,rmse_test,r2_test,y_test_mean,bias,Game of season_weight,Game for player_weight,Age (days)_weight,Home?_weight,Game Started?_weight,Year_weight,Month of Season_weight
Linreg,676,170,22.526169310073445,4.746174176120536,0.2992773291731571,16.181659423730043,4.022643337872505,0.1848087357939887,6.347058823529411,3.847473523312115,-3.714991875574072,6.7102303107587,-3.699227684583157,-0.3235939640697975,6.415493465298401,0.5790514484050238,-1.0129796360801513
Lasso (lambda=0.05),676,170,22.72842663294493,4.767433967339761,0.2929857005555288,15.91489356460272,3.989347511135464,0.1982477281899168,6.347058823529411,3.232796884205835,0.0,1.569402504149924,-1.7870230484432097,-0.1375071747720631,6.241283607874495,-0.0,0.0
"Random Forest (500 estimators, 5 depth)",676,170,12.690830617731484,3.562419208590068,0.6052256998045761,13.498083492135883,3.673973801231561,0.3200005352865029,6.347058823529411,,0.0466046914607566,0.0399091488816133,0.434797580315818,0.0047645031957035,0.4461370509505936,0.0046151327915051,0.0231718924040095
"Random Forest (100 estimators, 5 depth)",676,170,12.68015719686706,3.560920835523736,0.6055577184390819,13.413217700968552,3.662405998925918,0.3242758601946572,6.347058823529411,,0.0443153793042782,0.039455072291157,0.4295767882434579,0.0066721111668048,0.4476939924464789,0.0091891831546953,0.0230974733931274
Ridge (lambda=2.0),676,170,22.56827674740536,4.750608039757159,0.297967491022571,16.115870360249765,4.014457667014284,0.1881230231872068,6.347058823529411,3.5468173968574925,-0.8644711946107916,3.539119839272174,-1.524927491159545,-0.3255562820522227,6.477118523592269,-1.3568855226611798,-0.5255884229701334
SVM (linear kernel),676,170,22.832878123938833,4.778376096953737,0.2897365228221287,15.558002953034094,3.944363440789159,0.21622697872347063,6.347058823529411,,,,,,,,
"Feedforward NN (3 layers, [[16, 4, 1]] activations)",676,170,23.327554326266984,4.8298606942920195,0.27434860555495044,17.37648020837136,4.168510550349052,0.12461667264235599,6.347058823529411,,,,,,,,
