model_type,n_train,n_test,mse_train,rmse_train,r2_train,mse_test,rmse_test,r2_test,y_test_mean,bias,Game of season_weight,Game for player_weight,Age (days)_weight,Home?_weight,Game Started?_weight,Year_weight,Month of Season_weight
Linreg,170,43,27.149642341161385,5.210531867397165,0.0523902497336195,24.306347436769688,4.9301467966755,0.0783685421502102,9.627906976744184,3.755189299560984,-0.8896225865649103,-0.7600963030343286,4.465705400658857,-0.4177743050868319,3.0578386850214057,-0.1935393066688974,4.7685043112071455
Lasso (lambda=0.05),170,43,27.40171232349964,5.234664490060432,0.0435921974421142,24.78763807253999,4.978718517102568,0.0601192930004422,9.627906976744184,6.661543043462839,0.9672816835294274,0.3774164939835859,1.7204203988490705,-0.2260219141661211,2.153298698775218,0.0,0.0
"Random Forest (500 estimators, 5 depth)",170,43,14.967946271709696,3.8688430146116937,0.4775705826875108,28.626374849873365,5.35036212324674,-0.0854353026293133,9.627906976744184,,0.2973942101052804,0.2172595002845737,0.3525274329691114,0.0402868169705143,0.0265561619492911,0.0259850093243658,0.0399908683968631
"Random Forest (100 estimators, 5 depth)",170,43,14.967773504466946,3.868820686522825,0.4775766128193888,27.92905888895536,5.284795065937312,-0.0589949529505056,9.627906976744184,,0.3158756165804815,0.1958224209387378,0.3553246120750683,0.0446474642031855,0.0240636014417398,0.0227497682087485,0.0415165165520382
Ridge (lambda=2.0),170,43,27.237413392461303,5.218947536856574,0.0493267580324107,24.763034175112296,4.976246996996059,0.0610522067553395,9.627906976744184,5.388510321888496,0.6406616290092421,0.3101234064848706,1.7926217667057005,-0.3931694598463365,2.580861201411687,1.1171610247954278,1.1676685963418112
SVM (linear kernel),170,43,27.67650990944008,5.260846881390874,0.03400087876046676,26.398239094193872,5.137921670694666,-0.0009503749726123001,9.627906976744185,,,,,,,,
"Feedforward NN (3 layers, [[16, 4, 1]] activations)",170,43,70.69673141478832,8.408134835668866,-1.4675430769505735,66.84372204074056,8.175801003005184,-1.534534534766001,9.627906976744185,,,,,,,,
