model_type,n_train,n_test,mse_train,rmse_train,r2_train,mse_test,rmse_test,r2_test,y_test_mean,bias,Game of season_weight,Game for player_weight,Age (days)_weight,Home?_weight,Game Started?_weight,Year_weight,Month of Season_weight
Linreg,179,45,5.305059459229956,2.303271468852501,0.14402553060133427,7.924013432656395,2.8149624211801467,-0.005018614626656648,2.4,2.1061290851723538,-2.4095203902076334,1.4628477304995986,0.277488619623885,0.13322431463761958,2.9601598417687685,-0.9306288603699251,1.0188107012493774
Lasso (lambda=0.05),179,45,5.420576704502108,2.3282131999673283,0.12538675501585228,7.95580792549066,2.820604177386586,-0.009051174315331645,2.4,2.1314854764407976,-0.0,0.0,-0.48736639627047124,0.0,2.301157342459466,-0.07638519052077888,-0.0
"Random Forest (500 estimators, 5 depth)",179,45,2.870823644063757,1.6943505080306605,0.5367909135892495,8.139640443032256,2.8530055105155783,-0.032367023496199465,2.4,,0.20547243659934833,0.16108883792520695,0.3994002393162872,0.024392561948206822,0.1755110396270006,0.009382140950974834,0.024752743632975204
"Random Forest (100 estimators, 5 depth)",179,45,2.8901260101082413,1.7000370613925573,0.5336764654553421,8.16650481123792,2.857709714305832,-0.03577428552904838,2.4,,0.21122225995023092,0.17581728062880753,0.36999638454939177,0.01889786345868154,0.19088296463284063,0.013015547368309356,0.020167699411738373
Ridge (lambda=2.0),179,45,5.333764118349096,2.3094943425670253,0.13939401694015796,7.914006537660055,2.813184412309306,-0.00374941993997302,2.4,2.216340056362986,-0.6031864320369913,0.7914462216753333,-0.29872325479015005,0.08490261784325023,2.5524275984446203,-0.47578593460294677,-0.12340646335870674
