model_type,n_train,n_test,mse_train,rmse_train,r2_train,mse_test,rmse_test,r2_test,y_test_mean,bias,Game of season_weight,Game for player_weight,Age (days)_weight,Home?_weight,Game Started?_weight,Year_weight,Month of Season_weight
Linreg,907,227,34.90546508395383,5.908084722137439,0.11350536458076554,29.626335517423854,5.443007947580442,0.1680986877620666,11.607929515418503,6.83859930557259,-5.206979562822016,2.3968215364361276,-28.02972187385773,1.4589887739770966,5.828409550676583,25.164451236568723,3.1073051344958613
Lasso (lambda=0.05),907,227,35.31739034438977,5.942843624426758,0.10304369238439637,30.206657974392428,5.496058403473568,0.15180335440268533,11.607929515418503,7.674643909373518,0.0,0.0,-2.898034891674285,1.2495203983324905,4.92350823982974,-0.0,1.4570829613981655
"Random Forest (500 estimators, 5 depth)",907,227,28.72043703666412,5.359145177793201,0.27058661734884226,28.973069525924725,5.382663794621092,0.18644226033279254,11.607929515418503,,0.10814199265923642,0.11264396472324811,0.44520107892996186,0.05399129522336548,0.2057826224416643,0.02469407943178579,0.049544966590738065
"Random Forest (100 estimators, 5 depth)",907,227,28.748861685274164,5.361796497935572,0.26986471610942675,29.153432811937954,5.399391892791072,0.18137769694034367,11.607929515418503,,0.11540517390529925,0.10518783566185319,0.43982411118905695,0.06152744310846397,0.20471876162924793,0.024522963634722145,0.04881371087135658
Ridge (lambda=2.0),907,227,35.08783109864221,5.923498214623029,0.10887381209134306,30.009377867406084,5.478081586413814,0.1573429385940498,11.607929515418503,6.922749796390183,-1.3964090383567231,-0.3678644942194455,-3.4633204918907254,1.4370066295376673,5.630156466834463,-0.19725015441832627,3.843071730202742
