model_type,n_train,n_test,mse_train,rmse_train,r2_train,mse_test,rmse_test,r2_test,y_test_mean,bias,Game of season_weight,Game for player_weight,Age (days)_weight,Home?_weight,Game Started?_weight,Year_weight,Month of Season_weight
Linreg,254,64,10.73963003314943,3.277137475472982,0.1263993988132213,8.40893340855051,2.899816099091546,0.1084105707482879,3.421875,4.011531193164858,3.4926138587893387,-1.859058541960001,-0.3790664810224329,-0.5276307257006182,2.4846374519125995,-3.202809664633181,-0.6394922573601525
Lasso (lambda=0.05),254,64,10.946735196716087,3.308585074728484,0.1095527109066305,8.369168894073422,2.8929515886155825,0.1126267559699533,3.421875,4.019550258274045,0.2004608808344426,0.0,-2.3826110296248446,-0.2540839120531611,1.744494316857322,-0.0,0.0
"Random Forest (500 estimators, 5 depth)",254,64,6.29278960016749,2.508543322362101,0.488121586974621,9.125650458134324,3.0208691560764964,0.0324178955626779,3.421875,,0.1850037553443077,0.2598844940775385,0.4103634632542786,0.0264980326781757,0.0754305585498603,0.0143215135742547,0.0284981825215842
"Random Forest (100 estimators, 5 depth)",254,64,6.241818115306782,2.4983630871646305,0.4922677930990641,9.609476283725911,3.099915528482335,-0.0188815940084734,3.421875,,0.1829864825292912,0.2469377245396599,0.4318071014749939,0.0232588396951483,0.0726493178514183,0.0108783115696092,0.0314822223398789
Ridge (lambda=2.0),254,64,10.781181010386874,3.2834708785653746,0.1230194910712891,8.35599739661925,2.8906742114287542,0.1140233145258355,3.421875,3.9600042899142336,1.5637990636622672,-0.8497271383928081,-1.521852996507147,-0.4976141045133311,2.164167451295062,-1.6286151443995756,0.162218522452976
SVM (linear kernel),254,64,10.930552062311895,3.3061385425163134,0.11086910596874633,8.308879388108599,2.8825126865477277,0.1190191821673573,3.421875,,,,,,,,
"Feedforward NN (3 layers, [[16, 4, 1]] activations)",254,64,10.93963223671308,3.3075114870115088,0.1101304915293968,9.340836524425013,3.0562782144996246,0.009601967227230612,3.421875,,,,,,,,
