model_type,n_train,n_test,mse_train,rmse_train,r2_train,mse_test,rmse_test,r2_test,y_test_mean,bias,Game of season_weight,Game for player_weight,Age (days)_weight,Home?_weight,Game Started?_weight,Year_weight,Month of Season_weight
Linreg,87,22,15.371909677659248,3.920702702024122,0.368870506692616,16.479244762757496,4.059463605300274,-0.0859025820523657,5.227272727272728,7.379593049892006,-2.9695832113866576,10.03488565731285,-4.594014514112973,0.1103153808571879,7.116069443253297,-0.6231090999687972,-3.09502148282638
Lasso (lambda=0.05),87,22,15.640598233028024,3.954819620795369,0.3578388733195783,16.920867163083496,4.113498166169944,-0.1150033637756855,5.227272727272728,3.8587407061923695,3.8090699778699566,0.1500823389286002,-0.870200456236861,0.0,6.121240632137615,-0.1183448093112756,0.0
"Random Forest (500 estimators, 5 depth)",87,22,5.514532661030491,2.348304209643736,0.7735880396668342,20.83036557523825,4.564029532686906,-0.3726204136712474,5.227272727272728,,0.5363284287277438,0.1289753186326495,0.1586139989030222,0.038651596206024,0.1139019071688362,0.0107382245573169,0.0127905258044071
"Random Forest (100 estimators, 5 depth)",87,22,5.476224107191154,2.340133352437667,0.7751608864165843,20.718970033240947,4.55180953393713,-0.3652799858527726,5.227272727272728,,0.5132617358578772,0.1251203663668069,0.1723077467879202,0.0404500528027216,0.1270588753904559,0.0063119635067851,0.0154892592874329
Ridge (lambda=2.0),87,22,15.660293814203968,3.957308910636617,0.3570302254398659,16.361676485758633,4.044956920136311,-0.0781554008314739,5.227272727272728,5.062419035302106,1.924934235526874,1.535675691657362,-1.0762847291509554,0.0075330599198262,5.30325212783556,-1.4182195302438112,0.8511398701518658
SVM (linear kernel),87,22,16.040859672819135,4.0051042024920065,0.34140520925420925,16.0169785961038,4.002121761778844,-0.055441475903912574,5.2272727272727275,,,,,,,,
"Feedforward NN (3 layers, [[16, 4, 1]] activations)",87,22,26.34103365069461,5.132351668650016,-0.08149238251880897,29.201940176238836,5.403881954321249,-0.9242667182164184,5.2272727272727275,,,,,,,,
