model_type,n_train,n_test,mse_train,rmse_train,r2_train,mse_test,rmse_test,r2_test,y_test_mean,bias,Game of season_weight,Game for player_weight,Age (days)_weight,Home?_weight,Game Started?_weight,Year_weight,Month of Season_weight
Linreg,87,22,15.371909677659248,3.920702702024122,0.368870506692616,16.479244762757496,4.059463605300274,-0.08590258205236578,5.2272727272727275,7.379593049892006,-2.9695832113866576,10.03488565731285,-4.594014514112973,0.11031538085718795,7.116069443253297,-0.6231090999687972,-3.09502148282638
Lasso (lambda=0.05),87,22,15.640598233028024,3.9548196207953685,0.3578388733195783,16.920867163083496,4.113498166169944,-0.11500336377568554,5.2272727272727275,3.8587407061923704,3.8090699778699566,0.15008233892860023,-0.870200456236861,0.0,6.121240632137615,-0.11834480931127561,0.0
"Random Forest (500 estimators, 5 depth)",87,22,5.514532661030491,2.348304209643736,0.7735880396668342,20.830365575238254,4.564029532686906,-0.37262041367124743,5.2272727272727275,,0.5363284287277438,0.12897531863264952,0.15861399890302222,0.038651596206024076,0.11390190716883623,0.010738224557316961,0.012790525804407172
"Random Forest (100 estimators, 5 depth)",87,22,5.476224107191154,2.340133352437667,0.7751608864165843,20.718970033240947,4.55180953393713,-0.36527998585277266,5.2272727272727275,,0.5132617358578772,0.12512036636680696,0.1723077467879202,0.04045005280272161,0.1270588753904559,0.006311963506785198,0.015489259287432958
Ridge (lambda=2.0),87,22,15.660293814203968,3.957308910636617,0.35703022543986596,16.361676485758633,4.044956920136311,-0.07815540083147399,5.2272727272727275,5.062419035302106,1.9249342355268741,1.535675691657362,-1.0762847291509554,0.007533059919826289,5.3032521278355595,-1.4182195302438112,0.8511398701518658
