model_type,n_train,n_test,mse_train,rmse_train,r2_train,mse_test,rmse_test,r2_test,y_test_mean,bias,Game of season_weight,Game for player_weight,Age (days)_weight,Home?_weight,Game Started?_weight,Year_weight,Month of Season_weight
Linreg,139,35,19.76205173409535,4.445452927891077,0.16517786134976886,25.153496704340434,5.01532618125087,-0.3244942169367706,5.257142857142857,5.056670284908998,1.1627136651299494,-8.049361525272898,1.3339153897479146,0.13965322430464092,6.169008217632376,-2.9654734017284126,7.169155533133516
Lasso (lambda=0.05),139,35,20.03986306659945,4.476590562760844,0.15344208341218712,24.36302026718547,4.935891030724389,-0.2828705221501979,5.257142857142857,5.1380646574216415,-0.0,-0.0,-0.0,0.0,5.706411236263656,-0.9114732251006563,0.0
"Random Forest (500 estimators, 5 depth)",139,35,9.157656308250738,3.0261619765390515,0.6131467356151201,26.157244010448665,5.114415314622842,-0.37734800175376626,5.257142857142857,,0.18305701638135458,0.21601682805582706,0.31687380958414396,0.027196946501574032,0.22605894718878788,0.015366323631877985,0.015430128656434563
"Random Forest (100 estimators, 5 depth)",139,35,9.561378378474721,3.0921478584431763,0.5960920225408093,25.376683638426695,5.037527532274805,-0.33624645190305635,5.257142857142857,,0.16044996031140174,0.22209921866989435,0.3161373387942614,0.023640208801304352,0.24285841431165028,0.016863612035584116,0.017951247075903738
Ridge (lambda=2.0),139,35,19.999538722587754,4.472084382319698,0.15514553280906496,24.11773754959694,4.91098132246468,-0.26995480133494887,5.257142857142857,5.385342210295533,-0.2613256907596659,-0.8044833498777596,-0.39106746168514195,0.09452326099753382,5.404810651761141,-0.9805376667880464,0.9000989671593661
