model_type,n_train,n_test,mse_train,rmse_train,r2_train,mse_test,rmse_test,r2_test,y_test_mean,bias,Game of season_weight,Game for player_weight,Age (days)_weight,Home?_weight,Game Started?_weight,Year_weight,Month of Season_weight
Linreg,851,213,27.95031932462632,5.286806155385907,0.1642469704474843,34.221639444819424,5.849926447812778,0.1244484470778442,8.5962441314554,7.528460612447645,-23.9180797360391,32.38113897316012,1.140519906151472,-0.4537776417026258,3.0388805481498826,-2.383629915868652,-5.986436363229746
Lasso (lambda=0.05),851,213,29.91032883115078,5.469033628635938,0.105639987679088,35.44934469942,5.953935228016845,0.0930379343252485,8.5962441314554,6.350153421787716,-0.0,1.6127118617850869,-0.0,-0.2669341171502318,3.3001538622658333,-0.1989840644206302,-0.0
"Random Forest (500 estimators, 5 depth)",851,213,21.121388310237226,4.595801160868171,0.3684414097880132,29.689936245393607,5.448847240049368,0.2403908694167079,8.5962441314554,,0.0717205003451779,0.0770919983583734,0.5655562752159593,0.0144907652178792,0.2257382512556031,0.0315317952071856,0.0138704143998213
"Random Forest (100 estimators, 5 depth)",851,213,21.08782216964048,4.592147881943752,0.3694450836054137,29.25759876583168,5.409029373726092,0.2514521089644878,8.5962441314554,,0.0680938665882834,0.08001543091604,0.5845160803597264,0.0128457464004001,0.2113151101061893,0.0313120114414438,0.0119017541879169
Ridge (lambda=2.0),851,213,28.701677941030805,5.357394697148121,0.1417803133532605,34.75031429856643,5.894939719671986,0.1109224414072082,8.5962441314554,7.235250952301102,-3.932232850853624,11.470986378367275,-0.1856045065381355,-0.4604519848454191,3.306962782775986,-0.7372544487608086,-5.783091806745468
SVM (linear kernel),851,213,28.155338120581316,5.306160393408902,0.15811662618041078,34.262657127196384,5.853431226827252,0.12339902057212904,8.5962441314554,,,,,,,,
"Feedforward NN (3 layers, [[16, 4, 1]] activations)",851,213,29.65133169549459,5.445303636666608,0.11338435862011575,32.80327369476062,5.727414224129474,0.16073695795056275,8.5962441314554,,,,,,,,
