model_type,n_train,n_test,mse_train,rmse_train,r2_train,mse_test,rmse_test,r2_test,y_test_mean,bias,Game of season_weight,Game for player_weight,Age (days)_weight,Home?_weight,Game Started?_weight,Year_weight,Month of Season_weight
Linreg,441,111,82.28335515154097,9.071017316240829,0.33537225837063567,86.64336125207474,9.308241576800354,0.3715848207898581,19.873873873873872,2.014900655242222,6.088982263702115,5.7229654882441645,-0.8848547815407353,2.133274683078133,17.523023043063258,7.572453944039208,-8.748441459396687
Lasso (lambda=0.05),441,111,82.75185792706175,9.096804819663976,0.3315880186411303,85.24542876741793,9.232845106868085,0.38172387795678264,19.873873873873872,2.586680106432947,1.8256491807383468,6.331719907039177,5.408553297914623,1.8737935714225393,16.991008494777144,0.0,-4.653113610111052
"Random Forest (500 estimators, 5 depth)",441,111,53.87119605916435,7.339699997899393,0.5648659281122594,67.88312257075981,8.239121468382404,0.5076508572706537,19.873873873873872,,0.04864657503297467,0.06783548605780804,0.373408780276206,0.01710409686361843,0.4723687245153492,0.005732064804231109,0.014904272449812597
"Random Forest (100 estimators, 5 depth)",441,111,53.70063903045948,7.3280719858950265,0.5662435692232517,66.51075948250403,8.155412894667199,0.5176044622968783,19.873873873873872,,0.050567795179320064,0.06807841876229817,0.36953467780865873,0.015736862609683905,0.47464703422289617,0.005179362838951215,0.016255848578191817
Ridge (lambda=2.0),441,111,82.43461737582678,9.079351153900083,0.334150467276486,85.52309910344614,9.247869976564665,0.3797099642367361,19.873873873873872,2.7756051425400656,4.326507355352389,5.89503626316689,3.0580100146744993,2.0543118988938573,16.782601117083573,2.7476032462021025,-6.860052415345681
