model_type,n_train,n_test,mse_train,rmse_train,r2_train,mse_test,rmse_test,r2_test,y_test_mean,bias,Game of season_weight,Game for player_weight,Age (days)_weight,Home?_weight,Game Started?_weight,Year_weight,Month of Season_weight
Linreg,138,35,25.345066042879562,5.034388348437133,0.26756100571691566,34.75600133586306,5.895422065964664,0.3148799298977818,10.114285714285714,3.4527019417958744,3.3465366063411905,-0.5288287887368965,-2.154499138684108,0.15254496790702768,3.818396366755621,2.4424569576010207,1.9985772595780662
Lasso (lambda=0.05),138,35,25.426822433702476,5.042501604729787,0.2651983538078916,35.31275093531139,5.942453275820634,0.3039051252613856,10.114285714285714,3.9698384277134657,2.871762624489291,0.0,-0.0,0.0,3.7084486773629903,0.0,2.1792068035686873
"Random Forest (500 estimators, 5 depth)",138,35,12.193828403802604,3.49196626613182,0.6476144351949391,35.237277910450494,5.936099553616877,0.3053928707469449,10.114285714285714,,0.20116674186298622,0.34863878351235883,0.2029904418073985,0.025404177460210748,0.14750998752176914,0.006444104726245618,0.06784576310903102
"Random Forest (100 estimators, 5 depth)",138,35,12.736070663689805,3.568763184030261,0.6319443487640084,36.21978922542251,6.018287898183545,0.2860253314697707,10.114285714285714,,0.204685397701955,0.3299383895836608,0.21041014146478967,0.024465319569281184,0.14765602613702178,0.004683687609588914,0.0781610379337026
Ridge (lambda=2.0),138,35,25.40752111363041,5.0405873778390555,0.26575613651155494,35.247342367041604,5.936947226230127,0.3051944773489642,10.114285714285714,3.6531188121968374,2.278119303906248,0.9228852791041215,-0.7375113222199904,0.19220115072763588,3.4495502670143785,0.8647838271236552,2.206565062978725
