model_type,n_train,n_test,mse_train,rmse_train,r2_train,mse_test,rmse_test,r2_test,y_test_mean,bias,Game of season_weight,Game for player_weight,Age (days)_weight,Home?_weight,Game Started?_weight,Year_weight,Month of Season_weight
Linreg,231,58,22.891752107649445,4.7845325903006914,0.2207195479849633,18.94985133155649,4.353142695979136,0.0344829171307998,3.5517241379310347,0.9307751756781516,-5.033440326653743,5.205775162597709,18.246373095509995,0.1187976201923721,4.49923224007595,-20.83516182374708,6.758116115252202
Lasso (lambda=0.05),231,58,23.509733125316465,4.848683648715026,0.1996822536564377,17.927191098798897,4.234051381218572,0.0865886517575501,3.5517241379310347,3.32766809867116,0.0,0.2829609100375413,-0.0,0.0722512850313515,4.640076317131047,-2.410132498684362,2.7560571127094926
"Random Forest (500 estimators, 5 depth)",231,58,8.756346103254524,2.9591123843569247,0.7019166852211317,12.63920222617634,3.5551655694462867,0.356017867913831,3.5517241379310347,,0.151451725797892,0.1299822634084032,0.3841260037879112,0.0204780584557056,0.201993893407802,0.0506127837510845,0.0613552713912012
"Random Forest (100 estimators, 5 depth)",231,58,8.860550637425565,2.9766677069208725,0.6983693570782724,12.624423791609756,3.553086516201056,0.3567708464350049,3.5517241379310347,,0.1485016907202529,0.1425326762424196,0.3763079579309638,0.0216423881941069,0.202138218066392,0.058153045650755,0.0507240231951097
Ridge (lambda=2.0),231,58,23.422352868092734,4.839664540863626,0.2026568501847544,17.918205033969116,4.232990081959692,0.0870465022677795,3.5517241379310347,3.187978172389945,-0.3372666173151238,1.128783173046419,-0.2005317535699593,0.2684403205323123,4.738161810671397,-2.6969099830122967,2.7746299921000275
SVM (linear kernel),231,58,23.831212270639817,4.881722264799567,0.18873846864151633,17.378606947734415,4.168765638379593,0.11453965569825231,3.5517241379310347,,,,,,,,
"Feedforward NN (3 layers, [[16, 4, 1]] activations)",231,58,26.51758930001585,5.149523210940587,0.09728888907720568,21.252444865981513,4.610037403967729,-0.08283691580579533,3.5517241379310347,,,,,,,,
