model_type,n_train,n_test,mse_train,rmse_train,r2_train,mse_test,rmse_test,r2_test,y_test_mean,bias,Game of season_weight,Game for player_weight,Age (days)_weight,Home?_weight,Game Started?_weight,Year_weight,Month of Season_weight
Linreg,515,129,10.456388885493167,3.2336340061134266,0.0677226613847982,10.47233876495965,3.236099313210219,0.036521211284562,3.627906976744186,3.5164798823540164,11.79359793203298,-10.02369392110048,-3.746348640218425,0.108322343695593,2.0539252619218327,2.726799432824284,-1.2321277876272934
Lasso (lambda=0.05),515,129,10.69466555681148,3.2702699516724123,0.0464782391063848,10.483675152276604,3.237850390656833,0.0354782380800384,3.627906976744186,3.112282774854996,0.5374970847703657,0.0,0.0,0.0,1.6511776766819923,0.0,0.0
"Random Forest (500 estimators, 5 depth)",515,129,6.819676587341736,2.611451050152336,0.3919669583173223,8.965601816118918,2.9942614809196137,0.1751444093078412,3.627906976744186,,0.2165837219097279,0.1745847659181474,0.3934382160704064,0.0295743457536816,0.1085395751754504,0.0438803610186373,0.0333990141539489
"Random Forest (100 estimators, 5 depth)",515,129,6.831298937385638,2.61367536954872,0.3909307254757516,9.010378286532047,3.001729216057313,0.1710248730280421,3.627906976744186,,0.2208449241017288,0.1715496765432472,0.3802184135405929,0.030570467090407,0.1124671070205303,0.053718993214601,0.0306304184888927
Ridge (lambda=2.0),515,129,10.591861744547504,3.254514056590861,0.0556440864698016,10.395789902354291,3.224250285315067,0.0435638793146808,3.627906976744186,2.837058413788591,2.4545922769657627,-1.2593609475206402,-0.0883929635668356,0.0847785105245545,2.043406312999981,0.1307672381348111,-0.2385889290317274
SVM (linear kernel),515,129,10.71745528082359,3.2737524770244297,0.04444633846817703,10.545742013603991,3.247420824839921,0.029767946834383663,3.627906976744186,,,,,,,,
"Feedforward NN (3 layers, [[16, 4, 1]] activations)",515,129,10.575979891275297,3.2520731681921453,0.057060090796250296,10.588919273035915,3.2540619651500053,0.025795541572178338,3.627906976744186,,,,,,,,
