model_type,n_train,n_test,mse_train,rmse_train,r2_train,mse_test,rmse_test,r2_test,y_test_mean,bias,Game of season_weight,Game for player_weight,Age (days)_weight,Home?_weight,Game Started?_weight,Year_weight,Month of Season_weight
Linreg,564,141,28.764815835941818,5.3632840532589565,0.0345574732648388,36.72674486983357,6.060259472154107,0.0241392109373889,7.822695035460993,7.378555885833482,2.601093272818065,1.261101987534726,3.8359611346177744,0.1257247738371732,3.764578391127288,-2.8428761257476216,-3.995730884782339
Lasso (lambda=0.05),564,141,28.94418095439488,5.37997964256324,0.0285373855940148,37.046353865869165,6.086571601966838,0.0156469285919697,7.822695035460993,7.318601959614322,-0.0,-0.0,0.7805528855458705,0.0,2.3591558764903704,0.0,-0.0
"Random Forest (500 estimators, 5 depth)",564,141,20.981814350277684,4.5805910481375305,0.2957807907635121,34.741499018210384,5.894191973308164,0.07688887851927,7.822695035460993,,0.2296335811657838,0.1636469472950439,0.4659664838066216,0.0240969123139577,0.0769861550436933,0.0235034700667298,0.0161664503081698
"Random Forest (100 estimators, 5 depth)",564,141,20.866713003708565,4.568009742076801,0.2996439733229311,34.99987085597431,5.916068868427269,0.0700237194542489,7.822695035460993,,0.2346527018738463,0.1620579120619242,0.4675098303454087,0.026770611655147,0.077482464877069,0.0200999412482285,0.0114265379383759
Ridge (lambda=2.0),564,141,28.799493423221055,5.366515948287218,0.0333935785375131,36.89020070077297,6.073730377681658,0.0197960507492823,7.822695035460993,7.267128148920602,0.7467669811484684,0.952259147852226,1.046970992752604,0.1261403756434684,3.202214305569232,0.1994596100019284,-2.069708000723669
SVM (linear kernel),564,141,29.262965501826375,5.40952544146216,0.01783791994432249,36.88409774008159,6.07322795061091,0.019958211595745068,7.822695035460993,,,,,,,,
"Feedforward NN (3 layers, [[16, 4, 1]] activations)",564,141,29.08953369495453,5.393471395581377,0.023658866019471092,37.76485860161999,6.145311920612329,-0.0034443521861136084,7.822695035460993,,,,,,,,
