model_type,n_train,n_test,mse_train,rmse_train,r2_train,mse_test,rmse_test,r2_test,y_test_mean,bias,Game of season_weight,Game for player_weight,Age (days)_weight,Home?_weight,Game Started?_weight,Year_weight,Month of Season_weight
Linreg,180,46,12.129078396175974,3.4826826436205716,0.15837213627687696,11.047321127078874,3.323751062742045,0.11868000660160993,4.173913043478261,2.6261184016972847,-7.648061456811286,7.998751933201401,-0.5457692417348344,0.2336256745672865,2.7170640806135937,0.613739036891247,4.124466650663769
Lasso (lambda=0.05),180,46,12.354017782713049,3.5148282721511515,0.14276375704354005,10.021973098304414,3.1657500056549654,0.2004789972850195,4.173913043478261,2.744680725965667,0.0,1.8948549884177626,0.0,0.0,2.595747809298206,0.44807999987150915,0.1310255662634842
"Random Forest (500 estimators, 5 depth)",180,46,5.990197434648854,2.447487984577014,0.584344588638101,12.722714359256747,3.566891413998574,-0.014977514107498147,4.173913043478261,,0.22185678900221015,0.1638638839580206,0.24600245302619503,0.01511573266082716,0.14487787362633403,0.028176098585717315,0.18010716914069577
"Random Forest (100 estimators, 5 depth)",180,46,6.096038108179055,2.469015615215719,0.5770003818444237,13.505973452232315,3.675047408161195,-0.07746342274632712,4.173913043478261,,0.2377005368821506,0.17386851032569217,0.21485759215308134,0.01626039864334376,0.1320754698778112,0.025868734283242566,0.19936875783467845
Ridge (lambda=2.0),180,46,12.275765012002216,3.5036787826514884,0.148193659472445,10.378406591355567,3.2215534438148885,0.17204387168947444,4.173913043478261,2.2026228006405772,0.1027089249460869,1.7376350448576199,0.28133691051552084,0.1780196070171947,2.6894166177502297,0.48652387855496126,1.0385507893236525
