model_type,n_train,n_test,mse_train,rmse_train,r2_train,mse_test,rmse_test,r2_test,y_test_mean,bias,Game of season_weight,Game for player_weight,Age (days)_weight,Home?_weight,Game Started?_weight,Year_weight,Month of Season_weight
Linreg,731,183,87.76768868517111,9.3684411021883,0.0474652445251826,87.98489919638548,9.380026609577689,0.0357222089249623,26.846994535519126,16.932322976613698,-23.089558013111365,27.69113121785437,5.25081928548452,1.4413860192653534,8.046865790799673,-5.158875464700741,0.1424763727500639
Lasso (lambda=0.05),731,183,89.48437190236562,9.459617957526913,0.0288342374539622,89.5710115107857,9.464196295026095,0.0183390796278204,26.846994535519126,18.19047614529012,-0.0,2.5332884544141643,-0.0,1.1847360068024015,6.931589687089097,-0.072225044539161,-0.0
"Random Forest (500 estimators, 5 depth)",731,183,58.66448658825797,7.659274547126377,0.3633196541400632,68.0953517033245,8.251990772130354,0.2537033522491431,26.846994535519126,,0.1007611664158707,0.067973873193726,0.7845000839753432,0.0254461757875958,0.00227894842216,0.0054826259005586,0.0135571263047453
"Random Forest (100 estimators, 5 depth)",731,183,58.574254084742776,7.653381872397508,0.3642989393070684,68.21693088097638,8.259354144300653,0.2523708951805136,26.846994535519126,,0.0987032564127231,0.0784291337045256,0.7698475449725317,0.0299610836605076,0.002089360156518,0.0045481949310498,0.0164214261621439
Ridge (lambda=2.0),731,183,88.55581043596835,9.410409684810134,0.0389118307298975,88.40483317717485,9.402384441043392,0.0311199076767777,26.846994535519126,17.350932910507744,-6.285803234185233,10.197194581626324,0.2632637297966106,1.382957032090113,7.994527901846265,-0.7189251185298914,-0.9111073618862288
SVM (linear kernel),731,183,87.97595431288742,9.379549792654625,0.04520495657932866,88.34910102269288,9.399420249286276,0.03173070884046125,26.846994535519126,,,,,,,,
"Feedforward NN (3 layers, [[16, 4, 1]] activations)",731,183,98.35511391602908,9.917414679039547,-0.06743912010447528,95.72053109352093,9.783686988733896,-0.049057089641828755,26.846994535519126,,,,,,,,
