model_type,n_train,n_test,mse_train,rmse_train,r2_train,mse_test,rmse_test,r2_test,y_test_mean,bias,Game of season_weight,Game for player_weight,Age (days)_weight,Home?_weight,Game Started?_weight,Year_weight,Month of Season_weight
Linreg,425,107,23.775397981546096,4.876002254054657,0.1383419663540148,15.092041702063604,3.88484770641831,0.0740845518185869,6.785046728971962,3.888898434070765,-5.047809837739071,4.708011318487195,7.319018044157485,-0.2141436634849903,3.784317854527041,-5.218884586248997,2.4751061650637847
Lasso (lambda=0.05),425,107,24.030997147434658,4.902142097841989,0.1290786482445962,15.40262611163762,3.9246179574116025,0.0550298136681111,6.785046728971962,4.468435053350657,0.0,0.699775711757671,1.921694829195237,-0.0,3.637061712976684,0.0,0.0
"Random Forest (500 estimators, 5 depth)",425,107,15.166983987043904,3.8944812218116938,0.4503245073432608,13.704405539067762,3.7019461826271542,0.1592177488463522,6.785046728971962,,0.1377809952029562,0.2161041765329706,0.3714412762690839,0.017846258832621,0.2170489228470354,0.020697038633669,0.0190813316816636
"Random Forest (100 estimators, 5 depth)",425,107,15.049661155275947,3.879389276068586,0.4545764723619503,13.896482829141677,3.727798657269687,0.1474335692346605,6.785046728971962,,0.133395257700761,0.2097035296057033,0.3991733630412613,0.020752390691343,0.204993971666271,0.0147133319549067,0.0172681553397534
Ridge (lambda=2.0),425,107,23.866994061460368,4.885385763832818,0.1350223795201847,15.313086151592849,3.9131938556111487,0.0605232011018116,6.785046728971962,4.064576062612716,-1.8713084590728304,2.54987035254614,1.8796315726277544,-0.2100509000816289,3.80236277218734,0.5485071451685054,0.5252346456204302
SVM (linear kernel),425,107,24.04596036262448,4.903668051838795,0.12853635765549676,14.6370189101177,3.825835713947699,0.1020007635979211,6.785046728971962,,,,,,,,
"Feedforward NN (3 layers, [[16, 4, 1]] activations)",425,107,24.39830485917965,4.939464025497063,0.11576683571927682,16.068602101984332,4.008566090509714,0.014171361925586434,6.785046728971962,,,,,,,,
