model_type,n_train,n_test,mse_train,rmse_train,r2_train,mse_test,rmse_test,r2_test,y_test_mean,bias,Game of season_weight,Game for player_weight,Age (days)_weight,Home?_weight,Game Started?_weight,Year_weight,Month of Season_weight
Linreg,250,63,13.81600073539454,3.7169881268837193,0.22532496789413214,16.869486158991556,4.107248003102754,0.16167938892876377,4.936507936507937,3.586982332259775,17.737077063458674,-12.029993523164965,3.972743060274955,0.30925038377345493,6.220107382911992,-6.376211269424127,-2.310171902615334
Lasso (lambda=0.05),250,63,15.052510413051422,3.8797564888857936,0.15599280784407643,16.79239588585941,4.097852594452296,0.1655103511922671,4.936507936507937,3.147949707194078,2.8990061072379048,-0.0,0.0,0.1064751644647657,5.01393410078235,0.0,0.0
"Random Forest (500 estimators, 5 depth)",250,63,8.739754072630616,2.9563075064395137,0.5099544798468651,16.39012574590924,4.048472026074682,0.1855009630200608,4.936507936507937,,0.30337954338498807,0.1816270319172771,0.2770786637701734,0.03243070687039624,0.16379257469342465,0.020042878511931282,0.021648600851809353
"Random Forest (100 estimators, 5 depth)",250,63,8.745010989547685,2.957196474627225,0.5096597199985194,16.562857450650903,4.069749064825853,0.1769171480238213,4.936507936507937,,0.313557947647229,0.1894022087296539,0.2673184480977457,0.034549545995375665,0.16449633455973167,0.015177558712365986,0.01549795625789799
Ridge (lambda=2.0),250,63,14.525070034372362,3.81117698806712,0.1855668430596633,16.80883010334056,4.0998573271932965,0.16469366103873018,4.936507936507937,2.887402609375039,4.164253441599708,-3.437645455914991,0.8153862107978078,0.26449808222853294,5.216599446804053,-1.0311207410841687,2.322171551082389
