model_type,n_train,n_test,mse_train,rmse_train,r2_train,mse_test,rmse_test,r2_test,y_test_mean,bias,Game of season_weight,Game for player_weight,Age (days)_weight,Home?_weight,Game Started?_weight,Year_weight,Month of Season_weight
Linreg,896,224,42.028698241470295,6.482954437713588,0.3108714180891057,44.061767762666655,6.637903868139901,0.2445753145316078,15.71875,9.866883412651514,-8.635941053980185,2.300161005988625,12.20557539181529,0.1102654938176562,8.394717302854266,-14.365960450039625,13.18923357468159
Lasso (lambda=0.05),896,224,42.94875434169155,6.553529914610259,0.295785608103244,44.87519479754826,6.698895043031221,0.2306293724330802,15.71875,10.470120853209211,-0.0,-0.0,-1.4677281485785385,0.0,8.23344889137744,-0.0,1.1205251063399897
"Random Forest (500 estimators, 5 depth)",896,224,33.867780036653514,5.8196030823977605,0.4446828903660887,40.47327564318875,6.361861020423878,0.3060988454363139,15.71875,,0.0517263467891963,0.0569441448714406,0.2280048973052505,0.0080612072200978,0.6334344302074435,0.0066068569643256,0.0152221166422453
"Random Forest (100 estimators, 5 depth)",896,224,34.04202559723858,5.834554447191198,0.4418258521732719,40.201027263738766,6.3404280031981095,0.3107664554042811,15.71875,,0.0468187352098208,0.0612156329242129,0.2300901109811221,0.007933060293628,0.6312884145777936,0.0078452195161978,0.0148088264972245
Ridge (lambda=2.0),896,224,42.19316733236417,6.495626785181255,0.3081746809519076,44.04085223338495,6.636328219232753,0.2449339044822912,15.71875,10.390319933393592,-4.722953547578382,0.336780639060717,-0.5177000327832307,0.118224527108408,8.219453818525654,-1.5565630608629524,8.52860966146336
SVM (linear kernel),896,224,42.12438251145701,6.4903299231593,0.3093025195020431,44.10709984887908,6.641317628970857,0.24379811064925117,15.71875,,,,,,,,
"Feedforward NN (3 layers, [[16, 4, 1]] activations)",896,224,43.0920425798047,6.564452953583009,0.29343616535419415,45.96598646032248,6.779822008011898,0.21192810395013606,15.71875,,,,,,,,
