model_type,n_train,n_test,mse_train,rmse_train,r2_train,mse_test,rmse_test,r2_test,y_test_mean,bias,Game of season_weight,Game for player_weight,Age (days)_weight,Home?_weight,Game Started?_weight,Year_weight,Month of Season_weight
Linreg,309,78,26.24893520243272,5.123371468323639,0.2427963006634992,21.46932004473478,4.633499762030293,0.2924809163227109,8.41025641025641,2.05598425823581,-20.52519299884638,23.314990557056003,5.278926803760825,1.2296161966906023,3.0516457080606445,1.9481841797308077,0.6057107827977912
Lasso (lambda=0.05),309,78,26.73029637092568,5.170135043780354,0.228910462830884,22.3549608190348,4.728103300376886,0.2632947218929685,8.41025641025641,2.2219489194491957,0.0,1.870923070814052,7.314417040939221,1.013706331115673,2.8056140700576067,0.0,0.0
"Random Forest (500 estimators, 5 depth)",309,78,16.035762693350478,4.004467841467887,0.5374159469919415,19.027757084794494,4.362081737518738,0.3729423554627458,8.41025641025641,,0.1285412734043643,0.1241477495713678,0.6028209900536529,0.0334965283058625,0.0854633777449523,0.0058142468953207,0.0197158340244794
"Random Forest (100 estimators, 5 depth)",309,78,16.070089497986057,4.008751613406106,0.5364257207882496,18.8694307884332,4.343895807732179,0.3781599811672468,8.41025641025641,,0.125928038961995,0.1224919246270006,0.5985641066970966,0.0348600850783021,0.0933974730451344,0.0054618033802409,0.0192965682102302
Ridge (lambda=2.0),309,78,26.677079125810614,5.164985878568364,0.2304456220500619,22.49942523899335,4.743355904735944,0.2585339128025982,8.41025641025641,1.7409278021757428,-0.5708319280671141,2.714823677527038,4.958358193660671,1.184972232811997,2.9709320390345826,2.928394242898728,-0.2183370938807926
SVM (linear kernel),309,78,26.674676032546905,5.164753240237805,0.23051494414237172,22.18283840697842,4.709866071023509,0.2689669970747026,8.41025641025641,,,,,,,,
"Feedforward NN (3 layers, [[16, 4, 1]] activations)",309,78,26.890278753751915,5.185583742815452,0.22429544697708026,22.352946210305966,4.7278902493930595,0.26336111310232324,8.41025641025641,,,,,,,,
