model_type,n_train,n_test,mse_train,rmse_train,r2_train,mse_test,rmse_test,r2_test,y_test_mean,bias,Game of season_weight,Game for player_weight,Age (days)_weight,Home?_weight,Game Started?_weight,Year_weight,Month of Season_weight
Linreg,122,31,5.151171381339111,2.26961921505329,0.1423165961176468,4.757304425524642,2.1811245781762767,0.14737606248989532,1.967741935483871,1.504894907410029,7.704465949315179,-6.592203466676411,-0.09733977656378168,-0.48381661303361967,1.6192018309015621,-0.4445022944967207,-0.843308632400035
Lasso (lambda=0.05),122,31,5.384444260765907,2.3204405316159056,0.10347605627752199,4.960856452675939,2.2272980161343336,0.11089461935442402,1.967741935483871,1.3271185437573743,0.688029509024615,0.0,-0.0,-0.3407318364307887,1.1564175393687888,-0.04239637209594515,-0.0
"Random Forest (500 estimators, 5 depth)",122,31,1.9922250837156628,1.411462037645952,0.6682893531185797,5.483449119498242,2.341676561675041,0.017233382350277604,1.967741935483871,,0.2648660567794335,0.2765222627046859,0.2548261936274049,0.05139350491679631,0.0934597990874069,0.012227324869052057,0.04670485801522056
"Random Forest (100 estimators, 5 depth)",122,31,1.9180921806933653,1.3849520499617902,0.6806326738696971,5.505279895933741,2.3463332874793688,0.013320779561296847,1.967741935483871,,0.26680760336916354,0.2758425214380373,0.2594373371601279,0.06994267662462168,0.07890101359073433,0.013910616121687952,0.03515823169562736
Ridge (lambda=2.0),122,31,5.292525650765894,2.3005489889949953,0.11878074339986178,5.054279442352513,2.2481724672169867,0.09415096156270686,1.967741935483871,1.612120453433921,1.2432339952973177,0.0064058059980755516,-0.2430318044639404,-0.4927479534194814,1.23397582651848,-0.37906562405849115,-0.343606852737669
