model_type,n_train,n_test,mse_train,rmse_train,r2_train,mse_test,rmse_test,r2_test,y_test_mean,bias,Game of season_weight,Game for player_weight,Age (days)_weight,Home?_weight,Game Started?_weight,Year_weight,Month of Season_weight
Linreg,616,155,31.777270867125374,5.637133213533753,0.2555309359484096,34.50177820259276,5.873821430941935,0.28941804371539626,8.916129032258064,7.119637892471795,5.158660185293175,-0.5162410570355083,-33.60529473767175,0.8050674646298864,6.217872334750576,31.549359774285332,-6.916247162029327
Lasso (lambda=0.05),616,155,32.493242834386216,5.700284452059056,0.23875734382394298,34.290414156138446,5.855801751779038,0.2937711955076261,8.916129032258064,6.490826614846877,0.6515409234650785,0.0,-1.5695217893440008,0.614923228405082,5.948085191652486,-0.0,-0.0
"Random Forest (500 estimators, 5 depth)",616,155,22.75687459435376,4.77041660595317,0.46685827109448863,34.47632093478424,5.871654020357828,0.28994234930494633,8.916129032258064,,0.10705246252877948,0.10425313004437638,0.2556407925214394,0.025527411699693615,0.46557655030444217,0.021526190434002525,0.020423462467266448
"Random Forest (100 estimators, 5 depth)",616,155,22.77600771519485,4.772421577689344,0.46641002566068435,34.68605404495276,5.8894867386685545,0.2856227874885642,8.916129032258064,,0.1131229451507002,0.09968068531589598,0.2570433930850377,0.024877333199239876,0.4596200588149822,0.024148429389409337,0.02150715504473471
Ridge (lambda=2.0),616,155,32.18590305192279,5.673262117329217,0.24595761477084388,34.48918934793078,5.872749726314819,0.2896773176844236,8.916129032258064,6.751818683141666,2.7334452176800528,0.9853958791406394,-2.6548528947191046,0.8038645748750746,6.014866850968299,0.8273518702046601,-3.2168977095361817
