model_type,n_train,n_test,mse_train,rmse_train,r2_train,mse_test,rmse_test,r2_test,y_test_mean,bias,Game of season_weight,Game for player_weight,Age (days)_weight,Home?_weight,Game Started?_weight,Year_weight,Month of Season_weight
Linreg,439,110,32.21263615732486,5.675617689496436,0.2029486223404916,39.36614131123115,6.2742442820814,0.0301556785813099,7.972727272727273,7.679802119230219,6.8605999668707724,1.0319377321933394,-2.1126711291928806,-0.266937493393404,5.691148655651993,-0.6731193145619385,-6.438456692961165
Lasso (lambda=0.05),439,110,32.60853115323408,5.710388003737932,0.1931528189061864,39.07213665968578,6.250770885233739,0.0373989270246265,7.972727272727273,7.213318638991376,1.2455808447174752,0.1317363383798832,-0.0,-0.0916061896251242,5.605027206278878,-2.8052839824253755,-0.0
"Random Forest (500 estimators, 5 depth)",439,110,18.80201407715548,4.336128927644504,0.5347735233534272,31.842911218892024,5.642952349514571,0.2155018095646801,7.972727272727273,,0.106291011940211,0.1420403112476889,0.4124837038164089,0.0203001260604098,0.2821706240394137,0.0200837706610915,0.0166304522347757
"Random Forest (100 estimators, 5 depth)",439,110,18.94232099878685,4.35227767942107,0.531301847684436,31.253333164460415,5.590468063092787,0.2300269550089058,7.972727272727273,,0.1009808052163776,0.1411283856164016,0.4085632174787199,0.0224978950682505,0.2867743690711006,0.0240640036753915,0.0159913238737578
Ridge (lambda=2.0),439,110,32.310676848036174,5.684248133925557,0.2005227585516203,39.05548935957314,6.249439123599264,0.0378090583949722,7.972727272727273,7.467156310130968,3.5547761219687737,1.172725761705379,-1.2562900320185724,-0.2751282662213514,5.65762769509249,-1.669418451670239,-3.046381800052571
SVM (linear kernel),439,110,32.70340490807943,5.71868908999951,0.1908053159997527,40.084067950391464,6.331197986984096,0.012468471987195806,7.972727272727273,,,,,,,,
"Feedforward NN (3 layers, [[16, 4, 1]] activations)",439,110,47.35617027593555,6.881581960271602,-0.17175448090515077,48.677782987489884,6.976946537525559,-0.1992506716984075,7.972727272727273,,,,,,,,
