model_type,n_train,n_test,mse_train,rmse_train,r2_train,mse_test,rmse_test,r2_test,y_test_mean,bias,Game of season_weight,Game for player_weight,Age (days)_weight,Home?_weight,Game Started?_weight,Year_weight,Month of Season_weight
Linreg,664,166,23.77310610014447,4.875767231948678,0.18822513568185095,18.833178631436688,4.3397210315222665,0.269160311382995,6.716867469879518,8.064108853810193,2.632233142233186,2.632233142233177,4.994038243003534,0.6377958345140364,3.8445631354667262,-9.055942963154672,-4.971973612739772
Lasso (lambda=0.05),664,166,23.996176585597464,4.89858924442512,0.18060799838817254,19.476708380277046,4.413242388570681,0.2441875178645816,6.716867469879518,7.59678865698159,-0.0,-0.0,-0.0,0.42145819015099045,3.7904566187293653,-3.6664212125282263,-0.0
"Random Forest (500 estimators, 5 depth)",664,166,17.50525004690854,4.183927586241012,0.4022521953242748,17.927093819058467,4.234039893418396,0.3043218077558769,6.716867469879518,,0.07841576666425926,0.07919858230905175,0.6014395539564238,0.02428700748660769,0.19561606306186252,0.009827366190180918,0.01121566033161412
"Random Forest (100 estimators, 5 depth)",664,166,17.673569171939175,4.203994430531417,0.39650464032206734,17.984318930849216,4.240792252734059,0.3021011320164978,6.716867469879518,,0.07235527649618319,0.07978930246150887,0.614878694702725,0.022318334472564084,0.18887142157177214,0.01281065507973824,0.00897631521550862
Ridge (lambda=2.0),664,166,23.82174621198754,4.880752627616722,0.18656423281011447,18.97637546773404,4.356188180936866,0.2636034198301369,6.716867469879518,8.007217813505788,1.463110570293413,1.4631105702934148,-1.4655138253956237,0.6305157337825459,3.8191530840495065,-2.4949951711001463,-3.1622484027197313
