model_type,n_train,n_test,mse_train,rmse_train,r2_train,mse_test,rmse_test,r2_test,y_test_mean,bias,Game of season_weight,Game for player_weight,Age (days)_weight,Home?_weight,Game Started?_weight,Year_weight,Month of Season_weight
Linreg,271,68,23.02190741281641,4.798114985368359,0.30245825592083664,16.334390449473986,4.041582666415966,0.2988998390586953,4.602941176470588,3.774516915169041,-6.834087696694874,-2.373264270295043,8.087554509580286,-0.6369416713088506,7.284778349915123,-11.311532498585715,13.205246586610842
Lasso (lambda=0.05),271,68,23.9671940111963,4.895630093378819,0.2738169773914352,16.22346995538676,4.027836882917028,0.3036607376362572,4.602941176470588,3.520436983171974,-1.175410281962115,-1.4614467183754996,-0.0,-0.43339464169791625,6.691657617210447,-1.3161129373450176,5.025423612329703
"Random Forest (500 estimators, 5 depth)",271,68,12.52945883866003,3.5396975631627106,0.6203693979838741,18.366999542552335,4.285673755963272,0.211656757249427,4.602941176470588,,0.14788073761204867,0.15970503471130515,0.21715203365545332,0.03657269573994126,0.3406227735630836,0.010766602492385362,0.08730012222578269
"Random Forest (100 estimators, 5 depth)",271,68,12.526204205014496,3.5392378000092752,0.6204680102660249,17.7624358077295,4.214550487030556,0.2376056736228087,4.602941176470588,,0.1436564075547607,0.1650587209832074,0.2208709013946268,0.03295153655892108,0.34526239144719023,0.009680602073298569,0.08251943998799527
Ridge (lambda=2.0),271,68,23.544752070750334,4.852293485636491,0.2866165635693737,16.031673624046878,4.003957245531835,0.3118929663922848,4.602941176470588,3.970863239780709,-2.5347266309112984,-2.4114268240253947,-0.32750684412344,-0.6091688018618339,6.777698834910769,-1.6553850434194883,7.089721309924441
