model_type,n_train,n_test,mse_train,rmse_train,r2_train,mse_test,rmse_test,r2_test,y_test_mean,bias,Game of season_weight,Game for player_weight,Age (days)_weight,Home?_weight,Game Started?_weight,Year_weight,Month of Season_weight
Linreg,98,25,41.24985681734951,6.422605142568669,0.32083402643568915,30.3444829947381,5.508582666597471,0.02421784977817909,4.68,-2.119247728475921,-2.6619699346655104,1.3240195660517093,18.855247186036493,0.5268040067499143,12.11485151382645,-9.977692021705241,6.518140174131501
Lasso (lambda=0.05),98,25,41.869838851458745,6.470690755356706,0.31062621641461097,31.512709219085547,5.613618193205301,-0.013348593431182554,4.68,1.348975192376157,0.0,0.0,7.143928003496315,0.31962147658042456,11.156072117286644,0.0,2.2250259362606233
"Random Forest (500 estimators, 5 depth)",98,25,11.825178760006315,3.438775764717193,0.8053021352128964,20.02467573200296,4.474893935279691,0.3560700590398307,4.68,,0.13751411060774646,0.15801574331402152,0.4039261283016229,0.03026332944461451,0.2070897045131999,0.023348681629741498,0.03984230218905327
"Random Forest (100 estimators, 5 depth)",98,25,12.140164059859947,3.4842738210221,0.8001160009002177,19.863927616832505,4.456896635197243,0.36123920762912554,4.68,,0.15120066092373294,0.1319900071593925,0.3755474418907905,0.027241950001905393,0.2449861894781086,0.013774339713279321,0.05525941083279075
Ridge (lambda=2.0),98,25,42.54769751121697,6.522859611490728,0.29946548587844923,31.404099253025294,5.603936050047796,-0.009856042042642787,4.68,1.882142094767949,-0.29944692318617244,0.6025460623329522,4.155374554315306,0.5726873467323684,9.08717481087132,2.6874871571713395,1.615222144056215
