model_type,n_train,n_test,mse_train,rmse_train,r2_train,mse_test,rmse_test,r2_test,y_test_mean,bias,Game of season_weight,Game for player_weight,Age (days)_weight,Home?_weight,Game Started?_weight,Year_weight,Month of Season_weight
Linreg,364,92,21.274448734119265,4.612423303873926,0.215561495031445,16.475359356210312,4.058985015519312,0.298229353669887,5.8478260869565215,3.621472182513808,20.94984814508653,-14.132730194400672,11.683372039007928,0.4228644452899051,4.264823233713585,-9.16310525403404,-4.8335389862561815
Lasso (lambda=0.05),364,92,22.10558568366964,4.701657759096214,0.1849155387353459,17.141490737781254,4.140228343676379,0.2698553777171502,5.8478260869565215,3.4301431315735664,3.1944804244221823,0.0,2.242465905811337,0.1857495737409682,4.208047980339897,0.0,-1.086142160391929
"Random Forest (500 estimators, 5 depth)",364,92,13.396356918967273,3.660103402769828,0.5060451001634433,15.586628106193112,3.947990388310629,0.3360850076956212,5.8478260869565215,,0.0887111230865192,0.0945593725376586,0.4845044719768092,0.0224898402907751,0.2492229965231645,0.0403623384003972,0.0201498571846759
"Random Forest (100 estimators, 5 depth)",364,92,13.55929757261978,3.682295150123056,0.5000370985297846,15.82392353611439,3.9779295539406414,0.3259773697602904,5.8478260869565215,,0.0811347656208751,0.1084340871341229,0.4946924345551133,0.0191060156941196,0.2481823421041791,0.0269000138668142,0.0215503410247756
Ridge (lambda=2.0),364,92,21.767607837241687,4.665576902939409,0.197377569591132,16.944241349467493,4.116338342443135,0.2782572479120475,5.8478260869565215,3.493220773079773,4.647570852685199,0.7551987127684765,2.460023046827347,0.3704213477035031,4.357736670702181,0.2030680455957847,-3.422093510077534
SVM (linear kernel),364,92,21.632213932773254,4.65104439161499,0.2023698583846245,17.19798544954963,4.147045387929777,0.2674489761610601,5.8478260869565215,,,,,,,,
"Feedforward NN (3 layers, [[16, 4, 1]] activations)",364,92,35.26334021931425,5.938294386380171,-0.3002415351648149,30.390615417615376,5.512768398691838,-0.29449327100416967,5.8478260869565215,,,,,,,,
