model_type,n_train,n_test,mse_train,rmse_train,r2_train,mse_test,rmse_test,r2_test,y_test_mean,bias,Game of season_weight,Game for player_weight,Age (days)_weight,Home?_weight,Game Started?_weight,Year_weight,Month of Season_weight
Linreg,364,92,21.274448734119265,4.612423303873926,0.21556149503144506,16.475359356210312,4.058985015519312,0.298229353669887,5.8478260869565215,3.6214721825138074,20.94984814508653,-14.132730194400672,11.683372039007928,0.4228644452899051,4.264823233713585,-9.16310525403404,-4.8335389862561815
Lasso (lambda=0.05),364,92,22.105585683669638,4.701657759096214,0.18491553873534594,17.141490737781254,4.140228343676379,0.2698553777171502,5.8478260869565215,3.4301431315735664,3.1944804244221823,0.0,2.242465905811337,0.1857495737409682,4.208047980339897,0.0,-1.086142160391929
"Random Forest (500 estimators, 5 depth)",364,92,13.396356918967271,3.6601034027698276,0.5060451001634433,15.586628106193112,3.9479903883106293,0.3360850076956212,5.8478260869565215,,0.08871112308651925,0.0945593725376586,0.4845044719768092,0.022489840290775165,0.2492229965231645,0.04036233840039725,0.020149857184675945
"Random Forest (100 estimators, 5 depth)",364,92,13.55929757261978,3.682295150123056,0.5000370985297846,15.82392353611439,3.9779295539406414,0.32597736976029046,5.8478260869565215,,0.08113476562087518,0.10843408713412299,0.4946924345551133,0.01910601569411965,0.2481823421041791,0.026900013866814225,0.021550341024775623
Ridge (lambda=2.0),364,92,21.767607837241687,4.665576902939409,0.19737756959113206,16.944241349467493,4.116338342443135,0.27825724791204753,5.8478260869565215,3.4932207730797735,4.647570852685199,0.7551987127684765,2.460023046827347,0.37042134770350316,4.357736670702181,0.2030680455957847,-3.422093510077534
