model_type,n_train,n_test,mse_train,rmse_train,r2_train,mse_test,rmse_test,r2_test,y_test_mean,bias,Game of season_weight,Game for player_weight,Age (days)_weight,Home?_weight,Game Started?_weight,Year_weight,Month of Season_weight
Linreg,648,163,30.7996270239562,5.549741167293859,0.1315546968632415,27.7072026768178,5.263763166862449,0.0693039332460497,9.276073619631902,7.795380999996759,-11.928637886751083,5.709054015000456,-1.5385626893874358,0.0390948314788071,4.082360723890625,0.0353575271783529,6.019060622074731
Lasso (lambda=0.05),648,163,31.39867183209937,5.603451778332653,0.1146636595271155,27.88256227327236,5.280394139955119,0.0634135339664296,9.276073619631902,8.178941658328004,-0.3780322925457426,0.0,-1.9745699314933665,0.0,3.999144157821602,-0.0,-0.0
"Random Forest (500 estimators, 5 depth)",648,163,23.15124596719965,4.811574167276199,0.3472131722134146,25.808166611212958,5.080173876080715,0.1330933174541172,9.276073619631902,,0.1668957991859683,0.138307298092737,0.3598928175757481,0.0099730183874972,0.2673573290237209,0.0180578362214828,0.0395159015128455
"Random Forest (100 estimators, 5 depth)",648,163,23.20059536993549,4.816699634597895,0.3458216859793374,25.67305690708932,5.066858682368132,0.1376317066836213,9.276073619631902,,0.1502235672503061,0.1358651277825877,0.386837589002004,0.0111687691450084,0.2578403753963108,0.0171557802647257,0.0409087911590572
Ridge (lambda=2.0),648,163,30.958614009349525,5.564046549890604,0.1270718016445003,27.837238373189024,5.276100678833662,0.0649359819749686,9.276073619631902,8.156678520459527,-5.632568171190826,2.85621545085602,-1.27259776846657,0.0846027422007953,4.155578274066985,-0.8849047071128212,2.398904794124168
SVM (linear kernel),648,163,31.041557771910167,5.57149511100119,0.12473306809541373,27.642123477941364,5.257577719629198,0.07148996967593713,9.276073619631902,,,,,,,,
"Feedforward NN (3 layers, [[16, 4, 1]] activations)",648,163,32.08098218272177,5.664007607932899,0.0954248155366112,26.769559737972553,5.173930782101028,0.10079973617432691,9.276073619631902,,,,,,,,
