model_type,n_train,n_test,mse_train,rmse_train,r2_train,mse_test,rmse_test,r2_test,y_test_mean,bias,Game of season_weight,Game for player_weight,Age (days)_weight,Home?_weight,Game Started?_weight,Year_weight,Month of Season_weight
Linreg,120,31,6.695288889545027,2.587525630703013,0.0822784038089362,13.044142460786192,3.6116675457171015,0.0971318852768993,2.935483870967742,-0.1800527144968198,2.2565985954675774,-1.518449298270159,4.179517346110359,-0.1964303860926964,2.90878432451791e-14,-3.2945501585224544,1.9851774565870637
Lasso (lambda=0.05),120,31,6.823468507685951,2.6121769671455937,0.0647088551755472,13.640956748288938,3.6933665873142,0.0558225702171082,2.935483870967742,0.681681197838897,1.2024199022973705,0.0,0.4149657374037512,-0.0,0.0,0.0,0.6360071577834561
"Random Forest (500 estimators, 5 depth)",120,31,3.5826900936344885,1.89279953868192,0.5089215528067256,10.993964225680712,3.315714738285052,0.2390377685912443,2.935483870967742,,0.3063495425608759,0.1727501229739818,0.4130906693728795,0.0260895427570016,0.0,0.017907988303489,0.063812134031772
"Random Forest (100 estimators, 5 depth)",120,31,3.5809619906212378,1.8923429896879789,0.5091584234603848,11.076765682380769,3.3281775316801787,0.2333065528112995,2.935483870967742,,0.3118563832484019,0.1833348069928728,0.40160274404629,0.0301421083553352,0.0,0.0185912054548793,0.0544727519022206
Ridge (lambda=2.0),120,31,6.748992866086936,2.5978823811109955,0.0749172129944802,13.355448046079497,3.6545106438591057,0.0755844445201386,2.935483870967742,0.1524053632126021,1.458074615350608,-0.226186021744682,0.5741081630326136,-0.155522140889095,0.0,0.3550523093141147,0.999689602187918
SVM (linear kernel),120,31,7.590972188547369,2.7551718981848246,-0.04049268499735503,16.417665569802168,4.051871859992881,-0.13637111873954777,2.935483870967742,,,,,,,,
"Feedforward NN (3 layers, [[16, 4, 1]] activations)",120,31,7.476053671866754,2.734237310817544,-0.024740832269277924,16.05793656148436,4.007235526080837,-0.11147198470084074,2.935483870967742,,,,,,,,
