model_type,n_train,n_test,mse_train,rmse_train,r2_train,mse_test,rmse_test,r2_test,y_test_mean,bias,Game of season_weight,Game for player_weight,Age (days)_weight,Home?_weight,Game Started?_weight,Year_weight,Month of Season_weight
Linreg,160,41,13.971265491164916,3.737815604221925,0.1803005102173053,12.769081321930685,3.573385134844925,0.1780967337201149,3.975609756097561,-0.3947382694154733,-4.736282874313067,3.741550953196096,19.54500407760164,0.6686811050281068,1.5292059630565502,-17.111891596187935,4.805925520338631
Lasso (lambda=0.05),160,41,15.142780449134126,3.891372566220578,0.1115672795785046,12.800271742107956,3.5777467409122123,0.1760891101821308,3.975609756097561,3.0481262938898603,-0.2760038767797875,-0.0,2.0571949208068423,0.7190021548051506,2.020036906635254,-0.0,0.0
"Random Forest (500 estimators, 5 depth)",160,41,6.8980844457157335,2.626420462476588,0.5952867473453423,11.315412271097104,3.3638389187202624,0.271664572380371,3.975609756097561,,0.1453076186350055,0.1569312941794808,0.5082143656299448,0.0434769014184615,0.0315366970004002,0.0290282738531628,0.0855048492835441
"Random Forest (100 estimators, 5 depth)",160,41,6.965627382599074,2.6392475030961142,0.5913239774060901,11.34910287862911,3.368842958439753,0.269496020103556,3.975609756097561,,0.1445893020725027,0.1616793590848164,0.5001641664500301,0.0471479179857402,0.0354949171257233,0.0169802450635443,0.0939440922176428
Ridge (lambda=2.0),160,41,14.910420138385518,3.861401317965477,0.1251999478780818,12.545342657841408,3.541940521499677,0.192498046874276,3.975609756097561,2.745730928465877,-1.66401154738582,0.9718900786384046,3.033305893291169,0.860707339875399,2.041590833574495,-0.9690558050867314,0.6816433130744843
SVM (linear kernel),160,41,15.030282077387048,3.8768907744979155,0.11816760207475785,12.463822518282191,3.5304139301620414,0.19774522694009955,3.975609756097561,,,,,,,,
"Feedforward NN (3 layers, [[16, 4, 1]] activations)",160,41,14.871378977207195,3.856342694471952,0.12749050773600112,12.294118497921112,3.5062969779984567,0.20866850991708585,3.975609756097561,,,,,,,,
