model_type,n_train,n_test,mse_train,rmse_train,r2_train,mse_test,rmse_test,r2_test,y_test_mean,bias,Game of season_weight,Game for player_weight,Age (days)_weight,Home?_weight,Game Started?_weight,Year_weight,Month of Season_weight
Linreg,698,175,44.76944310977358,6.690997168567147,0.0949134528612509,48.61334916298425,6.972327384954342,0.0711437396251889,14.108571428571429,8.964945924413108,-6.010246880975722,3.862905077749735,-0.7596720768972667,0.4245172685169369,3.6467451739935353,6.15147621927291,0.0963476321166141
Lasso (lambda=0.05),698,175,44.900479679057554,6.700782019962861,0.0922643371295377,48.49503888345714,6.963837942073117,0.0734042965647451,14.108571428571429,9.380080047262004,-1.2670525720186647,-0.0,4.708383737749119,0.2423389835030438,3.1373142977131114,0.0,-0.0
"Random Forest (500 estimators, 5 depth)",698,175,29.58375833845147,5.439095360301332,0.4019165791211103,39.46761228353855,6.282325388225171,0.2458915219212162,14.108571428571429,,0.0954547015708543,0.1089618453731604,0.7687296074320603,0.0094436725742518,0.0011525916146489,0.0109795140078812,0.0052780674271429
"Random Forest (100 estimators, 5 depth)",698,175,29.579949381589422,5.438745202856024,0.4019935833314602,39.518572277398285,6.286379902407926,0.2449178282724495,14.108571428571429,,0.0994092971728518,0.103849547929494,0.7715420837496141,0.0107719669796914,0.000672117678076,0.0095445955931445,0.0042103908971279
Ridge (lambda=2.0),698,175,44.80099661428197,6.693354660727457,0.0942755478425174,48.44634091921506,6.960340574944237,0.0743347695671731,14.108571428571429,8.945990582901405,-2.1815943072143296,0.3172139216178565,2.465781783641584,0.4366385596872125,3.596101926648921,2.72840889091906,-0.1265960745334284
SVM (linear kernel),698,175,44.90646726010016,6.701228787327005,0.09214328851523468,49.3691100795793,7.026315540849223,0.056703400277814064,14.108571428571429,,,,,,,,
"Feedforward NN (3 layers, [[16, 4, 1]] activations)",698,175,44.697822268514784,6.685642995891628,0.09636138375820569,47.41615104384313,6.8859386465349175,0.09401862866327881,14.108571428571429,,,,,,,,
