model_type,n_train,n_test,mse_train,rmse_train,r2_train,mse_test,rmse_test,r2_test,y_test_mean,bias,Game of season_weight,Game for player_weight,Age (days)_weight,Home?_weight,Game Started?_weight,Year_weight,Month of Season_weight
Linreg,985,247,33.17103579616279,5.759430162452079,0.0540444946027676,38.18076304624811,6.17905842715928,0.0090662315495883,9.744939271255062,8.898270188558573,-5.592598703105812,7.941166773905035,-0.1070254709007098,0.3930078970996734,2.341993584400734,-0.3758833130847616,-2.4852140332424213
Lasso (lambda=0.05),985,247,33.551578242766674,5.79237241920499,0.0431923697365335,38.29638808796533,6.188407556711608,0.0060653287604718,9.744939271255062,8.695362880168835,0.0,0.1939306809261084,-0.0,0.1918480970728321,2.330181377813501,-0.0,-0.0
"Random Forest (500 estimators, 5 depth)",985,247,27.04349440166028,5.200335989304948,0.2287867472203241,32.635398773836606,5.712740040806741,0.1529891989673646,9.744939271255062,,0.0889543084481597,0.1226471128195325,0.6516279605004616,0.0104651256837165,0.1040630828558484,0.0115348974168269,0.010707512275454
"Random Forest (100 estimators, 5 depth)",985,247,27.145439883313266,5.210128586063233,0.2258795154349612,32.82588531603585,5.729387865735383,0.1480453599227666,9.744939271255062,,0.0887006942927669,0.1277685524701898,0.6470192383029837,0.0101579459025359,0.1057038270046978,0.008240293989685,0.0124094480371406
Ridge (lambda=2.0),985,247,33.21778057980551,5.76348684216469,0.0527114495417945,38.1058639093068,6.1729947277886765,0.0110101446121175,9.744939271255062,8.818255774005094,-2.974723489038744,4.992226928275307,-0.1761168169406033,0.389243963705759,2.414879934356261,-0.3120753908354924,-2.172497381276298
SVM (linear kernel),985,247,33.42781118828309,5.781678924696795,0.04672189854880804,38.520943559171016,6.206524273631016,0.0002372734374687102,9.744939271255062,,,,,,,,
"Feedforward NN (3 layers, [[16, 4, 1]] activations)",985,247,33.25635384844926,5.766832219550804,0.05161143578102623,38.35287752728415,6.192970008589106,0.0045992162861338,9.744939271255062,,,,,,,,
