model_type,n_train,n_test,mse_train,rmse_train,r2_train,mse_test,rmse_test,r2_test,y_test_mean,bias,Game of season_weight,Game for player_weight,Age (days)_weight,Home?_weight,Game Started?_weight,Year_weight,Month of Season_weight
Linreg,661,166,46.27855145454512,6.802834075188452,0.2534517037718831,63.93130520456244,7.995705422572947,0.2167686055783133,15.397590361445785,9.965960051327096,12.87866273412714,-4.729374431638904,-23.85320977166236,-0.4797275473167202,7.216353979685757,27.75143388232612,-8.587345322143097
Lasso (lambda=0.05),661,166,46.97767890498477,6.8540264739045735,0.2421736410286127,62.883460617935896,7.929909243991125,0.2296058967003184,15.397590361445785,9.468425488931825,1.6517465144544647,0.0,0.0,-0.2589424634210625,6.7227785979721535,4.118173783988183,0.0
"Random Forest (500 estimators, 5 depth)",661,166,29.41461023677311,5.423523784106889,0.5254945008802687,48.516041084315056,6.965345726115471,0.4056231702340388,15.397590361445785,,0.0505197694087031,0.0640006744685084,0.5335499811172228,0.0146137155982157,0.2812863962366052,0.0435994337434346,0.01243002942731
"Random Forest (100 estimators, 5 depth)",661,166,29.556290248815724,5.436569713414492,0.5232089718765385,48.44252903047021,6.960066740374708,0.4065237767249507,15.397590361445785,,0.0540892005605475,0.0619715333463693,0.5399933309685188,0.0128829504137049,0.287986307658109,0.0315763596721797,0.0115003173805707
Ridge (lambda=2.0),661,166,46.68631170333369,6.832738228802103,0.2468738678320166,63.06570455333001,7.94139185239779,0.2273732006653024,15.397590361445785,9.395688888017856,5.634053527563079,-1.0072254670366096,0.7298906563905364,-0.4632958093740515,6.934727426097542,3.744810507787201,-2.825913047425935
SVM (linear kernel),661,166,46.51022333522584,6.819840418604078,0.2497144595762424,63.5108874498199,7.96937183533432,0.22191920250783037,15.397590361445783,,,,,,,,
"Feedforward NN (3 layers, [[16, 4, 1]] activations)",661,166,81.32558619046638,9.018069981457584,-0.3119139623434075,95.30217840612609,9.762283462701033,-0.16756036570214694,15.397590361445783,,,,,,,,
