model_type,n_train,n_test,mse_train,rmse_train,r2_train,mse_test,rmse_test,r2_test,y_test_mean,bias,Game of season_weight,Game for player_weight,Age (days)_weight,Home?_weight,Game Started?_weight,Year_weight,Month of Season_weight
Linreg,310,78,18.844988211737995,4.34108145647349,0.31624746768585454,18.04385952592264,4.247806436965159,0.1788429675384977,5.641025641025641,4.40551101706621,-18.075601806369864,14.195017926235145,-4.465516958182246,0.19843508035942428,4.304700249435389,4.597073112013923,7.4012979504286545
Lasso (lambda=0.05),310,78,20.152743826579677,4.489180752273144,0.2687981828548307,17.29741480160919,4.159016085759851,0.2128128803408661,5.641025641025641,4.251882550310526,-0.0,0.0,-0.0,0.18420430406561064,5.121800000973911,-0.0,0.812819219819084
"Random Forest (500 estimators, 5 depth)",310,78,11.389505920216415,3.3748342063302035,0.5867546624463127,21.395416649013356,4.625517987102996,0.026317134727146474,5.641025641025641,,0.08268436260228924,0.10795407776387915,0.3586775982007886,0.012667222218485609,0.42062241645110865,0.0020915479706933725,0.015302774792755436
"Random Forest (100 estimators, 5 depth)",310,78,11.62438710527929,3.4094555438191727,0.5782324705895061,21.30242679649758,4.615455210106321,0.030549004922721057,5.641025641025641,,0.07279201173415918,0.10083096944039106,0.36033267495789056,0.012069946739432092,0.43028968077078494,0.004461062095662429,0.019223654261679737
Ridge (lambda=2.0),310,78,19.563778252636393,4.423096003099683,0.29016761530577495,17.4481114826333,4.177093664575084,0.20595483319115415,5.641025641025641,4.176847525367319,-4.4650713914264815,3.3081862140211613,-0.7350446187470011,0.32372338074772583,4.962633290344972,0.48068818383008755,3.004139742772565
