model_type,n_train,n_test,mse_train,rmse_train,r2_train,mse_test,rmse_test,r2_test,y_test_mean,bias,Game of season_weight,Game for player_weight,Age (days)_weight,Home?_weight,Game Started?_weight,Year_weight,Month of Season_weight
Linreg,392,98,21.62535965629605,4.650307479758307,0.0969128355283619,26.156589137017782,5.114351291905728,0.0570841012855126,7.877551020408164,5.807873052399768,0.1414901040984933,1.0842764311448108,-9.956027848714552,0.7837291893457305,3.244454294913219,12.190559323120002,-1.8173255155510444
Lasso (lambda=0.05),392,98,21.81299056863596,4.670437941846135,0.0890772632518591,26.087116692022704,5.107554864318415,0.0595885055320022,7.877551020408164,6.345641497719057,0.0,0.0,0.0,0.670256300133725,2.8604895669564927,0.6666549229323535,0.0
"Random Forest (500 estimators, 5 depth)",392,98,13.91113456108883,3.7297633384825946,0.4190632079638264,25.48482169243005,5.04824936908133,0.0813005692822569,7.877551020408164,,0.1825392567128687,0.1576958580005873,0.411234157894095,0.023821001537724,0.1608991632111041,0.0232682432400512,0.0405423194035695
"Random Forest (100 estimators, 5 depth)",392,98,13.83325076226394,3.719307833759386,0.4223156791438177,25.46881896101216,5.046664141887407,0.0818774499220736,7.877551020408164,,0.2023679781043766,0.1593866118714504,0.3989128030182755,0.0222027316375925,0.1574731003918231,0.0264228647081458,0.0332339102683358
Ridge (lambda=2.0),392,98,21.72130538927052,4.660612126027065,0.0929060878343489,26.056272612781186,5.104534514799679,0.0607004002268987,7.877551020408164,5.693150262735115,0.1326241680784122,0.6739973424718227,-0.1666454383219369,0.8074811701137078,3.108878107033428,1.4994462436822875,-0.3066469500625918
SVM (linear kernel),392,98,22.104843371449157,4.701578816892168,0.07688932629614076,28.345230975616825,5.324023945815498,-0.021813998745661145,7.877551020408164,,,,,,,,
"Feedforward NN (3 layers, [[16, 4, 1]] activations)",392,98,39.36502870879179,6.274155617195974,-0.6439057070487748,43.72086305982585,6.6121753651749025,-0.576088406201458,7.877551020408164,,,,,,,,
