model_type,n_train,n_test,mse_train,rmse_train,r2_train,mse_test,rmse_test,r2_test,y_test_mean,bias,Game of season_weight,Game for player_weight,Age (days)_weight,Home?_weight,Game Started?_weight,Year_weight,Month of Season_weight
Linreg,239,60,25.18024807803404,5.017992435031568,0.187443463958119,23.486109316712334,4.846246931050081,0.0929669419395337,6.8,5.59930411629576,4.386349532351996,-4.117207751105135,7.920710278425876,0.6507851635968372,5.30970998874164,-10.964779477225589,3.4902305597307315
Lasso (lambda=0.05),239,60,25.61021933986175,5.060654042696631,0.1735684632819716,23.160748453389704,4.812561527231595,0.1055323717794911,6.8,5.6426475434299785,0.0,0.0,-0.0,0.4736951394300407,4.79773223406736,-0.4780106970804003,1.349585267262025
"Random Forest (500 estimators, 5 depth)",239,60,15.029977633856756,3.876851510421409,0.5149886321569908,25.253294465699486,5.025265611457716,0.024718287884932,6.8,,0.1812164107725259,0.1439794035950376,0.2915253283829691,0.0267057305483412,0.2745299724466123,0.011191532155935,0.0708516220985785
"Random Forest (100 estimators, 5 depth)",239,60,15.290374277086975,3.9102908174568007,0.5065857366110705,24.98220615131128,4.9982202983973485,0.0351877130029113,6.8,,0.1695359084750378,0.1544130918847751,0.294552587722155,0.024674598656641,0.2852259114129066,0.0077617011150664,0.0638362007334181
Ridge (lambda=2.0),239,60,25.42175256788482,5.041998866311339,0.1796502106468899,23.518348721148566,4.849572014224407,0.0917218568042519,6.8,5.666681688491227,0.8280587468268863,-0.9833905686858712,0.3363437378729845,0.6279128571297103,4.977464567394057,-1.7194502301244856,2.319415021836203
SVM (linear kernel),239,60,25.464490328339156,5.046235262880552,0.17827108020761284,23.454437613539866,4.84297817603382,0.09419010246370219,6.8,,,,,,,,
"Feedforward NN (3 layers, [[16, 4, 1]] activations)",239,60,27.366542300838628,5.231304072680026,0.11689262367469111,22.256232175897196,4.7176511290998615,0.14046477178563854,6.8,,,,,,,,
