model_type,n_train,n_test,mse_train,rmse_train,r2_train,mse_test,rmse_test,r2_test,y_test_mean,bias,Game of season_weight,Game for player_weight,Age (days)_weight,Home?_weight,Game Started?_weight,Year_weight,Month of Season_weight
Linreg,192,48,33.133254010871944,5.756149234590079,0.16221217418782474,30.414702557625887,5.514952634214176,0.056857675736607716,13.708333333333334,11.187019613700686,0.14893499932224696,8.05689162650318,-0.22709541552356705,0.6305531704167865,2.8162906716662532,-4.887582522197618,-1.1423102452811111
Lasso (lambda=0.05),192,48,33.30151732150375,5.770746686651889,0.15795756782975545,29.898770024812027,5.4679767761770925,0.07285644499102395,13.708333333333334,11.439644868944539,0.0,5.863756252095385,-3.9184095704686883,0.3667383657064687,2.162131062995397,-0.0,0.0
"Random Forest (500 estimators, 5 depth)",192,48,18.18546283274961,4.264441678901191,0.5401731637032026,33.10546829563371,5.753735160366152,-0.02658141255908597,13.708333333333334,,0.1947319446598932,0.3329575869200516,0.34317066942936486,0.026480022865855272,0.04277806183105696,0.00822672325711306,0.05165499103666526
"Random Forest (100 estimators, 5 depth)",192,48,18.416164559635316,4.291405895465415,0.5343397765533842,32.675997031031365,5.716292245068596,-0.013263757193758607,13.708333333333334,,0.20530496949186908,0.28464535308463096,0.367987553499817,0.026920109228905687,0.038368699555120116,0.009180898469241723,0.0675924166704156
Ridge (lambda=2.0),192,48,33.287822006979646,5.7695599491624705,0.1583038594368278,30.023264814388877,5.479348940740029,0.06899593361572032,13.708333333333334,11.390136675663792,1.4303640825654602,4.097457410098629,-2.424171826547813,0.510136155183282,2.30691089928806,-2.2904865463536734,0.7469643561569727
