model_type,n_train,n_test,mse_train,rmse_train,r2_train,mse_test,rmse_test,r2_test,y_test_mean,bias,Game of season_weight,Game for player_weight,Age (days)_weight,Home?_weight,Game Started?_weight,Year_weight,Month of Season_weight
Linreg,487,122,62.48588986824874,7.904801696959181,0.2889517482544109,76.51933476956214,8.747533067646108,0.2964091423633529,14.688524590163937,6.89780139043319,-9.898315303942567,9.055952343937683,34.91041253049521,0.2694601889440801,9.242355416516853,-33.08397064388972,5.005683732119699
Lasso (lambda=0.05),487,122,63.425075282015904,7.963986142756396,0.2782644371201346,74.64033626564137,8.639463887628756,0.3136864249332148,14.688524590163937,7.699124484670048,0.0,0.0,1.7712532884628234,0.101722228281752,9.405427645329755,0.0,1.671227776132592
"Random Forest (500 estimators, 5 depth)",487,122,40.05434436696554,6.328850161519511,0.5442079548359189,70.26387822035679,8.382355171451326,0.3539277035429374,14.688524590163937,,0.0936473044279698,0.0825907130010675,0.2981204787590879,0.0132393889546533,0.4737668570174013,0.0149390946333395,0.0236961632064806
"Random Forest (100 estimators, 5 depth)",487,122,40.06479214926739,6.329675516901904,0.5440890659578697,69.45750317303877,8.334116820217892,0.3613422754655486,14.688524590163937,,0.0879635420652781,0.0808844868993435,0.2939301225353534,0.0135817115769221,0.4841302622599211,0.0163528895387225,0.0231569851244591
Ridge (lambda=2.0),487,122,63.19917855635224,7.94979110142853,0.2808349930039809,74.77048737749003,8.646992967355185,0.3124896929871814,14.688524590163937,7.05914500231872,-2.3411531070500367,2.76365084891224,3.3396449223018845,0.2684433930942162,9.350991018039046,-0.8783953207962832,1.8950402531445087
SVM (linear kernel),487,122,63.41460629372446,7.963328845007247,0.2783835673083719,75.40850038754832,8.683806791237833,0.30662320025979284,14.688524590163935,,,,,,,,
"Feedforward NN (3 layers, [[16, 4, 1]] activations)",487,122,63.49984808128595,7.968679193021008,0.2774135719358315,77.08438199416747,8.779771181196436,0.2912135658131576,14.688524590163935,,,,,,,,
