model_type,n_train,n_test,mse_train,rmse_train,r2_train,mse_test,rmse_test,r2_test,y_test_mean,bias,Game of season_weight,Game for player_weight,Age (days)_weight,Home?_weight,Game Started?_weight,Year_weight,Month of Season_weight
Linreg,776,195,44.078195155850736,6.639141145950336,0.2652503257877026,41.34242884684088,6.429807839029164,0.2161303614465439,18.04615384615385,12.797239067506151,-0.8602178836576172,-0.8602178836576209,8.327619596262075,0.3747359250018539,7.669118879580893,-5.221591412105648,1.7503491167572651
Lasso (lambda=0.05),776,195,44.16090910969712,6.6453674924489405,0.2638715476769708,41.0323521275189,6.405650016002974,0.222009544955554,18.04615384615385,13.139085367581252,-0.0,-0.0,3.0145314440536763,0.1901901906238162,7.467807625091248,0.0,-0.0
"Random Forest (500 estimators, 5 depth)",776,195,27.567319910894746,5.250459019066309,0.5404739406452868,34.5915588835233,5.881458907747575,0.3441296625440049,18.04615384615385,,0.0386880762306564,0.0356721365248371,0.4753139818261355,0.0057008803111071,0.4365408665965584,0.0024680165195502,0.005616041991155
"Random Forest (100 estimators, 5 depth)",776,195,27.66399866726719,5.259657656850605,0.5388623799972898,34.298789046813425,5.85651680154795,0.3496807003635609,18.04615384615385,,0.0355661096180271,0.0393840800414409,0.4803449600820579,0.0049154381160017,0.4308278122968487,0.0039876492136969,0.0049739506319266
Ridge (lambda=2.0),776,195,44.09816955521095,6.640645266479075,0.2649173678848071,41.13475011013583,6.413637821871128,0.2200680366344076,18.04615384615385,12.919554993129507,-0.6830728985356506,-0.6830728985356594,2.19866475276581,0.3700167846314343,7.589617586857116,1.1502766252285652,0.9706005854598808
SVM (linear kernel),776,195,44.18195406219914,6.64695073414864,0.26352074447507035,41.11278311650191,6.411925071029909,0.2204845399662202,18.046153846153846,,,,,,,,
"Feedforward NN (3 layers, [[16, 4, 1]] activations)",776,195,44.309207109413634,6.656516139048536,0.26139953387076176,43.11272770122428,6.566028304936271,0.18256475918698667,18.046153846153846,,,,,,,,
