model_type,n_train,n_test,mse_train,rmse_train,r2_train,mse_test,rmse_test,r2_test,y_test_mean,bias,Game of season_weight,Game for player_weight,Age (days)_weight,Home?_weight,Game Started?_weight,Year_weight,Month of Season_weight
Linreg,367,92,28.66312518532139,5.353795400024303,0.286334784208344,31.280193004467897,5.592869836181412,0.1441055125566825,6.413043478260869,6.930314966394994,-3.250927932798357,6.941711590144369,-21.67070803179003,0.6050414014064439,4.829441986988522,15.437502024781418,-0.7624648707513115
Lasso (lambda=0.05),367,92,29.052177021147838,5.390007144814173,0.2766480260277878,30.97881014240681,5.565861132152581,0.1523520067586565,6.413043478260869,6.886076719404342,0.0,3.659161934914059,-5.819695671802951,0.3684956272382787,5.041486856045115,-0.0,0.0
"Random Forest (500 estimators, 5 depth)",367,92,16.63656035894972,4.07879398339138,0.5857766952543966,24.0692591240521,4.906043122930342,0.341412433159269,6.413043478260869,,0.1217185751137229,0.0916826629835122,0.5507462158386208,0.012881693159376,0.1716324839450048,0.0173673088777807,0.0339710600819823
"Random Forest (100 estimators, 5 depth)",367,92,16.725196372992915,4.089645017968297,0.5835698026116696,24.553329313393505,4.955131614134332,0.3281672141628974,6.413043478260869,,0.1242117764237022,0.1010244204526056,0.5242278505728817,0.0148673368776018,0.1822287112593538,0.0180765002025007,0.0353634042113539
Ridge (lambda=2.0),367,92,28.971278488077523,5.382497421093439,0.2786622679741062,30.822401932806027,5.551792677397637,0.1566316774233825,6.413043478260869,6.713316499178511,-1.1373917822791524,4.720230391956271,-4.314550381789681,0.5365992558435785,5.0878865254335714,-1.6942782320595176,0.6526111694780777
SVM (linear kernel),367,92,29.20970363908327,5.404600229349371,0.27272586935244403,31.60207532986688,5.621572318299115,0.13529810820738475,6.413043478260869,,,,,,,,
"Feedforward NN (3 layers, [[16, 4, 1]] activations)",367,92,29.508405624009516,5.432163990898058,0.2652886755659495,32.657829529644744,5.714702925756049,0.1064103644662916,6.413043478260869,,,,,,,,
