model_type,n_train,n_test,mse_train,rmse_train,r2_train,mse_test,rmse_test,r2_test,y_test_mean,bias,Game of season_weight,Game for player_weight,Age (days)_weight,Home?_weight,Game Started?_weight,Year_weight,Month of Season_weight
Linreg,414,104,30.321110871289928,5.506460829906078,0.2173393029200307,26.974034942966373,5.193653332959986,0.1077918833295382,5.913461538461538,4.674580870264191,-3.7658749228653288,8.797449113461486,5.251599894709776,0.4450139402886151,5.584507370285843,-6.00067008025369,-1.7481303121884857
Lasso (lambda=0.05),414,104,30.758508189216148,5.546035357732237,0.206049027599901,27.8491525542168,5.27722962871778,0.078846008622629,5.913461538461538,4.31844719568501,-0.0,3.4671961770261395,-0.0,0.2911740629572364,5.821816447015274,-0.0,-0.965125621128722
"Random Forest (500 estimators, 5 depth)",414,104,17.438828603822998,4.17598235195301,0.5498619490142194,27.881892349135526,5.280330704523679,0.0777630890362053,5.913461538461538,,0.0904849854036264,0.1630275185308271,0.3921761906408789,0.015156557527302,0.3090967172502332,0.0143004218134159,0.0157576088337164
"Random Forest (100 estimators, 5 depth)",414,104,17.59069328839887,4.194126045840643,0.5459419567554752,28.257642577502583,5.3157918109631215,0.0653345664106985,5.913461538461538,,0.0851727733148998,0.1789180454355608,0.38346906781085,0.0161882962007142,0.3077178317962426,0.0129373803757359,0.0155966050659965
Ridge (lambda=2.0),414,104,30.429483295984884,5.516292531763058,0.2145419503488784,27.4536260561891,5.239620793167107,0.0919286620945587,5.913461538461538,4.92532687032932,-1.2429511981412538,6.041962361924062,0.0670589701234083,0.462871290830847,5.647151374749451,-0.7107242769802783,-2.238122832190131
SVM (linear kernel),414,104,30.969911832212958,5.565061709650034,0.20059219182315535,27.85721267715488,5.277993243379048,0.0785794075330285,5.913461538461538,,,,,,,,
"Feedforward NN (3 layers, [[16, 4, 1]] activations)",414,104,30.876611350510586,5.55667268700529,0.20300050134575331,29.977164691471014,5.475140609287675,0.00845870078211075,5.913461538461538,,,,,,,,
