model_type,n_train,n_test,mse_train,rmse_train,r2_train,mse_test,rmse_test,r2_test,y_test_mean,bias,Game of season_weight,Game for player_weight,Age (days)_weight,Home?_weight,Game Started?_weight,Year_weight,Month of Season_weight
Linreg,358,90,21.42043767397533,4.628221869571005,0.1796027439978846,17.604232290146776,4.195739778650098,0.1296948222077776,5.288888888888889,4.12154647173499,-1.6164478510844555,2.238633013116234,9.060586459079804,-0.0892793544080135,3.777478957954454,-9.790759875759552,2.086088595528733
Lasso (lambda=0.05),358,90,21.650044453624155,4.652960826573136,0.1708088633662,18.01384798702344,4.244272374273763,0.1094445405697501,5.288888888888889,3.833079298226604,0.0,0.1967301542214661,-0.0,-0.0,4.016890028236235,-0.0866705213506846,0.0
"Random Forest (500 estimators, 5 depth)",358,90,13.494780188458655,3.6735242191196527,0.483153388111488,16.88447171590003,4.109071880108698,0.1652778197627605,5.288888888888889,,0.173197838805878,0.1795981665840642,0.2550332248222979,0.0121644493489534,0.3267346116197726,0.0169056772005499,0.0363660316184838
"Random Forest (100 estimators, 5 depth)",358,90,13.44279019738122,3.6664410805822616,0.4851445914038147,17.4809592988878,4.181023714222128,0.1357891023107883,5.288888888888889,,0.1713755326555646,0.1773657726081181,0.256519878177817,0.0112188860492221,0.3326202445222675,0.0160901453468848,0.0348095406401256
Ridge (lambda=2.0),358,90,21.51970990215868,4.638934134276825,0.1758006431800389,17.591148895481762,4.194180360390068,0.1303416295170877,5.288888888888889,4.170888655590145,-1.0940889409137966,1.6741882323095696,0.4941482951570198,-0.0959146198451429,3.763151030744839,-1.3048567061024616,0.6026278056593436
SVM (linear kernel),358,90,22.422630499879432,4.735254005845878,0.14121901641627443,18.08591989831534,4.252754389606263,0.10588150206077573,5.288888888888889,,,,,,,,
"Feedforward NN (3 layers, [[16, 4, 1]] activations)",358,90,22.832782140853556,4.778366053459441,0.12551031401152613,18.24651132651011,4.2715935347958975,0.0979423003299974,5.288888888888889,,,,,,,,
