model_type,n_train,n_test,mse_train,rmse_train,r2_train,mse_test,rmse_test,r2_test,y_test_mean,bias,Game of season_weight,Game for player_weight,Age (days)_weight,Home?_weight,Game Started?_weight,Year_weight,Month of Season_weight
Linreg,358,90,21.42043767397533,4.628221869571005,0.17960274399788467,17.604232290146776,4.195739778650098,0.12969482220777762,5.288888888888889,4.12154647173499,-1.6164478510844555,2.238633013116234,9.060586459079804,-0.08927935440801357,3.777478957954454,-9.790759875759553,2.086088595528733
Lasso (lambda=0.05),358,90,21.650044453624155,4.6529608265731355,0.17080886336620005,18.01384798702344,4.244272374273763,0.10944454056975017,5.288888888888889,3.833079298226604,0.0,0.19673015422146614,-0.0,-0.0,4.016890028236235,-0.0866705213506846,0.0
"Random Forest (500 estimators, 5 depth)",358,90,13.494780188458655,3.6735242191196527,0.483153388111488,16.88447171590003,4.109071880108698,0.16527781976276057,5.288888888888889,,0.17319783880587802,0.17959816658406427,0.25503322482229795,0.012164449348953419,0.3267346116197726,0.016905677200549907,0.036366031618483806
"Random Forest (100 estimators, 5 depth)",358,90,13.442790197381221,3.6664410805822616,0.4851445914038147,17.4809592988878,4.181023714222128,0.13578910231078833,5.288888888888889,,0.17137553265556466,0.1773657726081181,0.256519878177817,0.011218886049222167,0.3326202445222675,0.01609014534688486,0.03480954064012561
Ridge (lambda=2.0),358,90,21.519709902158677,4.638934134276825,0.17580064318003896,17.591148895481762,4.194180360390068,0.13034162951708772,5.288888888888889,4.170888655590145,-1.0940889409137966,1.6741882323095696,0.4941482951570198,-0.09591461984514296,3.763151030744839,-1.3048567061024616,0.6026278056593436
