model_type,n_train,n_test,mse_train,rmse_train,r2_train,mse_test,rmse_test,r2_test,y_test_mean,bias,Game of season_weight,Game for player_weight,Age (days)_weight,Home?_weight,Game Started?_weight,Year_weight,Month of Season_weight
Linreg,95,24,20.74497538095868,4.554665232589403,0.07501060831619566,10.8254442475019,3.290204286591017,0.05164169025686782,4.541666666666667,7.133046738873624,3.2939086034546743,1.7686723105065432,-7.059239535097122,0.41638978422637957,2.4424906541753444e-15,3.180252016411011,-5.214539092134438
Lasso (lambda=0.05),95,24,20.965205732618152,4.578777755320535,0.06519084544490372,11.016737789051868,3.3191471478456434,0.03488350319484779,4.541666666666667,6.665676718801706,0.0,0.0,-3.2192584953731047,0.1914307604952756,0.0,-0.0,0.0
"Random Forest (500 estimators, 5 depth)",95,24,10.666379662741676,3.265942385092192,0.5244010728128434,8.319478091478585,2.8843505493401085,0.27117575959062146,4.541666666666667,,0.261661244786751,0.24513552442430472,0.39575248625512566,0.04465168652983418,0.0,0.012179586345852256,0.04061947165813221
"Random Forest (100 estimators, 5 depth)",95,24,10.782370766172832,3.283652047061752,0.5192291919967302,8.317124086584572,2.883942455491193,0.27138198116004364,4.541666666666667,,0.25538247210512205,0.2498578026202164,0.397498933130709,0.041981158816795025,0.0,0.010192873110619487,0.045086760216538124
Ridge (lambda=2.0),95,24,20.90210544796606,4.571882046593728,0.06800439874364539,10.649566904997966,3.2633674180205277,0.06704934794238371,4.541666666666667,6.648805532467725,0.4916465942949562,0.4514995850597438,-2.171578906755026,0.364510395555413,0.0,-1.4958548116262083,-0.38360675304116665
