model_type,n_train,n_test,mse_train,rmse_train,r2_train,mse_test,rmse_test,r2_test,y_test_mean,bias,Game of season_weight,Game for player_weight,Age (days)_weight,Home?_weight,Game Started?_weight,Year_weight,Month of Season_weight
Linreg,136,35,15.359814769603444,3.9191599571341107,0.2604597307345671,22.84448530140626,4.779590495158163,0.2111710876586237,5.2,2.8597919625529884,-3.785370232420358,4.153981453323701,1.6242286271598734,-0.6861137233987179,9.47238927091597,-4.253758227503343,5.98407295073466
Lasso (lambda=0.05),136,35,15.767184847612938,3.9707914636269854,0.2408457847527432,23.28195750010326,4.825138080936468,0.19606500344947309,5.2,2.8998820485833448,0.0,3.736904286874771,-0.0,-0.5021753112157987,7.570615667349531,-0.0,1.2754104551895848
"Random Forest (500 estimators, 5 depth)",136,35,9.382622025235355,3.0631065971061724,0.5482480145079588,19.29108667192427,4.392161958753829,0.3338713165772007,5.2,,0.17912440532082288,0.27082224261375815,0.23052990541366367,0.039315514379951746,0.22733962043297024,0.01525384446506317,0.037614467373770145
"Random Forest (100 estimators, 5 depth)",136,35,9.695963657183203,3.113834237268131,0.5331613250954428,19.48522062146903,4.41420668087359,0.32716779621999215,5.2,,0.20763293361543184,0.2535706185021628,0.2206503036213787,0.03169228967322807,0.23087358084919798,0.013371526533127238,0.04220874720547342
Ridge (lambda=2.0),136,35,15.864559929085146,3.983034010535831,0.23615739527331991,21.90903941700218,4.680709285674787,0.24347239582174796,5.2,2.994701282314315,-0.30378376452813116,2.8281540576947544,-0.48712007597035073,-0.7720699480339844,6.224700539630306,-0.39946792995657626,2.679601515876853
