model_type,n_train,n_test,mse_train,rmse_train,r2_train,mse_test,rmse_test,r2_test,y_test_mean,bias,Game of season_weight,Game for player_weight,Age (days)_weight,Home?_weight,Game Started?_weight,Year_weight,Month of Season_weight
Linreg,82,21,7.863754624306228,2.804238688896904,0.3515423395122078,4.5357632094523535,2.1297331310406835,0.1415143453354129,2.952380952380953,-0.2762579765019528,48.87299582201342,-47.86951903032396,4.4837624545401855,-0.0742970527244686,4.409439799381799,-3.061853245746647,2.164606611390546
Lasso (lambda=0.05),82,21,9.350262417941828,3.0578198799049345,0.2289625526024842,3.469698169754038,1.862712583775081,0.3432888871838924,2.952380952380953,2.661036231543445,0.1267820408530353,0.0,0.0,-0.0662723035593998,3.5356882634541766,-0.1167633552753285,-1.1866365669858012
"Random Forest (500 estimators, 5 depth)",82,21,2.462517389026177,1.569241023242184,0.7969369161058607,2.7164176859965243,1.648155843965165,0.4858625753113875,2.952380952380953,,0.1169679211612438,0.1491201782952864,0.3756141239846115,0.0676638854835426,0.1891652726819706,0.0033652719279009,0.0981033464654441
"Random Forest (100 estimators, 5 depth)",82,21,2.6685611432797964,1.6335731214977174,0.7799462218097234,2.8077049412533857,1.6756207629572348,0.4685846012477498,2.952380952380953,,0.1220260233875749,0.1554798652949922,0.4007352069474554,0.0563248705457686,0.1731239252870513,0.0032973288066716,0.0890127797304858
Ridge (lambda=2.0),82,21,9.176302674419183,3.0292412704205627,0.243307548560913,3.606033353854917,1.8989558588484663,0.3174846742274599,2.952380952380953,2.8971541736061748,1.0174911808587837,-0.0676889128258201,0.5012218604418425,-0.3079154324821542,3.2975273804218244,-1.1618746587773785,-1.5791659408936034
SVM (linear kernel),82,21,9.21976349192253,3.036406344994446,0.23972370071881544,4.15198154173935,2.0376411709963436,0.21415284982529903,2.9523809523809526,,,,,,,,
"Feedforward NN (3 layers, [[16, 4, 1]] activations)",82,21,12.620985936768218,3.5526026989755297,-0.04074648874590037,6.931706826385385,2.6328134811234514,-0.3119668285132853,2.9523809523809526,,,,,,,,
