model_type,n_train,n_test,mse_train,rmse_train,r2_train,mse_test,rmse_test,r2_test,y_test_mean,bias,Game of season_weight,Game for player_weight,Age (days)_weight,Home?_weight,Game Started?_weight,Year_weight,Month of Season_weight
Linreg,195,49,16.185549378131494,4.0231268160637805,0.2612997322201617,16.01438316167043,4.001797491336916,0.0821947302436936,5.020408163265306,1.483171015214186,2.156769018962692,-0.732334706541423,18.442131618410592,0.0553677829196316,5.320311727393263,-18.228989050787145,7.6419124711868305
Lasso (lambda=0.05),195,49,17.1132204681343,4.136812839389075,0.2189612939881813,14.008973251972446,3.742856295928612,0.1971273982435231,5.020408163265306,2.8479916875746767,1.812458576162575,0.0,1.4671358443664266,0.0,5.295214121293039,0.0,1.6830235611705897
"Random Forest (500 estimators, 5 depth)",195,49,9.241131515564287,3.0399229456623216,0.5782394427488934,12.440122155715123,3.527055734704957,0.2870403089733132,5.020408163265306,,0.2165475952339721,0.1269265976746173,0.3230095980472945,0.0211259999179138,0.2380140615054534,0.0175030418024314,0.0568731058183171
"Random Forest (100 estimators, 5 depth)",195,49,9.305649797268972,3.050516316505941,0.5752948610817217,12.67051868861497,3.559567205239279,0.2738359819696246,5.020408163265306,,0.1959158475451516,0.1430690125930019,0.3155165812208934,0.0227942250192334,0.2427820717330487,0.0169037913314554,0.0630184705572154
Ridge (lambda=2.0),195,49,16.94470964202858,4.116395224225752,0.226652042659109,13.88027181324519,3.725623681109673,0.2045034462309232,5.020408163265306,2.328774042477757,1.8411204172519369,-0.0179775124691167,2.673861210816262,0.1857271827155785,5.239149888260074,-1.0284427893497434,2.625748131811465
SVM (linear kernel),195,49,16.48481576942951,4.060149722538506,0.24764136584502727,14.65232373900786,3.827835385568175,0.16025613936702454,5.020408163265306,,,,,,,,
"Feedforward NN (3 layers, [[16, 4, 1]] activations)",195,49,18.67546060035841,4.321511379177244,0.14766144638649426,16.06820934043076,4.008517099929943,0.07910988145380604,5.020408163265306,,,,,,,,
