model_type,n_train,n_test,mse_train,rmse_train,r2_train,mse_test,rmse_test,r2_test,y_test_mean,bias,Game of season_weight,Game for player_weight,Age (days)_weight,Home?_weight,Game Started?_weight,Year_weight,Month of Season_weight
Linreg,324,82,21.701241161680084,4.65845909734969,0.0956911667053586,23.69859000613458,4.868119760866056,0.10375698576888848,5.817073170731708,3.104131500854099,4.026345143237537,-0.5748856637854116,8.976041501127193,-0.3197367907171023,2.25961417909407,-6.251749290813848,-1.1903369846336709
Lasso (lambda=0.05),324,82,21.879930767483366,4.677598824983109,0.08824502167881598,23.85107430138821,4.883756167274141,0.09799027203758026,5.817073170731708,3.8707669063699925,0.4392034329070373,0.7619444366987641,1.8431761852647075,-0.16716649373336098,2.064477977747573,0.0,0.0
"Random Forest (500 estimators, 5 depth)",324,82,14.215299858441854,3.7703182701785076,0.40763658934769365,22.611444062722928,4.755149215610687,0.1448711177480555,5.817073170731708,,0.20640080699627594,0.19709308043798865,0.409875948904222,0.029265050807209755,0.1152002996775743,0.011049160064057588,0.031115653112671747
"Random Forest (100 estimators, 5 depth)",324,82,14.196771390874023,3.767860319979235,0.4084086860570094,22.10366022675639,4.701452991018456,0.16407469549705567,5.817073170731708,,0.18833382026746068,0.20151927330887565,0.4207237892525636,0.03016832984968237,0.11891796668272335,0.011299778150143163,0.02903704248855119
Ridge (lambda=2.0),324,82,21.802349508965307,4.669298609959028,0.09147789747855961,23.553556273862263,4.8532006216374635,0.10924193104804991,5.817073170731708,3.3264138012704048,1.2482060039694138,0.6109194140133897,2.1423840143826447,-0.299478880645822,2.195245050789025,0.2073127276613114,-0.18702941672358345
