model_type,n_train,n_test,mse_train,rmse_train,r2_train,mse_test,rmse_test,r2_test,y_test_mean,bias,Game of season_weight,Game for player_weight,Age (days)_weight,Home?_weight,Game Started?_weight,Year_weight,Month of Season_weight
Linreg,180,45,13.538414786736826,3.6794584909653247,0.0947493394153137,9.929573752593477,3.1511226178289977,-0.0772199104790414,2.6,3.764727227922441,-0.0812960420762093,-0.0106727303360391,-3.759001653611091,0.5331940997381593,3.258908122760538,3.803556658437448,-1.1412736094921
Lasso (lambda=0.05),180,45,13.646078523960783,3.694059897180984,0.0875503673954516,9.801472831083656,3.130730398977794,-0.063322751684582,2.6,3.581667443075095,-0.0,-0.0,-0.1350691949885077,0.2606761952556059,3.0026057827146158,-0.0,-0.045676630888279
"Random Forest (500 estimators, 5 depth)",180,45,7.984535495879386,2.8256920384003963,0.466111347158033,11.429586000067962,3.380767072731862,-0.2399502651954153,2.6,,0.1732678529332069,0.3299738097810296,0.3391112728021003,0.0181444620152984,0.0616429568706258,0.0073441242803631,0.0705155213173756
"Random Forest (100 estimators, 5 depth)",180,45,7.9688066033366045,2.822907473392744,0.4671630648509025,11.168319318591406,3.341903547170595,-0.2116064834537445,2.6,,0.1531839223625211,0.3451938563271131,0.336009127823662,0.0148565051476377,0.0754364178911072,0.0030713194597531,0.0722488509882055
Ridge (lambda=2.0),180,45,13.580426944800688,3.685163082524393,0.0919401823286836,9.870522541040083,3.1417387767031304,-0.0708136797174632,2.6,3.923050113662849,-0.0588837883525623,-0.1517085358422333,-0.7326119679472829,0.4880269257683212,2.940198032882149,0.0848460523053283,-0.4431365522085848
SVM (linear kernel),180,45,14.08977107222171,3.7536343817987534,0.05788271584711879,9.040058033251912,3.0066689264453297,0.0192801072894504,2.6,,,,,,,,
"Feedforward NN (3 layers, [[16, 4, 1]] activations)",180,45,14.403308506365036,3.795169101155446,0.0369179298033101,11.930038151157916,3.453988730606676,-0.29424232594528976,2.6,,,,,,,,
