model_type,n_train,n_test,mse_train,rmse_train,r2_train,mse_test,rmse_test,r2_test,y_test_mean,bias,Game of season_weight,Game for player_weight,Age (days)_weight,Home?_weight,Game Started?_weight,Year_weight,Month of Season_weight
Linreg,787,197,45.79288049512854,6.767043704242536,0.09701194068086383,42.200378669604476,6.496181853181488,0.09045069104527215,12.34010152284264,10.360103315234756,7.494928640555791,7.494928640555818,-25.60049359039275,-0.6304871583660091,2.973193158264907,28.955308530040714,-14.412594138290169
Lasso (lambda=0.05),787,197,47.255786726445635,6.874284451959028,0.06816494864847977,43.34610837246521,6.583776148417047,0.06575665529633534,12.34010152284264,9.814870991304048,2.9521487189908724,6.719826038210627e-16,0.0,-0.48468926646817434,2.9501756635829786,0.4213258572494819,-0.0
"Random Forest (500 estimators, 5 depth)",787,197,32.98856844982937,5.743567571625616,0.3494996802527678,41.12670686050668,6.413010748510147,0.11359165524501891,12.34010152284264,,0.08630520160106211,0.08496114872088868,0.6791402920161436,0.012451488069281617,0.12150957099515501,0.005596031374776887,0.010036267222692201
"Random Forest (100 estimators, 5 depth)",787,197,33.21614424950462,5.763344883789675,0.3450121217616916,40.9107509313606,6.396151259262136,0.11824617665719206,12.34010152284264,,0.07981870630940284,0.08474919475747118,0.6850885828163994,0.010692785569321397,0.11799043834586008,0.005412060931996271,0.01624823126954878
Ridge (lambda=2.0),787,197,46.211233785750565,6.797884508120932,0.08876244814132506,42.29981271591215,6.5038306186363855,0.08830757833024683,12.34010152284264,9.887241993638028,5.236876339191102,5.236876339191098,-0.7928062215003121,-0.6208559727080051,3.001803329169045,2.6571667704517545,-7.8584578595362276
