model_type,n_train,n_test,mse_train,rmse_train,r2_train,mse_test,rmse_test,r2_test,y_test_mean,bias,Game of season_weight,Game for player_weight,Age (days)_weight,Home?_weight,Game Started?_weight,Year_weight,Month of Season_weight
Linreg,623,156,28.781120125409032,5.364803829163656,0.265277089852917,35.643699306381684,5.970234443167344,0.15258328962847734,9.647435897435898,5.27429288563548,6.89640372763834,6.8964037276383605,-5.391073301926403,0.5476045724874902,6.024278950625124,10.596928859392856,-12.217843799104365
Lasso (lambda=0.05),623,156,29.70316804323654,5.450061288025718,0.24173909944359973,35.7060636714748,5.975455101619859,0.15110059826534605,9.647435897435898,5.378036787920721,6.480851300776728,0.0,0.35992777704128187,0.3172113706464518,5.566217606996309,2.548250476757492,-4.0809028709234045
"Random Forest (500 estimators, 5 depth)",623,156,20.673971896980298,4.546863962884781,0.47223594042684947,31.701444545806826,5.630403586405403,0.24630904272545429,9.647435897435898,,0.08570271148744855,0.08275458217131258,0.409089076321423,0.015608177228738477,0.355718865588967,0.034675109947905236,0.016451477254205128
"Random Forest (100 estimators, 5 depth)",623,156,20.614791982956124,4.540351526364024,0.47374668213754845,32.14777817251812,5.669901072551277,0.23569761402876566,9.647435897435898,,0.08139747471485481,0.08082451308505216,0.42773817535739983,0.0172764117668711,0.35119997997615804,0.022229866785293557,0.01933357831437054
Ridge (lambda=2.0),623,156,28.957430797910813,5.38121090442577,0.26077624034372315,35.45698369559629,5.954576701630124,0.1570223891536614,9.647435897435898,5.133046318965486,5.403469621155026,5.403469621154984,1.945752830378633,0.5266861278477573,5.8405268507670405,2.496544229321316,-8.467681168815691
