model_type,n_train,n_test,mse_train,rmse_train,r2_train,mse_test,rmse_test,r2_test,y_test_mean,bias,Game of season_weight,Game for player_weight,Age (days)_weight,Home?_weight,Game Started?_weight,Year_weight,Month of Season_weight
Linreg,112,28,36.79117132121685,6.065572629292048,0.2510265486290802,37.54293760916223,6.1272291950899165,0.1255336437332308,8.321428571428571,5.79706468070456,-15.991249156961777,12.832219708500835,0.1503812729175707,0.7888823868880164,7.124103622795416,-2.146455799328728,6.598599052062655
Lasso (lambda=0.05),112,28,37.21666018012747,6.100545891977821,0.2423646917831586,36.971264077518654,6.080399993217441,0.1388493111270501,8.321428571428571,5.77926924581359,0.0,2.5388461977661376,-0.5917874017571859,0.356542868339633,6.8769091124672,-0.0,0.0
"Random Forest (500 estimators, 5 depth)",112,28,12.675753875775674,3.560302497790837,0.7419543116423395,51.513485559145884,7.17728956913025,-0.199874407390902,8.321428571428571,,0.1922277240392521,0.2172235533712011,0.2835857969710502,0.0234860438107302,0.2439590719114421,0.0105922336474173,0.0289255762489065
"Random Forest (100 estimators, 5 depth)",112,28,12.468781637685272,3.5311162028012157,0.7461677331218328,54.129046522746606,7.357244492522089,-0.2607971857106073,8.321428571428571,,0.2232102468696865,0.1950848364212311,0.2674241733432539,0.023518939320197,0.2504967981770389,0.0099559666663894,0.030309039202203
Ridge (lambda=2.0),112,28,37.23501814452809,6.102050323008496,0.241990970929391,37.104251560535225,6.091325927951584,0.135751709098321,8.321428571428571,5.79376510966252,0.5074615819426508,2.0917912623007604,-0.8645941525682221,0.6028420142940522,6.211159140736847,-0.7799979350663334,0.8304705131443537
SVM (linear kernel),112,28,38.02253978711138,6.166241950094999,0.2259590594274391,37.405383604219445,6.115994081440845,0.1287376111676508,8.321428571428571,,,,,,,,
"Feedforward NN (3 layers, [[16, 4, 1]] activations)",112,28,40.33049972728522,6.35062986854731,0.1789749417725338,48.99998658796028,6.999999041997097,-0.14132890118425534,8.321428571428571,,,,,,,,
