model_type,n_train,n_test,mse_train,rmse_train,r2_train,mse_test,rmse_test,r2_test,y_test_mean,bias,Game of season_weight,Game for player_weight,Age (days)_weight,Home?_weight,Game Started?_weight,Year_weight,Month of Season_weight
Linreg,829,208,85.56620362504259,9.250200193781893,0.3244647474771435,76.1155715459437,8.724423851804984,0.3504987754065896,25.1875,9.229097867219027,-46.304817556618396,50.77377307937971,27.27938817289726,0.6659602004219936,15.419946661807815,-26.653605296664495,5.650782279177076
Lasso (lambda=0.05),829,208,90.1835140491305,9.496500094725977,0.2880116172555316,81.01626577166599,9.000903608619858,0.30868069749800797,25.1875,11.608887821191091,-0.0,2.830725984291828,-0.0,0.3920248681423646,15.409704963071777,-2.185215697476244,-0.0
"Random Forest (500 estimators, 5 depth)",829,208,58.4135839073274,7.642877985898205,0.538831530629546,58.699160023831624,7.661537706220052,0.4991146286660847,25.1875,,0.02973193385997027,0.027152631044628565,0.8996806277637608,0.007558048621408771,0.0019438860912223761,0.022662773260493926,0.011270099358515221
"Random Forest (100 estimators, 5 depth)",829,208,58.6398520529476,7.6576662275753185,0.5370451698654384,59.12683565582335,7.689397613325984,0.4954652328714316,25.1875,,0.027625928067086483,0.026297113226732168,0.9066230330933397,0.006627827882171143,0.005790652309212646,0.013769824942672414,0.013265620478785599
Ridge (lambda=2.0),829,208,88.09288214508798,9.38578084898044,0.304516913638885,79.54648113770321,8.918883401956952,0.32122250596450797,25.1875,11.024809306507589,-12.403089720919446,15.387064179947592,0.7289489191315939,0.6179808679472262,15.785125190498947,-2.634153840990878,1.2290116890477412
