model_type,n_train,n_test,mse_train,rmse_train,r2_train,mse_test,rmse_test,r2_test,y_test_mean,bias,Game of season_weight,Game for player_weight,Age (days)_weight,Home?_weight,Game Started?_weight,Year_weight,Month of Season_weight
Linreg,255,64,56.20922695512898,7.4972813042548285,0.2322392320896125,45.61998096185036,6.754256506962877,0.2903038720076755,12.484375,8.464891002763549,3.9379643944794336,5.591373601966272,-13.076759067631624,-0.814213997313542,6.717242272957057,15.447295004561795,-9.238810358187806
Lasso (lambda=0.05),255,64,56.65822107374242,7.527165540476868,0.22610642991517438,46.253008095736064,6.80095641036877,0.28045606198319406,12.484375,8.840081040912672,2.081412111322732,4.317521541814027,-0.0,-0.563089066678744,6.676537265003104,-0.0,-5.3102181615633945
"Random Forest (500 estimators, 5 depth)",255,64,28.34922174922385,5.324398721848679,0.6127785162884203,41.931625683397094,6.475463356656193,0.34768248998577833,12.484375,,0.09794524805515371,0.11310195255414328,0.3817037688551521,0.04089316778221402,0.27427117610795454,0.03171310344723246,0.060371583198149906
"Random Forest (100 estimators, 5 depth)",255,64,28.372125876079053,5.3265491526953035,0.6124656692528846,42.580308743167265,6.5253588976520875,0.33759112549796566,12.484375,,0.09746361578044418,0.10484545912845468,0.3807605461083428,0.04223127633610044,0.2640493411630344,0.043887113155332017,0.06676264832829128
Ridge (lambda=2.0),255,64,56.54608910993248,7.5197133662083475,0.22763803828813323,45.86919790396303,6.772680259982972,0.28642688005988504,12.484375,8.94459913151941,3.430717196964551,3.7337606615825107,-0.5474418103906411,-0.7424705158142392,6.535203907818467,0.4167497908840126,-5.815673220943041
