model_type,n_train,n_test,mse_train,rmse_train,r2_train,mse_test,rmse_test,r2_test,y_test_mean,bias,Game of season_weight,Game for player_weight,Age (days)_weight,Home?_weight,Game Started?_weight,Year_weight,Month of Season_weight
Linreg,588,147,52.484828845422136,7.244641388324348,0.27986388273106033,50.335074710471986,7.094721609088829,0.28294976753937695,18.081632653061224,5.917289633928561,-5.66852293664276,13.306675800010838,-10.707462202921521,1.2732375360367414,11.224915250908843,12.051042813261454,-4.157599363825424
Lasso (lambda=0.05),588,147,52.8728666473139,7.271373092292397,0.27453967681946423,49.96815184505666,7.068815448507385,0.2881767812560455,18.081632653061224,6.409582675311185,0.0,2.9517987570540316,-0.1633700350877776,1.1079885020325968,11.38533457880319,-0.0,-0.0
"Random Forest (500 estimators, 5 depth)",588,147,41.42321543212134,6.43608696586065,0.4316385480852232,43.48264956376559,6.594137514775196,0.38056625212050743,18.081632653061224,,0.07543853446206125,0.06290702085503702,0.23768638485456486,0.014235376642890964,0.5755823527472403,0.01324517819226556,0.020905152245940088
"Random Forest (100 estimators, 5 depth)",588,147,41.77874236673365,6.4636477601068,0.4267604186922458,43.52465277254673,6.597321636281404,0.37996789380289586,18.081632653061224,,0.0727369935536271,0.0588953088249074,0.2386420204931385,0.013903236244254723,0.5779172041348855,0.014521372013589396,0.02338386473559748
Ridge (lambda=2.0),588,147,52.5756669576994,7.250908009187498,0.27861750721808975,50.268491719086605,7.090027624705464,0.2838982780904278,18.081632653061224,6.255698161479433,2.7936459963795,3.594283406955098,-0.4771244325138272,1.2479246736582033,11.26024197455423,0.6025335618355424,-2.6236352690257814
