model_type,n_train,n_test,mse_train,rmse_train,r2_train,mse_test,rmse_test,r2_test,y_test_mean,bias,Game of season_weight,Game for player_weight,Age (days)_weight,Home?_weight,Game Started?_weight,Year_weight,Month of Season_weight
Linreg,316,80,24.185074497173737,4.917832296568656,0.3338588487627471,29.360402824388995,5.418524044828905,0.4422796634321911,7.8625,2.1100330547338624,0.0085244519916199,0.0085244519916158,6.15012770992803,0.4354715772112219,5.835886841216397,-1.5579922396264725,1.3589546876133618
Lasso (lambda=0.05),316,80,24.269774229591096,4.926436260583414,0.3315259232524874,29.8207481342916,5.460837676977004,0.4335350987641947,7.8625,2.956270229005261,0.0,0.0,3.948132680679184,0.2439048059990097,5.6797475147262215,0.2300931144119228,0.4403660803705411
"Random Forest (500 estimators, 5 depth)",316,80,14.019227544147151,3.744225893846037,0.613861665929269,30.966462268991485,5.56475177065352,0.4117714984267865,7.8625,,0.095058517265775,0.1101357572776937,0.3355725075830874,0.0305537713279908,0.3940297490901664,0.018321719245467,0.0163279782098196
"Random Forest (100 estimators, 5 depth)",316,80,13.878726355856536,3.7254162661179935,0.6177315578053122,31.58386790220676,5.619952660139297,0.4000434686849857,7.8625,,0.0990157380814139,0.1153721801759779,0.3275797630122982,0.0308658260730297,0.3995618256375758,0.0146430764602181,0.012961590559486
Ridge (lambda=2.0),316,80,24.2105111682982,4.920417783918171,0.3331582342829995,29.79600610682067,5.458571801013583,0.4340050899959565,7.8625,2.381757444032397,0.2040732709944429,0.2040732709944426,2.8398644714205643,0.4148498664533941,5.719550991363574,1.8668833755216363,0.4704744704694785
SVM (linear kernel),316,80,24.636934240499635,4.963560641364184,0.32141305829590117,30.96553175972839,5.564668162588708,0.4117891740677678,7.8625,,,,,,,,
"Feedforward NN (3 layers, [[16, 4, 1]] activations)",316,80,26.17292097586086,5.1159477104306745,0.2791066361139789,30.96048988695777,5.56421511868096,0.4118849477870652,7.8625,,,,,,,,
