model_type,n_train,n_test,mse_train,rmse_train,r2_train,mse_test,rmse_test,r2_test,y_test_mean,bias,Game of season_weight,Game for player_weight,Age (days)_weight,Home?_weight,Game Started?_weight,Year_weight,Month of Season_weight
Linreg,702,176,37.64789949378802,6.135788416641175,0.1593051993547281,37.98839021218175,6.163472252892987,0.1567228179465712,11.323863636363637,9.10056489978777,6.442948980735139,-5.416132356270261,-7.506988197863285,-0.0423146437789312,5.018261320913385,4.371243200334857,-1.1870467000568796
Lasso (lambda=0.05),702,176,37.821780966351504,6.149941541701962,0.1554223466092039,38.3996623577698,6.196746110481677,0.1475932808945551,11.323863636363637,8.940292282772573,0.2619926622082011,0.0,-2.7672754541485247,-0.0,4.926362118293521,-0.0,0.0
"Random Forest (500 estimators, 5 depth)",702,176,27.570150196325763,5.250728539576747,0.3843459466607234,35.25289623761935,5.937414945716642,0.2174460978094119,11.323863636363637,,0.0854139093200005,0.1150505041502206,0.4319879973812601,0.0147791036595149,0.3104205029064308,0.027168996713002,0.0151789858695709
"Random Forest (100 estimators, 5 depth)",702,176,27.609768620757137,5.2544998449668965,0.3834612491376993,35.80400966932677,5.98364518243911,0.2052123237777606,11.323863636363637,,0.0786306803013491,0.1260169222539267,0.4158053672458834,0.0151422020595282,0.3094672016127211,0.038263270530778,0.0166743559958131
Ridge (lambda=2.0),702,176,37.7077379838966,6.14066266651219,0.1579689785246376,38.13172222917116,6.175088843828173,0.1535410927218443,11.323863636363637,8.927200839872965,2.5232577641460425,-1.976945989492407,-2.0404972076408447,-0.0322782238293579,4.972870037010956,-1.238531220162873,0.0927453188644327
SVM (linear kernel),702,176,37.891637246666534,6.155618348035113,0.15386242394571115,38.62033063982215,6.214525777549092,0.1426948230757764,11.323863636363637,,,,,,,,
"Feedforward NN (3 layers, [[16, 4, 1]] activations)",702,176,37.96224816206036,6.161351163670219,0.1522856499360432,38.63678958008564,6.215849867884973,0.1423294627989271,11.323863636363637,,,,,,,,
