model_type,n_train,n_test,mse_train,rmse_train,r2_train,mse_test,rmse_test,r2_test,y_test_mean,bias,Game of season_weight,Game for player_weight,Age (days)_weight,Home?_weight,Game Started?_weight,Year_weight,Month of Season_weight
Linreg,544,136,6.505364879842925,2.550561679286138,0.240417223875367,6.469417170916245,2.543504898936946,0.1262689575595149,2.242647058823529,1.3146392221717922,-1.1004177821329642,-1.1004177821329633,-1.8978299226745043,-0.0782498493031726,3.091802218244731,1.8573311648713764,1.8736935643916632
Lasso (lambda=0.05),544,136,6.607599130511408,2.570525069029946,0.2284800954633381,6.367567877280136,2.523404025771564,0.1400242754111076,2.242647058823529,1.6407932011331443,-0.0,-0.0,-0.0,-0.0,2.7194162229506254,-0.0,0.0
"Random Forest (500 estimators, 5 depth)",544,136,4.473907205101398,2.1151612716531565,0.477615334767053,6.208916223929691,2.4917696972091323,0.1614510702528381,2.242647058823529,,0.0827857370905174,0.0800057435073067,0.31757130893469,0.0211275206738061,0.4555224145873564,0.0236493613091079,0.0193379138972155
"Random Forest (100 estimators, 5 depth)",544,136,4.499457666405961,2.121192510453957,0.4746319985995275,6.1819195302812,2.486346623116173,0.1650971250149244,2.242647058823529,,0.0827046354541893,0.0885478342660882,0.3071184446735723,0.0260912582455289,0.4482532631866502,0.0264479845846281,0.0208365795893428
Ridge (lambda=2.0),544,136,6.511822817260847,2.5518273486387844,0.239663178849062,6.425894264483889,2.534934765331031,0.1321469699681345,2.242647058823529,1.3858402395481313,-0.8396359020258131,-0.8396359020258155,-0.2275155602345868,-0.0656709043176948,3.009976595915138,0.1054168676260145,1.5458374867729885
SVM (linear kernel),544,136,6.878592887316114,2.622707167663999,0.19683818237957385,6.386480236339925,2.5271486375636725,0.13747005533845502,2.2426470588235294,,,,,,,,
"Feedforward NN (3 layers, [[16, 4, 1]] activations)",544,136,6.716638275391764,2.591647791539538,0.21574841047651905,6.348891685860956,2.519700713549321,0.14254659972045314,2.2426470588235294,,,,,,,,
