model_type,n_train,n_test,mse_train,rmse_train,r2_train,mse_test,rmse_test,r2_test,y_test_mean,bias,Game of season_weight,Game for player_weight,Age (days)_weight,Home?_weight,Game Started?_weight,Year_weight,Month of Season_weight
Linreg,693,174,37.15002596787501,6.095082113300444,0.0913005715515512,45.22730532032448,6.725124929718739,0.0602244148608671,11.241379310344827,6.683313139335159,-38.895396372368246,32.07304175885833,13.003636341554667,-0.0194315055456382,3.204385223289078,-12.480933287160507,11.082752319800475
Lasso (lambda=0.05),693,174,37.8119991749132,6.149146215119071,0.0751085324018623,44.73581325180275,6.688483628731011,0.0704371003838024,11.241379310344827,8.206437749971123,0.0,0.0,0.0,0.0,2.944518321692744,0.0,2.087758394771018
"Random Forest (500 estimators, 5 depth)",693,174,28.23130206824836,5.313313661760272,0.309454909238649,40.55603299729589,6.368361877068222,0.1572885147365157,11.241379310344827,,0.0970732404730348,0.10443856309861,0.554346398792088,0.0206598159763585,0.1754822682747219,0.0271134487689467,0.0208862646162398
"Random Forest (100 estimators, 5 depth)",693,174,28.25261808389072,5.315319189276475,0.3089335138768325,40.30873339876358,6.348915923113456,0.1624271389209404,11.241379310344827,,0.093060731307339,0.1049609634458623,0.554997691933956,0.0188608147111216,0.1730970793952645,0.0319909630856449,0.0230317561208114
Ridge (lambda=2.0),693,174,37.62875429219572,6.134228092612445,0.0795907505390844,44.56018709126828,6.675341720935961,0.0740864263078886,11.241379310344827,7.723397675311048,-2.866168013348796,0.7426809895086222,0.4071598238719512,0.0378223393656752,3.076743584838674,-0.31661453374275,4.6855111219657655
SVM (linear kernel),693,174,37.52893069849449,6.126086083176966,0.08203246195593272,44.982468381106386,6.7068970754818045,0.06531186758854401,11.241379310344827,,,,,,,,
"Feedforward NN (3 layers, [[16, 4, 1]] activations)",693,174,38.408817516918056,6.197484773431723,0.0605101984266363,48.95222010967221,6.996586318317828,-0.0171753760610025,11.241379310344827,,,,,,,,
