model_type,n_train,n_test,mse_train,rmse_train,r2_train,mse_test,rmse_test,r2_test,y_test_mean,bias,Game of season_weight,Game for player_weight,Age (days)_weight,Home?_weight,Game Started?_weight,Year_weight,Month of Season_weight
Linreg,131,33,25.093560498477213,5.0093473126223955,0.11922435129863784,17.707589729230023,4.208038703390217,-0.043482966186769056,6.0,6.990073645379178,-0.9585350728034052,-0.9585350728034063,6.150337413038859,0.10958692131792092,4.7482595497119435,-7.359018536254684,1.8701491377336188
Lasso (lambda=0.05),131,33,25.517805794673663,5.051515197905839,0.1043334821456291,17.816513129826138,4.220961161847635,-0.04990166657904038,6.0,6.8360667955932435,-0.0,-0.0,0.0,0.011996719755379259,4.458391033251249,-0.5641941344353029,-0.7488277452045801
"Random Forest (500 estimators, 5 depth)",131,33,13.70186116220731,3.701602512724362,0.5190692188025091,18.721325189526407,4.326814670115466,-0.1032209486685205,6.0,,0.178085217910792,0.18647894852242886,0.45699323160870864,0.03540703240752304,0.11175974996012684,0.011919111918629497,0.019356707671791144
"Random Forest (100 estimators, 5 depth)",131,33,14.058530244484752,3.749470661904791,0.5065502523396312,19.737089290489806,4.4426444028854934,-0.16307847604672077,6.0,,0.18645111118272145,0.18900084349620053,0.4366409191003571,0.03741801048144833,0.11802042616277562,0.010991802045064353,0.021476887531432474
Ridge (lambda=2.0),131,33,25.36371991581949,5.036240653088322,0.10974184537538045,17.424685163598266,4.174288581734409,-0.026811804283469298,6.0,6.864421819598382,-0.2808104501305748,-0.2808104501305748,1.318893586036166,0.16964609192125524,4.365719361006157,-1.8387393151158962,-0.38474963905233284
