model_type,n_train,n_test,mse_train,rmse_train,r2_train,mse_test,rmse_test,r2_test,y_test_mean,bias,Game of season_weight,Game for player_weight,Age (days)_weight,Home?_weight,Game Started?_weight,Year_weight,Month of Season_weight
Linreg,412,104,22.63277504060426,4.757391621530044,0.3489094931009007,16.983197320321725,4.121067497666318,0.4262673473012529,6.0673076923076925,8.622708451572628,-7.374509258870511,12.959784904089585,6.262613254068702,0.7521789044241313,4.185800179411911,-13.759316165893756,-4.880784268387814
Lasso (lambda=0.05),412,104,23.272941882150736,4.82420375628463,0.3304934326480963,17.120011549177597,4.13763356874163,0.4216454384246195,6.0673076923076925,8.404455859233686,-0.0,3.745056770161933,-0.0,0.3913969240977497,4.370206610319214,-7.606473766759183,-4.584312667365375
"Random Forest (500 estimators, 5 depth)",412,104,12.727223729132485,3.567523472821515,0.6338683818333098,12.512267217613358,3.5372683270588,0.5773059614960128,6.0673076923076925,,0.0675760440874888,0.0571164650327747,0.8147969818621653,0.0130777889275344,0.0244554939180941,0.0119787136996311,0.010998512472311
"Random Forest (100 estimators, 5 depth)",412,104,12.776146422154632,3.574373570593123,0.6324609936123995,12.52806490518086,3.5395006576042416,0.5767722781722159,6.0673076923076925,,0.0614163404918749,0.0500660473782401,0.8077635772016343,0.0148417934149769,0.0308740506395841,0.0230503043389166,0.0119878865347729
Ridge (lambda=2.0),412,104,22.96608026926696,4.792293842124767,0.3393211032594964,17.087073814905448,4.133651390103603,0.4227581531450234,6.0673076923076925,8.648990946518158,-1.9390866821402373,6.594208167127486,-2.6876220925482834,0.6019208716470308,4.322153110343955,-5.190996125970806,-5.5604404327921975
SVM (linear kernel),412,104,23.148142267492155,4.811251632111145,0.3340836174231886,16.79406604673303,4.098056374274642,0.43265664993124087,6.0673076923076925,,,,,,,,
"Feedforward NN (3 layers, [[16, 4, 1]] activations)",412,104,37.945631785100076,6.160002579958881,-0.09160456856234322,31.7473244783655,5.634476415636638,-0.07249985650613966,6.0673076923076925,,,,,,,,
