model_type,n_train,n_test,mse_train,rmse_train,r2_train,mse_test,rmse_test,r2_test,y_test_mean,bias,Game of season_weight,Game for player_weight,Age (days)_weight,Home?_weight,Game Started?_weight,Year_weight,Month of Season_weight
Linreg,453,114,20.294417210364458,4.504932542265695,0.1691510632859552,19.059172913913482,4.365681265726288,0.1035911247255159,7.166666666666667,3.234355282227887,-22.066579069567403,20.911968397878674,6.743496425207706,0.9610368740941635,4.104073449343706,-6.632043126331965,2.4875877557254302
Lasso (lambda=0.05),453,114,20.79019768059224,4.55962692339979,0.14885392086188143,19.236254577077172,4.385915477648557,0.09526245405206724,7.166666666666667,4.551085829509985,0.0,0.1407972930952313,-0.3118361479947987,0.8185067222913057,3.700252567381651,-0.0,0.0
"Random Forest (500 estimators, 5 depth)",453,114,14.00567175437946,3.742415230085975,0.4266109066118323,16.880749161641717,4.108618887368566,0.20604879140734833,7.166666666666667,,0.08694832299038349,0.10920851968820396,0.42111951752599536,0.03674754174009466,0.29991073450145733,0.019667931618672377,0.02639743193519277
"Random Forest (100 estimators, 5 depth)",453,114,14.109321655386184,3.7562376995320976,0.42236750266732426,16.825577301849002,4.101899231069554,0.20864368600256367,7.166666666666667,,0.09116415241178645,0.10987530044907826,0.41529248294162824,0.04102186474771863,0.29197653842837756,0.02474301283026648,0.025926648191144444
Ridge (lambda=2.0),453,114,20.60593644576925,4.539376217694371,0.15639753492299935,19.413699569184477,4.406097998136727,0.08691669495137311,7.166666666666667,4.137371271279331,-1.6826280370108504,1.5066739076005025,-0.0644502560232311,0.999051734603833,4.13088888570173,-1.0971615666661956,1.1483486158861418
