model_type,n_train,n_test,mse_train,rmse_train,r2_train,mse_test,rmse_test,r2_test,y_test_mean,bias,Game of season_weight,Game for player_weight,Age (days)_weight,Home?_weight,Game Started?_weight,Year_weight,Month of Season_weight
Linreg,376,94,30.689290378934306,5.539791546523597,0.2664035795429951,37.27813498014949,6.105582280188311,0.11297987665183529,11.127659574468085,13.51284549860143,15.816683892751247,-11.941147853199569,-18.3248934379604,1.05735306186935,2.3814645063309916,9.176031062083098,-2.7279206598689125
Lasso (lambda=0.05),376,94,31.101761748601465,5.576895350336194,0.2565438689862294,36.43260843454661,6.0359430443425,0.13309888370983824,11.127659574468085,13.034386600007174,2.171968434825293,0.0,-8.378589726976843,0.9387743551160839,2.192999262174395,-0.0,0.0
"Random Forest (500 estimators, 5 depth)",376,94,21.920254841611197,4.681907179944002,0.4760184973729683,38.436215027149785,6.1996947527398305,0.08542376885072733,11.127659574468085,,0.12500172765203071,0.1412552700554794,0.6535299170602996,0.02658855706736573,0.009095490605026506,0.02701924028133727,0.017509797278460897
"Random Forest (100 estimators, 5 depth)",376,94,21.992701207036735,4.689637641336134,0.47428674034323337,38.39530356157337,6.196394400098606,0.08639724279896188,11.127659574468085,,0.12721548992094348,0.1347441319949927,0.6548742204973033,0.030069840233807536,0.007895214191535053,0.02619218600491587,0.019008917156502134
Ridge (lambda=2.0),376,94,31.059581893738674,5.573112406343395,0.2575521357190431,36.89999536532144,6.074536637910866,0.12197757591887781,11.127659574468085,12.861332244267823,2.9855451732479374,0.626326354616194,-5.835360866038963,1.0908449903017268,2.3666779575187515,-2.9174781057030943,-0.8357285187413664
