model_type,n_train,n_test,mse_train,rmse_train,r2_train,mse_test,rmse_test,r2_test,y_test_mean,bias,Game of season_weight,Game for player_weight,Age (days)_weight,Home?_weight,Game Started?_weight,Year_weight,Month of Season_weight
Linreg,376,94,30.689290378934302,5.539791546523597,0.2664035795429951,37.27813498014949,6.105582280188311,0.1129798766518352,11.127659574468083,13.51284549860143,15.816683892751248,-11.941147853199569,-18.3248934379604,1.05735306186935,2.381464506330992,9.176031062083098,-2.7279206598689125
Lasso (lambda=0.05),376,94,31.101761748601465,5.576895350336194,0.2565438689862294,36.43260843454661,6.0359430443425,0.1330988837098382,11.127659574468083,13.034386600007174,2.171968434825293,0.0,-8.378589726976843,0.938774355116084,2.192999262174395,-0.0,0.0
"Random Forest (500 estimators, 5 depth)",376,94,21.9202548416112,4.681907179944002,0.4760184973729683,38.436215027149785,6.199694752739831,0.0854237688507273,11.127659574468083,,0.1250017276520307,0.1412552700554794,0.6535299170602996,0.0265885570673657,0.0090954906050265,0.0270192402813372,0.0175097972784608
"Random Forest (100 estimators, 5 depth)",376,94,21.99270120703673,4.689637641336134,0.4742867403432333,38.39530356157337,6.196394400098606,0.0863972427989618,11.127659574468083,,0.1272154899209434,0.1347441319949927,0.6548742204973033,0.0300698402338075,0.007895214191535,0.0261921860049158,0.0190089171565021
Ridge (lambda=2.0),376,94,31.059581893738677,5.573112406343395,0.2575521357190431,36.89999536532144,6.074536637910866,0.1219775759188778,11.127659574468083,12.861332244267825,2.985545173247937,0.626326354616194,-5.835360866038963,1.0908449903017268,2.3666779575187515,-2.9174781057030943,-0.8357285187413664
SVM (linear kernel),376,94,30.94998691620224,5.563271242371905,0.2601718927166171,36.8242654721274,6.06830004796462,0.12377954211804232,11.127659574468085,,,,,,,,
"Feedforward NN (3 layers, [[16, 4, 1]] activations)",376,94,30.90336428541714,5.55907944586306,0.26128635951053536,39.983017083295685,6.323212560344282,0.04861815742815112,11.127659574468085,,,,,,,,
