model_type,n_train,n_test,mse_train,rmse_train,r2_train,mse_test,rmse_test,r2_test,y_test_mean,bias,Game of season_weight,Game for player_weight,Age (days)_weight,Home?_weight,Game Started?_weight,Year_weight,Month of Season_weight
Linreg,125,32,23.297573442589645,4.826755995758398,0.35636486512782883,27.67189717717627,5.260408461058539,0.11227999030612468,5.625,1.3505704446371292,-301.6220100829436,312.2344641565244,-10.0106131873629,0.6915688586087949,3.980826523837777,12.04444699334601,-6.801407500264531
Lasso (lambda=0.05),125,32,24.25556858670265,4.924994272758361,0.32989861810397036,28.212198946075645,5.311515691973021,0.09494700122865096,5.625,1.6703781278860061,2.3822469543253564,2.9604015280664684,0.0,0.4371909745396058,5.00110422628405,0.0,-0.5643559610007092
"Random Forest (500 estimators, 5 depth)",125,32,9.666292494164177,3.109066177192788,0.7329522111593929,23.171359276261743,4.813663810057963,0.2566581485309516,5.625,,0.17189274138610364,0.18145261700980797,0.26044152672225684,0.022806257828048633,0.32844999517471335,0.010597204257588672,0.024359657621480842
"Random Forest (100 estimators, 5 depth)",125,32,9.995382780748546,3.1615475294147557,0.7238605316541084,23.559881137078918,4.853852195635845,0.24419428933681664,5.625,,0.16981823575512006,0.1963358081896303,0.26239816384318976,0.01832037894656458,0.32192981987812863,0.008275154660727266,0.02292243872663951
Ridge (lambda=2.0),125,32,23.988465196712863,4.897802078148204,0.33727780404642627,27.975089661262487,5.289148292614085,0.1025535146261658,5.625,1.5372363546116592,3.289059243178444,3.308841378802704,-0.46769927044684656,0.5560032514199258,4.662377746026463,1.2577689902779858,-1.7797618286557664
