model_type,n_train,n_test,mse_train,rmse_train,r2_train,mse_test,rmse_test,r2_test,y_test_mean,bias,Game of season_weight,Game for player_weight,Age (days)_weight,Home?_weight,Game Started?_weight,Year_weight,Month of Season_weight
Linreg,125,32,23.297573442589645,4.826755995758398,0.3563648651278288,27.67189717717627,5.260408461058539,0.1122799903061246,5.625,1.3505704446371292,-301.6220100829436,312.2344641565244,-10.0106131873629,0.6915688586087949,3.980826523837777,12.04444699334601,-6.801407500264531
Lasso (lambda=0.05),125,32,24.25556858670265,4.924994272758361,0.3298986181039703,28.212198946075645,5.311515691973021,0.0949470012286509,5.625,1.670378127886006,2.3822469543253564,2.9604015280664684,0.0,0.4371909745396058,5.00110422628405,0.0,-0.5643559610007092
"Random Forest (500 estimators, 5 depth)",125,32,9.666292494164177,3.109066177192788,0.7329522111593929,23.171359276261743,4.813663810057963,0.2566581485309516,5.625,,0.1718927413861036,0.1814526170098079,0.2604415267222568,0.0228062578280486,0.3284499951747133,0.0105972042575886,0.0243596576214808
"Random Forest (100 estimators, 5 depth)",125,32,9.995382780748546,3.161547529414756,0.7238605316541084,23.55988113707892,4.853852195635845,0.2441942893368166,5.625,,0.16981823575512,0.1963358081896303,0.2623981638431897,0.0183203789465645,0.3219298198781286,0.0082751546607272,0.0229224387266395
Ridge (lambda=2.0),125,32,23.988465196712863,4.897802078148204,0.3372778040464262,27.975089661262487,5.289148292614085,0.1025535146261658,5.625,1.5372363546116592,3.289059243178444,3.308841378802704,-0.4676992704468465,0.5560032514199258,4.662377746026463,1.2577689902779858,-1.7797618286557664
SVM (linear kernel),125,32,24.071432311884465,4.906264598641665,0.3349856962226214,26.99875833186048,5.19603294176052,0.13387441942903722,5.625,,,,,,,,
"Feedforward NN (3 layers, [[16, 4, 1]] activations)",125,32,51.95363112479401,7.207886730852116,-0.4353075206955497,43.93599547914507,6.628423302652379,-0.40947554419312504,5.625,,,,,,,,
