model_type,n_train,n_test,mse_train,rmse_train,r2_train,mse_test,rmse_test,r2_test,y_test_mean,bias,Game of season_weight,Game for player_weight,Age (days)_weight,Home?_weight,Game Started?_weight,Year_weight,Month of Season_weight
Linreg,539,135,18.422669455995468,4.292163726606368,0.182611138393397,20.63264347685893,4.542316972301574,0.0524537796380609,5.533333333333333,3.727563069071444,-30.54730766250714,38.47276760867385,13.108904859043134,0.6984680941651109,3.962007785886988,-11.734647206814554,-6.054663956178803
Lasso (lambda=0.05),539,135,19.109533068643543,4.371445192226885,0.1521359313251458,19.959422522600747,4.467596951673321,0.0833711931721661,5.533333333333333,3.743896254822466,0.0,1.136699632938786,0.0,0.5276895826598826,4.057918394952983,0.0,-0.0
"Random Forest (500 estimators, 5 depth)",539,135,12.409462047135198,3.522706636541737,0.4494089968836121,19.616381528621336,4.429038442892693,0.09912521895364,5.533333333333333,,0.1160630045689634,0.1286403419500767,0.3977528096010742,0.0448192459673055,0.2787561758767594,0.0113703193361286,0.022598102699692
"Random Forest (100 estimators, 5 depth)",539,135,12.345005662402972,3.513546023948309,0.452268839267768,19.819262210173044,4.451882996011131,0.0898080016419374,5.533333333333333,,0.1231234453847586,0.1141407794670448,0.4117404366138507,0.0399186589668187,0.2830699118417453,0.0108544042755794,0.0171523634502023
Ridge (lambda=2.0),539,135,18.62244916373252,4.315373583333489,0.173747183673407,20.34584434604522,4.510636800502255,0.0656249194733623,5.533333333333333,3.814203044650366,2.525461489718703,3.295946238199729,0.9687948491026056,0.6998077780784734,4.085223267644339,-0.2582621046471424,-4.428012536649109
SVM (linear kernel),539,135,18.778370930344405,4.33340177347363,0.16682914632735324,21.36141390175987,4.6218409645681096,0.018985278018239904,5.533333333333333,,,,,,,,
"Feedforward NN (3 layers, [[16, 4, 1]] activations)",539,135,18.581929215957217,4.310676190107211,0.17554499880891294,19.682938995848268,4.43654584061162,0.09606859285633551,5.533333333333333,,,,,,,,
