model_type,n_train,n_test,mse_train,rmse_train,r2_train,mse_test,rmse_test,r2_test,y_test_mean,bias,Game of season_weight,Game for player_weight,Age (days)_weight,Home?_weight,Game Started?_weight,Year_weight,Month of Season_weight
Linreg,647,162,56.19606668115598,7.496403583129445,0.1566230158946874,65.41763884264675,8.088117138286682,0.1262235097492394,15.691358024691358,7.323568527624578,-12.573109131287111,13.98762002867054,-16.805498642568473,-0.0021521658399188,6.444804936449893,21.08386931395032,1.315396580763978
Lasso (lambda=0.05),647,162,57.06604296403338,7.5542069712203,0.1435666221463626,67.14467954049033,8.194185715523558,0.1031556096204715,15.691358024691358,8.36881282093869,0.0,1.7305809588135834,0.0,-0.0,6.408105789865851,2.736086422479996,0.0
"Random Forest (500 estimators, 5 depth)",647,162,39.624402473375454,6.294791694200488,0.4053265463474774,56.80874505839834,7.537157624622052,0.2412115944435817,15.691358024691358,,0.0706199027517742,0.0598696595578238,0.7127789581270343,0.0086575297720881,0.1177930085740863,0.0119766104414009,0.0183043307757921
"Random Forest (100 estimators, 5 depth)",647,162,39.50591582094588,6.285373164812562,0.4071047653845813,57.15182328912607,7.559882491753828,0.2366291347640483,15.691358024691358,,0.0688485478444533,0.058984198059092,0.7090577388499729,0.0089553579874613,0.1219047465242737,0.0164418873265974,0.015807523408149
Ridge (lambda=2.0),647,162,56.61624041478888,7.5243764136829885,0.1503171500716901,65.91760905949658,8.118966009258605,0.1195454603876632,15.691358024691358,7.680162849758552,-4.5162977064519305,6.283800229163044,0.4189755700302242,0.0027659641355245,6.418722242256494,3.269650856120025,1.36454515346253
SVM (linear kernel),647,162,56.47682886846509,7.51510671038443,0.15240940485804577,65.25349259973217,8.077963394305037,0.128415993772803,15.691358024691358,,,,,,,,
"Feedforward NN (3 layers, [[16, 4, 1]] activations)",647,162,75.98672050933364,8.717036222784303,-0.1403903326334519,86.08680722261184,9.278297646799862,-0.14985238847890248,15.691358024691358,,,,,,,,
