model_type,n_train,n_test,mse_train,rmse_train,r2_train,mse_test,rmse_test,r2_test,y_test_mean,bias,Game of season_weight,Game for player_weight,Age (days)_weight,Home?_weight,Game Started?_weight,Year_weight,Month of Season_weight
Linreg,616,154,32.95861047451204,5.740959020452249,0.078826087392126,24.29839334580787,4.929340051752148,0.1177572134518215,7.318181818181818,4.886469898534827,-4.790871167222772,7.906404176949139,10.47581136917743,-0.7299740071687844,2.217745893426057,-9.02174608538446,1.990768246079896
Lasso (lambda=0.05),616,154,33.337895641801424,5.773897785880992,0.0682252884956954,24.84723317554408,4.984699908273725,0.0978295592294224,7.318181818181818,5.679161184065038,-0.0,3.4007291894729783,0.5649420985189055,-0.5052579268826856,1.893015796798838,0.0,0.0
"Random Forest (500 estimators, 5 depth)",616,154,22.52388047707691,4.745933045996004,0.3704706962016356,20.141679358495235,4.487948234827941,0.2686820453474737,7.318181818181818,,0.115088639717676,0.2156614106589742,0.5535015070768338,0.0234384827655497,0.0552780303958055,0.0160309049095388,0.0210010244756218
"Random Forest (100 estimators, 5 depth)",616,154,22.63825405221437,4.757967428662619,0.3672740215787838,20.20097081462815,4.494549011261102,0.2665292503567619,7.318181818181818,,0.1036567477508952,0.2211903175665129,0.5635979278561382,0.0202129538139634,0.0477642076966801,0.0165952967081542,0.0269825486076559
Ridge (lambda=2.0),616,154,33.0470729447655,5.748658360414672,0.076353613016868,24.456469860492327,4.945348305275608,0.1120176625762449,7.318181818181818,5.106500024744436,-2.629940167883868,5.764884075404536,1.2343831136741783,-0.7048897206146765,2.1567785874475134,0.3545879873014806,0.924777653048424
SVM (linear kernel),616,154,33.75195816055274,5.809643548493551,0.05665248293833158,24.966231449724056,4.996622003886632,0.09350888800178847,7.318181818181818,,,,,,,,
"Feedforward NN (3 layers, [[16, 4, 1]] activations)",616,154,32.62267315957298,5.711626139688502,0.08821533913357038,23.99274710281698,4.898239183912621,0.12885482757291267,7.318181818181818,,,,,,,,
