model_type,n_train,n_test,mse_train,rmse_train,r2_train,mse_test,rmse_test,r2_test,y_test_mean,bias,Game of season_weight,Game for player_weight,Age (days)_weight,Home?_weight,Game Started?_weight,Year_weight,Month of Season_weight
Linreg,634,159,18.24163438907257,4.271022639728402,0.2246377982733165,22.60473462671029,4.754443671630813,0.2333991145093462,6.408805031446541,2.359032142231728,-10.404615924768,10.506115497370097,11.662378490934657,0.1020052306477711,4.348040684121953,-10.315741334934565,3.573957456608899
Lasso (lambda=0.05),634,159,18.754493258067534,4.330645824593318,0.20283868897436,23.01900696675888,4.79781272735388,0.2193497771488328,6.408805031446541,3.3784992900254203,0.0,0.989694218235539,0.7286940627457041,0.0,4.256602172522194,0.0,0.0
"Random Forest (500 estimators, 5 depth)",634,159,12.110572320950098,3.4800247586691246,0.485239106394594,20.465583712137907,4.52389032936674,0.305944756490545,6.408805031446541,,0.1361188828812966,0.1097903907933653,0.3150877933561046,0.0180767319640441,0.380252384242667,0.012778604572929,0.0278952121895932
"Random Forest (100 estimators, 5 depth)",634,159,12.092327080150262,3.4774023466015924,0.486014621887113,20.422624071387197,4.519139749043749,0.3074016591785747,6.408805031446541,,0.1345183060914929,0.1131442799486722,0.3175184608443681,0.0167795526057411,0.3811071640490194,0.0101814426576279,0.0267507938030781
Ridge (lambda=2.0),634,159,18.455916230698524,4.296034942909395,0.2155297305985977,22.870592318335397,4.782320808805636,0.2243830059294435,6.408805031446541,2.64508106403878,-3.736930184960797,4.193751082574079,1.3883467743555795,0.0796435918250992,4.338013316846809,0.0859645589205094,1.5221562760564196
SVM (linear kernel),634,159,18.454432735713333,4.295862280813171,0.21559278667753423,23.084555309127865,4.804638936395519,0.21712681730735173,6.408805031446541,,,,,,,,
"Feedforward NN (3 layers, [[16, 4, 1]] activations)",634,159,18.642703421643308,4.3177197016067765,0.2075903253602136,22.17118866670189,4.708629170650614,0.24810208370282716,6.408805031446541,,,,,,,,
