model_type,n_train,n_test,mse_train,rmse_train,r2_train,mse_test,rmse_test,r2_test,y_test_mean,bias,Game of season_weight,Game for player_weight,Age (days)_weight,Home?_weight,Game Started?_weight,Year_weight,Month of Season_weight
Linreg,254,64,17.984481894682165,4.2408114665335175,0.2479855636495348,16.689231985245698,4.085245645643075,0.1807395228719274,6.6875,10.80010815124156,0.826080594609091,-5.653273992855338,-0.0359959816777591,-0.2634419734023523,4.642484726668556,-10.810018788351616,2.9536522846337547
Lasso (lambda=0.05),254,64,18.42551572913237,4.29249528003612,0.2295438975304998,16.180075163657982,4.022446415262481,0.2057336065395123,6.6875,10.552106304048747,-0.0,-2.1266753210760343,-5.328833714114087,-0.1258279058543158,2.427343616716056,-4.000827462860966,0.0
"Random Forest (500 estimators, 5 depth)",254,64,9.693675651822252,3.113466822020471,0.5946625499606493,17.987306250279772,4.241144450532164,0.1170181399670907,6.6875,,0.17495450269579,0.1491324820410678,0.5825514118046841,0.0181265692543121,0.0283002566434973,0.0281930717876173,0.0187417057730311
"Random Forest (100 estimators, 5 depth)",254,64,9.603423825220943,3.0989391451303048,0.5984363965973574,17.936522175249024,4.235153146610997,0.1195110878497123,6.6875,,0.1703235229500808,0.1714698582615923,0.573972219780734,0.0169177865051307,0.0279249064801659,0.0192054305785901,0.020186275443706
Ridge (lambda=2.0),254,64,18.13422183687476,4.25842950356992,0.2417242435355306,16.421937508624644,4.052398981914866,0.1938607857702955,6.6875,10.459988287020169,-1.639999105119648,-2.3988372349452844,-4.461304046933659,-0.2887525189816253,3.43437114040148,-4.7646104344054505,1.836980641554256
SVM (linear kernel),254,64,18.154605878493896,4.260822206862649,0.24087189239978335,16.24225353429967,4.030167928796475,0.2026813221896998,6.6875,,,,,,,,
"Feedforward NN (3 layers, [[16, 4, 1]] activations)",254,64,35.28229436323589,5.939890096898754,-0.4753160454717089,31.064318193493982,5.573537314264073,-0.5249214683671064,6.6875,,,,,,,,
