model_type,n_train,n_test,mse_train,rmse_train,r2_train,mse_test,rmse_test,r2_test,y_test_mean,bias,Game of season_weight,Game for player_weight,Age (days)_weight,Home?_weight,Game Started?_weight,Year_weight,Month of Season_weight
Linreg,585,147,41.800823338449,6.465355623509739,0.23571340211788838,45.831902244720474,6.769926310139607,0.23012818821308945,14.244897959183673,10.382444173922643,-22.16496061199133,29.67771787705913,-5.205082158397881,-0.7462168087497474,4.561286878120201,8.395124597496668,-7.02587110552161
Lasso (lambda=0.05),585,147,43.412227781912776,6.58879562453661,0.20625047001400731,47.181650995366844,6.868890084676479,0.2074554762979529,14.244897959183673,10.13931990201532,-11.787390989506951,15.382159149323122,2.0141956300707076,-0.5352810457090819,4.44945788968922,0.0,-0.3981437449335186
"Random Forest (500 estimators, 5 depth)",585,147,29.54177907137995,5.435234960089577,0.45985786837164944,39.50824033951681,6.28555807701407,0.3363513386747926,14.244897959183673,,0.0716767656729697,0.06152953141267616,0.787250576810015,0.012405635352748271,0.04836440799511955,0.007424524522063348,0.011348558234408076
"Random Forest (100 estimators, 5 depth)",585,147,29.550488849645134,5.436036133953226,0.4596986187141796,39.529360585799864,6.287237913885545,0.3359965665297373,14.244897959183673,,0.07269292103285321,0.05696898410231112,0.7829610542784898,0.011976869780735576,0.05290431994510858,0.008809108124766636,0.013686742735734966
Ridge (lambda=2.0),585,147,43.001370288899125,6.557543007018644,0.21376259179704749,46.401410702929645,6.8118580947440215,0.22056174023525155,14.244897959183673,10.139888469784857,-10.189478098493668,16.625134654065235,1.0550112444424016,-0.7432679619756604,4.60504267185944,1.617354681320687,-5.601927439926701
