model_type,n_train,n_test,mse_train,rmse_train,r2_train,mse_test,rmse_test,r2_test,y_test_mean,bias,Game of season_weight,Game for player_weight,Age (days)_weight,Home?_weight,Game Started?_weight,Year_weight,Month of Season_weight
Linreg,140,36,15.809702144261552,3.9761416152171374,0.198098017883369,14.921606763842387,3.8628495652616848,0.261075145545079,3.9722222222222223,0.101096959108899,2.451242202264861,-2.395649569041521,4.084210793677753,0.0700036780730988,6.259652511089949,-0.5758903656170664,2.8751332516891552
Lasso (lambda=0.05),140,36,16.0228006221562,4.002849063124439,0.1872892062909393,15.012185677366087,3.874556191019313,0.2565896359380057,3.9722222222222223,2.0154826506045107,1.3839033762343658,0.0,0.9170316093724138,0.0,5.554710836913968,0.7161753689039134,0.7816981261351874
"Random Forest (500 estimators, 5 depth)",140,36,7.389547164846851,2.718372153485768,0.6251863277142213,14.204686597113698,3.768910531853164,0.2965773631172155,3.9722222222222223,,0.3668698913446592,0.0902216782340493,0.2792046017613607,0.0243384134759859,0.1802205818761847,0.0170891755396124,0.0420556577681476
"Random Forest (100 estimators, 5 depth)",140,36,7.341376543056228,2.7094974705757204,0.6276296449090183,13.937297170854684,3.733268965779814,0.3098186109270692,3.9722222222222223,,0.3578032372288524,0.0857295779331173,0.318878571209958,0.0232442232286703,0.1615370865352744,0.0174472672274708,0.0353600366366566
Ridge (lambda=2.0),140,36,15.988111446389478,3.998513654645871,0.1890487156448471,14.741755142481132,3.839499334871818,0.2699814808507298,3.9722222222222223,1.445559841036291,1.1958648085570562,-0.0631488281748579,1.5290329326361214,-0.0293428832087567,5.10207245606018,0.7595188548244619,1.5869915442292526
SVM (linear kernel),140,36,16.35795635361932,4.044497045816614,0.1702893891580417,14.690499312163903,3.8328187163188274,0.27251969322668523,3.9722222222222223,,,,,,,,
"Feedforward NN (3 layers, [[16, 4, 1]] activations)",140,36,16.3664345155829,4.045545020832533,0.16985935860963142,15.806179330833068,3.9756985965780993,0.21727070372703927,3.9722222222222223,,,,,,,,
