model_type,n_train,n_test,mse_train,rmse_train,r2_train,mse_test,rmse_test,r2_test,y_test_mean,bias,Game of season_weight,Game for player_weight,Age (days)_weight,Home?_weight,Game Started?_weight,Year_weight,Month of Season_weight
Linreg,1036,260,27.61439953661309,5.254940488398806,0.24124962985148457,25.524676007557815,5.052195167207796,0.18645453674393409,9.1,9.82027255612715,10.099474294451145,-7.581512421202852,-19.927762141604692,0.2855406584111368,4.046843626438483,13.07231515761909,-2.999175641381762
Lasso (lambda=0.05),1036,260,27.7820999566806,5.270872788891855,0.23664178908958144,25.531501677506416,5.052870637321563,0.1862369828435938,9.1,9.879117352547503,0.0,0.12459290792310607,-6.902069720644264,0.09013680691900362,3.7828430480680977,-0.0,0.0
"Random Forest (500 estimators, 5 depth)",1036,260,21.0752556655437,4.59077941808836,0.42092320291071006,25.35593839046584,5.035468040854379,0.1918326940543411,9.1,,0.05115958051332691,0.04667235941437146,0.696963558949791,0.02243632715210813,0.16692281123160815,0.008351038336183579,0.007494324402610793
"Random Forest (100 estimators, 5 depth)",1036,260,21.112886589084564,4.5948761233666096,0.4198892323140363,25.306202756276,5.030527085333703,0.19341791298308775,9.1,,0.04792637103891136,0.04498877709258821,0.699861342542748,0.021187755967132113,0.17010401804500486,0.007623542404540352,0.008308192909075186
Ridge (lambda=2.0),1036,260,27.67677075493741,5.2608716725403415,0.239535879569591,25.55019550878848,5.054720121706886,0.1856411562158281,9.1,9.741125481648922,1.0246730874873513,0.9992459387756072,-4.632729189215476,0.27306816589680716,3.960931527001837,-2.660876002195014,-1.547145843469867
