model_type,n_train,n_test,mse_train,rmse_train,r2_train,mse_test,rmse_test,r2_test,y_test_mean,bias,Game of season_weight,Game for player_weight,Age (days)_weight,Home?_weight,Game Started?_weight,Year_weight,Month of Season_weight
Linreg,486,122,15.72040400939548,3.964896468937806,0.16475465493698016,22.138983415301016,4.7052081160455606,0.23405276249316542,5.540983606557377,3.0744891635611005,-5.668143263122253,3.146421688612084,2.4239722314565935,0.41716825448388695,3.4037510475968062,-3.3622027030704116,3.824392221002384
Lasso (lambda=0.05),486,122,15.991971080453256,3.9989962591196875,0.15032594611767502,23.314004222045707,4.828457747774719,0.1934003113821029,5.540983606557377,4.026241262957159,-0.0,0.0,-1.3664348713971122,0.17455427290175768,3.258232208849953,-0.0,0.0
"Random Forest (500 estimators, 5 depth)",486,122,9.59873723250938,3.098182892036779,0.49000670802449353,24.670291579299587,4.966919727487006,0.14647654189067838,5.540983606557377,,0.1183163569643161,0.12025509846997577,0.4189023568215294,0.012733110399104111,0.26568479526859307,0.020411293227471435,0.04369698884901003
"Random Forest (100 estimators, 5 depth)",486,122,9.559945225428333,3.091916109054114,0.49206777740418195,24.507076525664456,4.950462253735953,0.1521233286968403,5.540983606557377,,0.12065152749434244,0.11218228278432486,0.4305596748522099,0.014444724442760945,0.2627619482933433,0.02013493972977722,0.03926490240324148
Ridge (lambda=2.0),486,122,15.773166745890514,3.971544629724122,0.1619513026806435,22.56299634266877,4.750052246309378,0.2193830947721056,5.540983606557377,3.653030913560871,-2.3436867510477613,0.8344110163679065,-0.8270843032871664,0.4011137966496424,3.3735664610068476,-0.8325930243923876,2.1973412854534544
