model_type,n_train,n_test,mse_train,rmse_train,r2_train,mse_test,rmse_test,r2_test,y_test_mean,bias,Game of season_weight,Game for player_weight,Age (days)_weight,Home?_weight,Game Started?_weight,Year_weight,Month of Season_weight
Linreg,486,122,15.72040400939548,3.964896468937806,0.1647546549369801,22.138983415301016,4.7052081160455606,0.2340527624931654,5.540983606557377,3.0744891635611005,-5.668143263122253,3.146421688612084,2.423972231456593,0.4171682544838869,3.4037510475968062,-3.362202703070412,3.824392221002384
Lasso (lambda=0.05),486,122,15.991971080453256,3.998996259119688,0.150325946117675,23.314004222045707,4.828457747774719,0.1934003113821029,5.540983606557377,4.026241262957159,-0.0,0.0,-1.3664348713971122,0.1745542729017576,3.258232208849953,-0.0,0.0
"Random Forest (500 estimators, 5 depth)",486,122,9.59873723250938,3.098182892036779,0.4900067080244935,24.670291579299587,4.966919727487006,0.1464765418906783,5.540983606557377,,0.1183163569643161,0.1202550984699757,0.4189023568215294,0.0127331103991041,0.265684795268593,0.0204112932274714,0.04369698884901
"Random Forest (100 estimators, 5 depth)",486,122,9.559945225428333,3.091916109054114,0.4920677774041819,24.507076525664456,4.950462253735953,0.1521233286968403,5.540983606557377,,0.1206515274943424,0.1121822827843248,0.4305596748522099,0.0144447244427609,0.2627619482933433,0.0201349397297772,0.0392649024032414
Ridge (lambda=2.0),486,122,15.773166745890514,3.971544629724122,0.1619513026806435,22.56299634266877,4.750052246309378,0.2193830947721056,5.540983606557377,3.653030913560871,-2.3436867510477613,0.8344110163679065,-0.8270843032871664,0.4011137966496424,3.373566461006848,-0.8325930243923876,2.1973412854534544
SVM (linear kernel),486,122,16.133606971578608,4.016666151372132,0.14280064850537455,23.496735705421077,4.847343159445293,0.18707831039988265,5.540983606557377,,,,,,,,
"Feedforward NN (3 layers, [[16, 4, 1]] activations)",486,122,15.341824456808409,3.9168641100768875,0.1848690749509575,23.44419707116203,4.841920803891988,0.18889600098748593,5.540983606557377,,,,,,,,
