model_type,n_train,n_test,mse_train,rmse_train,r2_train,mse_test,rmse_test,r2_test,y_test_mean,bias,Game of season_weight,Game for player_weight,Age (days)_weight,Home?_weight,Game Started?_weight,Year_weight,Month of Season_weight
Linreg,667,167,29.814197158099574,5.4602378298110406,0.1783114782659211,31.636207910716305,5.6246073561375205,0.1507129811488524,8.778443113772456,5.893844054570961,2.4978409022378734,2.49784090223788,-8.371312756262006,0.1123261137878274,4.942477700643301,7.091845088050598,-3.501929980102238
Lasso (lambda=0.05),667,167,29.96482626274708,5.474013725114971,0.1741600934182392,31.81985077652138,5.6409086835829365,0.145783012851987,8.778443113772456,5.728681606245033,1.6455849016581066,1.0842868357205523e-15,-1.1889262449077802,0.0,4.834295553916816,-0.0,0.0
"Random Forest (500 estimators, 5 depth)",667,167,22.341537140767823,4.726683524498739,0.3842603062857488,29.65227775357673,5.445390505149904,0.2039724025536288,8.778443113772456,,0.1015824367774504,0.097297890674468,0.3530560911421804,0.0132298579675018,0.3954480876003042,0.0139689436221509,0.0254166922159437
"Random Forest (100 estimators, 5 depth)",667,167,22.514653634068527,4.744960867496014,0.3794891620314283,29.574009333090984,5.438199089137044,0.2060735505070158,8.778443113772456,,0.0932250002556803,0.0935637295919139,0.3586678302142178,0.0123246139020531,0.3949239917710319,0.0177910221275849,0.0295038121375179
Ridge (lambda=2.0),667,167,29.85339116115101,5.463825689125798,0.1772312793842476,31.564022127029027,5.618186729455424,0.1526508382145356,8.778443113772456,5.781685874458399,1.7954323610279217,1.7954323610279272,-1.40002737573757,0.1106166826436997,4.912828587736865,-0.3145088026081232,-1.445335453038424
SVM (linear kernel),667,167,30.13658558207269,5.4896799161765975,0.16942635329965372,31.48002423474174,5.610706215329915,0.15490579619596567,8.778443113772456,,,,,,,,
"Feedforward NN (3 layers, [[16, 4, 1]] activations)",667,167,28.887009920344916,5.374663702999929,0.2038650461423701,35.3676515530725,5.947070838074194,0.05054084117646718,8.778443113772456,,,,,,,,
