model_type,n_train,n_test,mse_train,rmse_train,r2_train,mse_test,rmse_test,r2_test,y_test_mean,bias,Game of season_weight,Game for player_weight,Age (days)_weight,Home?_weight,Game Started?_weight,Year_weight,Month of Season_weight
Linreg,484,122,25.764888972409707,5.07591262458385,0.1593332096776999,28.42847127682441,5.331835638579308,0.1577453456582318,6.352459016393443,6.548537456642207,-6.929222079371932,13.670456854126236,10.515696365021167,-1.0776151150076991,2.620140949160018,-12.670920435908128,-4.314386087982159
Lasso (lambda=0.05),484,122,26.454492412015536,5.1433930835602615,0.1368325611870563,28.625796147171947,5.350308042269337,0.151899171629061,6.352459016393443,6.344413219312887,0.0,0.1055617339492663,-0.0,-0.8713155336142647,3.1205775138835867,-2.260952619559192,-0.0
"Random Forest (500 estimators, 5 depth)",484,122,16.64323680609316,4.079612335270737,0.4569580143995577,22.37872979713728,4.730616217485549,0.3369819591649472,6.352459016393443,,0.0857039504362143,0.0827193898659923,0.7164248507698439,0.0210863304105121,0.059585081898892,0.0184383376711027,0.0160420589474423
"Random Forest (100 estimators, 5 depth)",484,122,16.52558280760101,4.065167008574311,0.4607968746945466,22.793068291439532,4.77420865604338,0.3247062894006175,6.352459016393443,,0.0902362116607372,0.0797412622155119,0.7171949959074214,0.0200674824596064,0.0676409724106508,0.0094399764990567,0.0156790988470153
Ridge (lambda=2.0),484,122,26.07156869728677,5.106032578948824,0.1493267446684614,28.50495124865709,5.339002832800999,0.1554794618682542,6.352459016393443,6.658360021933925,-1.1329805354003242,4.618397022711539,-0.027127777366755,-1.053320523632213,2.9972403539205352,-2.217870330398782,-2.933635041022689
SVM (linear kernel),484,122,26.133745225781794,5.11211748943447,0.1472980247815152,28.408271512680045,5.329941042139214,0.158343807151343,6.352459016393443,,,,,,,,
"Feedforward NN (3 layers, [[16, 4, 1]] activations)",484,122,25.70695094007046,5.070202258300004,0.161223634268172,28.409850488632237,5.330089163291008,0.1582970265899869,6.352459016393443,,,,,,,,
