model_type,n_train,n_test,mse_train,rmse_train,r2_train,mse_test,rmse_test,r2_test,y_test_mean,bias,Game of season_weight,Game for player_weight,Age (days)_weight,Home?_weight,Game Started?_weight,Year_weight,Month of Season_weight
Linreg,605,152,35.205016244362824,5.9333815185240555,0.24993489008017566,37.40726647750363,6.1161480097773655,0.24663747847259065,12.631578947368421,8.980062209638906,-5.282612094806903,8.45761442572207,-14.063467258142254,0.2568226562801361,5.045543139119836,7.930993540855114,0.3528176962605132
Lasso (lambda=0.05),605,152,35.464573805114085,5.955214001621947,0.2444048522871498,37.753345214364906,6.144375087375844,0.23966763612910846,12.631578947368421,10.138321584199689,0.0,3.087314751005876,-6.923048023280335,0.02367573409231075,4.2584386414372055,-0.0,0.0
"Random Forest (500 estimators, 5 depth)",605,152,25.026477357263833,5.002647035046929,0.46679509080221315,33.41216535143467,5.780325713265185,0.3270966978037425,12.631578947368421,,0.09218215513998433,0.08038075725254412,0.7790766809267897,0.010673048747404653,0.019206266338356832,0.006786841298492927,0.011694250296427325
"Random Forest (100 estimators, 5 depth)",605,152,25.021801419318162,5.002179666837065,0.4668947146139124,33.41694808060509,5.780739406045311,0.32700037617303,12.631578947368421,,0.08819040671317556,0.07294762991620003,0.7883815896426916,0.013138849372518486,0.017177279944747666,0.007115220249738869,0.013049024160927741
Ridge (lambda=2.0),605,152,35.31922157778037,5.9429976928971096,0.2475016733087737,37.67510138953164,6.13800467493563,0.2412434252931146,12.631578947368421,9.543558095400236,-1.7776532374673055,5.165478611023914,-4.126939047442962,0.22579325766872174,4.607923790279834,-2.9206399224499804,0.41582586480485173
