model_type,n_train,n_test,mse_train,rmse_train,r2_train,mse_test,rmse_test,r2_test,y_test_mean,bias,Game of season_weight,Game for player_weight,Age (days)_weight,Home?_weight,Game Started?_weight,Year_weight,Month of Season_weight
Linreg,765,192,47.52724521257063,6.894000668158557,0.3202456996952277,42.43300285542151,6.514061932114363,0.3588802128708971,11.958333333333334,10.460751797509586,9.806985028876229,9.806985028876229,-10.163656742327268,1.76513035511144,6.63099582990075,7.813261824612994,-19.123497101307617
Lasso (lambda=0.05),765,192,48.98482498258444,6.998915986249902,0.2993987915213436,43.3630632014735,6.585063644451244,0.3448279410316938,11.958333333333334,9.324739162871811,4.98709447343876,1.495718560311363e-15,-3.4079479700728195,1.4491467218004794,7.13204783932217,-0.0,-3.902205576948725
"Random Forest (500 estimators, 5 depth)",765,192,33.270325304810264,5.768043455523742,0.5241540594803551,41.85834693962047,6.46980269711685,0.3675626829677257,11.958333333333334,,0.0790843149863202,0.0741428592952129,0.3004517982558377,0.0286564943071275,0.4853423085928707,0.0243668009427507,0.0079554236198801
"Random Forest (100 estimators, 5 depth)",765,192,33.25617664855076,5.766816855818361,0.5243564194087059,41.96350738366878,6.477924620097765,0.3659738149412895,11.958333333333334,,0.087798974990205,0.0726675984978364,0.3080477052327195,0.0241481068727802,0.4794309650670008,0.0199093975509234,0.0079972517885343
Ridge (lambda=2.0),765,192,47.886240807574985,6.9199884976475925,0.3151111963508146,42.48274304543106,6.517878722823174,0.3581286888710675,11.958333333333334,9.971753181568678,6.349322210939517,6.349322210939488,-2.174911746331488,1.7017880154010825,6.786858034649544,-1.2081785704140504,-11.444336094749907
SVM (linear kernel),765,192,47.82291317685286,6.915411280383319,0.31601693429373456,42.49883545331484,6.519113087937257,0.3578855488521536,11.958333333333334,,,,,,,,
"Feedforward NN (3 layers, [[16, 4, 1]] activations)",765,192,68.7544748277286,8.291831813762784,0.016645090193795897,62.513661467149724,7.906558130258054,0.055481756286802075,11.958333333333334,,,,,,,,
