model_type,n_train,n_test,mse_train,rmse_train,r2_train,mse_test,rmse_test,r2_test,y_test_mean,bias,Game of season_weight,Game for player_weight,Age (days)_weight,Home?_weight,Game Started?_weight,Year_weight,Month of Season_weight
Linreg,82,21,8.009095145616088,2.830034477814023,0.1125056730533523,20.71866593005845,4.551776129167432,-0.0096057099619641,3.952380952380953,2.8976950109603505,11.4057657935792,-9.361312500857796,8.030582704941157,-0.0455072234704738,1.923523500417796,-6.114676655493936,-2.1008772954088286
Lasso (lambda=0.05),82,21,8.506582447696873,2.91660460942118,0.0573787017416979,22.303380627091503,4.722645511478868,-0.0868277189555086,3.952380952380953,3.9118664236587617,0.0,-1.7463106639176302,-0.9971382110159448,-0.0,0.0,-0.0,0.1883173517681859
"Random Forest (500 estimators, 5 depth)",82,21,2.7663770127453824,1.6632429205456978,0.6934555202092955,20.45871696163774,4.52313132261686,0.0030614165654979,3.952380952380953,,0.2460028021989691,0.1939517878896686,0.474395424328358,0.0594021334530574,0.0022883984676264,0.0063373723378808,0.0176220813244395
"Random Forest (100 estimators, 5 depth)",82,21,2.823422784160804,1.6803043724756548,0.6871342320254243,19.75059841359897,4.444164534937807,0.0375675248179948,3.952380952380953,,0.2492948268066394,0.177980962462777,0.4877226795534184,0.0615802336356508,0.0026739575843934,0.0026645745461835,0.0180827654109371
Ridge (lambda=2.0),82,21,8.313310025370688,2.8832811214605294,0.0787953755670317,22.021052397204176,4.692659416280301,-0.0730700670902808,3.952380952380953,3.935962162213925,0.3817947290881965,-2.379454686755171,-1.0919014528434705,-0.12548332914852,0.7064940123252934,-0.5518458057168619,0.7965262062719571
SVM (linear kernel),82,21,8.257701196047995,2.87362161671435,0.08495743503251962,22.403533860735923,4.733237143936053,-0.09170811409773938,3.9523809523809526,,,,,,,,
"Feedforward NN (3 layers, [[16, 4, 1]] activations)",82,21,14.50763070371939,3.8088883816304446,-0.6076023212229593,27.407385536452814,5.23520635089514,-0.33554221232880543,3.9523809523809526,,,,,,,,
