model_type,n_train,n_test,mse_train,rmse_train,r2_train,mse_test,rmse_test,r2_test,y_test_mean,bias,Game of season_weight,Game for player_weight,Age (days)_weight,Home?_weight,Game Started?_weight,Year_weight,Month of Season_weight
Linreg,82,21,8.009095145616088,2.830034477814023,0.11250567305335235,20.71866593005845,4.551776129167432,-0.009605709961964193,3.9523809523809526,2.8976950109603505,11.405765793579201,-9.361312500857796,8.030582704941157,-0.04550722347047387,1.923523500417796,-6.114676655493936,-2.1008772954088286
Lasso (lambda=0.05),82,21,8.506582447696873,2.9166046094211797,0.0573787017416979,22.303380627091503,4.722645511478868,-0.08682771895550867,3.9523809523809526,3.9118664236587617,0.0,-1.7463106639176302,-0.9971382110159449,-0.0,0.0,-0.0,0.18831735176818593
"Random Forest (500 estimators, 5 depth)",82,21,2.7663770127453824,1.6632429205456978,0.6934555202092955,20.45871696163774,4.52313132261686,0.0030614165654979653,3.9523809523809526,,0.2460028021989691,0.19395178788966866,0.474395424328358,0.059402133453057414,0.002288398467626468,0.006337372337880833,0.017622081324439508
"Random Forest (100 estimators, 5 depth)",82,21,2.823422784160804,1.6803043724756548,0.6871342320254243,19.750598413598972,4.444164534937807,0.03756752481799486,3.9523809523809526,,0.24929482680663945,0.17798096246277706,0.48772267955341847,0.06158023363565088,0.002673957584393451,0.0026645745461835175,0.018082765410937104
Ridge (lambda=2.0),82,21,8.313310025370688,2.8832811214605294,0.07879537556703176,22.021052397204176,4.692659416280301,-0.07307006709028085,3.9523809523809526,3.9359621622139254,0.3817947290881965,-2.379454686755171,-1.0919014528434703,-0.12548332914852003,0.7064940123252934,-0.5518458057168619,0.7965262062719571
