model_type,n_train,n_test,mse_train,rmse_train,r2_train,mse_test,rmse_test,r2_test,y_test_mean,bias,Game of season_weight,Game for player_weight,Age (days)_weight,Home?_weight,Game Started?_weight,Year_weight,Month of Season_weight
Linreg,786,197,45.85390778239773,6.771551357140972,0.2710771048889859,47.91502907995135,6.922068266056855,0.344711070825634,15.147208121827411,14.8515321837553,-16.441402486866597,18.511876809745743,-7.139120872077963,1.404883380718672,4.029931277832672,-3.2630312268161963,-1.0245054100190618
Lasso (lambda=0.05),786,197,46.04566564779415,6.785695664248003,0.2680287998444437,48.64465744820163,6.974572205390208,0.3347326277085867,15.147208121827411,14.283923354707191,0.0,0.3211180217373152,-10.200634142865336,1.1911470026216937,4.828752822943282,-0.0,0.0
"Random Forest (500 estimators, 5 depth)",786,197,33.47207761629181,5.785505821991005,0.4679065558112791,44.68029295469079,6.684331900398931,0.388949524028839,15.147208121827411,,0.0580971168291106,0.0597852560483972,0.8207090326886376,0.0206391739868998,0.0257732207458929,0.0040641500881921,0.0109320496128697
"Random Forest (100 estimators, 5 depth)",786,197,33.61610349972096,5.7979395908995945,0.4656170287241158,44.91024192253232,6.701510420982147,0.3858047275882442,15.147208121827411,,0.0514351567770964,0.058896776399878,0.8316595633774513,0.0217766551541475,0.0210358238985597,0.0032436551427819,0.011952369250085
Ridge (lambda=2.0),786,197,45.96100687533582,6.779454762393199,0.2693745895601144,48.26331188668327,6.947180139213555,0.3399479334164428,15.147208121827411,13.99288305633612,-0.7105879804531205,2.140526978887267,-5.634011113302289,1.3751600602350584,4.949042769603768,-4.948565569308041,-0.354508770770257
SVM (linear kernel),786,197,46.066464251520806,6.7872280241289085,0.26769817200538026,48.47103265372049,6.9621140937017465,0.33710713123782,15.147208121827411,,,,,,,,
"Feedforward NN (3 layers, [[16, 4, 1]] activations)",786,197,45.65561408586934,6.756893819342534,0.27422930766397446,48.60354608164302,6.971624350296207,0.3352948693243465,15.147208121827411,,,,,,,,
