model_type,n_train,n_test,mse_train,rmse_train,r2_train,mse_test,rmse_test,r2_test,y_test_mean,bias,Game of season_weight,Game for player_weight,Age (days)_weight,Home?_weight,Game Started?_weight,Year_weight,Month of Season_weight
Linreg,144,37,28.74292393315501,5.361242760140135,0.1459255815703123,35.07942429904772,5.922788557685284,-0.0392047923785234,6.972972972972973,1.1586077943889492,11.452215552555533,-4.518533997351774,-2.491594960830926,-1.3587976119348508,3.3160636194482684,10.180088462015602,-4.487665773679234
Lasso (lambda=0.05),144,37,29.249888464843544,5.408316601757292,0.130861510894228,34.72406218184394,5.892712633570717,-0.0286774241959739,6.972972972972973,3.1080467925695383,1.8824586737138,-0.0,0.0,-1.0635390662807334,3.1527458591893422,0.0,2.451520330987384
"Random Forest (500 estimators, 5 depth)",144,37,12.098420246746148,3.4782783452084667,0.6405045199928808,33.35821661950377,5.775657245673758,0.0117848491279179,6.972972972972973,,0.2475309431607974,0.1512351969613665,0.4190428583573584,0.0286544557202051,0.0640481994634349,0.0376324937554148,0.0518558525814225
"Random Forest (100 estimators, 5 depth)",144,37,11.90334007790459,3.450121748272746,0.6463011808384509,32.49469383361718,5.700411724921032,0.0373661417332747,6.972972972972973,,0.2744188586145712,0.1486171327507436,0.3667931785193178,0.0288962446661493,0.0815240218646219,0.0430082948372575,0.0567422687473385
Ridge (lambda=2.0),144,37,29.087701097673328,5.39330150257459,0.1356807868180932,34.79963025490695,5.899121142586153,-0.0309160784854067,6.972972972972973,2.7304636272020857,3.146170161165124,-0.9483150378814548,0.230847072016806,-1.2309494558029423,3.0549667978704305,0.8676555847195485,2.014721801628546
SVM (linear kernel),144,37,30.614283053735992,5.533017536004743,0.0903195494108745,36.01863362383099,6.001552601105067,-0.06702824874544766,6.972972972972973,,,,,,,,
"Feedforward NN (3 layers, [[16, 4, 1]] activations)",144,37,35.132291371314345,5.927249899516162,-0.043929677817020396,41.694098137064245,6.457096726630649,-0.23516013913357892,6.972972972972973,,,,,,,,
