model_type,n_train,n_test,mse_train,rmse_train,r2_train,mse_test,rmse_test,r2_test,y_test_mean,bias,Game of season_weight,Game for player_weight,Age (days)_weight,Home?_weight,Game Started?_weight,Year_weight,Month of Season_weight
Linreg,430,108,35.01897979092618,5.917683650798358,0.3729417276953515,39.87223784382921,6.3144467567498905,0.3815520286565417,14.97222222222222,10.560031952364206,36.36141137259497,-48.131055131013895,-1.3216936582795968,-0.015574506332098,-0.3497858957041266,16.313176898145688,6.302055817321946
Lasso (lambda=0.05),430,108,36.54702582419157,6.045413618950449,0.3455801680113759,42.80852643073506,6.542822512550304,0.3360080156276387,14.97222222222222,10.119185415387909,-0.0,-3.54880574226854,2.8980120185645664,-0.0,-0.0,11.425611090962432,0.3049186464247989
"Random Forest (500 estimators, 5 depth)",430,108,24.79548191924735,4.979506192309369,0.5560061387832573,35.80195873191565,5.983473801389595,0.4446850755004167,14.97222222222222,,0.0667121512508378,0.0692557974163414,0.7923585640954564,0.011355822977356,0.0204274159369095,0.0059603137650773,0.0339299345580213
"Random Forest (100 estimators, 5 depth)",430,108,24.700362925730367,4.96994596808963,0.5577093623521396,36.19133742785585,6.015923655421156,0.4386455232301935,14.97222222222222,,0.0740681832910089,0.0799901366671089,0.7830558558763674,0.0119517474962444,0.0164034527426022,0.0066026731575568,0.027927950769111
Ridge (lambda=2.0),430,108,36.01439183088375,6.00119919940038,0.3551176403651782,42.11804757620071,6.489841876055279,0.346717854601686,14.97222222222222,10.249582527415582,-1.4169488724076422,-5.8400611077958064,6.6182988625128925,-0.0884403385570461,-0.3693493504603489,7.518647304272347,4.861999992348076
SVM (linear kernel),430,108,35.689078724675426,5.974033706355818,0.3609427750651306,41.18840087622473,6.417819012423514,0.36113736418422293,14.972222222222221,,,,,,,,
"Feedforward NN (3 layers, [[16, 4, 1]] activations)",430,108,54.811318115224125,7.4034666282238435,0.018535358674881985,68.95755050072889,8.304068310215715,-0.06958273531140735,14.972222222222221,,,,,,,,
