model_type,n_train,n_test,mse_train,rmse_train,r2_train,mse_test,rmse_test,r2_test,y_test_mean,bias,Game of season_weight,Game for player_weight,Age (days)_weight,Home?_weight,Game Started?_weight,Year_weight,Month of Season_weight
Linreg,90,23,17.859416174627334,4.226040247634579,0.2781553802825209,29.18604626966956,5.402411153334182,-0.0605452999488393,6.043478260869565,4.65832709157768,-25.6966353511256,22.45802572584793,-13.51812216916257,-1.850895972947923,-0.4378961264642829,4.72939425198852,13.236165637420797
Lasso (lambda=0.05),90,23,18.587595909331576,4.311333425905676,0.2487237001792085,25.947092825825983,5.093828896402585,0.0571498760226715,6.043478260869565,2.231306157696796,0.0,7.734035031750454,0.0,-1.4556373074342632,-0.0185983963488721,-0.0,0.0
"Random Forest (500 estimators, 5 depth)",90,23,5.925578402733899,2.4342510968948745,0.760499064084506,26.834067878346303,5.180160989616665,0.0249195007799699,6.043478260869565,,0.3576644213349729,0.2853715567206565,0.2491797984320992,0.0465752031918319,0.0307526628276511,0.0046849736237329,0.0257713838690551
"Random Forest (100 estimators, 5 depth)",90,23,5.9293159932443205,2.435018684372734,0.7603479975785086,26.95893957822671,5.192199878493383,0.0203819867507945,6.043478260869565,,0.363619342774152,0.3129233332319757,0.2240991565700353,0.0472985364866622,0.0258093357245995,0.0076545756860026,0.0185957195265725
Ridge (lambda=2.0),90,23,18.811175555695637,4.337185211135862,0.2396870237711903,26.32263686558236,5.130559118223116,0.0435035786582586,6.043478260869565,1.7595041458097889,1.6693237685291156,4.443941717865805,0.6600263946718601,-1.5383778910825043,-0.5137256178617065,-0.296665366479146,1.6247325676837054
SVM (linear kernel),90,23,19.493475065239863,4.415141567972635,0.2121097376390666,27.144131188666186,5.210002993153285,0.01365260346171071,6.043478260869565,,,,,,,,
"Feedforward NN (3 layers, [[16, 4, 1]] activations)",90,23,22.314164113927486,4.723787052135975,0.09810269542769579,25.166190631102925,5.016591535206243,0.08552583844941264,6.043478260869565,,,,,,,,
