model_type,n_train,n_test,mse_train,rmse_train,r2_train,mse_test,rmse_test,r2_test,y_test_mean,bias,Game of season_weight,Game for player_weight,Age (days)_weight,Home?_weight,Game Started?_weight,Year_weight,Month of Season_weight
Linreg,252,64,12.027937383560365,3.4681316848643977,0.18295209571782445,16.528150885774956,4.065482860100993,0.19463114408595983,4.40625,1.641961681756753,2.4609963774278487,-3.4370251886846415,8.935623302781435,0.275474313566634,6.3162846117470774,-5.906685876422723,1.1828608252156818
Lasso (lambda=0.05),252,64,12.244181927678383,3.499168748099809,0.16826278150293938,17.0994472637748,4.135147792252993,0.16679352852222729,4.40625,3.3216103720668984,0.0,0.0,0.0,0.002483903649568621,5.077443378923742,0.0,0.0
"Random Forest (500 estimators, 5 depth)",252,64,7.269010867156366,2.696110321770303,0.506222064031361,18.37357854701633,4.2864412450209,0.10470880646468139,4.40625,,0.16883779180381228,0.1474159312407409,0.31194439695934606,0.01960805485626789,0.3223312195181086,0.011183819419507824,0.018678786202216455
"Random Forest (100 estimators, 5 depth)",252,64,7.342601216548022,2.709723457577917,0.5012231320591988,18.139839954450533,4.2590890991443855,0.11609821016619815,4.40625,,0.1500313482917537,0.14170413134310555,0.3210199738611639,0.01919439029010872,0.3375863450425438,0.010908384897631058,0.019555426273693347
Ridge (lambda=2.0),252,64,12.126772601699162,3.4823515907643734,0.17623830055291545,16.75766563256272,4.093612784883631,0.1834475561387473,4.40625,2.4799444484213837,0.06868734495014757,-0.7042441548144003,1.0135130354701631,0.23419831746831812,5.350519272978344,0.4965401197493374,0.7015899388678478
