model_type,n_train,n_test,mse_train,rmse_train,r2_train,mse_test,rmse_test,r2_test,y_test_mean,bias,Game of season_weight,Game for player_weight,Age (days)_weight,Home?_weight,Game Started?_weight,Year_weight,Month of Season_weight
Linreg,232,58,16.32795168545663,4.040786023220807,0.12601581469461265,17.063712353653496,4.130824657819973,0.04792794470758366,5.206896551724138,1.6351220058139546,11.075467786523857,-11.321639387619499,14.711470396903026,0.6104719115561641,2.498447104576315,-11.47070221255908,1.6675605943336889
Lasso (lambda=0.05),232,58,17.25866433380257,4.154354863730657,0.07619767758911333,17.63520521080988,4.19942915296947,0.016041426239560064,5.206896551724138,3.9357626780117236,0.8417159367692215,-0.0,1.8731858947109548,0.27168131011985985,2.072309489474817,0.0,0.13414914428332303
"Random Forest (500 estimators, 5 depth)",232,58,9.021209547771742,3.003532844463623,0.5171228682590279,13.723479904005892,3.7045215485951615,0.23429664968692654,5.206896551724138,,0.1293888858716381,0.12221044166024081,0.5823468306148362,0.014803591865573874,0.07584748049662901,0.03717560350357204,0.03822716598751002
"Random Forest (100 estimators, 5 depth)",232,58,9.11372976913454,3.0188954551515264,0.5121705501820419,13.485475013401492,3.6722574819042157,0.24757616358583845,5.206896551724138,,0.1378636105162607,0.1296427700064553,0.5552349839447028,0.014647309880912849,0.08918845457355018,0.029489296639813013,0.04393357443830509
Ridge (lambda=2.0),232,58,16.94347773585414,4.116245587407795,0.09306863037815749,17.80879579285148,4.220046894627059,0.006355917084316487,5.206896551724138,3.0942639468029025,2.3216517791120106,-2.4620657381924773,2.5226618592391783,0.5186759213505566,2.316227754164666,0.21775551382123257,1.1547525059626182
