model_type,n_train,n_test,mse_train,rmse_train,r2_train,mse_test,rmse_test,r2_test,y_test_mean,bias,Game of season_weight,Game for player_weight,Age (days)_weight,Home?_weight,Game Started?_weight,Year_weight,Month of Season_weight
Linreg,392,98,16.71002699473048,4.087789989068725,0.1446877154766986,20.591855147470188,4.537824935745118,-0.0271702868407166,6.255102040816326,2.9194415142778425,8.90140801420651,-9.031489222636658,-1.5888314342353644,0.5523235117214846,2.3800744388495105,5.65509153726463,-0.2739812530868981
Lasso (lambda=0.05),392,98,16.921356134734914,4.113557600755691,0.1338707126328051,20.408614547153046,4.5175894619977415,-0.0180298136467924,6.255102040816326,3.967094908718142,0.0,0.0,0.0,0.3620379082911782,2.037347784266473,2.7953545485769733,0.0
"Random Forest (500 estimators, 5 depth)",392,98,11.764622453162806,3.429959541038758,0.3978210741286057,20.317211753415556,4.507461786129257,-0.0134704267829566,6.255102040816326,,0.163930611471548,0.126424141258043,0.4957145752727937,0.0368651032360623,0.1423803205462818,0.0122983124364497,0.0223869357788211
"Random Forest (100 estimators, 5 depth)",392,98,11.932733641065656,3.454378908149142,0.3892162068698959,19.888652450107703,4.459669544944749,0.0079071217358351,6.255102040816326,,0.1611474013562995,0.1317863094302356,0.4932219181600518,0.037581165406909,0.1404314679425217,0.0123954116496468,0.0234363260543355
Ridge (lambda=2.0),392,98,16.840744548237343,4.1037476223858285,0.1379968627717623,20.694895343976064,4.549164246757426,-0.0323101747936518,6.255102040816326,3.3607152902581814,1.5266094351391302,-1.1025045486241607,0.9815602831013124,0.535413663123658,2.1751772090919896,2.264288810635107,-0.0486248745616013
SVM (linear kernel),392,98,17.04060309384307,4.128026537444142,0.12776698885968285,20.633236816452886,4.542382284270324,-0.029234502060496492,6.255102040816326,,,,,,,,
"Feedforward NN (3 layers, [[16, 4, 1]] activations)",392,98,17.78772212976182,4.217549303773676,0.08952527389273346,22.19177675084506,4.710814871213373,-0.1069781487595165,6.255102040816326,,,,,,,,
