model_type,n_train,n_test,mse_train,rmse_train,r2_train,mse_test,rmse_test,r2_test,y_test_mean,bias,Game of season_weight,Game for player_weight,Age (days)_weight,Home?_weight,Game Started?_weight,Year_weight,Month of Season_weight
Linreg,128,33,24.42108681803584,4.941769603900595,0.23375435403638,36.31848808616739,6.026482231465334,0.1971981990452584,7.181818181818182,0.1931635701124276,1.9919167442276609,-1.545000407381539,8.489202474771751,-0.6419294616767585,4.991223883736971,-3.0722874026924925,3.0459580626311973
Lasso (lambda=0.05),128,33,24.618872199205526,4.9617408436158295,0.2275485619565369,35.21684768221095,5.934378457952522,0.2215494027132764,7.181818181818182,1.6281752578574604,0.5641738925458442,0.0,4.001849697613744,-0.3461804011827742,4.738102800368043,0.0,1.6142536807896255
"Random Forest (500 estimators, 5 depth)",128,33,11.554847317963814,3.3992421681845224,0.6374505560241774,41.20758767383784,6.419313645074358,0.0891271266835258,7.181818181818182,,0.1680362950090012,0.1198598336334473,0.3977944182234225,0.0264127141060025,0.2222197465251409,0.0241256676463189,0.0415513248566664
"Random Forest (100 estimators, 5 depth)",128,33,11.62400002188102,3.409398777186532,0.6352807935284298,41.12814247914637,6.413122677693479,0.0908832225106482,7.181818181818182,,0.1853372646048303,0.1279026520765754,0.3776424855395773,0.0239632129365347,0.2276131696941028,0.0203105787425494,0.0372306364058298
Ridge (lambda=2.0),128,33,24.627117449372413,4.962571656850147,0.2272898557373038,34.90955119324153,5.908430518609958,0.2283420361011644,7.181818181818182,1.5284349532850428,0.8010872453834406,0.2815125675648958,2.6273002005954718,-0.5612124168023539,4.613433883217218,1.4841466910346923,1.5297410302527583
SVM (linear kernel),128,33,24.876640074916367,4.9876487521593145,0.21946073548491363,36.888058836837054,6.073554053174884,0.18460812582073738,7.181818181818182,,,,,,,,
"Feedforward NN (3 layers, [[16, 4, 1]] activations)",128,33,29.830392189687487,5.461720625378736,0.06402985653143811,34.21769083827368,5.849588946094732,0.24363525914667228,7.181818181818182,,,,,,,,
