model_type,n_train,n_test,mse_train,rmse_train,r2_train,mse_test,rmse_test,r2_test,y_test_mean,bias,Game of season_weight,Game for player_weight,Age (days)_weight,Home?_weight,Game Started?_weight,Year_weight,Month of Season_weight
Linreg,840,210,31.689661894087138,5.629357147498029,0.0600144286974582,33.301003817897005,5.770702194525117,0.0877179763152516,13.31904761904762,7.440950593533978,-12.78574255454003,12.277757457630113,9.420877006577063,1.0346648615230087,5.670321297517311,-11.12279638616922,4.604858699111567
Lasso (lambda=0.05),840,210,32.19547550586785,5.674105700977719,0.0450108764843938,34.404657372739806,5.865548343739041,0.0574833532400832,13.31904761904762,10.290752991159904,0.0,0.0,-1.8363670987660377,0.7617823953383998,3.526801847361972,-0.0,0.0
"Random Forest (500 estimators, 5 depth)",840,210,23.348763482038173,4.832055823563938,0.307423952510939,29.471751351006255,5.428789123829204,0.1926204654053092,13.31904761904762,,0.1163760854252446,0.0801250693657652,0.7551825284306649,0.0184505234765188,0.012585019721983,0.006705637839568,0.0105751357402552
"Random Forest (100 estimators, 5 depth)",840,210,23.537736979713195,4.851570568353427,0.3018185799523181,29.491828244243056,5.430637922403137,0.1920704582976697,13.31904761904762,,0.1255013863909323,0.0805257121553013,0.7504832798359733,0.0163307807945334,0.0104076657691839,0.0057328130464015,0.011018362007674
Ridge (lambda=2.0),840,210,31.891199527112256,5.647229367319186,0.0540363760520486,33.90098198218461,5.822454978974471,0.071281556053686,13.31904761904762,8.680384091888282,-3.712676259893656,3.526691158780262,-0.4141613139199663,0.9869724439138144,4.882967106471758,-1.6074665389994978,1.7393852275220187
SVM (linear kernel),840,210,31.76944677927688,5.636439193256402,0.05764783226178016,33.67329598137153,5.8028696333255265,0.07751902104790365,13.31904761904762,,,,,,,,
"Feedforward NN (3 layers, [[16, 4, 1]] activations)",840,210,30.783241470798615,5.548264726092169,0.08690086637144712,32.92088063574769,5.737672057180307,0.0981314625800197,13.31904761904762,,,,,,,,
