model_type,n_train,n_test,mse_train,rmse_train,r2_train,mse_test,rmse_test,r2_test,y_test_mean,bias,Game of season_weight,Game for player_weight,Age (days)_weight,Home?_weight,Game Started?_weight,Year_weight,Month of Season_weight
Linreg,840,210,31.689661894087138,5.629357147498029,0.06001442869745821,33.301003817897005,5.770702194525117,0.08771797631525169,13.31904761904762,7.440950593533978,-12.78574255454003,12.277757457630111,9.420877006577063,1.0346648615230087,5.670321297517311,-11.122796386169219,4.604858699111567
Lasso (lambda=0.05),840,210,32.19547550586785,5.6741057009777185,0.045010876484393836,34.404657372739806,5.865548343739041,0.057483353240083246,13.31904761904762,10.290752991159904,0.0,0.0,-1.8363670987660377,0.7617823953383998,3.526801847361972,-0.0,0.0
"Random Forest (500 estimators, 5 depth)",840,210,23.348763482038173,4.832055823563938,0.307423952510939,29.471751351006258,5.428789123829204,0.1926204654053092,13.31904761904762,,0.11637608542524466,0.08012506936576526,0.7551825284306649,0.01845052347651889,0.012585019721983028,0.006705637839568082,0.01057513574025523
"Random Forest (100 estimators, 5 depth)",840,210,23.537736979713195,4.851570568353427,0.3018185799523181,29.491828244243056,5.430637922403137,0.19207045829766978,13.31904761904762,,0.12550138639093233,0.08052571215530134,0.7504832798359733,0.016330780794533407,0.010407665769183994,0.005732813046401556,0.011018362007674039
Ridge (lambda=2.0),840,210,31.891199527112256,5.647229367319186,0.054036376052048696,33.90098198218461,5.822454978974471,0.07128155605368602,13.31904761904762,8.680384091888282,-3.7126762598936556,3.526691158780262,-0.41416131391996636,0.9869724439138143,4.882967106471758,-1.6074665389994978,1.7393852275220187
