model_type,n_train,n_test,mse_train,rmse_train,r2_train,mse_test,rmse_test,r2_test,y_test_mean,bias,Game of season_weight,Game for player_weight,Age (days)_weight,Home?_weight,Game Started?_weight,Year_weight,Month of Season_weight
Linreg,564,141,57.96180846121968,7.613265295602122,0.1348683018968257,51.85145677088611,7.200795565136265,0.1460589804801059,12.390070921985815,10.009937099991378,-2.902865616447228,-2.902865616447227,-21.995595339347734,0.4972571544249522,5.689290104218301,18.64473780854011,6.961477814062819
Lasso (lambda=0.05),564,141,58.5069369919154,7.648982742294258,0.126731772275587,50.91860250927742,7.135727188540592,0.1614221461234845,12.390070921985815,9.959584195160938,0.0,0.0,-1.4879532147709045,0.2796178596800365,5.3031789236194,-0.0,2.555869704373789
"Random Forest (500 estimators, 5 depth)",564,141,35.98940842619844,5.999117303920506,0.4628259736526764,41.4941111606898,6.441592284574505,0.3166339810817677,12.390070921985815,,0.0654443644217052,0.0655487226800464,0.7714142504766505,0.0107753357073625,0.0649238541963149,0.0081091589876885,0.0137843135302318
"Random Forest (100 estimators, 5 depth)",564,141,36.12355697873439,6.010287595343038,0.4608236868342594,41.55872429554376,6.446605641385531,0.3155698681389941,12.390070921985815,,0.0627909019652224,0.0656636608157545,0.7681363004758527,0.0097914403397973,0.069416635696427,0.0093406558777698,0.0148604048291759
Ridge (lambda=2.0),564,141,58.277565448778006,7.633974420233408,0.1301553471756656,51.06251909795531,7.14580430028386,0.1590519855510542,12.390070921985815,9.818040317274878,-1.0484539604404486,-1.0484539604404424,-3.201144148852311,0.4808627685559619,5.556123513394486,0.7950173807979558,4.917040496379856
SVM (linear kernel),564,141,58.63782657918954,7.657533975059434,0.12477812842097435,50.68917168235978,7.119632833395257,0.16520063965960718,12.390070921985815,,,,,,,,
"Feedforward NN (3 layers, [[16, 4, 1]] activations)",564,141,55.166635646402625,7.427424563494578,0.17658874968776106,50.31111299008801,7.093032707529835,0.17142688372722192,12.390070921985815,,,,,,,,
