model_type,n_train,n_test,mse_train,rmse_train,r2_train,mse_test,rmse_test,r2_test,y_test_mean,bias,Game of season_weight,Game for player_weight,Age (days)_weight,Home?_weight,Game Started?_weight,Year_weight,Month of Season_weight
Linreg,640,161,27.083252553168503,5.20415723755235,0.1436876640498255,26.823863755569736,5.179175972639831,0.1203682827060633,9.093167701863354,4.105869870216766,-28.44734481486657,30.59903248745767,3.3430052602215725,0.5814887403490054,3.63778580217758,-0.4375422550214081,1.5248173502751603
Lasso (lambda=0.05),640,161,28.501321694371995,5.33866291260012,0.0988514651309939,27.50677839657789,5.244690495785036,0.0979735455455586,9.093167701863354,5.848794191940787,0.0,1.0882207774471635,-0.0,0.5124950692502489,3.6313569554123752,-0.0,0.3131676658680864
"Random Forest (500 estimators, 5 depth)",640,161,19.82467980633023,4.452491415638017,0.3731876243041261,22.513453212111063,4.744834371409719,0.2617190539124359,9.093167701863354,,0.0799793005523044,0.084036533127962,0.593017664175937,0.0172346591729486,0.1919859834167791,0.017783566964083,0.0159622925899856
"Random Forest (100 estimators, 5 depth)",640,161,19.774286138862458,4.44682877327905,0.3747809602234996,22.515707258698463,4.745071891836673,0.2616451372355319,9.093167701863354,,0.0810298062184063,0.0823115098052722,0.5851894864179615,0.0198342390764529,0.1983849538933656,0.0190942988290878,0.0141557057594534
Ridge (lambda=2.0),640,161,27.953914133393276,5.287146123703531,0.1161592772683377,27.08871105561244,5.204681647864011,0.1116831772536897,9.093167701863354,5.039683416040875,-5.641563715031827,6.2277501388103165,-0.0084352149407901,0.6703590036497336,3.940829620492006,0.1839811486437403,1.768215686644044
SVM (linear kernel),640,161,27.4285406118477,5.2372264235803,0.13277042198213707,26.67234788355189,5.164527847107796,0.12533692435720034,9.093167701863354,,,,,,,,
"Feedforward NN (3 layers, [[16, 4, 1]] activations)",640,161,28.43138904618657,5.3321092492733655,0.1010625802549725,27.401051905414764,5.234601408456499,0.1014406215728133,9.093167701863354,,,,,,,,
