model_type,n_train,n_test,mse_train,rmse_train,r2_train,mse_test,rmse_test,r2_test,y_test_mean,bias,Game of season_weight,Game for player_weight,Age (days)_weight,Home?_weight,Game Started?_weight,Year_weight,Month of Season_weight
Linreg,727,182,60.25828305969989,7.762620888572357,0.18434991402652245,61.79279084510961,7.860839067498431,0.17080278444839858,17.02747252747253,12.94766708035711,-15.137043043707287,6.58057916798338,1.8941963634261376,0.9360160266221648,6.506642921104353,-4.860728442123594,9.370522808972598
Lasso (lambda=0.05),727,182,61.27066684061649,7.82755816590439,0.17064638853568348,64.29028440995543,8.018122249626494,0.1372889281958274,17.02747252747253,13.668683171310153,-1.762424567815745,0.0,-3.3302397869090297,0.6447390328171481,6.690588299330978,-0.0,0.0
"Random Forest (500 estimators, 5 depth)",727,182,40.31893057601414,6.34971893677304,0.4542469927644103,49.89575720802269,7.06369288743662,0.33044903169306317,17.02747252747253,,0.06080103316621131,0.060806910485070906,0.5593460303333639,0.007843232930729516,0.2713398523813931,0.019849121974912204,0.020013818728319123
"Random Forest (100 estimators, 5 depth)",727,182,40.16908441603741,6.337908520642864,0.45627529538210565,49.36399170719621,7.025951302649074,0.3375847908420062,17.02747252747253,,0.060587726203776386,0.05806696867427129,0.5651430069840715,0.009178819423847826,0.2610416991466428,0.023928264323886436,0.022053515243503744
Ridge (lambda=2.0),727,182,60.49693061545285,7.777977283037849,0.18111960460707865,62.86198569605317,7.928555082488433,0.15645526297931978,17.02747252747253,13.379381989603894,-8.470084741927874,3.7525582494556993,-1.7672023843275804,0.8800042976716232,6.610721030025735,-1.5283764670129625,4.166399296662204
