model_type,n_train,n_test,mse_train,rmse_train,r2_train,mse_test,rmse_test,r2_test,y_test_mean,bias,Game of season_weight,Game for player_weight,Age (days)_weight,Home?_weight,Game Started?_weight,Year_weight,Month of Season_weight
Linreg,327,82,35.99564668470039,5.9996372127571505,0.3507189188729254,32.881410891031166,5.734231499602293,0.3701726104395694,11.707317073170731,5.766289613343328,8.928680689631575,-15.142958263561,17.558618327686382,0.06512993111499155,3.649238610492427,-9.132203345993792,5.720384602277078
Lasso (lambda=0.05),327,82,36.99915317912048,6.082692921652423,0.33261790273276914,33.290746089545166,5.769813349627973,0.3623319943422354,11.707317073170731,5.9610110595326145,0.0,-3.566418793901444,10.153266311915509,0.0,3.0148622226494406,0.0,0.8930198220849905
"Random Forest (500 estimators, 5 depth)",327,82,21.777495917140072,4.666636467214912,0.6071826069086539,32.35163608578452,5.687849864912445,0.3803201884662286,11.707317073170731,,0.09071349831999649,0.1222519204773443,0.7142989398096988,0.013954169382958119,0.006762815145562585,0.031981627218454316,0.020037029645985298
"Random Forest (100 estimators, 5 depth)",327,82,21.68874178698252,4.657117325876869,0.6087835332119917,33.36861521302659,5.776557384206149,0.36084044925823044,11.707317073170731,,0.08737694806995382,0.13167801001965487,0.6701450601126232,0.016368167866160917,0.007144910219057631,0.06424996534285515,0.023036938369694376
Ridge (lambda=2.0),327,82,36.65591315536697,6.054412701110403,0.33880918624160217,33.068623188002086,5.750532426480359,0.3665866501933511,11.707317073170731,5.899926804978463,0.7200155629490305,-6.474612239203368,7.0746197672911055,0.09880427819348132,3.2115937792473384,3.0658852670745316,3.520685669045642
