model_type,n_train,n_test,mse_train,rmse_train,r2_train,mse_test,rmse_test,r2_test,y_test_mean,bias,Game of season_weight,Game for player_weight,Age (days)_weight,Home?_weight,Game Started?_weight,Year_weight,Month of Season_weight
Linreg,764,191,39.02420156338637,6.246935373716169,0.2684608478892778,35.75638089824271,5.979663945260027,0.29958755203107,11.832460732984291,14.12786691513968,-19.7030429695893,32.82837218885403,-17.70427807749848,0.7308617339534011,2.972453264468174,10.448932761053742,-13.274223466159064
Lasso (lambda=0.05),764,191,39.70393496440375,6.301105852499524,0.2557187141384075,36.14032097610041,6.011682042165937,0.2920667570554545,11.832460732984291,13.967979190574004,0.0,8.045309012212826,-8.802485273275963,0.5555692481158935,2.939348118787508,-0.0,-7.023730239592549
"Random Forest (500 estimators, 5 depth)",764,191,26.54295345104461,5.151985389249917,0.5024315966964119,29.45696264066552,5.427426889481379,0.4229834565306402,11.832460732984291,,0.0566631431311241,0.0562616023573486,0.8190153171191416,0.0120942341917908,0.0198218095572464,0.0236515033638407,0.0124923902795076
"Random Forest (100 estimators, 5 depth)",764,191,26.783613506180327,5.175288736503532,0.4979202359093131,29.43398592873831,5.425309754174254,0.4234335349402256,11.832460732984291,,0.0518649469746669,0.0611376318034384,0.8014085238757244,0.0135708040800629,0.0200283784689459,0.0398472723244538,0.0121424424727076
Ridge (lambda=2.0),764,191,39.343662272669,6.272452652086662,0.2624723072647705,35.549584923295214,5.962347266244664,0.3036383667781021,11.832460732984291,14.168794598363183,4.076918819155259,6.750492230072217,-5.2200179285765165,0.7047098261086906,3.172761470119809,-3.858971756820709,-9.868825710617234
SVM (linear kernel),764,191,39.35120865279479,6.273054172633517,0.2623308444725143,36.04610134293425,6.003840549426196,0.29391237459992736,11.832460732984293,,,,,,,,
"Feedforward NN (3 layers, [[16, 4, 1]] activations)",764,191,39.78821059147447,6.307789675589578,0.25413890165535724,36.22306912782657,6.018560386656145,0.29044584816983887,11.832460732984293,,,,,,,,
