model_type,n_train,n_test,mse_train,rmse_train,r2_train,mse_test,rmse_test,r2_test,y_test_mean,bias,Game of season_weight,Game for player_weight,Age (days)_weight,Home?_weight,Game Started?_weight,Year_weight,Month of Season_weight
Linreg,764,191,39.02420156338637,6.246935373716169,0.2684608478892778,35.75638089824271,5.979663945260027,0.29958755203107,11.832460732984293,14.12786691513968,-19.7030429695893,32.82837218885403,-17.70427807749848,0.7308617339534011,2.972453264468174,10.448932761053742,-13.274223466159064
Lasso (lambda=0.05),764,191,39.70393496440375,6.301105852499524,0.2557187141384075,36.14032097610041,6.011682042165937,0.2920667570554545,11.832460732984293,13.967979190574004,0.0,8.045309012212826,-8.802485273275963,0.5555692481158935,2.9393481187875077,-0.0,-7.023730239592549
"Random Forest (500 estimators, 5 depth)",764,191,26.542953451044614,5.151985389249917,0.5024315966964119,29.45696264066552,5.427426889481379,0.4229834565306402,11.832460732984293,,0.05666314313112417,0.05626160235734864,0.8190153171191416,0.012094234191790834,0.019821809557246453,0.023651503363840767,0.012492390279507637
"Random Forest (100 estimators, 5 depth)",764,191,26.783613506180327,5.175288736503532,0.4979202359093131,29.43398592873831,5.425309754174254,0.4234335349402256,11.832460732984293,,0.05186494697466692,0.0611376318034384,0.8014085238757244,0.013570804080062986,0.020028378468945948,0.03984727232445389,0.012142442472707644
Ridge (lambda=2.0),764,191,39.343662272669,6.272452652086662,0.26247230726477055,35.549584923295214,5.962347266244664,0.3036383667781021,11.832460732984293,14.168794598363185,4.076918819155259,6.750492230072217,-5.2200179285765165,0.7047098261086906,3.1727614701198092,-3.858971756820709,-9.868825710617234
