model_type,n_train,n_test,mse_train,rmse_train,r2_train,mse_test,rmse_test,r2_test,y_test_mean,bias,Game of season_weight,Game for player_weight,Age (days)_weight,Home?_weight,Game Started?_weight,Year_weight,Month of Season_weight
Linreg,759,190,41.41927814211429,6.4357810825193775,0.2594960878101945,37.17232470344879,6.096911078853683,0.2254406810783396,12.8,5.387747939675192,7.100471666158424,-3.0028029627706943,5.346483188461014,0.0026042131738784,9.903576927891418,-7.132985128029065,-4.404682224556137
Lasso (lambda=0.05),759,190,41.82815062277553,6.4674686410353415,0.2521861663171748,37.886582342762175,6.155207741641396,0.2105577025437783,12.8,4.522382487087845,0.0,0.0,-0.0,0.0,9.615167046813376,-0.1604267916673569,-0.0
"Random Forest (500 estimators, 5 depth)",759,190,31.06777341510213,5.573847272315787,0.4445628029060768,34.58912549956015,5.881252035031329,0.2792667743336082,12.8,,0.0300480810896307,0.0340460819900145,0.334122735485665,0.0082279151711367,0.5598364127354197,0.0259962188185884,0.0077225547095446
"Random Forest (100 estimators, 5 depth)",759,190,30.86430963135245,5.555565644590338,0.4482003778376974,34.88737689254654,5.906553723834783,0.273052113354992,12.8,,0.0326237549788117,0.0297948004408219,0.3396057667493515,0.009685723473981,0.555282157039308,0.0251570176824227,0.0078507796353029
Ridge (lambda=2.0),759,190,41.47485501489929,6.440097438307847,0.2585024709831857,37.25916418354899,6.10402852086628,0.2236312077914648,12.8,5.338020385350182,2.829251137274887,0.4911283994762492,-0.112871878440089,0.0093364315260917,9.653410678944288,-1.0786039751430674,-3.769579567416286
SVM (linear kernel),759,190,41.492293443428736,6.441451190797671,0.25819070252347975,37.13966017483577,6.094231713254409,0.22612131149995662,12.8,,,,,,,,
"Feedforward NN (3 layers, [[16, 4, 1]] activations)",759,190,53.71613314160514,7.32912908479617,0.03964992816659907,48.724202978577175,6.98027241435298,-0.01526567883945229,12.8,,,,,,,,
