model_type,n_train,n_test,mse_train,rmse_train,r2_train,mse_test,rmse_test,r2_test,y_test_mean,bias,Game of season_weight,Game for player_weight,Age (days)_weight,Home?_weight,Game Started?_weight,Year_weight,Month of Season_weight
Linreg,398,100,38.55961293509155,6.209638712122594,0.15295096094346972,67.9127171092033,8.240917249263173,0.019309528111906338,10.49,10.037959431169215,-7.790557264860942,4.907505429486997,-0.01884676081118264,0.4254833556473482,3.6562003554873317,-4.629492884771704,5.9406392801523
Lasso (lambda=0.05),398,100,39.25284911057447,6.265209422722793,0.13772246170333236,67.57066917081953,8.220138026263278,0.024248855654383172,10.49,10.153791386235996,-0.0,0.0,-3.8599979371324706,0.2408925617714997,3.3805743442421394,-0.0,0.002623498227595732
"Random Forest (500 estimators, 5 depth)",398,100,22.23173460390314,4.715054040401142,0.5116297078890464,68.27541748790794,8.262894014079325,0.014071969953632468,10.49,,0.11130630389659674,0.13060390027778743,0.6068840382816706,0.027740794281809422,0.09492869380013266,0.007114320846686284,0.021421948615316808
"Random Forest (100 estimators, 5 depth)",398,100,22.7268158635622,4.767265029716955,0.5007541291856237,68.16665052430635,8.256309740090082,0.015642614295380164,10.49,,0.10549147359195513,0.12326172667690581,0.6004902347410226,0.028722071161946038,0.11613072800928906,0.007503173244456346,0.018400592574425122
Ridge (lambda=2.0),398,100,38.704660873896536,6.2213070068834035,0.14976465517352577,67.53358126430713,8.217881799119962,0.02478442186476615,10.49,10.20775148857926,-3.6625847391055526,1.6145008996680474,-2.443954545985734,0.43348101212256046,3.4248965957151833,-2.2171615625607863,3.7476655149560947
