model_type,n_train,n_test,mse_train,rmse_train,r2_train,mse_test,rmse_test,r2_test,y_test_mean,bias,Game of season_weight,Game for player_weight,Age (days)_weight,Home?_weight,Game Started?_weight,Year_weight,Month of Season_weight
Linreg,176,45,17.257629800770868,4.154230349989137,0.0952072943865112,13.569677819355158,3.683704361014217,0.2170447462903411,4.155555555555556,2.5127966904997328,-5.655235778410626,4.79992725852884,-2.4476943542883984,0.2631837237870009,4.315278680423918,2.335591542540456,3.358345345589341
Lasso (lambda=0.05),176,45,17.577997132622194,4.192612208709767,0.0784108960211348,14.348319348258626,3.7879175477112255,0.1721179997656795,4.155555555555556,2.880995833919182,-0.0,2.219684117526867,-0.0,0.1037519702473353,3.029692644500257,-0.0,0.0
"Random Forest (500 estimators, 5 depth)",176,45,9.692871208163956,3.113337631572258,0.4918167056054238,15.155396087775287,3.892993204177897,0.1255505733489585,4.155555555555556,,0.2069532380580966,0.3686590652403698,0.2459921517820797,0.0242056427640988,0.100765819788242,0.0226291631310816,0.0307949192360313
"Random Forest (100 estimators, 5 depth)",176,45,9.525277807700014,3.0863048792528605,0.5006033865111622,15.599944349484586,3.9496764866865472,0.0999006351804684,4.155555555555556,,0.2300873735940374,0.341869356833521,0.2457798820889437,0.0291938454433651,0.1054465412249276,0.0177011386620578,0.0299218621531472
Ridge (lambda=2.0),176,45,17.452530232535278,4.177622557452418,0.0849889451104429,13.9468045514258,3.734542080553626,0.1952849550764406,4.155555555555556,2.829868393801016,-1.0299202781776644,2.536756354746113,-0.5740425020113494,0.2627125778613872,3.343423300505264,0.0798140678299087,0.8556142110227295
SVM (linear kernel),176,45,18.03557016830439,4.246830602732394,0.0544209999722477,15.578887683204966,3.9470099674570074,0.10111558130584541,4.155555555555556,,,,,,,,
"Feedforward NN (3 layers, [[16, 4, 1]] activations)",176,45,17.92943753637103,4.234316655184285,0.05998538119431884,16.239292324344863,4.029800531582781,0.06301097114205778,4.155555555555556,,,,,,,,
