model_type,n_train,n_test,mse_train,rmse_train,r2_train,mse_test,rmse_test,r2_test,y_test_mean,bias,Game of season_weight,Game for player_weight,Age (days)_weight,Home?_weight,Game Started?_weight,Year_weight,Month of Season_weight
Linreg,208,52,12.629389222813451,3.553785196493093,0.10273008996413358,17.652453125438253,4.201482253376569,-0.04813863089997916,5.653846153846154,4.03640471743331,24.423667100469487,-18.94620503593973,5.396840009583587,-0.11043635670604424,1.654925244212449,-8.287637716045392,-3.5631166422665164
Lasso (lambda=0.05),208,52,13.093578679982322,3.6185050338478626,0.06975120039747507,17.091905632663074,4.134235797903051,-0.014855354209946547,5.653846153846154,3.3807496014920915,1.5866895159801313,0.0,-0.0,-0.0,1.3757715041746053,-0.06670449869867892,0.0
"Random Forest (500 estimators, 5 depth)",208,52,5.703768377451682,2.3882563466788236,0.5947690225860824,14.335032616811997,3.786163310900891,0.148837764693464,5.653846153846154,,0.16839193111258796,0.3128887847628603,0.36016068851789174,0.03356982381560648,0.039137533948652735,0.021708996048288114,0.0641422417941128
"Random Forest (100 estimators, 5 depth)",208,52,5.825063331453949,2.4135167974252734,0.5861514789705272,14.50407666202392,3.808421807261365,0.13880054250960283,5.653846153846154,,0.16866632166283235,0.31523719476546397,0.36189355179643307,0.03175585838925752,0.02922134154642672,0.02171102625948681,0.07151470558009955
Ridge (lambda=2.0),208,52,12.952735702631209,3.59899092838968,0.07975755647594152,17.43983765605603,4.176103166356889,-0.035514295607719015,5.653846153846154,3.758723172110742,1.8142085204072715,0.8452549576186276,-0.15091294608166494,-0.1571527372868339,1.3993807797851756,-1.029717632147795,-0.8749151633901313
