model_type,n_train,n_test,mse_train,rmse_train,r2_train,mse_test,rmse_test,r2_test,y_test_mean,bias,Game of season_weight,Game for player_weight,Age (days)_weight,Home?_weight,Game Started?_weight,Year_weight,Month of Season_weight
Linreg,514,129,35.45451614482449,5.954369500192652,0.1461050681677106,37.99890505682917,6.164325190710592,0.0194762303447133,11.92248062015504,7.395958359393836,-31.587978671492,25.950269337023183,0.5403143307877781,0.6253863087238121,3.1801109199871807,0.1708386528530145,10.341259275005427
Lasso (lambda=0.05),514,129,37.3075318106264,6.107989178987336,0.1014766016792444,38.00533110877363,6.164846397824818,0.0193104124963526,11.92248062015504,8.893981420657088,-0.0,2.6541546300500185,-0.3510363189463157,0.3995863588178517,3.2891533246945666,-0.0,0.0
"Random Forest (500 estimators, 5 depth)",514,129,21.952978784185174,4.685400600181929,0.4712792794614433,32.69317957105888,5.7177949920453495,0.1563851740704127,11.92248062015504,,0.0592907311887727,0.0886641802289843,0.7525113147276585,0.0134922853300412,0.0702398553417019,0.0110634973427924,0.0047381358400487
"Random Forest (100 estimators, 5 depth)",514,129,22.155658796236363,4.706979795605284,0.4663978862316704,32.710502321590546,5.719309601830499,0.155938177804949,11.92248062015504,,0.0606752970104705,0.0911839245667072,0.7502963979862552,0.0101035726477926,0.0740695917319288,0.0101125901330203,0.003558625923825
Ridge (lambda=2.0),514,129,36.60280775209901,6.050025434004308,0.1184493421746651,37.315821195471926,6.108667710349936,0.0371025267268592,11.92248062015504,8.768735928704897,-5.76126553462319,7.436491577748814,-0.924878547787954,0.6109794526919063,3.617746072582228,-0.052002650496828,1.2776348951258534
SVM (linear kernel),514,129,35.966338039205915,5.997194180548593,0.13377822890616553,38.197856777856295,6.180441471113232,0.014342480011929504,11.922480620155039,,,,,,,,
"Feedforward NN (3 layers, [[16, 4, 1]] activations)",514,129,34.50406326167903,5.874015939855716,0.16899599965153422,37.26258489022516,6.104308715180218,0.03847623638046671,11.922480620155039,,,,,,,,
