model_type,n_train,n_test,mse_train,rmse_train,r2_train,mse_test,rmse_test,r2_test,y_test_mean,bias,Game of season_weight,Game for player_weight,Age (days)_weight,Home?_weight,Game Started?_weight,Year_weight,Month of Season_weight
Linreg,543,136,25.626537661064813,5.062266059885119,0.1838350280520642,27.041499498174357,5.200144180517917,0.18092428633246005,7.492647058823529,7.070894138864156,63246648740891.32,-63246648740887.03,0.0263671875,0.580322265625,4.0283203125,-2.2431640625,-3.6875
Lasso (lambda=0.05),543,136,25.906216398028167,5.08981496697357,0.17492769958158805,27.115547269383793,5.207259093744404,0.1786814103021218,7.492647058823529,6.614169104837206,0.0,0.0,-1.6107581320103048,0.37155982086346606,4.214298526475672,-0.0,-0.0
"Random Forest (500 estimators, 5 depth)",543,136,15.747866900783272,3.968358212256458,0.4984551749710088,22.858897613628102,4.781097950641474,0.30761354865695545,7.492647058823529,,0.10079785889700277,0.10191592377841012,0.4536964285208918,0.015652856173610393,0.30484093033495135,0.006544110751417431,0.01655189154371614
"Random Forest (100 estimators, 5 depth)",543,136,15.819990134365472,3.9774351200699014,0.4961581632680643,22.5727286866891,4.751076581859011,0.3162814858058499,7.492647058823529,,0.1088632285079856,0.09348112789811483,0.45533870209880534,0.016957229984820094,0.30228860400184215,0.008951965483163125,0.014119142025268898
Ridge (lambda=2.0),543,136,25.647286806918846,5.0643150382770274,0.1831742003480692,26.946188436150813,5.1909718200112405,0.18381121855131188,7.492647058823529,6.9534017602470595,1.607111569715131,1.60711156971513,-0.9077686979581037,0.5730175223157569,4.039976788841622,-1.286341745041478,-2.6658117224079363
