model_type,n_train,n_test,mse_train,rmse_train,r2_train,mse_test,rmse_test,r2_test,y_test_mean,bias,Game of season_weight,Game for player_weight,Age (days)_weight,Home?_weight,Game Started?_weight,Year_weight,Month of Season_weight
Linreg,116,30,7.741122635332198,2.782287302801815,0.1380817348407135,9.55583222077194,3.091250915207618,0.0615180053803199,2.8666666666666667,1.784769602960989,-2.661490833695955,-0.5847992544538512,10.310329203968932,0.5126200196107334,4.409445805950163,-12.065769819735044,3.613905188049117
Lasso (lambda=0.05),116,30,8.122021799365548,2.8499161039170167,0.095671355606338,9.749219176983562,3.1223739649477547,0.04252539728446,2.8666666666666667,2.032058922608101,-1.1935763408337627,-0.0,-0.0,0.3229682184076147,2.754898960618872,-0.0,0.6809079986180625
"Random Forest (500 estimators, 5 depth)",116,30,3.4293502000321423,1.851850479934096,0.6181665484093559,10.05980666914109,3.171719828285766,0.0120224790236815,2.8666666666666667,,0.27445999992465,0.2327422902723652,0.248590318637692,0.0263216004344742,0.110942132373228,0.0197169272462263,0.087226731111364
"Random Forest (100 estimators, 5 depth)",116,30,3.557200957094508,1.8860543356686488,0.6039312872053114,10.543664511724216,3.247100939565048,-0.0354973876638802,2.8666666666666667,,0.2826619242682485,0.2477542167839966,0.2419397780358058,0.0251694707814227,0.0968824171290456,0.0211179426933102,0.0844742503081704
Ridge (lambda=2.0),116,30,7.943636829209586,2.818445818036881,0.1155332375645895,9.621489738739532,3.1018526300808573,0.0550697550343102,2.8666666666666667,2.098981578292538,-1.9439165168147108,-0.3527040118569086,-0.2294468655597914,0.435899852073321,2.779692357139177,-0.421291051936241,1.589992773252782
SVM (linear kernel),116,30,8.820032700342635,2.96985398636745,0.017952867839915454,10.55715096153747,3.249176966792894,-0.03682189713921047,2.8666666666666667,,,,,,,,
"Feedforward NN (3 layers, [[16, 4, 1]] activations)",116,30,12.083373129846178,3.4761146600545527,-0.34539659116282895,17.807885175294974,4.219939001371344,-0.7489193210132563,2.8666666666666667,,,,,,,,
