model_type,n_train,n_test,mse_train,rmse_train,r2_train,mse_test,rmse_test,r2_test,y_test_mean,bias,Game of season_weight,Game for player_weight,Age (days)_weight,Home?_weight,Game Started?_weight,Year_weight,Month of Season_weight
Linreg,116,30,7.741122635332198,2.782287302801815,0.1380817348407135,9.55583222077194,3.0912509152076186,0.06151800538031993,2.8666666666666667,1.784769602960989,-2.661490833695955,-0.5847992544538512,10.310329203968932,0.5126200196107334,4.409445805950163,-12.065769819735044,3.613905188049117
Lasso (lambda=0.05),116,30,8.122021799365548,2.8499161039170167,0.095671355606338,9.749219176983562,3.1223739649477547,0.04252539728446003,2.8666666666666667,2.032058922608101,-1.1935763408337627,-0.0,-0.0,0.32296821840761475,2.754898960618872,-0.0,0.6809079986180625
"Random Forest (500 estimators, 5 depth)",116,30,3.4293502000321423,1.8518504799340962,0.6181665484093559,10.05980666914109,3.171719828285766,0.012022479023681587,2.8666666666666667,,0.27445999992465003,0.23274229027236526,0.24859031863769204,0.026321600434474235,0.11094213237322807,0.019716927246226344,0.08722673111136403
"Random Forest (100 estimators, 5 depth)",116,30,3.5572009570945076,1.8860543356686486,0.6039312872053114,10.543664511724216,3.2471009395650476,-0.03549738766388022,2.8666666666666667,,0.2826619242682485,0.24775421678399664,0.24193977803580588,0.025169470781422756,0.0968824171290456,0.021117942693310292,0.08447425030817045
Ridge (lambda=2.0),116,30,7.943636829209586,2.8184458180368814,0.11553323756458955,9.621489738739532,3.1018526300808573,0.05506975503431022,2.8666666666666667,2.098981578292538,-1.9439165168147108,-0.3527040118569086,-0.22944686555979146,0.43589985207332105,2.779692357139177,-0.421291051936241,1.5899927732527819
