model_type,n_train,n_test,mse_train,rmse_train,r2_train,mse_test,rmse_test,r2_test,y_test_mean,bias,Game of season_weight,Game for player_weight,Age (days)_weight,Home?_weight,Game Started?_weight,Year_weight,Month of Season_weight
Linreg,627,157,11.852136107838737,3.4426931474993143,0.18236308734390405,12.02865181680735,3.4682346830639,0.13472760569519515,4.43312101910828,7.694364021584345,2.6557513075035786,2.6557513075035786,-4.723692671248782,-0.7947326193174009,1.035353027045002,0.052589818326570004,-6.092979714184126
Lasso (lambda=0.05),627,157,12.064440351407532,3.4733903252308878,0.16771696915255374,11.85390164136368,3.4429495554485956,0.1472981335493685,4.43312101910828,6.788901224815296,-0.0,-0.0,-1.0464362927085735,-0.6217661666223658,0.8208885721533741,-3.497730787151983,-0.11394666927220787
"Random Forest (500 estimators, 5 depth)",627,157,8.232439489348158,2.8692228023191504,0.43207314306431854,11.611725866974261,3.4075982549259325,0.16471887324155554,4.43312101910828,,0.09348789211721723,0.10058742551703002,0.6446877827886016,0.040877590434041836,0.08322435389535679,0.023892030864974167,0.013242924382778423
"Random Forest (100 estimators, 5 depth)",627,157,8.269424652613528,2.8756607332252404,0.4295216675808081,11.585149539023284,3.4036964522447186,0.16663062222790814,4.43312101910828,,0.09466699902408623,0.10176929164167972,0.6393428168944276,0.04227062847715158,0.08301731516814993,0.024065717332886365,0.01486723146161865
Ridge (lambda=2.0),627,157,11.89336269919719,3.4486754992601423,0.1795190107512158,11.826371948971973,3.438949250711905,0.1492784621192721,4.43312101910828,7.41737753979947,1.1876639388491945,1.1876639388491879,-2.5835390351915475,-0.799280495754247,1.0564674827110483,-2.285176133945763,-2.9773910396660903
