model_type,n_train,n_test,mse_train,rmse_train,r2_train,mse_test,rmse_test,r2_test,y_test_mean,bias,Game of season_weight,Game for player_weight,Age (days)_weight,Home?_weight,Game Started?_weight,Year_weight,Month of Season_weight
Linreg,558,140,37.59621608618944,6.131575334788724,0.0546383285730308,36.791086531162925,6.065565639836315,0.1400866274843597,11.15,7.547525465981949,-0.4741726490885103,5.842401852062929,4.738366187063779,-0.0977124426724857,2.521779527743325,-3.251511942416139,-5.035428672522915
Lasso (lambda=0.05),558,140,38.11914382906067,6.174070280541085,0.0414892434655571,37.82199657301332,6.149959070840498,0.1159912985764478,11.15,7.379204821913,-0.0,1.721463942161661,0.9602653628300156,-0.0,2.604662153383724,0.0,-0.1458577944769405
"Random Forest (500 estimators, 5 depth)",558,140,26.1611519717654,5.114797353929616,0.3421744811290191,33.95616779161026,5.827192101828312,0.2063468215689147,11.15,,0.1757069324103927,0.2079864635055203,0.435184412687847,0.0275977746445782,0.0458679542432285,0.035384768659528,0.072271693848905
"Random Forest (100 estimators, 5 depth)",558,140,26.30754123700555,5.129087758754529,0.3384935042948309,34.29691104976326,5.856356465394098,0.1983826728604463,11.15,,0.1747162627635235,0.2163364646668965,0.441902817420469,0.0268541333453353,0.0367645303456328,0.0407781796650598,0.0626476117930827
Ridge (lambda=2.0),558,140,37.64515882747126,6.135565078089488,0.0534076570715071,37.0787399940729,6.089231478115518,0.1333633397881074,11.15,7.291571145464394,-0.4953479869066972,4.609872365693882,1.3886486242582483,-0.1298448263175579,2.684607805322629,0.3292979260752305,-3.69512686071149
SVM (linear kernel),558,140,38.054368919618064,6.168822328420398,0.04311801686436967,38.08989297823763,6.171700979327954,0.10972979006932282,11.15,,,,,,,,
"Feedforward NN (3 layers, [[16, 4, 1]] activations)",558,140,37.94418281745916,6.159884967875549,0.0458886605234593,38.91416226436573,6.238121693616255,0.0904642491863401,11.15,,,,,,,,
