model_type,n_train,n_test,mse_train,rmse_train,r2_train,mse_test,rmse_test,r2_test,y_test_mean,bias,Game of season_weight,Game for player_weight,Age (days)_weight,Home?_weight,Game Started?_weight,Year_weight,Month of Season_weight
Linreg,544,136,17.790499248039477,4.217878524571265,0.0694299082186256,22.37512871955147,4.730235588165929,0.0800851322315023,5.227941176470588,4.31680745588106,-10.185474602939992,10.676643332497592,-10.880148671269398,0.1996022480314188,5.238840796228772,10.387863960668716,0.6155236446937202
Lasso (lambda=0.05),544,136,18.514134924031268,4.302805471321155,0.0315785973568369,23.706910688755897,4.868974295347624,0.0253312110606873,5.227941176470588,4.566369697312403,0.0,1.608150472326219,-1.053730193254741,0.0498989897530523,0.153351993997353,-0.0,0.0
"Random Forest (500 estimators, 5 depth)",544,136,13.339691359646135,3.652354221546171,0.3022389287782865,21.63260725173634,4.65108667428767,0.1106126231095133,5.227941176470588,,0.1600878915700659,0.1653603164574958,0.5362966894254453,0.0249747338311744,0.0598157345824011,0.0187524452743556,0.0347121888590617
"Random Forest (100 estimators, 5 depth)",544,136,13.312242689608963,3.6485946184262463,0.3036746901383047,21.435831407121167,4.629884599762846,0.1187027229408062,5.227941176470588,,0.1596209453989005,0.1615333444193122,0.5347235851304014,0.032291613820395,0.0528512195432562,0.0155504415129942,0.0434288501747403
Ridge (lambda=2.0),544,136,18.05646396477843,4.249289818873082,0.0555180551887758,22.73061994823928,4.767663992799752,0.0654697228307308,5.227941176470588,4.505084934735599,-3.065646950367789,3.801036037954245,-1.7660335671640202,0.2345934313643537,3.870316307153972,0.3433764546642429,1.0472961951432755
SVM (linear kernel),544,136,18.295496154415943,4.277323480217032,0.043014965559394325,23.23984510508405,4.820772251940974,0.04453380783803085,5.227941176470588,,,,,,,,
"Feedforward NN (3 layers, [[16, 4, 1]] activations)",544,136,18.060227925273853,4.2497326886845315,0.055321173189296746,22.497559122458263,4.743159192190187,0.0750516171481932,5.227941176470588,,,,,,,,
