model_type,n_train,n_test,mse_train,rmse_train,r2_train,mse_test,rmse_test,r2_test,y_test_mean,bias,Game of season_weight,Game for player_weight,Age (days)_weight,Home?_weight,Game Started?_weight,Year_weight,Month of Season_weight
Linreg,406,102,14.657345344399896,3.828491262155354,0.0647674817924365,24.84209026551672,4.984184012004043,0.009625253871395,5.598039215686274,3.7370565054725295,-62.23607849222523,61.016499882315166,-2.254681264002869,-0.306337053603313,1.5062197969476294,1.673736173341771,3.0687071682830265
Lasso (lambda=0.05),406,102,14.953080070855655,3.866921265148239,0.0458977119640057,24.510474776057464,4.950805467401993,0.0228457036272436,5.598039215686274,4.92038933511502,0.0,0.0,-1.1612258107200946,-0.0983797182989103,1.1776064276581035,-0.0,0.6572234949849959
"Random Forest (500 estimators, 5 depth)",406,102,10.592033933530464,3.2545405103532605,0.3241603894950574,22.71205095732729,4.765716206125506,0.0945431137030332,5.598039215686274,,0.1802324376562825,0.1562823237380576,0.3292669031868971,0.0205577126505613,0.0545451448917961,0.1969257698901191,0.0621897079862861
"Random Forest (100 estimators, 5 depth)",406,102,10.500740260667794,3.2404845718916477,0.3299855105904262,22.738664691402025,4.768507595820942,0.093482109180222,5.598039215686274,,0.1890344383339426,0.1409002595943627,0.3259779066390262,0.0193300493387298,0.0548853729899723,0.2101195642980453,0.0597524088059207
Ridge (lambda=2.0),406,102,14.845622383802423,3.853001736802415,0.052754200700689,24.73912673528269,4.973844261261372,0.0137300807610056,5.598039215686274,4.686981040353057,-0.1781647490141616,0.3887620669477609,-1.802645008132324,-0.3129470357345952,1.3649071779383188,0.1923790337597889,1.308627632296386
SVM (linear kernel),406,102,14.976954667116726,3.8700070629285324,0.04437435979771731,25.672702599149858,5.066823718973244,-0.023488605319233802,5.598039215686274,,,,,,,,
"Feedforward NN (3 layers, [[16, 4, 1]] activations)",406,102,16.30061815437512,4.037402401838975,-0.040083849199933574,26.345888058751076,5.132824569255321,-0.0503263581622575,5.598039215686274,,,,,,,,
