model_type,n_train,n_test,mse_train,rmse_train,r2_train,mse_test,rmse_test,r2_test,y_test_mean,bias,Game of season_weight,Game for player_weight,Age (days)_weight,Home?_weight,Game Started?_weight,Year_weight,Month of Season_weight
Linreg,406,102,14.657345344399895,3.828491262155354,0.06476748179243652,24.842090265516717,4.984184012004043,0.009625253871395012,5.598039215686274,3.7370565054725295,-62.23607849222523,61.016499882315166,-2.254681264002869,-0.306337053603313,1.5062197969476294,1.673736173341771,3.0687071682830265
Lasso (lambda=0.05),406,102,14.953080070855657,3.866921265148239,0.045897711964005716,24.510474776057464,4.950805467401993,0.022845703627243696,5.598039215686274,4.92038933511502,0.0,0.0,-1.1612258107200946,-0.09837971829891035,1.1776064276581035,-0.0,0.6572234949849959
"Random Forest (500 estimators, 5 depth)",406,102,10.592033933530463,3.2545405103532605,0.32416038949505743,22.71205095732729,4.765716206125506,0.09454311370303325,5.598039215686274,,0.18023243765628252,0.15628232373805767,0.32926690318689716,0.020557712650561336,0.05454514489179616,0.19692576989011912,0.06218970798628614
"Random Forest (100 estimators, 5 depth)",406,102,10.500740260667794,3.2404845718916473,0.32998551059042625,22.738664691402022,4.768507595820942,0.09348210918022204,5.598039215686274,,0.18903443833394265,0.14090025959436278,0.32597790663902626,0.019330049338729827,0.05488537298997236,0.21011956429804537,0.05975240880592077
Ridge (lambda=2.0),406,102,14.845622383802423,3.8530017368024145,0.052754200700689036,24.73912673528269,4.973844261261372,0.01373008076100568,5.598039215686274,4.686981040353057,-0.17816474901416166,0.3887620669477609,-1.802645008132324,-0.3129470357345952,1.3649071779383188,0.1923790337597889,1.3086276322963861
