model_type,n_train,n_test,mse_train,rmse_train,r2_train,mse_test,rmse_test,r2_test,y_test_mean,bias,Game of season_weight,Game for player_weight,Age (days)_weight,Home?_weight,Game Started?_weight,Year_weight,Month of Season_weight
Linreg,357,90,30.736469813957807,5.54404814318543,0.2012489511661124,26.79571898946587,5.17645815103975,0.1029553976149648,12.133333333333333,6.707057584694827,3.1762642433939923,-9.645771591998493,2.5251561595843506,-0.0754119044119538,4.684538574265529,3.4243479053642583,4.826935726337963
Lasso (lambda=0.05),357,90,31.058283667593,5.572995932852724,0.1928859493420169,26.22015661466708,5.120562138541732,0.122223591980346,12.133333333333333,7.163688188858796,-0.0,-1.4733229322645645,6.065200323472347,0.0,3.46574916773182,0.0,0.0
"Random Forest (500 estimators, 5 depth)",357,90,20.240536375337932,4.498948363266457,0.4740075956471771,31.71295033792214,5.631425249252816,-0.0616595485839135,12.133333333333333,,0.138327240263083,0.1586957050367419,0.6091026985133139,0.0191378268451117,0.0198954125602594,0.0079592299398624,0.0468818868416272
"Random Forest (100 estimators, 5 depth)",357,90,20.165037741687943,4.490549826211479,0.4759695845541163,33.002544558977355,5.744784117699929,-0.104831502123182,12.133333333333333,,0.1517291934471062,0.1748484021661466,0.5974925835871918,0.018812915833282,0.0115906204848187,0.0050081413212972,0.0405181431601573
Ridge (lambda=2.0),357,90,30.84089907073644,5.55345829828013,0.1985351398896139,26.5887218173171,5.156425294457111,0.1098850753018376,12.133333333333333,7.051407326424446,-1.426452472124395,-2.5535013455083035,3.3796300554206065,-0.0277233279402439,4.031513705515653,2.8703148668692933,2.15809720513447
SVM (linear kernel),357,90,30.82027028709883,5.551600695934356,0.19907122170598524,27.314532354026667,5.226330677829969,0.08558699900967104,12.133333333333333,,,,,,,,
"Feedforward NN (3 layers, [[16, 4, 1]] activations)",357,90,31.54687837171042,5.616660784817828,0.18018880049146002,28.785457894603184,5.3652080942497635,0.03634458766765114,12.133333333333333,,,,,,,,
