model_type,n_train,n_test,mse_train,rmse_train,r2_train,mse_test,rmse_test,r2_test,y_test_mean,bias,Game of season_weight,Game for player_weight,Age (days)_weight,Home?_weight,Game Started?_weight,Year_weight,Month of Season_weight
Linreg,440,111,26.397387544587747,5.137838800953933,0.2672791875373939,29.17719705641929,5.40159208534107,0.1407148714937254,9.81081081081081,9.850772412564634,-345026175384759.8,345026175384749.25,5.2535400390625,0.048828125,4.6376953125,-14.1953125,13.53125
Lasso (lambda=0.05),440,111,27.233310944689965,5.218554488044555,0.2440761917165069,29.201952305324863,5.403883076577885,0.1399858152654695,9.81081081081081,9.563126843169217,-0.0,-0.0,-0.0,0.0,4.66506059812141,-6.306347894076665,1.8379480250891584
"Random Forest (500 estimators, 5 depth)",440,111,18.90360169373709,4.347827238257874,0.4752866219011729,32.18730415625845,5.673385599116144,0.0520654970832429,9.81081081081081,,0.0938095351350824,0.0968902816389877,0.5200023324826268,0.0192853877243467,0.2354125405462366,0.0138936098147982,0.0207063126579215
"Random Forest (100 estimators, 5 depth)",440,111,18.951991601994006,4.353388519532113,0.4739434475876879,31.932431686097843,5.650878841923427,0.0595716369928159,9.81081081081081,,0.0892395887018016,0.0919268686117182,0.5449578117682055,0.0163188238087616,0.2262211427580908,0.0097361343233939,0.021599630028028
Ridge (lambda=2.0),440,111,26.757580562185822,5.172773005089806,0.2572811936051521,28.86866853055333,5.372957149517696,0.1498012129090413,9.81081081081081,9.74881201510012,-2.1716943065254037,-2.171694306525401,-2.6873538076574737,0.0359299636645763,4.753121817890958,-4.536861756074199,6.126053662991412
SVM (linear kernel),440,111,26.533835162301717,5.151100383636657,0.26349176693976484,29.44555968700069,5.426376294268643,0.13281143864993605,9.81081081081081,,,,,,,,
"Feedforward NN (3 layers, [[16, 4, 1]] activations)",440,111,30.343622649331735,5.508504574685559,0.157742265096396,30.134387076514148,5.489479672656977,0.11252507835383985,9.81081081081081,,,,,,,,
