model_type,n_train,n_test,mse_train,rmse_train,r2_train,mse_test,rmse_test,r2_test,y_test_mean,bias,Game of season_weight,Game for player_weight,Age (days)_weight,Home?_weight,Game Started?_weight,Year_weight,Month of Season_weight
Linreg,114,29,10.024939748179252,3.166218525019909,0.1919713405276856,10.671499028800229,3.2667260412835706,0.2075992686543358,3.655172413793104,1.557885630768264,3.0258062256966136,1.52018332311222,5.435047730863342,0.6750514175813658,2.462846358949302,-4.604193506210319,-2.628597686523882
Lasso (lambda=0.05),114,29,10.376878909711426,3.221316331829494,0.1636043940869049,11.251650294670458,3.3543479686327204,0.164520757741669,3.655172413793104,1.78207032794502,0.0,1.2656732056823614,0.6446324570498722,0.5185740018385422,2.542337417336015,0.0,-0.0
"Random Forest (500 estimators, 5 depth)",114,29,4.238282947290464,2.058709048722151,0.6583865664643545,13.62700232916189,3.691476984780196,-0.0118584636080831,3.655172413793104,,0.1900031038389415,0.1851998088618709,0.3963064207543431,0.0648048491905759,0.1177854861261019,0.0088809979533779,0.0370193332747885
"Random Forest (100 estimators, 5 depth)",114,29,4.464375919966974,2.112906983273749,0.6401630552795525,13.094599276218116,3.6186460556702857,0.0276745548914503,3.655172413793104,,0.1755556976914331,0.1927565863495423,0.4140276134601708,0.0667363460347352,0.1056505079707433,0.0076556030459885,0.0376176454473865
Ridge (lambda=2.0),114,29,10.207601056336529,3.1949336544498896,0.1772485017201417,10.824004823986876,3.289985535528519,0.1962751141644921,3.655172413793104,1.7487518745065938,0.5621988384920635,1.806303742634168,1.396638577270744,0.6687809363917634,2.4111728707919613,-0.5075267809770198,-1.1352538964886127
SVM (linear kernel),114,29,10.289953080429886,3.207795673111036,0.17061077647644896,10.716343970712575,3.2735827423043053,0.20426935552098924,3.6551724137931036,,,,,,,,
"Feedforward NN (3 layers, [[16, 4, 1]] activations)",114,29,10.97805456674462,3.3133147400669047,0.11514852577626056,11.860861801037332,3.443960191558162,0.11928440979406707,3.6551724137931036,,,,,,,,
