model_type,n_train,n_test,mse_train,rmse_train,r2_train,mse_test,rmse_test,r2_test,y_test_mean,bias,Game of season_weight,Game for player_weight,Age (days)_weight,Home?_weight,Game Started?_weight,Year_weight,Month of Season_weight
Linreg,131,33,14.851490548664872,3.8537631671737267,0.1416962595199136,15.020108732682475,3.8755785029699084,0.046578549201957586,4.0606060606060606,2.6583119051631927,1.6590465694693113,1.6590465694693106,-2.479414453456406,-0.4982064742529502,3.3204044222983815,0.8989080211901406,0.5816271034974075
Lasso (lambda=0.05),131,33,14.975966947580458,3.869879448714192,0.13450246584373993,15.079515278688818,3.88323515624393,0.04280763939775456,4.0606060606060606,2.7542587359513537,3.2216634437403684,2.502582167185108e-16,-1.4852022477903282,-0.29038702371095465,1.7822974100138391,-0.0,0.369141916647468
"Random Forest (500 estimators, 5 depth)",131,33,6.507702296035965,2.5510198541046214,0.6239040650959676,14.959721016192274,3.867779856221431,0.05041174011229976,4.0606060606060606,,0.24165026948367002,0.2268881912072592,0.37070526748357985,0.047176084309205384,0.035606557919937935,0.019028558571646297,0.05894507102470137
"Random Forest (100 estimators, 5 depth)",131,33,6.929844084737752,2.632459702395794,0.5995074649656009,14.457301619204456,3.8022758473320235,0.08230348197052628,4.0606060606060606,,0.24409963456824219,0.22683552016414388,0.36439137707894925,0.047647492781945834,0.05082704332176537,0.0120855944344897,0.054113337650463875
Ridge (lambda=2.0),131,33,14.899723382624654,3.8600159821721793,0.13890876679883069,15.130681112691205,3.889817619463823,0.03955981978778722,4.0606060606060606,2.69570606837581,1.502044113397741,1.5020441133977418,-1.2034121738345238,-0.4525906562841332,2.188217884924949,-0.5740982162980635,1.0556623434196613
