model_type,n_train,n_test,mse_train,rmse_train,r2_train,mse_test,rmse_test,r2_test,y_test_mean,bias,Game of season_weight,Game for player_weight,Age (days)_weight,Home?_weight,Game Started?_weight,Year_weight,Month of Season_weight
Linreg,422,106,55.45023175949295,7.44649123812638,0.1846392425753354,48.53222245482208,6.966507191901985,0.2091586408948994,14.00943396226415,15.305143110095592,5.318691994754383,5.318691994754376,7.058393131437241,-0.1902764963973979,4.413290965747262,-11.657029709703878,-6.77615330744059
Lasso (lambda=0.05),422,106,55.91490853333716,7.477627199408724,0.177806463085385,48.88418735440023,6.991722774424071,0.2034233090790366,14.00943396226415,14.958007596005118,5.963944099861866,0.0,-0.0,-0.0,4.508712376735715,-5.441696884718384,-3.054125045004765
"Random Forest (500 estimators, 5 depth)",422,106,40.12652803540635,6.334550342005843,0.4099646610373313,45.18352940136791,6.721869487082289,0.2637262009955057,14.00943396226415,,0.1125619733632092,0.1075208917450837,0.5890647521321595,0.0230192125511834,0.1239999615578941,0.0148902846377456,0.0289429240127242
"Random Forest (100 estimators, 5 depth)",422,106,40.45740023528765,6.360613196484097,0.405099393590369,46.30579210995252,6.804835935564687,0.2454387268012997,14.00943396226415,,0.112151102767146,0.1093590894693394,0.5630899693189012,0.0256910902164672,0.1433730519252734,0.01506404223834,0.0312716540645326
Ridge (lambda=2.0),422,106,55.6044735196556,7.456840719745568,0.1823712145725273,48.44249232546392,6.960064103545593,0.2106208096121953,14.00943396226415,15.220789116134666,4.216264245538641,4.216264245538622,-1.46984892476288,-0.139166168396166,4.508229872775348,-3.6620725246469368,-5.52168801951446
SVM (linear kernel),422,106,55.97294912255269,7.481507142451492,0.17695301275195074,48.57734663747891,6.969745091284107,0.208423334161851,14.00943396226415,,,,,,,,
"Feedforward NN (3 layers, [[16, 4, 1]] activations)",422,106,61.5783996939238,7.847190560571586,0.09452839019305204,60.74983220691042,7.7942178701208,0.010070476112178706,14.00943396226415,,,,,,,,
