model_type,n_train,n_test,mse_train,rmse_train,r2_train,mse_test,rmse_test,r2_test,y_test_mean,bias,Game of season_weight,Game for player_weight,Age (days)_weight,Home?_weight,Game Started?_weight,Year_weight,Month of Season_weight
Linreg,356,89,14.56075011896269,3.8158550966936216,0.17288429743065026,24.603886431438546,4.960230481685155,0.27527988716309026,5.775280898876405,5.275637648166926,7.861299991607415,-7.64047599933137,-5.035210447856606,-0.03716036074261214,3.721063802083436,0.4404658115216289,1.2750048221445462
Lasso (lambda=0.05),356,89,14.870630266540239,3.8562456180254183,0.15528171968693183,24.944331143211457,4.99443001184434,0.26525191330545095,5.775280898876405,5.262699572896521,0.0,0.0,-3.126821926046204,-0.0,2.9276993343850917,-0.0,0.9910944892454432
"Random Forest (500 estimators, 5 depth)",356,89,8.90753356508017,2.9845491393307917,0.4940122711640754,21.534980985460837,4.640579811344789,0.36567607344416686,5.775280898876405,,0.12497575646334445,0.12066199179790656,0.47339237412783236,0.024353930211610184,0.15814049593959117,0.042185406510944136,0.056290044948771156
"Random Forest (100 estimators, 5 depth)",356,89,8.94670025521212,2.991103517969935,0.49178742806456954,21.289017178035373,4.614002294975087,0.37292106373331924,5.775280898876405,,0.11775385034353417,0.11434448972005021,0.4790935243776615,0.027098773929608598,0.1616128772932709,0.04218757587584749,0.057908908460027136
Ridge (lambda=2.0),356,89,14.693231657852156,3.833175140513691,0.1653587537450043,24.61226670725535,4.9610751563804545,0.2750330418343052,5.775280898876405,5.204998436127909,1.7307427199931218,-1.6151754881433404,-2.247717040835322,-0.05423282247704115,3.2826443140827872,-1.710786676127182,1.728576264905384
