model_type,n_train,n_test,mse_train,rmse_train,r2_train,mse_test,rmse_test,r2_test,y_test_mean,bias,Game of season_weight,Game for player_weight,Age (days)_weight,Home?_weight,Game Started?_weight,Year_weight,Month of Season_weight
Linreg,359,90,25.8334302344889,5.082659759858897,0.0635971691532411,34.12047059616268,5.841273028729497,0.0861948062328102,5.833333333333333,6.615302748516088,-2.770186759391317,4.3393550703546415,8.899854586904222,-0.0751778717392844,2.384224335129299,-11.474369423702369,-0.1508564910002643
Lasso (lambda=0.05),359,90,26.073353136122297,5.106207314252164,0.0549005120606594,35.36920414571026,5.947201370872712,0.0527515628287682,5.833333333333333,6.765237655213403,0.0,0.0,-0.0,-0.0,2.130374829618969,-2.060714174159084,-0.0
"Random Forest (500 estimators, 5 depth)",359,90,14.065110174669824,3.7503480071414472,0.4901718871948735,29.729520612394243,5.45247839174024,0.2037920383527801,5.833333333333333,,0.1919787276090306,0.1338898124679769,0.5513436726988178,0.0308758936192008,0.0497670013755922,0.0077881294421676,0.0343567627872139
"Random Forest (100 estimators, 5 depth)",359,90,14.119169115660863,3.75754828520684,0.4882123740788411,30.192077440293108,5.494731789659356,0.1914039667828061,5.833333333333333,,0.1886490826721803,0.1327584991430412,0.5706240046517881,0.0290838559572906,0.0398381240612895,0.0069222802561161,0.0321241532582941
Ridge (lambda=2.0),359,90,25.969153544487224,5.095993872100635,0.0586775092187795,34.9819497323678,5.914554060313237,0.0631229055458703,5.833333333333333,6.821921480565007,-0.8191922801649834,1.5720070083535689,-0.1124348228385139,-0.1140475130829286,2.342550519525272,-2.1155592077129333,-0.7616479148119343
SVM (linear kernel),359,90,26.561842806278303,5.153818274471686,0.037193877447235124,34.42873519355601,5.86760046301348,0.07793894735306017,5.833333333333333,,,,,,,,
"Feedforward NN (3 layers, [[16, 4, 1]] activations)",359,90,29.363142302856673,5.418776827186803,-0.06434682987794083,37.55416705563208,6.12814548257726,-0.005765521501826187,5.833333333333333,,,,,,,,
