model_type,n_train,n_test,mse_train,rmse_train,r2_train,mse_test,rmse_test,r2_test,y_test_mean,bias,Game of season_weight,Game for player_weight,Age (days)_weight,Home?_weight,Game Started?_weight,Year_weight,Month of Season_weight
Linreg,120,31,22.398425459000705,4.732697482303375,0.1252299860605998,22.78077546710389,4.772921062316439,0.1210019584081412,6.225806451612903,2.518849837808914,4.817207225173613,-2.252301889457613,19.21125037549228,-0.923829784432294,2.3483114812350827,-14.1145499212615,-1.2432144894216162
Lasso (lambda=0.05),120,31,23.30955423088595,4.827996917033601,0.0896458719030415,22.85841697365644,4.781047685775205,0.1180061546742216,6.225806451612903,5.923680392343009,0.0,0.2873911112805482,1.9523387459261372,-0.9469328824536652,2.43580736244514,-0.0,-1.6067775082749722
"Random Forest (500 estimators, 5 depth)",120,31,9.49686145926384,3.0816978208876744,0.6291002844683253,27.168175028695643,5.212309951326345,-0.0482862042309688,6.225806451612903,,0.2483672723063058,0.2297811577055818,0.2890852694200092,0.0383772837139868,0.0522444851555555,0.0413114642050667,0.1008330674934941
"Random Forest (100 estimators, 5 depth)",120,31,9.775706920959488,3.126612691229837,0.6182099810913788,26.401278763147413,5.1382174694292,-0.0186954505494525,6.225806451612903,,0.2694861036023392,0.2230590357731433,0.279203477052132,0.0406187438182058,0.0609881116829238,0.0259697305800681,0.1006747974911878
Ridge (lambda=2.0),120,31,23.15553698599697,4.812020052534795,0.0956610120165756,23.17393219615168,4.813931054362088,0.1058319746044422,6.225806451612903,5.795678665070193,-0.0297537419438674,0.9714527696010712,2.6274600607093705,-1.0616156049603804,2.513284509607196,-0.5073122884835896,-1.8862135730939984
SVM (linear kernel),120,31,23.85714119689636,4.884377257839157,0.06825987498255381,26.084418648807898,5.107290734705427,-0.006469377720404346,6.225806451612903,,,,,,,,
"Feedforward NN (3 layers, [[16, 4, 1]] activations)",120,31,26.948542747053292,5.191198584821553,-0.052474744603679735,27.61010295786461,5.254531659231354,-0.06533802868818306,6.225806451612903,,,,,,,,
