model_type,n_train,n_test,mse_train,rmse_train,r2_train,mse_test,rmse_test,r2_test,y_test_mean,bias,Game of season_weight,Game for player_weight,Age (days)_weight,Home?_weight,Game Started?_weight,Year_weight,Month of Season_weight
Linreg,272,69,16.586512220930732,4.072654198545554,0.2436918031639753,17.311722156513632,4.160735771052234,0.3044045135694034,5.159420289855072,8.845267872189474,5.165120803735775,1.159468648175973,-25.79462173114724,-0.0876866753405365,4.660920274303971,20.01783394309335,-6.763374649020239
Lasso (lambda=0.05),272,69,17.31642513386352,4.161300894415533,0.2104093920292884,17.42069600997748,4.173810730013698,0.3000258781036141,5.159420289855072,4.985304207238111,0.0,1.811200880394415,-3.0611092320082807,-0.0,4.716815812167377,-0.0,-0.0
"Random Forest (500 estimators, 5 depth)",272,69,8.387922985039326,2.8961911168013974,0.6175293019101902,15.841518710680733,3.980140539061496,0.3634781789049628,5.159420289855072,,0.0902114034626767,0.1338459989462831,0.4814071291091981,0.0122873099546589,0.2256934389738115,0.0375161403901903,0.0190385791631813
"Random Forest (100 estimators, 5 depth)",272,69,8.403682782899821,2.898910620026051,0.6168106900559553,16.043542649353128,4.0054391331479655,0.3553607346310217,5.159420289855072,,0.0830079781205837,0.1417048073972585,0.4966018029418992,0.0147426959014899,0.2274448387398304,0.0143899949473419,0.022107881951596
Ridge (lambda=2.0),272,69,17.02923587639071,4.1266494734094765,0.2235045856768018,16.84714952958265,4.104527930174511,0.3230713232311335,5.159420289855072,5.778428539471673,1.570758498074989,2.632115798746704,-3.1584254619166465,-0.0668708062596762,4.834522448483306,-1.0489427948757273,-2.135054789686336
SVM (linear kernel),272,69,17.509687897413386,4.184457897674846,0.20159703833678055,17.459234369493267,4.178424867039404,0.2984773834656306,5.159420289855072,,,,,,,,
"Feedforward NN (3 layers, [[16, 4, 1]] activations)",272,69,26.558458688888003,5.153489952341811,-0.21100685509939066,31.883120692567953,5.646514030140008,-0.2810831092692716,5.159420289855072,,,,,,,,
