model_type,n_train,n_test,mse_train,rmse_train,r2_train,mse_test,rmse_test,r2_test,y_test_mean,bias,Game of season_weight,Game for player_weight,Age (days)_weight,Home?_weight,Game Started?_weight,Year_weight,Month of Season_weight
Linreg,348,88,35.67974983454254,5.973252868792894,0.16557873101100884,31.116994717160466,5.578260904364412,0.1615634887138292,8.022727272727273,9.190875891152519,-8.98236703577567,13.473689501151974,-7.842138817597058,0.13700134662976182,4.866319913352632,6.030761696195866,-3.872713809503697
Lasso (lambda=0.05),348,88,36.57173162953134,6.047456624857374,0.14471847877434474,31.930237465160918,5.650684689943416,0.13965094803758427,8.022727272727273,8.718017537708963,-0.0,1.9958144353347085,-1.9757602747932128,0.05809138757992707,5.44498139858453,-0.0,-1.8364399392505029
"Random Forest (500 estimators, 5 depth)",348,88,21.88652687480441,4.6783038459258295,0.4881527024902106,38.14868253783365,6.176461975745795,-0.027902873909144477,8.022727272727273,,0.14028458077075528,0.1320470916358836,0.42631711667845806,0.03439184501010089,0.22707438175194147,0.016108393536427325,0.0237765906164333
"Random Forest (100 estimators, 5 depth)",348,88,21.96251779831473,4.686418440377975,0.4863755475740139,38.99958294684836,6.244964607333524,-0.0508300870565257,8.022727272727273,,0.15001871847734638,0.1307932172886637,0.4149974974644824,0.035083000959835124,0.22569336980472643,0.01352761650602302,0.02988657949892301
Ridge (lambda=2.0),348,88,36.03216180577799,6.002679552148189,0.15733708005748936,31.393407933629625,5.602982057228956,0.15411563152208108,8.022727272727273,9.14831638907569,-1.536482039793694,5.896402877780119,-1.929449865594417,0.23643363490510205,5.295221163196116,-0.6439405493413951,-3.770610880281909
