model_type,n_train,n_test,mse_train,rmse_train,r2_train,mse_test,rmse_test,r2_test,y_test_mean,bias,Game of season_weight,Game for player_weight,Age (days)_weight,Home?_weight,Game Started?_weight,Year_weight,Month of Season_weight
Linreg,86,22,13.857278876698524,3.7225366185839626,0.2151111254504061,29.639043690552384,5.444175207554619,-0.0798928896587889,4.090909090909091,1.9848925686078025,-6.032288631795454,8.622336678721718,4.569202673024105,1.7972725311877653,8.948198544937895,-5.996147030515741,0.898144992218644
Lasso (lambda=0.05),86,22,14.27600980349325,3.778360729667464,0.1913938250485451,27.112107439518446,5.206928791477607,0.012175549478551,4.090909090909091,1.82241966661801,0.0,1.56523920014369,0.2219255361468178,1.4424582615514214,7.874192689490281,-0.0,-0.0
"Random Forest (500 estimators, 5 depth)",86,22,6.342445744563748,2.518421280199909,0.6407581065057897,31.99243436553586,5.656185496033158,-0.1656382289159406,4.090909090909091,,0.2484315765955141,0.122768541465946,0.2418292550585991,0.0679163061053247,0.2049107941748202,0.0556466208492159,0.0584969057505797
"Random Forest (100 estimators, 5 depth)",86,22,6.369064502324076,2.523700557182661,0.6392503958645943,32.77179794146683,5.72466574932256,-0.1940341917848496,4.090909090909091,,0.2356576430816617,0.1351807260183524,0.2423564958448381,0.0645155923271672,0.2068391967462712,0.0639525832896737,0.0514977626920352
Ridge (lambda=2.0),86,22,14.596002276610458,3.820471473079005,0.1732691604355208,27.19677385988846,5.215052622926106,0.0090907446412215,4.090909090909091,1.8515054619178688,1.0175257416941317,1.4566207233660258,1.038735776742992,1.6693649639005317,4.790702682092421,-1.125959326156428,-0.5422040554555086
SVM (linear kernel),86,22,15.22210954842057,3.9015521973210316,0.13780587530638178,28.41001763432672,5.330104842714327,-0.03511356029916679,4.090909090909091,,,,,,,,
"Feedforward NN (3 layers, [[16, 4, 1]] activations)",86,22,19.436327098159865,4.408665001807221,-0.10089123825781288,32.03826093003945,5.660235059610109,-0.16730791103124742,4.090909090909091,,,,,,,,
