model_type,n_train,n_test,mse_train,rmse_train,r2_train,mse_test,rmse_test,r2_test,y_test_mean,bias,Game of season_weight,Game for player_weight,Age (days)_weight,Home?_weight,Game Started?_weight,Year_weight,Month of Season_weight
Linreg,317,80,26.57916527951346,5.155498548105068,0.1885006618071262,27.82354479837629,5.27480282080537,0.2443874044843157,7.95,6.412121754344356,-20.13392153957864,22.283297875824665,11.137607909136646,1.2220404587871292,3.7689857558403017,-9.453677899212364,-0.7146897415482805
Lasso (lambda=0.05),317,80,28.57384662512292,5.345451021674684,0.1276002319085473,30.48367232235783,5.521202072226466,0.1721455001057009,7.95,7.597991667805434,-0.6781703718276076,0.0,1.6133943869202043,0.9314144642017588,3.444587792792965,0.0,-2.592593986128574
"Random Forest (500 estimators, 5 depth)",317,80,17.495943782661378,4.18281529387342,0.4658242028528696,31.79187410375033,5.638428336314148,0.1366182604725282,7.95,,0.1924083722421394,0.2024649185888012,0.3876856593298822,0.0181495693466535,0.1493394781477235,0.0192608866593955,0.0306911156854044
"Random Forest (100 estimators, 5 depth)",317,80,17.730581335892214,4.210769684498573,0.4586603879941395,31.62590688224239,5.623691570689345,0.1411254835428776,7.95,,0.1720867280963141,0.1953300508682498,0.4069380925749339,0.0209378595899448,0.1504730443698592,0.0173560225637606,0.0368782019369375
Ridge (lambda=2.0),317,80,27.689377674081616,5.262069713913111,0.1546043142743463,29.341992729067453,5.416824967549482,0.2031504452694018,7.95,7.218577331002575,-4.652658683360139,5.680336653136541,2.215572061461044,1.1163383283140844,3.6269509883027062,0.0278200352901563,-3.618519856460815
SVM (linear kernel),317,80,27.04913721245301,5.2008785039119125,0.17415175699619778,28.533733844819817,5.341697655691477,0.2251005813070862,7.95,,,,,,,,
"Feedforward NN (3 layers, [[16, 4, 1]] activations)",317,80,29.44338987839819,5.426176358947264,0.10105185211022305,33.535853435111434,5.791014888179052,0.08925647538566273,7.95,,,,,,,,
