model_type,n_train,n_test,mse_train,rmse_train,r2_train,mse_test,rmse_test,r2_test,y_test_mean,bias,Game of season_weight,Game for player_weight,Age (days)_weight,Home?_weight,Game Started?_weight,Year_weight,Month of Season_weight
Linreg,516,130,32.86874018259777,5.733126562583262,0.22313878533234144,41.48081712475349,6.440560311397875,0.15405440471837561,13.223076923076922,8.229999102233045,-13.05334372679558,15.001211640099257,-10.524433597052004,-0.3234565605066737,4.883308862031943,12.85806041079825,0.9274469131439727
Lasso (lambda=0.05),516,130,33.69393796709909,5.804647962374556,0.20363502128031452,43.073996342604524,6.563078267292302,0.12156365272132685,13.223076923076922,8.44661896901992,-0.0,2.910933762050122,-0.0,-0.050913496702327164,5.225406610689899,-0.0,0.0
"Random Forest (500 estimators, 5 depth)",516,130,22.692896655316574,4.763706189020957,0.46364749114081916,39.719834453527355,6.302367368975515,0.18996728294376752,13.223076923076922,,0.08273211984166502,0.14412517519321108,0.3806785918659829,0.015611501155577695,0.3209411221242719,0.04099106914218259,0.014920420677108833
"Random Forest (100 estimators, 5 depth)",516,130,22.75715130119524,4.770445608241984,0.46212881588986543,39.49169061435051,6.2842414509907645,0.19461997035978085,13.223076923076922,,0.08021790555146334,0.14668901583987395,0.35875599118930973,0.015948272296518715,0.3357838377833711,0.04879712994307712,0.013807847396385934
Ridge (lambda=2.0),516,130,33.286690997857406,5.769461933131842,0.21326040921539335,42.77053075774371,6.539918253139232,0.12775242605384085,13.223076923076922,8.372369275476487,-4.080229660629796,6.4459246730150275,-0.5768339501970111,-0.26066252575731824,5.146341616309514,0.9804800519850219,0.8989085469316075
