model_type,n_train,n_test,mse_train,rmse_train,r2_train,mse_test,rmse_test,r2_test,y_test_mean,bias,Game of season_weight,Game for player_weight,Age (days)_weight,Home?_weight,Game Started?_weight,Year_weight,Month of Season_weight
Linreg,740,186,43.80602014793911,6.6186116480678265,0.1612847942307581,48.43511027931732,6.959533768817946,0.1257408313490199,17.322580645161292,12.314833960933557,-3.084153775445144,-3.084153775445146,5.491563413056595,-0.6381289338873345,6.859518129093231,-7.698114956710082,8.12624880806978
Lasso (lambda=0.05),740,186,44.04945910121523,6.636976653659046,0.1566238834449871,48.008116596192274,6.928788970389578,0.13344811518249,17.322580645161292,12.950135195817888,0.0,0.0,-0.9417706279614776,-0.4022812095244777,6.531932052848566,-0.0,0.6110974665721954
"Random Forest (500 estimators, 5 depth)",740,186,31.684225270688906,5.628874245414345,0.3933701023786098,47.14216218429841,6.866015014861125,0.1490786893644438,17.322580645161292,,0.0759914520335453,0.0753743434366291,0.6069189733673979,0.0146693185946934,0.2124046651464826,0.0086215991093333,0.0060196483119183
"Random Forest (100 estimators, 5 depth)",740,186,31.56229553202652,5.618033066120786,0.3957045834729034,47.45902508478323,6.8890511019140535,0.1433592784999559,17.322580645161292,,0.0780621858273999,0.0721976654137504,0.6169345532646029,0.0167336231448131,0.2003920350558595,0.0082050843606932,0.0074748529328806
Ridge (lambda=2.0),740,186,43.878661368281065,6.624097022861385,0.1598939968960383,48.58364093978175,6.970196621314334,0.1230598362818471,17.322580645161292,12.708784727468553,-1.0865062703206418,-1.0865062703206438,-0.4186819059823745,-0.6186213656636479,6.7641265264999575,-1.2712514473567376,3.4925134088824032
SVM (linear kernel),740,186,43.9473378941604,6.629278836657906,0.15857910806706288,49.16899032562976,7.0120603481166475,0.11249421426734829,17.322580645161292,,,,,,,,
"Feedforward NN (3 layers, [[16, 4, 1]] activations)",740,186,46.01917851398591,6.7837436945971,0.11891140426951119,49.843840844544374,7.060017056958459,0.10031308677063,17.322580645161292,,,,,,,,
