model_type,n_train,n_test,mse_train,rmse_train,r2_train,mse_test,rmse_test,r2_test,y_test_mean,bias,Game of season_weight,Game for player_weight,Age (days)_weight,Home?_weight,Game Started?_weight,Year_weight,Month of Season_weight
Linreg,469,118,15.865457033570292,3.9831466246637586,0.11955216095059107,17.55524831392202,4.189898365583827,0.11396842289592157,5.093220338983051,7.086442776031072,1.5626718256644367,-0.4749950232678972,-8.441253850371996,0.21193165309799358,1.9618213209950777,3.791676385441963,-1.9688146948679282
Lasso (lambda=0.05),469,118,15.967751567708701,3.9959669127394815,0.11387536252378516,17.74900373208601,4.212956649680366,0.1041893861282015,5.093220338983051,6.177987168528974,-0.0,0.0,-2.2948131937585243,0.0,1.625653975065586,-1.242435156456622,-0.0
"Random Forest (500 estimators, 5 depth)",469,118,10.896564232681413,3.300994430877067,0.39529908206064,19.44207765241175,4.409317141282962,0.018738190625011253,5.093220338983051,,0.18376356569982327,0.19135477707972662,0.5127854679429876,0.02422276393124643,0.02915926975054653,0.023396867791031572,0.03531728780463791
"Random Forest (100 estimators, 5 depth)",469,118,10.951891192944002,3.3093641674714496,0.3922287322748572,19.463463214279777,4.411741517165277,0.017658839152998262,5.093220338983051,,0.1931759831460834,0.18059643440905954,0.51911337909793,0.030923819976005115,0.03431289226600451,0.008876417463124738,0.0330010736417926
Ridge (lambda=2.0),469,118,15.895719527695551,3.9869436323699827,0.11787275470969605,17.814478286894204,4.220720114730922,0.10088481748755818,5.093220338983051,6.382676162384602,0.5686711974976197,0.09584400471999015,-2.4474820279701297,0.20740201266601271,1.8716889749696304,-1.678852730741023,-0.7891479634972248
