model_type,n_train,n_test,mse_train,rmse_train,r2_train,mse_test,rmse_test,r2_test,y_test_mean,bias,Game of season_weight,Game for player_weight,Age (days)_weight,Home?_weight,Game Started?_weight,Year_weight,Month of Season_weight
Linreg,88,22,5.640822601080637,2.3750415998631764,0.1564310638091952,5.496461770708017,2.3444534055314508,0.1225964719582191,1.9090909090909087,2.559141874096782,1.392416312523623,5.054318758385438,-2.6056695845209874,0.2306176273429825,1.7912090924800634,2.139005260162453,-7.938383601701924
Lasso (lambda=0.05),88,22,5.974731204739197,2.444326329428867,0.1064959842129592,4.958958294750821,2.2268718631189404,0.2083984780147106,1.9090909090909087,2.4057526156878764,-0.0,-0.0,-1.2935893836817918,0.0205970945928574,0.9788621772237932,-0.0,-0.0411721312221666
"Random Forest (500 estimators, 5 depth)",88,22,2.205482401377962,1.4850866646017538,0.670176395414114,7.743816738870683,2.782771413334319,-0.2361501654397788,1.9090909090909087,,0.1797916257876848,0.3492777885664373,0.3826039685886175,0.0440509017061029,0.0059450685877694,0.0060402999032618,0.032290346860126
"Random Forest (100 estimators, 5 depth)",88,22,2.264840119232383,1.5049385765646328,0.6612996179569439,7.587540381509314,2.7545490341450294,-0.2112036756762887,1.9090909090909087,,0.1636421914960731,0.3393277546174162,0.4138628249918615,0.0420393038505991,0.0028023756393122,0.0097823366252236,0.028543212779514
Ridge (lambda=2.0),88,22,5.880740171877021,2.4250237466624984,0.1205520751788108,5.085071145254219,2.2550102317404725,0.1882670071559887,1.9090909090909087,2.646706914846187,-0.3761163889817927,0.7261645983518265,-1.2081046690300532,0.2206488508714122,0.9037332862642828,-0.2125028746640699,-0.8597172282300767
SVM (linear kernel),88,22,6.445359428711836,2.5387712438720893,0.03611487523039536,4.220752707348573,2.0544470563508255,0.32623868391929134,1.9090909090909092,,,,,,,,
"Feedforward NN (3 layers, [[16, 4, 1]] activations)",88,22,7.1452434414902175,2.6730588174393426,-0.06855078328602504,8.21753761708934,2.86662477786845,-0.3117705167121503,1.9090909090909092,,,,,,,,
