model_type,n_train,n_test,mse_train,rmse_train,r2_train,mse_test,rmse_test,r2_test,y_test_mean,bias,Game of season_weight,Game for player_weight,Age (days)_weight,Home?_weight,Game Started?_weight,Year_weight,Month of Season_weight
Linreg,595,149,61.71242259492386,7.855725465857616,0.2227547024408696,67.09517116935201,8.191164213306434,0.1851366976087772,15.677852348993287,17.862531556362278,-6.554214805744765,7.946561680484095,-22.09057903339125,0.9814622580127284,4.334432693648339,13.317598595879971,-3.1257814551439624
Lasso (lambda=0.05),595,149,62.133150200431295,7.882458385581956,0.2174557927694662,66.24190909326951,8.138913262424506,0.1954994694894364,15.677852348993287,17.417219521113417,-0.0,0.0,-9.60627926809197,0.7160674894828751,4.536523431597063,-0.0,-0.62337960112801
"Random Forest (500 estimators, 5 depth)",595,149,40.97914363753711,6.401495421972674,0.4838827362305533,63.67277647688806,7.979522321347817,0.2267012959633789,15.677852348993287,,0.1045438172557371,0.0903322766011081,0.6988306284225664,0.0147886835878149,0.0259325556760212,0.050614954762404,0.0149570836943481
"Random Forest (100 estimators, 5 depth)",595,149,40.78506539879496,6.386318610811315,0.4863270803687026,63.64551723386711,7.977814063630909,0.2270323564018816,15.677852348993287,,0.1082664033542791,0.0903765408324552,0.6936098957144501,0.0144858441099225,0.0211252791508966,0.0557523844624065,0.0163836523755897
Ridge (lambda=2.0),595,149,61.95278873480525,7.871009384748899,0.2197273791879558,66.26386910288477,8.140262225683198,0.1952327676442251,15.677852348993287,17.647988205878637,-1.940998363652602,3.445770275709084,-6.4785196563819785,0.933791451732742,4.550799654590283,-3.3244945660826244,-2.085381667485451
SVM (linear kernel),595,149,62.09531156693618,7.880057840329358,0.21793235646140208,67.36627780788422,8.207696254606661,0.18184413799644794,15.677852348993289,,,,,,,,
"Feedforward NN (3 layers, [[16, 4, 1]] activations)",595,149,109.94001686161383,10.485228507839675,-0.38465413487574796,124.97728363959054,11.179323934817818,-0.517835043797606,15.677852348993289,,,,,,,,
