model_type,n_train,n_test,mse_train,rmse_train,r2_train,mse_test,rmse_test,r2_test,y_test_mean,bias,Game of season_weight,Game for player_weight,Age (days)_weight,Home?_weight,Game Started?_weight,Year_weight,Month of Season_weight
Linreg,800,201,25.12027802387258,5.012013370280708,0.4365864537395403,24.709171202141345,4.970832043244003,0.48819049561200134,8.124378109452737,9.397845858806647,3.4259472598616467,-0.8072172282822536,3.0961174717586197,1.003187880465804,4.9385403614022145,-11.864160747139417,-2.7976447638372064
Lasso (lambda=0.05),800,201,25.268684759745643,5.026796669823203,0.43325789323285646,24.93965620612155,4.993961974837369,0.4834163809850506,8.124378109452737,8.99075190448934,0.0,0.0,-0.8229467766845894,0.7948886828872802,4.876977447761699,-7.065008335167127,-0.0
"Random Forest (500 estimators, 5 depth)",800,201,17.013203454756244,4.124706468920697,0.6184170699629379,20.798805932525514,4.560570790210971,0.5691872273212657,8.124378109452737,,0.04682980108169607,0.05454825379528911,0.8148308211057436,0.012945813348308471,0.04997605665755865,0.007296534626972491,0.013572719384431671
"Random Forest (100 estimators, 5 depth)",800,201,17.049630586129023,4.1291198318926305,0.6176000591302022,21.084721903778977,4.591810307904605,0.563264952132563,8.124378109452737,,0.0464530931677408,0.053750577974417714,0.8178686306319118,0.010866584659064833,0.049734984695990095,0.005990071321576363,0.015336057549298312
Ridge (lambda=2.0),800,201,25.150474780528157,5.015024903280955,0.4359091817070925,24.60736681471981,4.960581298065763,0.4902992046676181,8.124378109452737,9.311506319322218,1.6777646401588617,0.25525183655180544,-3.7412799237137206,0.9831485765721029,4.84004415842053,-4.575969633879124,-2.296705668737461
