model_type,n_train,n_test,mse_train,rmse_train,r2_train,mse_test,rmse_test,r2_test,y_test_mean,bias,Game of season_weight,Game for player_weight,Age (days)_weight,Home?_weight,Game Started?_weight,Year_weight,Month of Season_weight
Linreg,217,55,25.698435944896502,5.069362479138428,0.287052048437476,30.71751003909941,5.542337957856722,0.1944196775937117,7.6,8.691973906528592,20.614285436127204,-14.58046143243132,-1.326764861569187,0.8891486400859878,3.321910662265774,-3.0499976879950754,-8.507183262012752
Lasso (lambda=0.05),217,55,27.733118949659627,5.266224354284541,0.2306041352868303,31.110192395513145,5.5776511539816775,0.1841214086623961,7.6,5.243187825147894,1.9513228141747017,-0.0,-0.0,0.8555891444645959,5.0289649487334005,-0.0,-2.873420458340342
"Random Forest (500 estimators, 5 depth)",217,55,13.597634038529264,3.687496988273925,0.6227628267084668,33.16507092691194,5.758912304151882,0.1302313079438504,7.6,,0.1792186754996408,0.1851765229889454,0.3181005471772581,0.0178905249609397,0.2501757167600315,0.0142782048926701,0.0351598077205142
"Random Forest (100 estimators, 5 depth)",217,55,13.901256262842018,3.728438850623947,0.6143394797259192,32.69841903476449,5.718253145390163,0.1424694607514556,7.6,,0.1855036591920577,0.1851280482841359,0.3201205987519611,0.0165992944370474,0.2388067755294518,0.0162602322860796,0.0375813915192662
Ridge (lambda=2.0),217,55,26.97666672748607,5.1939066922198425,0.2515902787007706,30.500944526481213,5.522766021341227,0.2000992041977556,7.6,6.24726157795756,5.666740129842424,-3.614493888971589,-0.3941961635453264,0.9818465951743433,4.502156250289195,-1.2334929044129588,-3.2794895334511174
SVM (linear kernel),217,55,26.045546800476494,5.103483790556848,0.2774222027152886,29.517686183092216,5.433018146766327,0.22588559027747845,7.6,,,,,,,,
"Feedforward NN (3 layers, [[16, 4, 1]] activations)",217,55,29.8743500281188,5.465743318901721,0.17120027450390785,38.36382479570743,6.193853791922072,-0.0061083176444347576,7.6,,,,,,,,
