model_type,n_train,n_test,mse_train,rmse_train,r2_train,mse_test,rmse_test,r2_test,y_test_mean,bias,Game of season_weight,Game for player_weight,Age (days)_weight,Home?_weight,Game Started?_weight,Year_weight,Month of Season_weight
Linreg,217,55,25.698435944896506,5.0693624791384275,0.287052048437476,30.717510039099412,5.542337957856722,0.1944196775937117,7.6,8.691973906528592,20.614285436127204,-14.58046143243132,-1.326764861569187,0.8891486400859878,3.321910662265774,-3.0499976879950754,-8.507183262012752
Lasso (lambda=0.05),217,55,27.733118949659627,5.266224354284541,0.23060413528683033,31.110192395513142,5.5776511539816775,0.18412140866239612,7.6,5.243187825147894,1.9513228141747019,-0.0,-0.0,0.8555891444645959,5.0289649487334005,-0.0,-2.873420458340342
"Random Forest (500 estimators, 5 depth)",217,55,13.597634038529263,3.6874969882739244,0.6227628267084668,33.16507092691194,5.758912304151882,0.1302313079438504,7.6,,0.17921867549964082,0.18517652298894544,0.3181005471772581,0.017890524960939735,0.2501757167600315,0.01427820489267019,0.03515980772051426
"Random Forest (100 estimators, 5 depth)",217,55,13.901256262842018,3.728438850623947,0.6143394797259192,32.69841903476449,5.718253145390163,0.1424694607514556,7.6,,0.18550365919205777,0.18512804828413598,0.32012059875196114,0.016599294437047475,0.23880677552945181,0.016260232286079684,0.03758139151926624
Ridge (lambda=2.0),217,55,26.97666672748607,5.1939066922198425,0.25159027870077066,30.500944526481213,5.522766021341227,0.20009920419775562,7.6,6.24726157795756,5.666740129842424,-3.614493888971589,-0.39419616354532644,0.9818465951743433,4.502156250289195,-1.2334929044129588,-3.2794895334511174
