model_type,n_train,n_test,mse_train,rmse_train,r2_train,mse_test,rmse_test,r2_test,y_test_mean,bias,Game of season_weight,Game for player_weight,Age (days)_weight,Home?_weight,Game Started?_weight,Year_weight,Month of Season_weight
Linreg,698,175,28.647495336711224,5.352335503003453,0.21886219030572596,28.871800464824847,5.373248595107512,0.24792299133837814,8.897142857142857,4.903791579160021,-55.80288450530895,59.063308685567804,-1.8811315242298345,-0.5176651113114885,4.0315028711208,6.8822430402103825,-2.528647139198327
Lasso (lambda=0.05),698,175,30.668933967477173,5.537953951368427,0.16374316066949746,29.811853489524644,5.460023213277087,0.22343569732078195,8.897142857142857,5.150005391780114,0.0,0.27991861491600734,1.4214974471071828,-0.32484290628711376,4.406847308266182,1.8286146160598375,-0.0
"Random Forest (500 estimators, 5 depth)",698,175,20.383683251022116,4.514829260450734,0.44419344514907955,25.732266639314112,5.072698161660529,0.32970421627302526,8.897142857142857,,0.06928268804175615,0.06553601287819665,0.6326953003996229,0.015349589644409498,0.18893851153091765,0.0165005388722912,0.011697358632806163
"Random Forest (100 estimators, 5 depth)",698,175,20.430754171337863,4.520039178075547,0.4429099515953301,26.086756570038403,5.107519610343009,0.32047016358467284,8.897142857142857,,0.06987266141266667,0.07232124608829169,0.6386307558929547,0.01430837096343017,0.18126080562199037,0.012330182252330284,0.01127597776833623
Ridge (lambda=2.0),698,175,30.156933863956073,5.49153292478121,0.1777039846342786,29.241273712861066,5.407520107485599,0.23829864056392225,8.897142857142857,5.427289886990211,-3.5832242276981026,6.379884849434107,1.496108816841939,-0.5382286726826196,4.37959601533153,2.0532382483076526,-2.430599926640267
