model_type,n_train,n_test,mse_train,rmse_train,r2_train,mse_test,rmse_test,r2_test,y_test_mean,bias,Game of season_weight,Game for player_weight,Age (days)_weight,Home?_weight,Game Started?_weight,Year_weight,Month of Season_weight
Linreg,698,175,28.647495336711224,5.352335503003453,0.2188621903057259,28.871800464824847,5.373248595107512,0.2479229913383781,8.897142857142857,4.903791579160021,-55.80288450530895,59.06330868556781,-1.8811315242298343,-0.5176651113114885,4.0315028711208,6.882243040210383,-2.528647139198327
Lasso (lambda=0.05),698,175,30.668933967477173,5.537953951368427,0.1637431606694974,29.811853489524644,5.460023213277087,0.2234356973207819,8.897142857142857,5.150005391780114,0.0,0.2799186149160073,1.4214974471071828,-0.3248429062871137,4.406847308266182,1.828614616059837,-0.0
"Random Forest (500 estimators, 5 depth)",698,175,20.38368325102212,4.514829260450734,0.4441934451490795,25.732266639314112,5.072698161660529,0.3297042162730252,8.897142857142857,,0.0692826880417561,0.0655360128781966,0.6326953003996229,0.0153495896444094,0.1889385115309176,0.0165005388722912,0.0116973586328061
"Random Forest (100 estimators, 5 depth)",698,175,20.430754171337863,4.520039178075547,0.4429099515953301,26.086756570038403,5.107519610343009,0.3204701635846728,8.897142857142857,,0.0698726614126666,0.0723212460882916,0.6386307558929547,0.0143083709634301,0.1812608056219903,0.0123301822523302,0.0112759777683362
Ridge (lambda=2.0),698,175,30.156933863956077,5.49153292478121,0.1777039846342786,29.241273712861062,5.407520107485599,0.2382986405639222,8.897142857142857,5.427289886990211,-3.5832242276981026,6.379884849434107,1.496108816841939,-0.5382286726826196,4.37959601533153,2.053238248307653,-2.430599926640267
SVM (linear kernel),698,175,29.520200058417977,5.4332494934815925,0.19506595099016266,29.577125286429105,5.438485569202984,0.229550095522158,8.897142857142857,,,,,,,,
"Feedforward NN (3 layers, [[16, 4, 1]] activations)",698,175,30.496322258510148,5.522347531486057,0.16844980363026263,29.502758635892526,5.431644192681672,0.23148726075533677,8.897142857142857,,,,,,,,
