model_type,n_train,n_test,mse_train,rmse_train,r2_train,mse_test,rmse_test,r2_test,y_test_mean,bias,Game of season_weight,Game for player_weight,Age (days)_weight,Home?_weight,Game Started?_weight,Year_weight,Month of Season_weight
Linreg,870,218,15.7229820972606,3.965221569756298,0.1796874062312974,15.41663435748141,3.926402215448821,0.1720839925589199,5.839449541284404,1.388705560150549,-3.5058830806540926,2.462034490651812,2.67145476996987,0.6087012249635574,4.868531072333996,-5.30041061041714,4.050555851241239
Lasso (lambda=0.05),870,218,15.900619576286266,3.9875580969167417,0.1704195548613294,15.65764631506886,3.9569743889831854,0.1591409822335483,5.839449541284404,2.154637643194671,0.0,0.1980455645736431,-1.6374836042286822,0.391985354910614,4.234148027522189,-0.0,1.266005620571754
"Random Forest (500 estimators, 5 depth)",870,218,10.642250122953309,3.2622461775521034,0.4447636111335306,13.368693885216256,3.656322453670663,0.2820640738113471,5.839449541284404,,0.0476166358634799,0.0601108181701943,0.5709069381204831,0.0124142257376978,0.2590066151956358,0.0117144457499615,0.0382303211625473
"Random Forest (100 estimators, 5 depth)",870,218,10.68342861125476,3.2685514545827115,0.4426152125449497,13.505304193239835,3.674956352562549,0.2747277215199476,5.839449541284404,,0.0478247096410151,0.0604772149536563,0.5659258195516138,0.0120662706193446,0.262703609057539,0.0125173631905409,0.0384850129862902
Ridge (lambda=2.0),870,218,15.74555711227322,3.9680671758770942,0.178509603636038,15.505734096758404,3.937732100684149,0.1672990895317264,5.839449541284404,1.5796064916377333,-1.4406649174860504,1.082564852293133,-1.073014282751165,0.5959651834311444,4.737145086982933,-1.3254186043911254,2.819580223223178
SVM (linear kernel),870,218,15.823118957903995,3.9778284223812364,0.174462982049033,15.579030574223264,3.9470280685882213,0.16336286547820889,5.839449541284404,,,,,,,,
"Feedforward NN (3 layers, [[16, 4, 1]] activations)",870,218,15.043274827408974,3.8785660787730527,0.2151496633328034,14.952424148564884,3.8668364522649368,0.19701336779528955,5.839449541284404,,,,,,,,
