model_type,n_train,n_test,mse_train,rmse_train,r2_train,mse_test,rmse_test,r2_test,y_test_mean,bias,Game of season_weight,Game for player_weight,Age (days)_weight,Home?_weight,Game Started?_weight,Year_weight,Month of Season_weight
Linreg,558,140,50.88514392910684,7.133382362463605,0.18225846404075907,60.596830360038254,7.784396595757326,0.15736466511854552,13.971428571428572,8.865531664524877,-8.896901133293202,10.495458543761936,6.361434218304672,0.19250393056947196,4.5639054181064305,-1.690456324746516,1.975052072339217
Lasso (lambda=0.05),558,140,51.71415056708014,7.1912551454582765,0.16893604596130607,62.038089403683394,7.876426182202395,0.13732309215710325,13.971428571428572,8.970128717680922,-0.0,1.7103083326117474,4.762641870072918,0.016928854203684004,4.593613714304807,0.0,0.0
"Random Forest (500 estimators, 5 depth)",558,140,38.07557230458909,6.1705406817060275,0.3881126282700419,58.8577874274708,7.67188291278424,0.1815471019745759,13.971428571428572,,0.11804620813590248,0.1420863029003507,0.4403806838011698,0.01575533008773944,0.12475452902278344,0.11825405288943709,0.04072289316261691
"Random Forest (100 estimators, 5 depth)",558,140,38.285836128023696,6.1875549393943725,0.3847336172531599,59.56419773095182,7.717784509232674,0.17172404226830473,13.971428571428572,,0.11031017126618817,0.14635699255611934,0.41321159034451793,0.012803035253869525,0.14738548578850372,0.1266489931868061,0.04328373160399524
Ridge (lambda=2.0),558,140,51.06468084379894,7.1459555584819405,0.17937324487765227,60.86560535717578,7.801641196387833,0.1536271872937961,13.971428571428572,8.818748600488775,-4.950302738007739,6.535853857664683,3.2325729949521333,0.19853862387394508,4.599929302375456,1.7879692956247528,0.8180812777531917
