model_type,n_train,n_test,mse_train,rmse_train,r2_train,mse_test,rmse_test,r2_test,y_test_mean,bias,Game of season_weight,Game for player_weight,Age (days)_weight,Home?_weight,Game Started?_weight,Year_weight,Month of Season_weight
Linreg,401,101,24.47318568633554,4.947038072052361,0.3396035970454785,18.17974463074862,4.263771174764028,0.4258820661932182,7.673267326732673,7.277029639650265,-16.402178534441134,17.764191678027224,0.2656626876275934,0.6505685603840603,4.495394134668109,-7.308663987917819,1.3474797853984928
Lasso (lambda=0.05),401,101,25.628498049442314,5.062459683735003,0.3084280836217971,19.081416388542696,4.368228060500355,0.39740719280687253,7.673267326732673,6.612455992074893,-0.0,1.2830098100886866,-3.2329030185223298,0.22115060116616095,5.146793968494737,-2.299744973535063,-0.0
"Random Forest (500 estimators, 5 depth)",401,101,14.597904746780907,3.8207204486563664,0.6060830041088803,15.465346428966084,3.9326004664809373,0.5116030000560863,7.673267326732673,,0.05834758933443594,0.05173588248365885,0.5964263043946334,0.0073100771709544805,0.2592418457431067,0.021645570513433975,0.005292730359776721
"Random Forest (100 estimators, 5 depth)",401,101,14.73233639232921,3.8382725792118007,0.6024554348867449,15.78601329475246,3.973161624544421,0.5014763122414407,7.673267326732673,,0.053868467792219064,0.052116284065539545,0.6093474844710074,0.009074215470597976,0.2569214190820921,0.013481982659150417,0.005190146459393371
Ridge (lambda=2.0),401,101,25.06361428180232,5.006357386543865,0.32367118327453814,18.477251970260816,4.298517415372516,0.41648675825450265,7.673267326732673,6.882824895932056,-3.7598564199171403,6.038208888880211,-2.911633640646735,0.4743952087449553,4.988013086116803,-3.1440297600312124,-0.697113352256424
