model_type,n_train,n_test,mse_train,rmse_train,r2_train,mse_test,rmse_test,r2_test,y_test_mean,bias,Game of season_weight,Game for player_weight,Age (days)_weight,Home?_weight,Game Started?_weight,Year_weight,Month of Season_weight
Linreg,373,94,18.29667442523696,4.277461212592928,0.08602356890955642,17.713865643945372,4.208784342769937,0.220942233399692,7.457446808510638,4.602202351720817,-33.04329640735334,35.41974980812395,-4.522312024808168,-0.23478108951433851,1.3649570691378081,8.115053606266406,-0.9021205370832668
Lasso (lambda=0.05),373,94,19.482417078330162,4.413889110334577,0.026791994193934077,22.159477976047032,4.707385471368053,0.025423712246083974,7.457446808510638,6.150152439888921,0.0,2.06275475572576,0.0,-0.0,0.0,0.0,-0.0
"Random Forest (500 estimators, 5 depth)",373,94,11.775044822557307,3.4314785184461387,0.41179947826985763,17.677808262305163,4.2044985744206365,0.22252804102489987,7.457446808510638,,0.09237340696368398,0.10823218645839774,0.7488145357778774,0.022506123152271417,0.010397185798657305,0.008482017693145799,0.009194544155966334
"Random Forest (100 estimators, 5 depth)",373,94,11.7897143896694,3.433615352608588,0.41106668725641204,17.606902523277135,4.1960579742512065,0.2256464832552214,7.457446808510638,,0.1012388996361173,0.10101975028115283,0.7477822928880595,0.02643214991419079,0.010249766908032967,0.006777213487537565,0.00649992688490913
Ridge (lambda=2.0),373,94,19.22537969867813,4.384675552270445,0.03963181969725993,21.538261016201066,4.640933205315615,0.05274490272136856,7.457446808510638,5.872534385117592,-0.9013203699054929,4.76516027168408,0.5590725811369045,-0.19412584813400474,0.2732555795455038,0.24608968499759876,-1.6535516847941105
