model_type,n_train,n_test,mse_train,rmse_train,r2_train,mse_test,rmse_test,r2_test,y_test_mean,bias,Game of season_weight,Game for player_weight,Age (days)_weight,Home?_weight,Game Started?_weight,Year_weight,Month of Season_weight
Linreg,154,39,8.137908078962326,2.8527018910082993,0.10243633065610724,6.345032858632412,2.5189348658971737,0.21551008145180472,3.2564102564102564,3.4431066905897785,0.021696360492061546,0.02169636049206014,-6.349977403299142,0.2368674883491135,1.9437428363774616,4.51538158728953,-0.603326436865355
Lasso (lambda=0.05),154,39,8.224762240657972,2.867884628198626,0.09285682455786792,6.595492525348261,2.5681690998351843,0.18454364078566865,3.2564102564102564,3.3407836297710363,-0.0,-0.0,-1.7483908526739853,0.10488004262706384,1.3864751855666424,-0.0,-0.0
"Random Forest (500 estimators, 5 depth)",154,39,2.9546783994993904,1.7189177989361186,0.6741162519589464,9.740259671675895,3.120938908674102,-0.2042704406290874,3.2564102564102564,,0.17791500964265677,0.18142691228690822,0.5173256035198482,0.020184447642357252,0.05896433586552286,0.005007588937079643,0.03917610210562693
"Random Forest (100 estimators, 5 depth)",154,39,2.9639364941758495,1.721608693686184,0.6730951382589259,9.21218894344454,3.0351588003668835,-0.13898060339612606,3.2564102564102564,,0.1665725926612041,0.19611826154175785,0.51706624879522,0.01662650018338241,0.061054482791623656,0.01119277891418008,0.03136913511263199
Ridge (lambda=2.0),154,39,8.181888458225835,2.8604000521300925,0.0975855520275134,6.528869147549343,2.555165189875078,0.19278085080291418,3.2564102564102564,3.428130862471222,0.10027091198717614,0.10027091198717596,-1.295017933958873,0.28533187799612786,1.5880109997788339,-0.7227271502787298,-0.2823911701634777
