model_type,n_train,n_test,mse_train,rmse_train,r2_train,mse_test,rmse_test,r2_test,y_test_mean,bias,Game of season_weight,Game for player_weight,Age (days)_weight,Home?_weight,Game Started?_weight,Year_weight,Month of Season_weight
Linreg,246,62,30.267021216548216,5.501547165711498,0.2305266151032056,26.002743971068135,5.099288574994373,0.24127411701240387,8.225806451612904,2.7184307515139654,-19.685368923617723,22.37068766808112,8.879157397973756,2.002534395768041,3.944399521186277,-8.713882012568467,6.648362892658348
Lasso (lambda=0.05),246,62,31.459024270128896,5.608834484108877,0.20022252214725378,27.871617372833075,5.279357666689488,0.18674284817693665,8.225806451612904,2.55279660529368,-0.0,4.876471455457666,1.737589836289797,2.089670705775951,3.4598555538393363,0.0,-0.0
"Random Forest (500 estimators, 5 depth)",246,62,19.12693330996429,4.373434955497142,0.5137391945043233,21.73852079435383,4.662458664090635,0.3656985430886889,8.225806451612904,,0.132139350844124,0.15190398182179543,0.5406199108053387,0.04518798028102005,0.09031300880998894,0.005300744791396295,0.03453502264633674
"Random Forest (100 estimators, 5 depth)",246,62,19.245434084763932,4.386961828505456,0.5107265692563482,21.152315796330303,4.599164684628101,0.38280323424097695,8.225806451612904,,0.13766210775077045,0.1403081118622277,0.5377996995497243,0.04716559495535449,0.09689002925679986,0.007248112447465369,0.03292634417765791
Ridge (lambda=2.0),246,62,31.328446768713526,5.597182038196857,0.2035421719828484,27.877792715425553,5.279942491677874,0.18656265979887776,8.225806451612904,2.3302830967413257,-0.8014553631939915,5.603727496912318,2.4166732055078692,2.202773297795489,3.490930299978462,-0.4077531856743652,0.20433524174061243
