model_type,n_train,n_test,mse_train,rmse_train,r2_train,mse_test,rmse_test,r2_test,y_test_mean,bias,Game of season_weight,Game for player_weight,Age (days)_weight,Home?_weight,Game Started?_weight,Year_weight,Month of Season_weight
Linreg,843,211,25.018741992948787,5.001873848164184,0.3377320286836038,26.710670497883463,5.168236691356489,0.2893459410982701,8.47867298578199,3.8125883817311657,-4.253998246692857,7.119543002798272,-16.871971869128288,-0.244939057414486,6.684295425478969,19.540122721711423,-3.994025741865834
Lasso (lambda=0.05),843,211,25.367172858598888,5.036583450971391,0.3285087590802343,27.038374995257904,5.199843747196439,0.2806271584230861,8.47867298578199,3.802520976269184,0.0,0.0,0.0,-0.0184707482866431,6.948531904533029,0.7160914803309998,-0.0
"Random Forest (500 estimators, 5 depth)",843,211,18.42437289291101,4.292362157706524,0.5122907433953348,26.376144672757107,5.135771088430355,0.2982462094555297,8.47867298578199,,0.039614265357409,0.0457103418511631,0.2509545317789836,0.0050068716924381,0.6300617057771967,0.0158397627048292,0.01281252083798
"Random Forest (100 estimators, 5 depth)",843,211,18.36440007017557,4.285370470586594,0.5138782764398943,26.44851510434172,5.1428119841524165,0.2963207489563577,8.47867298578199,,0.0393445310861733,0.0507698847968265,0.2572655093238414,0.0066370831300792,0.6206145744373766,0.0119272010600225,0.0134412161656804
Ridge (lambda=2.0),843,211,25.13493680016742,5.013475521049985,0.3346562505619112,26.55961438890986,5.153602079022968,0.2933648831526264,8.47867298578199,3.7619816705701616,-1.1333778280409714,3.4705354039479404,-0.0439397551440047,-0.2238920097539885,6.832601636322685,1.6309514640936509,-2.3876596656290605
SVM (linear kernel),843,211,25.191801392351696,5.019143491906931,0.3331509950971788,26.92776799589028,5.1891972400256945,0.28356992667181924,8.47867298578199,,,,,,,,
"Feedforward NN (3 layers, [[16, 4, 1]] activations)",843,211,24.68060130619754,4.967957458171068,0.3466829082561017,26.486765822008504,5.14652949296985,0.29530306474030776,8.47867298578199,,,,,,,,
