model_type,n_train,n_test,mse_train,rmse_train,r2_train,mse_test,rmse_test,r2_test,y_test_mean,bias,Game of season_weight,Game for player_weight,Age (days)_weight,Home?_weight,Game Started?_weight,Year_weight,Month of Season_weight
Linreg,580,146,26.671811910576743,5.164475957014104,0.3028272763722131,25.750867261601563,5.074531235651384,0.3063700015311784,12.32876712328767,3.738808411605428,-5.043927567369239,9.707727828175994,-0.889375747597055,0.7564484705391249,6.118820645902432,6.01094404972504,-3.3649730996895078
Lasso (lambda=0.05),580,146,27.251792755483,5.220324966463582,0.2876671955104064,26.91655286117519,5.188116504202194,0.2749708842729779,12.32876712328767,3.6722531868411536,-0.0,1.9552138778358423,4.482464700314663,0.6277501018829768,6.325257645243429,0.0,-0.0
"Random Forest (500 estimators, 5 depth)",580,146,19.59257668655593,4.426350267043484,0.4878709366559449,23.88041481302039,4.8867591318808,0.3567528455676582,12.32876712328767,,0.0762777656964609,0.0939010381265235,0.7841576895352582,0.0131468690223067,0.0052601414695612,0.0189464976670801,0.0083099984828091
"Random Forest (100 estimators, 5 depth)",580,146,19.67345880705801,4.435477291910986,0.4857567642692962,23.719901188148327,4.870308120452783,0.3610764694768325,12.32876712328767,,0.0731480272328449,0.0933061587606734,0.7882561816947142,0.0132492906433824,0.0062845879366886,0.0168105230228898,0.0089452307088062
Ridge (lambda=2.0),580,146,26.7767235155486,5.174623031250548,0.3000849988837689,26.21914487527434,5.120463345760259,0.2937563913892329,12.32876712328767,3.6406770799715886,-2.606799099768413,6.347898847359617,2.5398604077838285,0.778319308759126,6.099627054310181,2.4768224726985864,-2.163128013595532
SVM (linear kernel),580,146,26.733907760305115,5.1704842868250855,0.30120415707209736,26.09799822970677,5.108619992689491,0.29701961925359455,12.32876712328767,,,,,,,,
"Feedforward NN (3 layers, [[16, 4, 1]] activations)",580,146,30.165255513130866,5.492290552504562,0.21151238560294694,31.386697057588275,5.602383158762731,0.15456227509433018,12.32876712328767,,,,,,,,
