model_type,n_train,n_test,mse_train,rmse_train,r2_train,mse_test,rmse_test,r2_test,y_test_mean,bias,Game of season_weight,Game for player_weight,Age (days)_weight,Home?_weight,Game Started?_weight,Year_weight,Month of Season_weight
Linreg,664,167,28.97136734889478,5.382505675695548,0.290842882812143,28.318866914706813,5.321547417312639,0.1819244312989211,8.017964071856287,5.13171814155876,-8.507264689083662,7.097053461136784,21.48487633941556,-0.0205396604480906,6.9425230073945015,-21.625379630228228,4.389368977773625
Lasso (lambda=0.05),664,167,29.485109633417235,5.430019303226945,0.2782675703292357,27.7728275751565,5.269993128568244,0.1976984184637746,8.017964071856287,6.074706423018975,0.0,0.1264069569287699,0.0,0.0,6.893182996152468,0.0,0.0
"Random Forest (500 estimators, 5 depth)",664,167,20.821796428585344,4.563090666268352,0.490326951015265,26.30469662899707,5.128810449704402,0.2401097925602181,8.017964071856287,,0.0776119902639453,0.0886169206664007,0.2556768239331703,0.0107432461169305,0.5520936359726276,0.010207220270546,0.0050501627763793
"Random Forest (100 estimators, 5 depth)",664,167,20.78137950080784,4.558659836049169,0.4913162709753179,25.98783709533302,5.097826703148414,0.2492632323493631,8.017964071856287,,0.0755567270007131,0.0988651819515442,0.2502841523099258,0.0100258472106002,0.5458036970499434,0.0140291544469218,0.0054352400303514
Ridge (lambda=2.0),664,167,29.23982148645121,5.407385827407843,0.2842716996161959,27.931496938327037,5.285025727309852,0.1931147771089801,8.017964071856287,5.53332087082432,-3.2980327183811795,3.3789455721247017,1.6245201512304452,0.0903978803085867,6.915320437990335,-1.162202971875207,0.907296617030769
SVM (linear kernel),664,167,29.129806542466504,5.397203585419629,0.2869646301770572,28.667868082064487,5.354238328844215,0.17184248383529577,8.017964071856287,,,,,,,,
"Feedforward NN (3 layers, [[16, 4, 1]] activations)",664,167,29.225078155086795,5.406022396835477,0.28463258483925846,28.280902971340286,5.317979218776648,0.18302113388427688,8.017964071856287,,,,,,,,
