model_type,n_train,n_test,mse_train,rmse_train,r2_train,mse_test,rmse_test,r2_test,y_test_mean,bias,Game of season_weight,Game for player_weight,Age (days)_weight,Home?_weight,Game Started?_weight,Year_weight,Month of Season_weight
Linreg,334,84,36.275219367058654,6.0228912796977045,0.32438454165197983,37.428449726846466,6.1178795122858105,0.4434982472872334,11.130952380952381,3.1466543988452553,-14.70716224499028,7.318191632512869,-11.035153456804844,0.8625430345891354,5.832561123130808,19.068649974538857,7.007424244773244
Lasso (lambda=0.05),334,84,37.77282768046664,6.145960273258089,0.2964920204007434,40.20077985672746,6.340408492891247,0.4022780902239135,11.130952380952381,3.746951058746885,-1.3299954381456849,0.0,0.0,0.5454439669197185,6.416313941301538,6.586015200269715,0.5865360341236892
"Random Forest (500 estimators, 5 depth)",334,84,21.012965955131786,4.583990178341549,0.6086395927375247,35.29020596060862,5.940556031265812,0.4752905446525447,11.130952380952381,,0.07576848947621508,0.09606308453692448,0.7085002339740287,0.010322162253441352,0.05154166692292286,0.029480260995004916,0.028324101841462536
"Random Forest (100 estimators, 5 depth)",334,84,20.76207658300651,4.556542173952361,0.6133123346561302,35.336837481704826,5.9444795803926205,0.4745972078082167,11.130952380952381,,0.07301912383732763,0.0947930725891194,0.7284783936248669,0.008996175856748813,0.03687081418634005,0.03128661070152228,0.02655580920407486
Ridge (lambda=2.0),334,84,36.956129016835874,6.0791552881001385,0.3117027965611263,38.84045615783538,6.232211177249643,0.4225039485807227,11.130952380952381,3.213628348061235,-6.464764040054456,2.9811793206362185,2.2168443891913947,0.7745761319327714,6.212521732162509,4.643131244370316,3.80076640092256
