model_type,n_train,n_test,mse_train,rmse_train,r2_train,mse_test,rmse_test,r2_test,y_test_mean,bias,Game of season_weight,Game for player_weight,Age (days)_weight,Home?_weight,Game Started?_weight,Year_weight,Month of Season_weight
Linreg,151,38,35.41245783040795,5.950836733637376,0.2976051096504276,22.751678276121,4.769871934981169,0.1773687700448524,6.026315789473684,-1.758932746212409,-12.72907444673092,-6.553087048905994,-2.154800687716381,1.2419832592553317,7.057147239078451,8.758749712021382,17.261710037368008
Lasso (lambda=0.05),151,38,36.68422809099271,6.056750621496044,0.2723799491430358,21.17669119512141,4.601813902704174,0.2343154947603645,6.026315789473684,1.9291097931622296,-8.634558945043242,-0.0,0.0,0.924760360195284,6.053146457049043,3.143388245201288,8.379590243469314
"Random Forest (500 estimators, 5 depth)",151,38,15.805639517021325,3.9756307068214127,0.6865001438581263,22.297914019839872,4.722066710651161,0.1937755002967478,6.026315789473684,,0.2125371770782503,0.1563752028484506,0.2942937072742758,0.0219497437676276,0.2315664193951619,0.0490443118521334,0.0342334377841002
"Random Forest (100 estimators, 5 depth)",151,38,15.569183290127016,3.945780441196268,0.6911901782623264,22.46821371705838,4.740064737644242,0.1876179831376342,6.026315789473684,,0.2206961810749275,0.1538381546244284,0.2852806929697629,0.0208540986391172,0.2287183764551562,0.0524150057382674,0.0381974904983403
Ridge (lambda=2.0),151,38,37.24192806857665,6.102616493650625,0.2613181466418083,21.10780715489349,4.594323362029874,0.2368061313652454,6.026315789473684,2.186984793052493,-5.876431755078869,-0.7798041369767285,-0.2895666919007233,1.0170037164271963,6.105229995604981,3.4798827430102515,6.163427444233014
SVM (linear kernel),151,38,36.43571427504116,6.036200317670144,0.2773091420090493,21.598191021625205,4.64738539628738,0.21907534779210258,6.026315789473684,,,,,,,,
"Feedforward NN (3 layers, [[16, 4, 1]] activations)",151,38,37.26891966146078,6.104827570166154,0.2607827769418286,22.18770925973889,4.710383133009341,0.1977601679880071,6.026315789473684,,,,,,,,
