model_type,n_train,n_test,mse_train,rmse_train,r2_train,mse_test,rmse_test,r2_test,y_test_mean,bias,Game of season_weight,Game for player_weight,Age (days)_weight,Home?_weight,Game Started?_weight,Year_weight,Month of Season_weight
Linreg,112,29,43.64378901850161,6.606344603371944,0.0526339378697382,44.83453276227176,6.695859374439681,-0.0279673405962526,10.379310344827584,8.20797160186664,-25.71036944842104,23.336693048769703,6.749901458842512,2.308803679123121,0.6287533946560538,-6.993139778080993,6.940309750670606
Lasso (lambda=0.05),112,29,44.71342715089644,6.686809938296171,0.0294155398300612,45.39827154956732,6.737823947653079,-0.0408927582657063,10.379310344827584,9.124630783361589,0.0,0.2988568020994931,0.2857804167544799,2.0716857963801054,0.0,0.0,0.0
"Random Forest (500 estimators, 5 depth)",112,29,18.281042390362025,4.275633565959789,0.6031774616623731,36.30619638123213,6.025462337549886,0.1675705791544104,10.379310344827584,,0.2458120385492247,0.188223302186151,0.473942702558385,0.0433885483408926,0.0032341876336007,0.0089574547253242,0.0364417660064214
"Random Forest (100 estimators, 5 depth)",112,29,18.77361187278313,4.332852625324699,0.5924853650002568,35.87630109931511,5.9896828880429975,0.1774272294295527,10.379310344827584,,0.2530876730910877,0.178407797784023,0.4920452584712028,0.0374606213826305,0.0033606925968403,0.0109127867195563,0.024725169954659
Ridge (lambda=2.0),112,29,44.53573009716539,6.673509578712343,0.0332727704195952,44.40726588467696,6.663877691305338,-0.0181709544442016,10.379310344827584,8.735897538585382,-0.3801138426338112,1.2630602151467103,1.2314079915306209,2.1232448249184976,0.719254632441858,-0.7517607335023199,0.0910400843546835
SVM (linear kernel),112,29,45.20751800922112,6.723653620556395,0.018690418998155933,43.556474778830335,6.599732932386759,0.0013360062978103882,10.379310344827585,,,,,,,,
"Feedforward NN (3 layers, [[16, 4, 1]] activations)",112,29,51.27964691299662,7.160980862493393,-0.11311593827935984,46.92514183170386,6.850192831716773,-0.07590088005624174,10.379310344827585,,,,,,,,
