model_type,n_train,n_test,mse_train,rmse_train,r2_train,mse_test,rmse_test,r2_test,y_test_mean,bias,Game of season_weight,Game for player_weight,Age (days)_weight,Home?_weight,Game Started?_weight,Year_weight,Month of Season_weight
Linreg,128,32,7.816380071674327,2.7957789740382424,0.3165422941341891,5.122139418473295,2.263214399581554,0.0079306289924997,1.65625,2.312823817081081,-10.84807006212236,7.807582180998407,3.1225532340618853,0.020657698770425,3.987676415797008,-4.917072385469073,8.517965559126766
Lasso (lambda=0.05),128,32,8.648764900187672,2.940878253207309,0.2437592641284112,5.249103235024207,2.291092148959576,-0.0166600553555491,1.65625,2.252209233324369,-0.8658644146815515,-0.0,-0.0,-0.0,4.046501071062591,-1.329482374193913,2.712854984448896
"Random Forest (500 estimators, 5 depth)",128,32,3.4983377680314787,1.8703843904479844,0.6941082849915264,6.493443960247548,2.5482236872471677,-0.2576672243793245,1.65625,,0.1292110352638259,0.292406181934238,0.2014395836643133,0.0275732578065744,0.2505899969787846,0.0074549605645441,0.0913249837877195
"Random Forest (100 estimators, 5 depth)",128,32,3.426879050576044,1.8511831488472563,0.7003565752036659,6.280909219079117,2.5061742196182446,-0.2165029393487829,1.65625,,0.1237380561369477,0.3271021019978827,0.1896630608174434,0.029727782697993,0.2325993319913636,0.0060546654474182,0.0911150009109511
Ridge (lambda=2.0),128,32,8.453958204446645,2.907569122900889,0.260792997920471,5.069603096133663,2.251577912516834,0.0181060014297578,1.65625,2.591775456934374,-1.9030420624516864,0.3954335467802371,-0.6504591546498574,-0.1792166374309054,3.771587481218808,-1.315594660184063,3.66671383270237
SVM (linear kernel),128,32,8.267839894116378,2.875385173175305,0.27706702659250526,5.349482050224244,2.312894733926351,-0.03610168704929562,1.65625,,,,,,,,
"Feedforward NN (3 layers, [[16, 4, 1]] activations)",128,32,7.641057910446008,2.7642463548761365,0.33187231660005867,9.34538761802786,3.0570226721481575,-0.8100391376698561,1.65625,,,,,,,,
