model_type,n_train,n_test,mse_train,rmse_train,r2_train,mse_test,rmse_test,r2_test,y_test_mean,bias,Game of season_weight,Game for player_weight,Age (days)_weight,Home?_weight,Game Started?_weight,Year_weight,Month of Season_weight
Linreg,128,32,7.8163800716743275,2.7957789740382424,0.3165422941341891,5.122139418473295,2.263214399581554,0.007930628992499744,1.65625,2.312823817081081,-10.848070062122359,7.807582180998407,3.1225532340618853,0.020657698770425004,3.987676415797008,-4.917072385469073,8.517965559126766
Lasso (lambda=0.05),128,32,8.648764900187672,2.940878253207309,0.2437592641284112,5.249103235024207,2.2910921489595757,-0.016660055355549153,1.65625,2.252209233324369,-0.8658644146815515,-0.0,-0.0,-0.0,4.046501071062591,-1.329482374193913,2.712854984448896
"Random Forest (500 estimators, 5 depth)",128,32,3.4983377680314787,1.8703843904479844,0.6941082849915264,6.493443960247548,2.5482236872471673,-0.25766722437932454,1.65625,,0.1292110352638259,0.292406181934238,0.20143958366431336,0.0275732578065744,0.25058999697878465,0.007454960564544176,0.09132498378771953
"Random Forest (100 estimators, 5 depth)",128,32,3.4268790505760434,1.8511831488472563,0.7003565752036659,6.280909219079117,2.5061742196182446,-0.21650293934878295,1.65625,,0.12373805613694772,0.32710210199788275,0.18966306081744344,0.029727782697993057,0.23259933199136365,0.006054665447418246,0.09111500091095115
Ridge (lambda=2.0),128,32,8.453958204446645,2.907569122900889,0.26079299792047106,5.069603096133663,2.251577912516834,0.018106001429757823,1.65625,2.591775456934374,-1.9030420624516864,0.3954335467802371,-0.6504591546498574,-0.1792166374309054,3.7715874812188077,-1.3155946601840627,3.66671383270237
