model_type,n_train,n_test,mse_train,rmse_train,r2_train,mse_test,rmse_test,r2_test,y_test_mean,bias,Game of season_weight,Game for player_weight,Age (days)_weight,Home?_weight,Game Started?_weight,Year_weight,Month of Season_weight
Linreg,654,164,52.55489807341862,7.24947571024406,0.16787766607975174,47.07872882243798,6.861394087387634,0.13160846177966612,11.865853658536585,7.657467480486789,-13.820551224096047,12.987034968595493,-15.832939160152323,0.03785443662956234,6.089722327133403,19.479117824237232,2.4748113695325156
Lasso (lambda=0.05),654,164,53.91815992199534,7.342898604910417,0.1462926060231735,48.096420383016465,6.935158281035586,0.11283661381712295,11.865853658536585,8.462834812677835,-1.081798113801342,1.7837179038012168,0.0,-0.0,5.98586345478956,2.015143185665648,-0.0
"Random Forest (500 estimators, 5 depth)",654,164,37.539916997521765,6.1269826993000205,0.40561575624195223,45.61289450759384,6.753731894855898,0.15864653496648862,11.865853658536585,,0.09464264225861305,0.09781274321477942,0.45291104484637185,0.01002293763124958,0.309643198390755,0.020807012466548806,0.014160421191682208
"Random Forest (100 estimators, 5 depth)",654,164,37.549555210900984,6.127769187143147,0.4054631506256169,45.47647305854634,6.7436246231938455,0.16116289925558014,11.865853658536585,,0.1015778892219587,0.0928653950744484,0.4504391363246253,0.010194177927618557,0.30506223121669046,0.022276131454702,0.017585038779956746
Ridge (lambda=2.0),654,164,52.958228285876274,7.277240430676746,0.16149158048099455,47.067490540532766,6.860575088178305,0.13181575771043408,11.865853658536585,7.902101637772189,-7.428733988109875,7.942999780776543,0.11820172882788073,0.027018977130474863,6.03774446803402,2.6350002832604127,1.2921555617720555
