model_type,n_train,n_test,mse_train,rmse_train,r2_train,mse_test,rmse_test,r2_test,y_test_mean,bias,Game of season_weight,Game for player_weight,Age (days)_weight,Home?_weight,Game Started?_weight,Year_weight,Month of Season_weight
Linreg,431,108,40.38609528786346,6.3550055301206045,0.1563693031674036,25.12957607306135,5.012940860718522,0.0712891017227295,7.842592592592593,6.085829067511597,12.365082572328634,-5.906199119485846,7.5399596513431,-0.2899400306117772,6.026665152575465,-5.527348810244398,-5.469649020801899
Lasso (lambda=0.05),431,108,41.47395166858868,6.440027303403976,0.1336449216696755,25.21378156393236,5.021332648205291,0.0681771289286271,7.842592592592593,5.996756830944403,1.6366706548115155,-0.0,2.196685601430805,-0.1001621773439272,4.908359138726436,0.0,-0.0
"Random Forest (500 estimators, 5 depth)",431,108,24.389882175840743,4.938611361085295,0.4905163980571101,23.632700887423525,4.861347641078915,0.1266089485128591,7.842592592592593,,0.1238193025160228,0.117791470901246,0.4641254283912941,0.0378973876891166,0.203593837502865,0.0351679432462015,0.0176046297532536
"Random Forest (100 estimators, 5 depth)",431,108,24.43455656539737,4.943132262583854,0.4895831885917338,23.517660036844365,4.849501009056949,0.130860500205149,7.842592592592593,,0.1207400681603723,0.1139255946043005,0.45492426791656,0.0391731111638086,0.2005253988359424,0.0541774799944304,0.0165340793245853
Ridge (lambda=2.0),431,108,40.68503160500183,6.378481920096805,0.1501247813403134,24.93088039650524,4.993083255515097,0.0786322753489672,7.842592592592593,6.014538093120693,6.796834811679955,-2.951698138917741,1.9871158565471552,-0.294417476799189,5.493501456233797,0.5827155658107431,-2.899371349242603
SVM (linear kernel),431,108,40.73784162847895,6.382620279201869,0.14902162549946796,24.22971327495234,4.922368665079073,0.10454522928844656,7.842592592592593,,,,,,,,
"Feedforward NN (3 layers, [[16, 4, 1]] activations)",431,108,39.89269961508034,6.3160667836146525,0.16667591320923403,24.585238128577593,4.958350343468843,0.09140613751824533,7.842592592592593,,,,,,,,
