model_type,n_train,n_test,mse_train,rmse_train,r2_train,mse_test,rmse_test,r2_test,y_test_mean,bias,Game of season_weight,Game for player_weight,Age (days)_weight,Home?_weight,Game Started?_weight,Year_weight,Month of Season_weight
Linreg,1008,252,64.18820136754537,8.01175395076168,0.17985862921368656,77.16490750094174,8.784355838702217,0.14380519328631325,22.96031746031746,19.08662208458724,21.084239095492666,-16.44644638400883,9.144676775137631,0.8844122074365646,6.289439143666026,-15.371553720448379,-6.5841997323660175
Lasso (lambda=0.05),1008,252,64.96658267383219,8.060185027270292,0.169913145496561,77.64353923668584,8.811557140295116,0.13849446306263669,22.96031746031746,18.604394333588065,0.6740253169147878,0.0,-4.878410001620605,0.6524342378102219,6.616940064849952,-0.9050321376492992,-0.0
"Random Forest (500 estimators, 5 depth)",1008,252,47.07031555959596,6.860780973008537,0.3985761821656161,64.43582766597567,8.027193012876648,0.2850426080892644,22.96031746031746,,0.051124889856671664,0.07007729709423134,0.846725825972516,0.011589564609756554,0.00511891171608358,0.0021223222627673546,0.013241188487973489
"Random Forest (100 estimators, 5 depth)",1008,252,47.223932991100696,6.871967184955171,0.39661339136969476,64.44083682836745,8.027505018893944,0.28498702817652,22.96031746031746,,0.05085504931744278,0.07103473247761956,0.8463915045710505,0.011693972613861962,0.004164141697561514,0.0021969670191800427,0.0136636323032836
Ridge (lambda=2.0),1008,252,64.51400641215642,8.032061155902413,0.17569577388819846,77.31765232277576,8.793045679556984,0.1421103902023454,22.96031746031746,18.840899446301187,6.962788635154356,-3.715982163864087,-2.682980051254727,0.8571009413728797,6.487696707618293,-3.4530232644183423,-3.9415619457967708
