model_type,n_train,n_test,mse_train,rmse_train,r2_train,mse_test,rmse_test,r2_test,y_test_mean,bias,Game of season_weight,Game for player_weight,Age (days)_weight,Home?_weight,Game Started?_weight,Year_weight,Month of Season_weight
Linreg,151,38,12.130988872243627,3.4829569150713917,0.45156307793150074,11.727044785361496,3.424477301043401,0.4158323213032289,3.6315789473684212,1.318318285072683,-10.372715200278705,11.784416738535617,2.826341834883119,-0.9987773393920917,5.731154538898258,-4.098838948633494,4.987960029275966
Lasso (lambda=0.05),151,38,12.659376058043854,3.5580016944970465,0.42767491474113106,11.822330026626432,3.438361532274701,0.4110858093539199,3.6315789473684212,1.3298891551345342,-0.0,4.435246298633537,-0.0,-0.734388781094035,6.066064319484389,-0.08023930232734716,0.0
"Random Forest (500 estimators, 5 depth)",151,38,4.847890398110659,2.20179254202358,0.7808289071512846,18.901670687957363,4.34760516698071,0.058437544038552725,3.6315789473684212,,0.15801552611408512,0.301916191255913,0.13285248298697833,0.021905536469603002,0.36192755480114885,0.009742808195788669,0.0136399001764831
"Random Forest (100 estimators, 5 depth)",151,38,4.8421548744528815,2.2004896896947463,0.7810882077717409,19.44328044916158,4.409453531806586,0.03145794920003708,3.6315789473684212,,0.14519477168108152,0.2806167057852531,0.14273876494683443,0.02192087467770829,0.3842147193499062,0.011384828623356977,0.013929334935859516
Ridge (lambda=2.0),151,38,12.646985167995753,3.556259997243699,0.42823510168641954,11.820120906996754,3.4380402712878095,0.4111958538118079,3.6315789473684212,1.6068795286171045,-0.2474857749353781,4.284678231044486,0.032270314929405935,-0.9317046652997987,5.847848748494322,-0.6467999669372687,0.5952808127195823
