model_type,n_train,n_test,mse_train,rmse_train,r2_train,mse_test,rmse_test,r2_test,y_test_mean,bias,Game of season_weight,Game for player_weight,Age (days)_weight,Home?_weight,Game Started?_weight,Year_weight,Month of Season_weight
Linreg,176,45,21.63831299148289,4.651700010908151,0.2763306047624571,27.678214510738883,5.261008887156425,0.12851969424625687,9.2,13.329698727804995,12.024239788652206,-5.837783055180296,-1.2164949439522883,-0.12187897987744137,2.6464222991245765,-9.316862450376448,-6.324627169582656
Lasso (lambda=0.05),176,45,22.890403822456552,4.7843916878174335,0.23445581467185095,26.203312837205768,5.118917154751165,0.17495866381593927,9.2,10.785008051895765,1.6467417321547846,-0.6767550555153776,-0.9329139283041974,-0.016184030149491508,2.5595655497572394,-5.2334354491227835,-0.0
"Random Forest (500 estimators, 5 depth)",176,45,12.8161385130736,3.5799634792932733,0.5713784521608885,27.003217431049123,5.196462010931007,0.14977275091155162,9.2,,0.1222612233077176,0.17550084542279346,0.5711607349178647,0.027525131223206597,0.03977108370829484,0.0064674420920521345,0.0573135393280707
"Random Forest (100 estimators, 5 depth)",176,45,12.99975672165731,3.605517538670046,0.565237544687525,28.496465167687013,5.338208048370447,0.10275613451867083,9.2,,0.13512640135706333,0.14842679157509844,0.594342074490906,0.027696569244636562,0.03858199912402382,0.0036618957410854865,0.052164268467186366
Ridge (lambda=2.0),176,45,22.38190359740928,4.730951658747876,0.25146204110378023,26.616380251561164,5.159106536170887,0.1619527628601649,9.2,11.352757950252466,4.102980207242289,-2.082882897480753,-2.828961932666281,-0.13750389549819172,2.6748632976835944,-3.867764177812093,-2.012514651282963
