model_type,n_train,n_test,mse_train,rmse_train,r2_train,mse_test,rmse_test,r2_test,y_test_mean,bias,Game of season_weight,Game for player_weight,Age (days)_weight,Home?_weight,Game Started?_weight,Year_weight,Month of Season_weight
Linreg,236,60,53.85897703900654,7.338867558350303,0.4846285924342657,40.10309850205601,6.332700727340272,0.4724414157495218,12.183333333333334,7.155975659097575,2.5072777525428127,-1.5248633171155452,16.43308746742935,-0.4113610035717231,9.50969609617344,-7.860338646542222,-5.9518107984403965
Lasso (lambda=0.05),236,60,54.17215209477406,7.360173373961653,0.4816318502349385,38.71696389234601,6.222295709169246,0.4906760968488315,12.183333333333334,7.231123132878984,-0.0,-0.836074681786112,8.24086654030316,-0.1655982964802636,9.954628958318043,0.0,-4.116344210995409
"Random Forest (500 estimators, 5 depth)",236,60,28.831537121622898,5.369500639875453,0.7241137747957385,50.214982806517575,7.086253086541404,0.3394189918714047,12.183333333333334,,0.0939540575091456,0.0840519142605081,0.4797992831237341,0.0080184701880267,0.2552565670737328,0.0603900799690618,0.0185296278757908
"Random Forest (100 estimators, 5 depth)",236,60,29.465260138442677,5.428191240039602,0.7180497397705526,53.14171849893307,7.289836657904831,0.300917614271195,12.183333333333334,,0.1001214659365275,0.0895634385138093,0.5262151322977495,0.0091673612581945,0.2036360448098854,0.0532500233940812,0.0180465337897523
Ridge (lambda=2.0),236,60,54.2580922773141,7.366009250422789,0.4808094968358006,38.83496492030416,6.231770608767958,0.4891237864894084,12.183333333333334,7.498137833678264,-0.4024223808425615,-1.3110944733986358,6.519213389500898,-0.3244381690572708,9.76574539992376,2.1822351568538445,-4.030822128537913
SVM (linear kernel),236,60,54.10562679436606,7.355652710287923,0.48226842448114404,39.17730861948805,6.259177950776608,0.4846202352922543,12.183333333333334,,,,,,,,
"Feedforward NN (3 layers, [[16, 4, 1]] activations)",236,60,56.016179714819664,7.4843957481429095,0.46398652604980384,44.87634904864463,6.698981194826914,0.4096490282610087,12.183333333333334,,,,,,,,
