model_type,n_train,n_test,mse_train,rmse_train,r2_train,mse_test,rmse_test,r2_test,y_test_mean,bias,Game of season_weight,Game for player_weight,Age (days)_weight,Home?_weight,Game Started?_weight,Year_weight,Month of Season_weight
Linreg,236,60,53.85897703900654,7.338867558350303,0.4846285924342657,40.10309850205601,6.332700727340272,0.4724414157495218,12.183333333333334,7.1559756590975745,2.5072777525428127,-1.5248633171155452,16.43308746742935,-0.4113610035717231,9.50969609617344,-7.860338646542222,-5.9518107984403965
Lasso (lambda=0.05),236,60,54.17215209477406,7.360173373961653,0.4816318502349385,38.71696389234601,6.222295709169246,0.4906760968488315,12.183333333333334,7.2311231328789844,-0.0,-0.836074681786112,8.24086654030316,-0.16559829648026367,9.954628958318043,0.0,-4.116344210995409
"Random Forest (500 estimators, 5 depth)",236,60,28.831537121622898,5.369500639875453,0.7241137747957385,50.214982806517575,7.086253086541404,0.3394189918714047,12.183333333333334,,0.09395405750914562,0.08405191426050816,0.4797992831237341,0.008018470188026702,0.25525656707373284,0.06039007996906188,0.0185296278757908
"Random Forest (100 estimators, 5 depth)",236,60,29.465260138442673,5.428191240039602,0.7180497397705526,53.14171849893307,7.289836657904831,0.300917614271195,12.183333333333334,,0.10012146593652754,0.08956343851380932,0.5262151322977495,0.009167361258194551,0.20363604480988548,0.053250023394081226,0.018046533789752316
Ridge (lambda=2.0),236,60,54.2580922773141,7.366009250422789,0.48080949683580065,38.83496492030416,6.231770608767958,0.48912378648940846,12.183333333333334,7.498137833678264,-0.40242238084256154,-1.3110944733986358,6.519213389500898,-0.32443816905727085,9.765745399923759,2.1822351568538445,-4.030822128537913
