model_type,n_train,n_test,mse_train,rmse_train,r2_train,mse_test,rmse_test,r2_test,y_test_mean,bias,Game of season_weight,Game for player_weight,Age (days)_weight,Home?_weight,Game Started?_weight,Year_weight,Month of Season_weight
Linreg,399,100,30.255560544058305,5.500505480777044,0.1354770603093538,31.47706453418042,5.610442454404146,0.05287700291925157,5.84,4.614459613757845,-6.169620192298127,6.987769544001797,-32.34012677005989,0.0525801772104777,9.36137133160924,31.830591478756556,1.2292885198752463
Lasso (lambda=0.05),399,100,31.155223737361375,5.581686459965426,0.10977006778897935,29.431231820244246,5.425055927844823,0.11443468754530695,5.84,4.818822761657755,-0.0,1.9826120468322448,-0.0,0.0,7.787481843756897,0.0,1.153612831861644
"Random Forest (500 estimators, 5 depth)",399,100,19.547540922963027,4.421260105780141,0.441448208575268,30.646874576521103,5.53596193777749,0.07785684181086139,5.84,,0.21581597694037585,0.22046168046913997,0.31718493677074155,0.011002949201969687,0.18905602096111845,0.0192738387792621,0.027204596877392326
"Random Forest (100 estimators, 5 depth)",399,100,19.62636681012382,4.430165551096688,0.43919583623555425,30.52644505987994,5.525074213065372,0.08148048227499394,5.84,,0.21645963239761412,0.23439717942607097,0.313440806531987,0.01066678443890274,0.17640649925971932,0.02016515874268053,0.028463939203025156
Ridge (lambda=2.0),399,100,30.80303914983505,5.550048571844669,0.11983339662661963,29.44892874048367,5.426686718475986,0.11390219951364633,5.84,4.442987155454644,-2.7515797418976407,4.1609382846695695,-1.233034213566406,0.09621035595583154,8.100353319906306,1.3738403657336795,2.267642820982522
