model_type,n_train,n_test,mse_train,rmse_train,r2_train,mse_test,rmse_test,r2_test,y_test_mean,bias,Game of season_weight,Game for player_weight,Age (days)_weight,Home?_weight,Game Started?_weight,Year_weight,Month of Season_weight
Linreg,144,37,12.26047247145558,3.5014957477420388,0.1066718302121189,10.055611621805468,3.1710584387244376,0.0102004378593842,2.945945945945946,1.706569306545714,-2.789020064221928,2.5762454293781243,-15.15745213267842,0.2736500385647259,3.0849333481832906,12.92409788925877,1.2394096946944564
Lasso (lambda=0.05),144,37,12.679898771154406,3.5608845489785828,0.0761113987488792,9.612007895420671,3.100323837185508,0.0538654868542637,2.945945945945946,2.1698545611837305,-0.0,0.5627047818056271,-1.2609642428494694,0.0867964665422691,2.610743549370028,-0.0,0.9800423440614924
"Random Forest (500 estimators, 5 depth)",144,37,5.138109457503739,2.266739830131314,0.6256247115657294,7.561589704730106,2.7498344867882696,0.2556933918769402,2.945945945945946,,0.2100217876086421,0.2135545916455173,0.4025605906776536,0.0386968667880346,0.0824498715834673,0.0051982979380146,0.0475179937586701
"Random Forest (100 estimators, 5 depth)",144,37,5.239924193042354,2.289088070180428,0.6182062395967327,7.529047423814332,2.743910972282871,0.2588966117916436,2.945945945945946,,0.1998470535669165,0.2236757694309086,0.4113275762556845,0.0365554177745138,0.0802301835669435,0.0059364944373,0.0424275049677329
Ridge (lambda=2.0),144,37,12.430460942848036,3.5256858826117843,0.0942860522261883,9.73804800884189,3.1205845620399217,0.0414590362306191,2.945945945945946,1.9551717160489293,-1.3889460559475464,1.3462647004597386,-1.2420469745380565,0.2559628433863736,2.8358428932834574,-0.6055066942312852,1.8637307548751372
SVM (linear kernel),144,37,13.594561775576153,3.687080386372957,0.009466803313010308,10.406265357276752,3.2258743554696534,-0.024315305875170612,2.945945945945946,,,,,,,,
"Feedforward NN (3 layers, [[16, 4, 1]] activations)",144,37,13.646037493147613,3.6940543435563606,0.005716155964493375,10.523078604622407,3.243929500562922,-0.03581353247972929,2.945945945945946,,,,,,,,
