model_type,n_train,n_test,mse_train,rmse_train,r2_train,mse_test,rmse_test,r2_test,y_test_mean,bias,Game of season_weight,Game for player_weight,Age (days)_weight,Home?_weight,Game Started?_weight,Year_weight,Month of Season_weight
Linreg,248,62,26.33167185966804,5.131439550425206,0.1463917418861131,32.32680253581039,5.685666410880117,0.064162632940301,7.806451612903226,7.12081826226555,-54.42800541238032,59.64363166360077,8.07394709676577,-1.4499856371145237,1.8470658694261095,-9.762375111323903,0.5277827294170407
Lasso (lambda=0.05),248,62,26.85994798906799,5.182658390157313,0.1292663246690263,31.853451046023014,5.643886165225431,0.077865813494755,7.806451612903226,7.735164117173771,0.0,4.917141009678537,-0.0,-1.174523410800024,0.0,-3.2164717589717498,-0.0935034887440555
"Random Forest (500 estimators, 5 depth)",248,62,14.43601544535584,3.799475680321673,0.5320197644840803,28.77431757363808,5.3641697935130725,0.167004482821238,7.806451612903226,,0.1329597114045262,0.3150484173348117,0.4465786234145708,0.038265577732689,0.0105975108595499,0.0242521654453792,0.0322979938084729
"Random Forest (100 estimators, 5 depth)",248,62,14.655523082470054,3.8282532678063577,0.5249038649408098,28.558544397451392,5.344019498228968,0.1732509589724431,7.806451612903226,,0.1481128358848608,0.2730426201270111,0.4768413719657326,0.0365540032702022,0.0172287859733903,0.020090154084709,0.0281302286940937
Ridge (lambda=2.0),248,62,26.689368981064565,5.166175469442028,0.1347960779892333,31.454101283679247,5.608395606916407,0.089426697987235,7.806451612903226,8.344520817268283,2.3340485246164318,3.160287373970891,-1.7705190155153268,-1.3150483854679669,1.7313754609736622,-2.1878488174511115,-0.8556012195076026
SVM (linear kernel),248,62,27.119987679832207,5.207685443633497,0.12083647529764219,31.864001073221143,5.644820729945384,0.0775603978983761,7.806451612903226,,,,,,,,
"Feedforward NN (3 layers, [[16, 4, 1]] activations)",248,62,30.56635327106866,5.528684587772092,0.009113750480271965,40.15412554270248,6.336728299580351,-0.16243266196340134,7.806451612903226,,,,,,,,
