model_type,n_train,n_test,mse_train,rmse_train,r2_train,mse_test,rmse_test,r2_test,y_test_mean,bias,Game of season_weight,Game for player_weight,Age (days)_weight,Home?_weight,Game Started?_weight,Year_weight,Month of Season_weight
Linreg,248,62,26.331671859668038,5.131439550425206,0.14639174188611315,32.32680253581039,5.685666410880117,0.064162632940301,7.806451612903226,7.12081826226555,-54.428005412380315,59.64363166360077,8.07394709676577,-1.4499856371145237,1.8470658694261097,-9.762375111323905,0.5277827294170407
Lasso (lambda=0.05),248,62,26.85994798906799,5.182658390157313,0.12926632466902632,31.853451046023018,5.643886165225431,0.07786581349475508,7.806451612903226,7.735164117173771,0.0,4.917141009678537,-0.0,-1.174523410800024,0.0,-3.2164717589717498,-0.09350348874405559
"Random Forest (500 estimators, 5 depth)",248,62,14.436015445355839,3.799475680321673,0.5320197644840803,28.774317573638076,5.3641697935130725,0.16700448282123803,7.806451612903226,,0.13295971140452628,0.3150484173348117,0.4465786234145708,0.03826557773268907,0.010597510859549918,0.02425216544537922,0.032297993808472994
"Random Forest (100 estimators, 5 depth)",248,62,14.655523082470054,3.8282532678063577,0.5249038649408098,28.558544397451392,5.344019498228968,0.17325095897244314,7.806451612903226,,0.14811283588486082,0.27304262012701114,0.4768413719657326,0.03655400327020229,0.017228785973390334,0.020090154084709,0.028130228694093793
Ridge (lambda=2.0),248,62,26.689368981064565,5.166175469442028,0.13479607798923332,31.454101283679247,5.608395606916407,0.08942669798723502,7.806451612903226,8.344520817268283,2.3340485246164313,3.160287373970891,-1.7705190155153268,-1.3150483854679669,1.7313754609736622,-2.1878488174511115,-0.8556012195076026
