model_type,n_train,n_test,mse_train,rmse_train,r2_train,mse_test,rmse_test,r2_test,y_test_mean,bias,Game of season_weight,Game for player_weight,Age (days)_weight,Home?_weight,Game Started?_weight,Year_weight,Month of Season_weight
Linreg,324,82,29.036842998519564,5.388584507875845,0.264798384332841,29.61690093256852,5.442141208437036,0.31283197654072836,7.560975609756097,5.501174781434427,-5.549114850451134,15.343857519622706,1.2982368506322828,-0.06476421790838849,3.9188448562586475,1.3589117458730018,-7.711317764220988
Lasso (lambda=0.05),324,82,29.675743696999522,5.447544740247621,0.24862166616147197,30.346079877492286,5.508727609665619,0.2959136482027227,7.560975609756097,5.341885765552712,-0.0,9.291888218044734,1.6229348352667838,0.0,4.200522676183233,0.0,-6.959486993732258
"Random Forest (500 estimators, 5 depth)",324,82,17.394952967738465,4.170725712359717,0.5595665297708985,33.519230863109385,5.7895795065884865,0.22229055387935448,7.560975609756097,,0.13893318855004866,0.205582552113765,0.30735875451323563,0.02344491166253463,0.26291547980578706,0.037567880568118724,0.024197232786510474
"Random Forest (100 estimators, 5 depth)",324,82,17.40500408342667,4.1719304983936,0.5593120394155384,33.4290806677427,5.781788708327442,0.2243822086309989,7.560975609756097,,0.12849779835346217,0.20314144237460066,0.3299065809532072,0.030488149488828838,0.24822779563563943,0.0417874465944957,0.01795078659976598
Ridge (lambda=2.0),324,82,29.483841181170636,5.429902501994915,0.2534805635180194,30.490630015014936,5.5218321248490465,0.29255981207657433,7.560975609756097,5.0032107607116405,-3.073952787789758,10.139875300167779,1.4942003420514518,0.0033179737084132583,4.250270094901828,0.9014922800735683,-5.096360556115273
