model_type,n_train,n_test,mse_train,rmse_train,r2_train,mse_test,rmse_test,r2_test,y_test_mean,bias,Game of season_weight,Game for player_weight,Age (days)_weight,Home?_weight,Game Started?_weight,Year_weight,Month of Season_weight
Linreg,116,29,21.467871709505705,4.633343469839647,0.2397953595783363,21.542570010749778,4.6413974200395485,0.2711681801013532,7.448275862068965,5.10438242049003,24.115918260763863,-16.049657195027844,1.2184953097900348,-1.9196410135747108,4.3373885828264775,-2.837125018219634,-4.034879442216334
Lasso (lambda=0.05),116,29,21.87502186574109,4.67707407101289,0.2253776547258569,22.16346045537871,4.707808455680701,0.2501621110719489,7.448275862068965,4.95045173059814,1.9666156085044268,0.0,-0.0,-1.6902303037091393,4.323701806397172,-0.0271424746233733,0.0
"Random Forest (500 estimators, 5 depth)",116,29,9.789453892068162,3.128810299789388,0.6533429872953398,16.246770242359514,4.030728252110221,0.4503365607118694,7.448275862068965,,0.1510862680789529,0.1698765139847727,0.3651676117117265,0.0630898155257585,0.2216863118533847,0.0070989875204805,0.021994491324924
"Random Forest (100 estimators, 5 depth)",116,29,9.797721786154234,3.1301312729906767,0.6530502106505099,16.51503532796463,4.063869501837458,0.4412605716140376,7.448275862068965,,0.1582875939788761,0.1796946641227097,0.3612738587885316,0.0544071898720528,0.2145094414908988,0.0080302283451582,0.0237970234017727
Ridge (lambda=2.0),116,29,21.77900338097672,4.666797979447655,0.2287777913892322,22.756134475632187,4.770339031518849,0.2301106648158877,7.448275862068965,4.871460715068453,1.4003966835156243,0.7902893516138308,0.7719350402952492,-1.8030726610096248,4.262364204413603,-0.9847545159469714,0.6705976480770912
SVM (linear kernel),116,29,22.28137790386345,4.720315445376872,0.210988070605732,26.389390780567926,5.1370605194574,0.10718973181842384,7.448275862068965,,,,,,,,
"Feedforward NN (3 layers, [[16, 4, 1]] activations)",116,29,25.77559831873068,5.076967433294277,0.08725328170898305,21.02301060032745,4.585085669900558,0.28874600068889766,7.448275862068965,,,,,,,,
