model_type,n_train,n_test,mse_train,rmse_train,r2_train,mse_test,rmse_test,r2_test,y_test_mean,bias,Game of season_weight,Game for player_weight,Age (days)_weight,Home?_weight,Game Started?_weight,Year_weight,Month of Season_weight
Linreg,240,60,23.426038232928786,4.840045271785047,0.4188649478114951,25.289710312063807,5.028887581967189,0.3435033377312539,10.666666666666666,5.559161168269575,-2.6772819481500467,9.060615092050018,-3.497789588251141,0.3350897113135433,6.127518877325403,2.505142390044191,-0.9179289614082152
Lasso (lambda=0.05),240,60,23.582409040688628,4.85617226225436,0.4149858216602989,25.20628059685453,5.020585682652427,0.3456690932457722,10.666666666666666,5.392120388780347,0.0,4.862411367198075,-1.0734269908499028,0.2094258785057914,6.393141239990013,-0.0,-0.0
"Random Forest (500 estimators, 5 depth)",240,60,12.932228906771888,3.5961408352248787,0.6791872596670401,26.20514584677822,5.119096194327493,0.3197395078713472,10.666666666666666,,0.1040508961540148,0.1485334015016043,0.3467697886178814,0.013965912999411,0.3675770209671799,0.0047590788258292,0.0143439009340789
"Random Forest (100 estimators, 5 depth)",240,60,12.820217820405942,3.5805331754371363,0.6819659441323231,26.81453136444172,5.178274940985822,0.303920443380515,10.666666666666666,,0.1022499880938657,0.1534305554273609,0.3859016256774791,0.0136568567706092,0.3224530258097717,0.0057260340963866,0.0165819141245265
Ridge (lambda=2.0),240,60,23.55287589988117,4.853130525741212,0.4157184569934176,25.529467340443414,5.0526693282307145,0.337279474865905,10.666666666666666,5.670635741073243,1.376348854828568,4.385096751650071,-1.047574652648267,0.3707068239579099,6.1055832934843774,-0.7743564602720188,-0.7070098391743939
SVM (linear kernel),240,60,23.604820449711443,4.858479232199253,0.4144298567454213,25.635094600754467,5.063111158245932,0.334537492336919,10.666666666666666,,,,,,,,
"Feedforward NN (3 layers, [[16, 4, 1]] activations)",240,60,27.408816540721084,5.235343020349391,0.3200632615536496,28.84599490082551,5.370846758270572,0.251185595305943,10.666666666666666,,,,,,,,
