model_type,n_train,n_test,mse_train,rmse_train,r2_train,mse_test,rmse_test,r2_test,y_test_mean,bias,Game of season_weight,Game for player_weight,Age (days)_weight,Home?_weight,Game Started?_weight,Year_weight,Month of Season_weight
Linreg,240,60,23.426038232928786,4.840045271785047,0.4188649478114951,25.289710312063807,5.028887581967189,0.34350333773125397,10.666666666666666,5.559161168269575,-2.6772819481500467,9.060615092050018,-3.497789588251141,0.33508971131354337,6.127518877325403,2.505142390044191,-0.9179289614082151
Lasso (lambda=0.05),240,60,23.582409040688628,4.8561722622543595,0.41498582166029896,25.20628059685453,5.020585682652427,0.3456690932457722,10.666666666666666,5.392120388780347,0.0,4.862411367198075,-1.0734269908499028,0.20942587850579142,6.393141239990013,-0.0,-0.0
"Random Forest (500 estimators, 5 depth)",240,60,12.932228906771888,3.5961408352248787,0.6791872596670401,26.20514584677822,5.119096194327493,0.3197395078713472,10.666666666666666,,0.1040508961540148,0.14853340150160438,0.34676978861788144,0.01396591299941108,0.3675770209671799,0.004759078825829293,0.01434390093407891
"Random Forest (100 estimators, 5 depth)",240,60,12.820217820405942,3.5805331754371363,0.6819659441323231,26.814531364441716,5.178274940985822,0.30392044338051505,10.666666666666666,,0.10224998809386575,0.1534305554273609,0.38590162567747915,0.013656856770609292,0.3224530258097717,0.0057260340963866665,0.01658191412452653
Ridge (lambda=2.0),240,60,23.55287589988117,4.853130525741212,0.4157184569934176,25.529467340443418,5.0526693282307145,0.33727947486590504,10.666666666666666,5.670635741073243,1.376348854828568,4.385096751650071,-1.047574652648267,0.37070682395790994,6.1055832934843774,-0.7743564602720188,-0.7070098391743939
