model_type,n_train,n_test,mse_train,rmse_train,r2_train,mse_test,rmse_test,r2_test,y_test_mean,bias,Game of season_weight,Game for player_weight,Age (days)_weight,Home?_weight,Game Started?_weight,Year_weight,Month of Season_weight
Linreg,168,43,11.44369533475768,3.382853135262848,0.2171989192344217,19.274640942653782,4.390289391674971,0.1650154373514163,5.558139534883721,4.181059196145466,2.7541324383757995,-2.251497754610535,-4.780769501271554,-0.4350816188273891,5.389302754395333,1.594047648636733,1.98093982201626
Lasso (lambda=0.05),168,43,11.66104051041366,3.414826571059453,0.2023315155308355,20.109901718321517,4.484406506810184,0.1288316321358774,5.558139534883721,4.453717947535794,1.0202414298276443,0.0,-3.113533623361385,-0.320588710649459,3.951369595529647,-0.0,1.4866722915878192
"Random Forest (500 estimators, 5 depth)",168,43,6.026949502368406,2.454984623652133,0.5877290991971822,19.89321736017725,4.460181314719979,0.1382184785397185,5.558139534883721,,0.2312343786522045,0.2027045355726564,0.3237989719078831,0.0262776879039335,0.1124351831822026,0.03670320223691,0.0668460405442096
"Random Forest (100 estimators, 5 depth)",168,43,5.877860513485887,2.4244299357758075,0.5979274676623938,19.3676804923045,4.400872696671025,0.1609849297064096,5.558139534883721,,0.2171997570258976,0.1914472620323327,0.3601128186507967,0.0321458450199004,0.1077402950729952,0.0295448260807782,0.0618091961172989
Ridge (lambda=2.0),168,43,11.58277833842892,3.4033481071481537,0.2076850059044076,20.25534837261076,4.5005942243897925,0.1225308293670097,5.558139534883721,4.453945760108705,1.741465450894328,-0.6931088126766379,-2.477737105082806,-0.4747507414878692,3.9628724709500016,-1.032558972513648,1.8678677468444365
SVM (linear kernel),168,43,11.658251583984308,3.414418191139496,0.20252229084940265,20.984239185127546,4.580855726294765,0.0909550102314598,5.558139534883721,,,,,,,,
"Feedforward NN (3 layers, [[16, 4, 1]] activations)",168,43,12.262314564617046,3.501758781614897,0.1612016212354911,21.611070971309,4.648770909746898,0.06380042580126644,5.558139534883721,,,,,,,,
