model_type,n_train,n_test,mse_train,rmse_train,r2_train,mse_test,rmse_test,r2_test,y_test_mean,bias,Game of season_weight,Game for player_weight,Age (days)_weight,Home?_weight,Game Started?_weight,Year_weight,Month of Season_weight
Linreg,156,39,12.182049399834982,3.490279272470182,0.20839302284233896,27.772269745185323,5.2699402031887725,0.13746840604347466,5.487179487179487,4.697700794833967,2.9570785068982492,2.9570785068982435,-4.55787739482861,-0.4715108877457501,3.2397239044438204,6.730011563798879,-8.171456576408051
Lasso (lambda=0.05),156,39,12.817884314540308,3.580207300498158,0.16707556152848146,28.327489245414082,5.322357489441505,0.12022478984206275,5.487179487179487,4.118197620368669,1.4754191541063517,0.0,0.0,-0.2290424595213028,3.7394767416603627,0.0,-1.8271609872893215
"Random Forest (500 estimators, 5 depth)",156,39,7.237645078783337,2.690287174036136,0.5296874807753358,25.786554569042,5.078046333880974,0.19913934946067546,5.487179487179487,,0.1411957511034686,0.14064334314627375,0.3671081004645916,0.044222774718759905,0.2076171177813844,0.010828282123163693,0.08838463066235813
"Random Forest (100 estimators, 5 depth)",156,39,7.227340629779492,2.6883713712542567,0.5303570785958239,25.811663707013956,5.080518054983562,0.19835952753770936,5.487179487179487,,0.14274179718447433,0.13703440168738582,0.37615402213701477,0.04069344924464642,0.21117369312487302,0.013559562200616927,0.07864307442098876
Ridge (lambda=2.0),156,39,12.504236318312241,3.5361329610624432,0.18745685650082178,27.701650815909836,5.263235774303659,0.13966163901256057,5.487179487179487,4.165515793790923,1.5399723600185404,1.5399723600185424,-0.0908638008522038,-0.43002342125011483,3.519036954968389,0.8267706715774807,-3.5870816150456153
