model_type,n_train,n_test,mse_train,rmse_train,r2_train,mse_test,rmse_test,r2_test,y_test_mean,bias,Game of season_weight,Game for player_weight,Age (days)_weight,Home?_weight,Game Started?_weight,Year_weight,Month of Season_weight
Linreg,156,39,12.182049399834982,3.490279272470182,0.2083930228423389,27.772269745185323,5.2699402031887725,0.1374684060434746,5.487179487179487,4.697700794833967,2.957078506898249,2.9570785068982435,-4.55787739482861,-0.4715108877457501,3.2397239044438204,6.730011563798879,-8.171456576408051
Lasso (lambda=0.05),156,39,12.817884314540308,3.580207300498158,0.1670755615284814,28.32748924541408,5.322357489441505,0.1202247898420627,5.487179487179487,4.118197620368669,1.4754191541063515,0.0,0.0,-0.2290424595213028,3.7394767416603623,0.0,-1.8271609872893213
"Random Forest (500 estimators, 5 depth)",156,39,7.237645078783337,2.690287174036136,0.5296874807753358,25.786554569042,5.078046333880974,0.1991393494606754,5.487179487179487,,0.1411957511034686,0.1406433431462737,0.3671081004645916,0.0442227747187599,0.2076171177813844,0.0108282821231636,0.0883846306623581
"Random Forest (100 estimators, 5 depth)",156,39,7.227340629779492,2.6883713712542567,0.5303570785958239,25.81166370701396,5.080518054983562,0.1983595275377093,5.487179487179487,,0.1427417971844743,0.1370344016873858,0.3761540221370147,0.0406934492446464,0.211173693124873,0.0135595622006169,0.0786430744209887
Ridge (lambda=2.0),156,39,12.50423631831224,3.5361329610624432,0.1874568565008217,27.70165081590984,5.263235774303659,0.1396616390125605,5.487179487179487,4.165515793790923,1.5399723600185404,1.5399723600185424,-0.0908638008522038,-0.4300234212501148,3.519036954968389,0.8267706715774807,-3.5870816150456157
SVM (linear kernel),156,39,12.647800195532888,3.556374585941825,0.17812787061793667,29.025866511022876,5.3875659170930685,0.09853508058835725,5.487179487179487,,,,,,,,
"Feedforward NN (3 layers, [[16, 4, 1]] activations)",156,39,14.832520164177426,3.8513011001708795,0.03616164526852128,29.776274320077217,5.4567640887321875,0.07522944336101922,5.487179487179487,,,,,,,,
