model_type,n_train,n_test,mse_train,rmse_train,r2_train,mse_test,rmse_test,r2_test,y_test_mean,bias,Game of season_weight,Game for player_weight,Age (days)_weight,Home?_weight,Game Started?_weight,Year_weight,Month of Season_weight
Linreg,201,51,11.212086062641697,3.3484453202406783,0.23331151808351824,14.408489357921766,3.7958515985114283,0.14965327600393652,4.607843137254902,2.6822839967198484,5.844078111107271,2.2835313365761047,-1.8293487698608581,1.0203668558312147,4.370268331465233,1.1361645249037744,-6.301729786495926
Lasso (lambda=0.05),201,51,11.56657037389412,3.400966094199429,0.20907169001415593,14.085902839175839,3.7531190814009405,0.1686913848997924,4.607843137254902,2.820692287519364,0.0,2.745459955585039,-0.7918384119934008,0.8140591198518691,3.9531299841362846,-0.0,-0.0
"Random Forest (500 estimators, 5 depth)",201,51,6.053545891741637,2.4603954746628918,0.5860552724960413,15.475426942959253,3.9338819177701883,0.08668575334368744,4.607843137254902,,0.1728371774174192,0.31663180360543114,0.2978714126369568,0.031258172768642734,0.1431729013102156,0.02081188063443475,0.017416651626899673
"Random Forest (100 estimators, 5 depth)",201,51,6.111605755795769,2.4721662071543187,0.5820851077306942,15.744187592288904,3.9678946044834538,0.07082428917354722,4.607843137254902,,0.14465868491895034,0.29938513820636614,0.3287762683531141,0.02738762322773201,0.1629626818965116,0.015411842623139198,0.02141776077418657
Ridge (lambda=2.0),201,51,11.378939079564264,3.373268308267853,0.2219020189472437,14.531316616912862,3.8119964083027233,0.14240437192343558,4.607843137254902,2.8071128688523594,1.99445529099761,2.4486980445355715,-0.8625347146897161,1.0099725073256498,3.9091227227154777,-0.4668924809932324,-1.6240031482494697
