model_type,n_train,n_test,mse_train,rmse_train,r2_train,mse_test,rmse_test,r2_test,y_test_mean,bias,Game of season_weight,Game for player_weight,Age (days)_weight,Home?_weight,Game Started?_weight,Year_weight,Month of Season_weight
Linreg,286,72,14.481113486801787,3.805405824192971,0.11971060833646896,13.888919559185206,3.726784077349425,-0.00112847779885894,3.7083333333333335,5.717182589303107,0.03743075763585798,5.928480386052596,-5.158065161272695,0.4899615468490719,0.9216303013939322,0.7754313203190624,-2.966996349734834
Lasso (lambda=0.05),286,72,14.78798338942352,3.845514710597727,0.10105635773999821,13.523021467827185,3.6773661046769854,0.025245855904334813,3.7083333333333335,3.973485651344129,-0.0,2.716543567916095,-0.0,0.3140793490461149,1.1133017876450892,-2.1506841654390536,-0.0
"Random Forest (500 estimators, 5 depth)",286,72,9.052357783660115,3.008713642681888,0.4497181080887508,17.311531353858364,4.160712842033004,-0.2478340708074609,3.7083333333333335,,0.15506925474099872,0.2084757448087875,0.5231135019003826,0.02976573395080161,0.02451311193035396,0.017863402021605638,0.04119925064706983
"Random Forest (100 estimators, 5 depth)",286,72,8.977814680063457,2.9963001652143357,0.45424949328765984,17.707733570702946,4.208055794628078,-0.27639275894442483,3.7083333333333335,,0.16322900430134554,0.21234990921860503,0.5196188536555213,0.023173107378214517,0.02430836852913603,0.01581181869661418,0.041508938220563486
Ridge (lambda=2.0),286,72,14.55863214692471,3.815577564003215,0.11499834265162545,13.722012657062727,3.7043235086939594,0.010902353839552958,3.7083333333333335,4.841651033883394,0.15777787493682655,4.087957980176695,-1.7522132912002124,0.4871157322257798,1.1015901183900945,-1.739283017535792,-1.350412340126982
