model_type,n_train,n_test,mse_train,rmse_train,r2_train,mse_test,rmse_test,r2_test,y_test_mean,bias,Game of season_weight,Game for player_weight,Age (days)_weight,Home?_weight,Game Started?_weight,Year_weight,Month of Season_weight
Linreg,411,103,27.266099841912997,5.221695111926106,0.2766184144849517,24.4446202881488,4.944150107768655,0.2442576813726632,7.456310679611651,7.239094105015625,-12.47592219400143,6.900606341314198,5.556777773628864,-0.5550219804780194,7.072379523300665,-7.240010886447223,6.5371855211874745
Lasso (lambda=0.05),411,103,28.331242448455438,5.322710066165114,0.2483597140478656,23.35414983491055,4.832613147657336,0.2779712207531225,7.456310679611651,7.068809141999926,-0.4529509981095962,0.0,-0.0,-0.2968799150975639,6.829557991809717,-0.4511684228618202,0.0
"Random Forest (500 estimators, 5 depth)",411,103,14.728299640090134,3.83774668784824,0.6092517519057974,25.149419466475724,5.014919686941728,0.2224677513628414,7.456310679611651,,0.0859151231403769,0.1028889068562825,0.359845834156609,0.0127590541564509,0.3842649178425867,0.0290439025325843,0.0252822613151095
"Random Forest (100 estimators, 5 depth)",411,103,14.700098767744796,3.8340707828292366,0.609999933415744,25.60723476747972,5.060359154000802,0.2083137005735325,7.456310679611651,,0.0806237163495384,0.102973087070104,0.3618768790043794,0.014108460886279,0.3808322023481756,0.0371065277765461,0.0224791265649773
Ridge (lambda=2.0),411,103,27.60536310168326,5.254080614311438,0.2676176114297832,23.6697226788072,4.8651539213890445,0.268214810142895,7.456310679611651,7.340827273494833,-5.879552021133516,3.219922206773844,0.1203120386962167,-0.5115293792139021,6.954479065417305,-1.2218497962028354,2.5978751585030544
SVM (linear kernel),411,103,27.827107721559077,5.275140540455683,0.261734629425198,23.601794736108154,4.858167837375336,0.27031490498216115,7.456310679611651,,,,,,,,
"Feedforward NN (3 layers, [[16, 4, 1]] activations)",411,103,26.72064440509642,5.169201524906571,0.2910895864163934,24.029953842019733,4.902035683470667,0.25707772020985775,7.456310679611651,,,,,,,,
