model_type,n_train,n_test,mse_train,rmse_train,r2_train,mse_test,rmse_test,r2_test,y_test_mean,bias,Game of season_weight,Game for player_weight,Age (days)_weight,Home?_weight,Game Started?_weight,Year_weight,Month of Season_weight
Linreg,231,58,28.83793372479588,5.3700962491184345,0.1550232373739345,51.58816321741715,7.182490042973756,0.0526117422022531,10.172413793103448,7.59452967055926,-2.86242524482267,7.504971818111601,-1.736528468393328,1.1332076490225365,3.0785244871582784,-1.024411510437265,0.3336176214246817
Lasso (lambda=0.05),231,58,28.924368138313305,5.37813798059452,0.1524906332140657,51.68959714991729,7.189547770890551,0.0507489637934176,10.172413793103448,7.948293151431777,0.0,4.094155417175841,-2.756915873793892,0.9501151032614488,2.89250512223082,-0.0,0.0
"Random Forest (500 estimators, 5 depth)",231,58,15.51239417342799,3.938577684066672,0.5454732390215519,41.2160659790228,6.419973985852497,0.2430896061063834,10.172413793103448,,0.1294809421135978,0.2199694142871606,0.4897048084940787,0.0208113686532048,0.0994403764567129,0.0184083240385658,0.022184765956679
"Random Forest (100 estimators, 5 depth)",231,58,15.801459601196374,3.975104979896301,0.5370033683410174,41.44441538803545,6.437733715216517,0.2388960947409583,10.172413793103448,,0.1390468536181528,0.2120065276464733,0.4909769845403994,0.0206152329650614,0.1005878604033031,0.015808915963357,0.0209576248632527
Ridge (lambda=2.0),231,58,28.88904897327169,5.374853390863019,0.1535255157413758,51.84664914902467,7.2004617316547606,0.0478647901663992,10.172413793103448,7.892740809374663,1.3818959851577597,2.692145888536076,-2.0443469722867547,1.105061370287096,2.968193874120005,-1.5592829937941537,0.4998481961830954
SVM (linear kernel),231,58,29.389296133950776,5.4211895497160745,0.13886783498042587,52.4547200647051,7.242563086691416,0.03669790207627499,10.172413793103448,,,,,,,,
"Feedforward NN (3 layers, [[16, 4, 1]] activations)",231,58,29.699203557598892,5.449697565700219,0.12978727553233993,57.60798349551295,7.5899923251287245,-0.05793894791410392,10.172413793103448,,,,,,,,
