model_type,n_train,n_test,mse_train,rmse_train,r2_train,mse_test,rmse_test,r2_test,y_test_mean,bias,Game of season_weight,Game for player_weight,Age (days)_weight,Home?_weight,Game Started?_weight,Year_weight,Month of Season_weight
Linreg,231,58,28.83793372479588,5.3700962491184345,0.15502323737393453,51.58816321741715,7.182490042973756,0.052611742202253176,10.172413793103448,7.59452967055926,-2.86242524482267,7.504971818111601,-1.736528468393328,1.1332076490225365,3.0785244871582784,-1.024411510437265,0.33361762142468177
Lasso (lambda=0.05),231,58,28.924368138313305,5.37813798059452,0.15249063321406575,51.68959714991729,7.189547770890551,0.050748963793417645,10.172413793103448,7.948293151431777,0.0,4.094155417175841,-2.756915873793892,0.9501151032614487,2.89250512223082,-0.0,0.0
"Random Forest (500 estimators, 5 depth)",231,58,15.51239417342799,3.938577684066672,0.5454732390215519,41.216065979022794,6.419973985852497,0.24308960610638342,10.172413793103448,,0.12948094211359784,0.21996941428716069,0.48970480849407877,0.020811368653204865,0.0994403764567129,0.01840832403856584,0.022184765956679082
"Random Forest (100 estimators, 5 depth)",231,58,15.801459601196374,3.9751049798963014,0.5370033683410174,41.44441538803545,6.437733715216517,0.2388960947409583,10.172413793103448,,0.1390468536181528,0.2120065276464733,0.49097698454039945,0.020615232965061486,0.10058786040330311,0.015808915963357047,0.020957624863252713
Ridge (lambda=2.0),231,58,28.889048973271695,5.374853390863019,0.15352551574137585,51.84664914902467,7.2004617316547606,0.04786479016639922,10.172413793103448,7.892740809374663,1.3818959851577595,2.692145888536076,-2.0443469722867547,1.105061370287096,2.968193874120005,-1.5592829937941535,0.4998481961830954
