model_type,n_train,n_test,mse_train,rmse_train,r2_train,mse_test,rmse_test,r2_test,y_test_mean,bias,Game of season_weight,Game for player_weight,Age (days)_weight,Home?_weight,Game Started?_weight,Year_weight,Month of Season_weight
Linreg,128,33,9.161926047304153,3.026867365330723,0.2264296981709006,17.587259201433827,4.1937166334212215,-0.1652789772670624,4.424242424242424,2.493134625802804,0.022081591652651,2.342543462796752,3.899473160983399,0.2111851739186809,4.879721314118664,-4.891055094612641,-0.5782838274879054
Lasso (lambda=0.05),128,33,9.333675986779228,3.055106542623224,0.2119283092890338,17.477508427623075,4.180611011278504,-0.1580072205939116,4.424242424242424,2.8225294549407365,0.0,0.7093410788402018,-0.0,0.1022618659387216,4.448930668458785,-0.3982213283214662,-0.0
"Random Forest (500 estimators, 5 depth)",128,33,4.700708589211102,2.168111756623976,0.6031043534523353,21.861233497117396,4.675599800786782,-0.448459678654225,4.424242424242424,,0.1853576163945982,0.2083142154330012,0.2528779190433857,0.0379469127343236,0.2680351664755839,0.0182003114545603,0.0292678584645469
"Random Forest (100 estimators, 5 depth)",128,33,4.673263015378842,2.1617731183865807,0.6054216697812027,22.23614333921232,4.715521534169081,-0.4733000788757737,4.424242424242424,,0.1704777836616123,0.2338474920642407,0.2321058424705634,0.0358288308410294,0.279133083332593,0.0166885626168297,0.0319184050131313
Ridge (lambda=2.0),128,33,9.275682582558009,3.0456005290513737,0.2168248752486233,16.967710966308555,4.11918814407749,-0.1242295718124857,4.424242424242424,2.8460848721806897,0.4193834977282029,0.9658942422528698,-0.1824804245932242,0.2729328861048564,4.139457533359683,-0.9486641008082008,-0.3830896070782124
SVM (linear kernel),128,33,9.388685394059614,3.0640961789832275,0.2072836915990831,17.537375185372426,4.187764939125932,-0.16197381217270457,4.424242424242424,,,,,,,,
"Feedforward NN (3 layers, [[16, 4, 1]] activations)",128,33,9.19424359356585,3.0322011136410216,0.2237010258494957,17.416469800659176,4.173304422236554,-0.15396298448027768,4.424242424242424,,,,,,,,
