model_type,n_train,n_test,mse_train,rmse_train,r2_train,mse_test,rmse_test,r2_test,y_test_mean,bias,Game of season_weight,Game for player_weight,Age (days)_weight,Home?_weight,Game Started?_weight,Year_weight,Month of Season_weight
Linreg,234,59,21.418692960489064,4.628033379362023,0.1419786316275316,19.94617227469501,4.466113777625353,0.2537015167439129,4.677966101694915,4.69209196047176,0.9956370374214402,1.8356188445367267,-18.90400871987424,0.4584289182731922,4.709419679428042,19.19704373397286,-3.52240062234324
Lasso (lambda=0.05),234,59,22.227248187075965,4.714578261846542,0.109588342304062,20.248920061796195,4.499880005266384,0.2423740193568881,4.677966101694915,4.696092533696183,0.0,1.3935520812452924,-1.3366526593531898,0.4439380308393754,4.178943974343453,-0.0,0.0
"Random Forest (500 estimators, 5 depth)",234,59,12.152648587376,3.4860649143950257,0.5131714064193762,21.876182244233025,4.677198118984594,0.181488989292584,4.677966101694915,,0.1781209072932603,0.2466510953125974,0.3137098566212831,0.0191788921243987,0.1621870871685064,0.0254204953293834,0.0547316661505705
"Random Forest (100 estimators, 5 depth)",234,59,12.186757065981991,3.49095360410046,0.5118050390345593,22.077697062474588,4.698690994572274,0.1739491866108383,4.677966101694915,,0.177080657118515,0.2219896828027041,0.3435747795559452,0.0138082356228237,0.1615449786864461,0.0234883858443183,0.0585132803692473
Ridge (lambda=2.0),234,59,22.05655212112811,4.696440367036305,0.1164263352829311,19.838764598636825,4.454072810208296,0.2577202419724108,4.677966101694915,4.470321156501045,0.1694809521207746,1.5884348192975606,-2.885263684374792,0.6029553096715777,4.355702192624272,1.4740131966859755,-0.087644973311817
SVM (linear kernel),234,59,22.25241849226211,4.717246918729409,0.10858003335925348,19.684120634355445,4.436679009614674,0.2635063424030343,4.677966101694915,,,,,,,,
"Feedforward NN (3 layers, [[16, 4, 1]] activations)",234,59,23.18888602127898,4.815483986192767,0.0710656457089115,23.1842646231965,4.815004114556549,0.1325462707624251,4.677966101694915,,,,,,,,
