model_type,n_train,n_test,mse_train,rmse_train,r2_train,mse_test,rmse_test,r2_test,y_test_mean,bias,Game of season_weight,Game for player_weight,Age (days)_weight,Home?_weight,Game Started?_weight,Year_weight,Month of Season_weight
Linreg,234,59,21.418692960489064,4.628033379362023,0.14197863162753166,19.94617227469501,4.466113777625353,0.25370151674391295,4.677966101694915,4.6920919604717595,0.9956370374214402,1.8356188445367267,-18.904008719874238,0.4584289182731922,4.709419679428042,19.19704373397286,-3.5224006223432394
Lasso (lambda=0.05),234,59,22.227248187075965,4.714578261846542,0.109588342304062,20.248920061796195,4.499880005266384,0.24237401935688818,4.677966101694915,4.6960925336961825,0.0,1.3935520812452924,-1.3366526593531898,0.44393803083937544,4.178943974343453,-0.0,0.0
"Random Forest (500 estimators, 5 depth)",234,59,12.152648587376,3.4860649143950257,0.5131714064193762,21.876182244233025,4.677198118984594,0.18148898929258406,4.677966101694915,,0.17812090729326038,0.24665109531259743,0.3137098566212831,0.019178892124398765,0.16218708716850647,0.025420495329383463,0.05473166615057058
"Random Forest (100 estimators, 5 depth)",234,59,12.186757065981993,3.49095360410046,0.5118050390345593,22.077697062474588,4.698690994572274,0.17394918661083836,4.677966101694915,,0.17708065711851506,0.22198968280270415,0.34357477955594523,0.013808235622823793,0.16154497868644616,0.023488385844318324,0.05851328036924731
Ridge (lambda=2.0),234,59,22.05655212112811,4.696440367036305,0.11642633528293111,19.838764598636825,4.454072810208296,0.25772024197241084,4.677966101694915,4.470321156501045,0.16948095212077463,1.5884348192975606,-2.8852636843747916,0.6029553096715777,4.355702192624272,1.4740131966859757,-0.08764497331181703
