model_type,n_train,n_test,mse_train,rmse_train,r2_train,mse_test,rmse_test,r2_test,y_test_mean,bias,Game of season_weight,Game for player_weight,Age (days)_weight,Home?_weight,Game Started?_weight,Year_weight,Month of Season_weight
Linreg,212,53,46.26554648354642,6.801878158534334,0.2264796943516681,47.020581015840186,6.857155460964859,0.0471047393875259,11.773584905660377,8.023722017362825,-53.79071980963035,55.73513657157765,7.363888734522433,-0.307696636963735,5.529676785879714,-4.167694561043979,7.5878153447053585
Lasso (lambda=0.05),212,53,47.04082795582566,6.858631638732733,0.2135176522494701,47.56964335400213,6.897074985383451,0.0359777203564538,11.773584905660377,8.22188819285763,0.0,5.118205399026629,4.38651085135708,-0.1131572614608518,5.686728426722784,0.0,0.0
"Random Forest (500 estimators, 5 depth)",212,53,27.571816047279988,5.250887167639387,0.5390228539987889,43.103966148170194,6.565361082847629,0.1264768710034627,11.773584905660377,,0.1726746004831982,0.311972422546118,0.3345307956516323,0.0322509725762978,0.1090180062735376,0.0120094231370605,0.0275437793321552
"Random Forest (100 estimators, 5 depth)",212,53,27.80065360572452,5.272632511917033,0.5351968860462699,44.541432033577486,6.6739367717695295,0.0973459160066437,11.773584905660377,,0.1638019061439397,0.3283894118018979,0.3474780915954349,0.0278397376867918,0.0874244478393299,0.0153052388884497,0.029761166044156
Ridge (lambda=2.0),212,53,47.02823353353672,6.857713433319937,0.2137282202016258,48.08938885454928,6.934651314561481,0.0254448214960761,11.773584905660377,7.689031404704292,1.5914865830834732,2.8413061721335118,4.72504510823879,-0.3493469851737056,5.482736263713512,0.4213174736587043,1.249409139479659
SVM (linear kernel),212,53,47.833595558213425,6.916183597780891,0.20026325703066183,49.90751062519269,7.064524798257325,-0.011400312720339256,11.773584905660377,,,,,,,,
"Feedforward NN (3 layers, [[16, 4, 1]] activations)",212,53,139.46073954110193,11.80934966630686,-1.3316641015823678,102.10152168433657,10.104529760673506,-1.0691376842313063,11.773584905660377,,,,,,,,
