model_type,n_train,n_test,mse_train,rmse_train,r2_train,mse_test,rmse_test,r2_test,y_test_mean,bias,Game of season_weight,Game for player_weight,Age (days)_weight,Home?_weight,Game Started?_weight,Year_weight,Month of Season_weight
Linreg,212,53,46.26554648354642,6.801878158534334,0.22647969435166815,47.020581015840186,6.857155460964859,0.04710473938752591,11.773584905660377,8.023722017362825,-53.79071980963035,55.73513657157765,7.363888734522433,-0.30769663696373506,5.529676785879714,-4.167694561043979,7.5878153447053585
Lasso (lambda=0.05),212,53,47.04082795582566,6.858631638732733,0.21351765224947017,47.56964335400213,6.897074985383451,0.03597772035645386,11.773584905660377,8.22188819285763,0.0,5.118205399026629,4.38651085135708,-0.11315726146085181,5.686728426722784,0.0,0.0
"Random Forest (500 estimators, 5 depth)",212,53,27.571816047279988,5.250887167639387,0.5390228539987889,43.103966148170194,6.565361082847629,0.12647687100346272,11.773584905660377,,0.17267460048319824,0.311972422546118,0.33453079565163235,0.03225097257629788,0.10901800627353764,0.01200942313706053,0.027543779332155276
"Random Forest (100 estimators, 5 depth)",212,53,27.800653605724516,5.272632511917033,0.5351968860462699,44.541432033577486,6.6739367717695295,0.09734591600664377,11.773584905660377,,0.1638019061439397,0.32838941180189796,0.34747809159543497,0.027839737686791873,0.08742444783932994,0.015305238888449736,0.029761166044156
Ridge (lambda=2.0),212,53,47.02823353353672,6.857713433319937,0.21372822020162585,48.08938885454928,6.934651314561481,0.025444821496076186,11.773584905660377,7.689031404704292,1.5914865830834732,2.8413061721335113,4.72504510823879,-0.3493469851737056,5.4827362637135115,0.42131747365870437,1.249409139479659
