model_type,n_train,n_test,mse_train,rmse_train,r2_train,mse_test,rmse_test,r2_test,y_test_mean,bias,Game of season_weight,Game for player_weight,Age (days)_weight,Home?_weight,Game Started?_weight,Year_weight,Month of Season_weight
Linreg,505,127,32.9568053407227,5.740801802947277,0.22696512756258758,36.27203857903448,6.022627215678759,0.18341841572044115,9.21259842519685,7.14628507339336,2.9311253852065207,1.4308193336880182,-14.496273146401323,0.6886433905960715,5.010165584031147,9.747530439278517,-2.7389932056862216
Lasso (lambda=0.05),505,127,33.09705942145723,5.753004382186514,0.22367532764756148,36.432941296574135,6.0359706176036125,0.1797960608390874,9.21259842519685,6.9518807423705935,2.017291755148005,0.0,-4.822544432192556,0.4743817983130848,4.928504231348765,-0.0,0.0
"Random Forest (500 estimators, 5 depth)",505,127,21.295246281558857,4.614677267324212,0.5004986732604484,30.253851377516483,5.500350114085147,0.3189040689130097,9.21259842519685,,0.08955185467156788,0.07773268393017418,0.5903474607672946,0.013338611488869802,0.2147289376939219,0.008005643809284074,0.006294807638887602
"Random Forest (100 estimators, 5 depth)",505,127,21.161065488950893,4.600115812558515,0.5036460181206335,29.828350104824302,5.461533676983445,0.32848325213456653,9.21259842519685,,0.09538084847122894,0.07871902437007514,0.6039355461862234,0.011809045562166566,0.19785807305549388,0.006060464500812999,0.006236997853999141
Ridge (lambda=2.0),505,127,33.045220881805314,5.748497271618498,0.22489125250656616,36.16301868004851,6.013569545623341,0.18587274818477129,9.21259842519685,6.796874439753363,1.395556259423796,1.2500130233284004,-3.6854213272111638,0.6660809307892954,4.973200832660331,-1.7233048541458598,0.11146235802583632
