model_type,n_train,n_test,mse_train,rmse_train,r2_train,mse_test,rmse_test,r2_test,y_test_mean,bias,Game of season_weight,Game for player_weight,Age (days)_weight,Home?_weight,Game Started?_weight,Year_weight,Month of Season_weight
Linreg,444,111,58.5608283197003,7.652504708897624,0.2616932756555199,63.0534591075506,7.940620826330306,0.23680396169475904,14.603603603603604,9.599640711825586,-4.458085977173973,-0.5449637452046683,-12.1471719401975,-0.17105058100916345,9.161471038823603,10.124691538275014,0.7584258225205129
Lasso (lambda=0.05),444,111,58.784482143099595,7.667103895415765,0.25887355594732886,63.513272489886575,7.969521471825431,0.23123840261639073,14.603603603603604,9.230496111045557,-2.7727677956056933,-0.0,-2.066961615180282,-0.0,9.050382163554115,-0.0,-0.0
"Random Forest (500 estimators, 5 depth)",444,111,42.01824977201443,6.482148545969494,0.4702541401480139,61.23278387418375,7.825137946016271,0.2588413272067116,14.603603603603604,,0.11144165788578697,0.09365343017309932,0.39825325087488744,0.021834871263126478,0.3363204520978837,0.011885520813704512,0.026610816891511513
"Random Forest (100 estimators, 5 depth)",444,111,42.01368066946839,6.481796099035235,0.4703117451927299,60.81907543206514,7.7986585661936205,0.2638488343047727,14.603603603603604,,0.11022053613612304,0.10586444305014583,0.41073886769025936,0.019357989092940644,0.3127462138069156,0.014688628469114302,0.026383321754501213
Ridge (lambda=2.0),444,111,58.68079634646704,7.660339179596883,0.2601807765428934,63.3161495377959,7.957144559312461,0.2336243693535689,14.603603603603604,9.986136702047087,-3.2284234170700903,-0.9300705980934526,-2.5346426255989964,-0.21334166348181172,8.789017937222047,-0.4149159168887068,0.9943108900812319
