model_type,n_train,n_test,mse_train,rmse_train,r2_train,mse_test,rmse_test,r2_test,y_test_mean,bias,Game of season_weight,Game for player_weight,Age (days)_weight,Home?_weight,Game Started?_weight,Year_weight,Month of Season_weight
Linreg,516,130,54.17251848259956,7.360198263810531,0.1786791179704524,56.3545376497252,7.506965941692103,0.1147862964670556,13.315384615384616,9.934485375336497,8.55358905123813,1.970895683230239,6.732350001918423,0.4678296925437316,6.203453265001277,-11.653581202362751,-6.645781452954342
Lasso (lambda=0.05),516,130,54.75810974306542,7.399872278834644,0.1698008464034935,56.03730355278435,7.485806807070588,0.1197693906694318,13.315384615384616,9.856374481694305,0.0,1.18160935563797,-0.0,0.370962009585245,6.377789765860335,-2.873728318647071,-0.0
"Random Forest (500 estimators, 5 depth)",516,130,37.79498895001426,6.147762922398217,0.4269822683120505,50.385087864966295,7.098245407490945,0.2085540563032706,13.315384615384616,,0.0779085582755816,0.0776722599483536,0.4574053418694162,0.0171174510802922,0.3401618796565679,0.0194268851983247,0.0103076239714636
"Random Forest (100 estimators, 5 depth)",516,130,37.709159294779376,6.140778394860002,0.4282835496649647,49.645802142564136,7.045977727935573,0.2201667121707406,13.315384615384616,,0.0898949503199625,0.0770483644085416,0.4429561844771949,0.0146456693191685,0.3473946475156495,0.0177667801013223,0.0102934038581603
Ridge (lambda=2.0),516,130,54.327111513860864,7.370692743145712,0.1763353006928425,55.965988424119566,7.481041934391196,0.1208896044409593,13.315384615384616,9.867158851973784,3.052252349020502,3.228449060373799,-1.0109260530412072,0.5315048674879682,6.265783091587497,-2.7874360749419838,-3.914216358447115
SVM (linear kernel),516,130,54.35667830113139,7.3726981696751555,0.17588703244761394,56.28711781832674,7.502474113139394,0.11584532314232965,13.315384615384616,,,,,,,,
"Feedforward NN (3 layers, [[16, 4, 1]] activations)",516,130,52.18284044633188,7.223769130193176,0.20884504278761007,53.81622213866681,7.335954071466561,0.15465800454928968,13.315384615384616,,,,,,,,
