model_type,n_train,n_test,mse_train,rmse_train,r2_train,mse_test,rmse_test,r2_test,y_test_mean,bias,Game of season_weight,Game for player_weight,Age (days)_weight,Home?_weight,Game Started?_weight,Year_weight,Month of Season_weight
Linreg,577,145,37.16067723484389,6.0959558097843765,0.06368046919411019,40.0376935507542,6.327534555476896,0.10953088964705959,10.944827586206896,7.907161329037163,-5.665925075804456,7.454926430735583,18.60108077010929,0.15499176208918697,2.003419287776413,-20.011258551077788,4.8462135122818015
Lasso (lambda=0.05),577,145,37.809222383964034,6.148920424266689,0.047339392149335024,40.76285835362724,6.38457973195004,0.0934026664751868,10.944827586206896,8.307649177477064,0.0,2.2691729726816257,-0.0,0.0,2.134024228574081,-0.0,0.0
"Random Forest (500 estimators, 5 depth)",577,145,27.82308950269531,5.274759663026868,0.29895513087401915,43.12653773588577,6.56707984844754,0.040832618352629524,10.944827586206896,,0.13389268441543795,0.18361884250371324,0.38850252457879647,0.017537104861640316,0.06865597620788211,0.03811424412221165,0.1696786233103183
"Random Forest (100 estimators, 5 depth)",577,145,27.967725613434162,5.288452099947031,0.2953108050591601,43.062156368991545,6.562176191553496,0.04226450948863947,10.944827586206896,,0.13398731532776453,0.17806020559278457,0.4014053868128666,0.01809799593337147,0.06234857744095889,0.038426976172812745,0.16767354271944107
Ridge (lambda=2.0),577,145,37.481140781452964,6.122184314560691,0.0556059048984936,40.330533788778006,6.350632550288043,0.10301789743640588,10.944827586206896,8.078649876293259,-2.942205382750879,4.498633977656241,1.7001304338994823,0.16475917182010363,2.1917666412188197,-2.0583580199936,2.362876561063417
