model_type,n_train,n_test,mse_train,rmse_train,r2_train,mse_test,rmse_test,r2_test,y_test_mean,bias,Game of season_weight,Game for player_weight,Age (days)_weight,Home?_weight,Game Started?_weight,Year_weight,Month of Season_weight
Linreg,497,125,37.984951432521655,6.163193282099925,0.1271286689277068,24.95722675126253,4.995720844008654,0.2591811560556757,8.464,8.05482232936664,5.149318851458982,10.848321666014131,17.344771097810828,1.015661361884168,1.6779870796632572,-19.82162801044945,-10.061131739810524
Lasso (lambda=0.05),497,125,38.71999851690567,6.222539555270474,0.1102377291541794,25.46677961944596,5.046462089369736,0.2440558230009097,8.464,7.365224152516726,0.0,9.13002521928911,-0.0,0.8322399180558979,1.433335789050636,-1.0604191032575936,-4.563816006977961
"Random Forest (500 estimators, 5 depth)",497,125,21.87601063416801,4.677179773556712,0.4973024368684774,21.57306825228772,4.644681717005776,0.3596349609564168,8.464,,0.1660639312746652,0.1071204732126246,0.6583176743845058,0.0172025853796498,0.0120666480101749,0.0151118764426129,0.0241168112957665
"Random Forest (100 estimators, 5 depth)",497,125,21.92210648050865,4.682104919852677,0.4962431820521659,21.23013046092687,4.607616570519608,0.3698145686777718,8.464,,0.1671527566902046,0.108693948806388,0.6467374674422232,0.017743333893047,0.0122490700408093,0.0241378877461081,0.0232855353812197
Ridge (lambda=2.0),497,125,38.36305267362276,6.193791461909479,0.1184401298838621,25.11285655507782,5.011272947573083,0.2545615125153576,8.464,7.795008923433275,2.3205903651939512,9.337421820680222,0.6736883759880254,1.0240809881546884,1.7644343624287702,-2.3775798475966536,-7.1672087730086655
SVM (linear kernel),497,125,38.64517758543427,6.216524558419621,0.11195706914495251,24.56180267165827,4.955986548776971,0.2709187426248788,8.464,,,,,,,,
"Feedforward NN (3 layers, [[16, 4, 1]] activations)",497,125,37.97284157625723,6.162210770190941,0.12740694613902281,29.82442827200945,5.4611746238340935,0.11470538397649699,8.464,,,,,,,,
