model_type,n_train,n_test,mse_train,rmse_train,r2_train,mse_test,rmse_test,r2_test,y_test_mean,bias,Game of season_weight,Game for player_weight,Age (days)_weight,Home?_weight,Game Started?_weight,Year_weight,Month of Season_weight
Linreg,275,69,26.237822525123875,5.122286845260023,0.17020445156664177,24.638193992726595,4.963687539796053,0.09056594926989903,8.333333333333334,5.961933995376901,6.318089360385863,-2.8192557803242964,-3.2557576382076605,0.2619888478954877,4.4468198218894015,2.202349029997771,-2.124033508848285
Lasso (lambda=0.05),275,69,26.360758252522302,5.134272903977963,0.16631649481104782,24.703391499399668,4.970250647542804,0.08815940792158838,8.333333333333334,5.987330389822451,1.8196812597806211,0.0,-0.23338102919728984,0.0026349635129112605,4.257296875481609,-0.0,0.0
"Random Forest (500 estimators, 5 depth)",275,69,12.48323314160257,3.5331619183958396,0.6052061377791993,23.665405047104713,4.864710170925367,0.12647310186328886,8.333333333333334,,0.11516904730064809,0.15090948515844074,0.43737946747200523,0.03028614930114326,0.22398467951581724,0.011581296361217505,0.030689874890727827
"Random Forest (100 estimators, 5 depth)",275,69,12.530021175747537,3.539776995200056,0.6037264226688366,23.77061939964963,4.87551221920832,0.12258947651079277,8.333333333333334,,0.12429629339858686,0.15738600250804619,0.41653550165249853,0.03505370598160971,0.21892504441820282,0.015079651152780768,0.03272380088827508
Ridge (lambda=2.0),275,69,26.297598441530408,5.1281184114185985,0.1683139825961253,24.536358458086895,4.953418865600495,0.09432485719971684,8.333333333333334,5.816669095965558,1.766625288310709,0.03965988322542211,-0.5847978925220827,0.2165961429527234,4.356604425198772,-0.06425082431696641,0.5674751143748076
