model_type,n_train,n_test,mse_train,rmse_train,r2_train,mse_test,rmse_test,r2_test,y_test_mean,bias,Game of season_weight,Game for player_weight,Age (days)_weight,Home?_weight,Game Started?_weight,Year_weight,Month of Season_weight
Linreg,81,21,17.056111333488133,4.129904518689038,0.07473585742975541,25.994507166283793,5.098480868482669,-0.0513185675285357,4.809523809523809,1.2961013970863022,-8.456483627296477,9.865142992330183,6.7898948770656276,-0.5215193806398893,1.1365511512002517,-6.773114695230406,2.3546955859787695
Lasso (lambda=0.05),81,21,17.783050828672657,4.216995474111,0.03530066405178167,25.31438766149112,5.0313405431844025,-0.023811900102493233,4.809523809523809,3.6144854765132512,0.0,1.7838463205033381,0.0,-0.4080877018962722,0.0,-0.3458004247446123,-0.9335309569110515
"Random Forest (500 estimators, 5 depth)",81,21,6.249778978116272,2.499955795232442,0.6609604455332976,18.663639900830695,4.320143504657072,0.24517010305701237,4.809523809523809,,0.2692407564386408,0.30479275243496173,0.30227174484054653,0.056879300659868876,0.0007762397149324207,0.01113786435580556,0.054901341555244156
"Random Forest (100 estimators, 5 depth)",81,21,6.539140372940416,2.557174294595583,0.6452630970791269,18.326693730692476,4.280968784129648,0.2587975114420962,4.809523809523809,,0.2917948779191551,0.3066063984805285,0.2695739425598972,0.05879889715186529,0.0014159905309800817,0.011898750574925936,0.05991114278264776
Ridge (lambda=2.0),81,21,17.548990971958922,4.189151581401528,0.04799800100027696,25.06474280482065,5.006470094270079,-0.013715295022552088,4.809523809523809,3.326289996019068,0.5408249997432538,1.6015814280274372,1.4686187793778962,-0.5422163131227071,0.17714817116431608,-1.399198494327276,-1.121816293280413
