model_type,n_train,n_test,mse_train,rmse_train,r2_train,mse_test,rmse_test,r2_test,y_test_mean,bias,Game of season_weight,Game for player_weight,Age (days)_weight,Home?_weight,Game Started?_weight,Year_weight,Month of Season_weight
Linreg,260,65,26.33461264160804,5.1317260879364985,0.1307091733661163,23.28193057320169,4.8251352906630185,-0.0009173823901782,4.430769230769231,4.85654580384946,1.9981901884917448,2.022897669544137,-0.6732777033560017,0.1535826119977923,6.047492290572198,-1.0827350782167815,-1.6275534385543111
Lasso (lambda=0.05),260,65,26.45526465635617,5.143468154500052,0.1267265178753067,23.052449835207664,4.801296682689757,0.0089482625081159,4.430769230769231,5.015672295502236,0.5879558560618887,1.7475557618105482,-1.2382898424325697,0.0,5.353073761287254,-0.0,0.0
"Random Forest (500 estimators, 5 depth)",260,65,16.130362716894695,4.016262281885322,0.4675457531538023,24.18840499240105,4.918170899064108,-0.0398877761904683,4.430769230769231,,0.2947623289632913,0.1442877323985876,0.2689906854757788,0.0312019387043796,0.1809840624271805,0.0300728419819684,0.0497004100488133
"Random Forest (100 estimators, 5 depth)",260,65,16.114983229515012,4.0143471735158895,0.4680534214259517,24.5239644297562,4.952167649601152,-0.0543138682457564,4.430769230769231,,0.2680671299228908,0.1774632173037777,0.2554885357491433,0.0301653383512366,0.1775852038088278,0.0288401247088813,0.0623904501552424
Ridge (lambda=2.0),260,65,26.373282768057837,5.135492456236094,0.1294326941315418,23.08114967035179,4.804284511803167,0.0077144230815627,4.430769230769231,4.936554769065007,1.2912039311568546,1.8018039904507892,-0.910834631040363,0.1450205138045131,5.446332513780517,-0.8825921044580515,-0.3871922981090018
SVM (linear kernel),260,65,26.729097105233727,5.170019062366572,0.1176874619725875,21.900432136936363,4.679789753497091,0.058474848604378016,4.430769230769231,,,,,,,,
"Feedforward NN (3 layers, [[16, 4, 1]] activations)",260,65,27.449603198024413,5.239236890809998,0.09390395903975235,25.15262645534293,5.015239421537413,-0.08134078283430224,4.430769230769231,,,,,,,,
