model_type,n_train,n_test,mse_train,rmse_train,r2_train,mse_test,rmse_test,r2_test,y_test_mean,bias,Game of season_weight,Game for player_weight,Age (days)_weight,Home?_weight,Game Started?_weight,Year_weight,Month of Season_weight
Linreg,144,36,19.020564344136595,4.361257197659477,0.2093067940081784,18.56210842983053,4.308376542252375,-0.2028246262530182,5.111111111111111,-0.9597150081250304,0.2461636863428895,3.554879986551083,41.602459701302365,-0.2020364157264007,2.919798149609684,-39.391477664823896,2.4872440559060163
Lasso (lambda=0.05),144,36,21.290058008624783,4.614115084024757,0.114962946523681,13.69233230802957,3.7003151633380593,0.1127368664396837,5.111111111111111,3.324373401565048,0.0,2.6080108093449264,2.5697244032102056,-0.2943049669733838,1.7314650793221693,-0.0,-1.3125145501204545
"Random Forest (500 estimators, 5 depth)",144,36,7.251324763818011,2.692828394795705,0.6985592476934777,12.54091854864424,3.5413159345989227,0.1873484780478531,5.111111111111111,,0.2560449721294395,0.2042129011334587,0.3334527770729477,0.0278743778922299,0.0621408562738764,0.0395146675162699,0.0767594479817777
"Random Forest (100 estimators, 5 depth)",144,36,7.347902709554745,2.710701516130971,0.6945444601108882,11.791323794312175,3.4338497046772702,0.235922218128571,5.111111111111111,,0.23197744985646,0.2152488890982239,0.3137388990577971,0.0276721912903775,0.0786647968021047,0.0464792747408416,0.0862184991541949
Ridge (lambda=2.0),144,36,21.142034337025752,4.598046795871673,0.1211163555047031,13.710726774226096,3.702799856085405,0.1115449050301489,5.111111111111111,3.509067026006261,0.4138142623599211,2.6674620256064365,3.231947872159183,-0.4750193212392415,1.865496484557752,-0.8311437683777995,-1.75576673517681
SVM (linear kernel),144,36,20.75644312714796,4.555923959763591,0.1371455512963896,15.238854944220371,3.9036975989720784,0.012522199614519836,5.111111111111111,,,,,,,,
"Feedforward NN (3 layers, [[16, 4, 1]] activations)",144,36,22.84601606966827,4.779750628397706,0.0502810871731435,16.376180580529567,4.046749384447914,-0.06117650161831589,5.111111111111111,,,,,,,,
