model_type,n_train,n_test,mse_train,rmse_train,r2_train,mse_test,rmse_test,r2_test,y_test_mean,bias,Game of season_weight,Game for player_weight,Age (days)_weight,Home?_weight,Game Started?_weight,Year_weight,Month of Season_weight
Linreg,650,163,74.0403824775873,8.604672130743117,0.1272014085287384,75.04108558690197,8.662625790538454,0.1966902491766931,25.52760736196319,21.10545646472828,31.006431290353294,-36.50236814240125,3.2743498219802287,-0.7022462755271114,3.552713678800501e-15,4.4364765976659095,7.886513415316923
Lasso (lambda=0.05),650,163,75.65415791315054,8.697939866034401,0.1081779934682222,79.69076230345755,8.92696825935085,0.146915774095843,25.52760736196319,20.30559983556948,0.0,-0.0,0.0,-0.4209669626597636,0.0,10.26567914297885,1.477735990856385
"Random Forest (500 estimators, 5 depth)",650,163,56.77622879248106,7.535000251657664,0.3307137151252822,75.44008184018759,8.685625011488096,0.1924190212446941,25.52760736196319,,0.1312416769016285,0.1268585991591009,0.6440733617516899,0.0243131018361505,0.0,0.0095062419004377,0.0640070184509921
"Random Forest (100 estimators, 5 depth)",650,163,57.23094898186615,7.565113943746396,0.3253534086610498,75.56380639529621,8.692744468537898,0.1910945582420908,25.52760736196319,,0.1367440520775709,0.1220331228397614,0.6285690620477415,0.0257395558965877,0.0,0.0152250247243067,0.0716891824140315
Ridge (lambda=2.0),650,163,75.03452841350988,8.662247307339468,0.1154822744082094,78.29708291007792,8.848563889698594,0.1618350178336864,25.52760736196319,20.193324112810224,4.673245799416522,-6.536652754421626,4.582693572925911,-0.622967255586087,0.0,5.252642815878271,5.018146892596502
SVM (linear kernel),650,163,74.42327068104655,8.626892295667458,0.12268786776236862,77.14372082591505,8.783149823720136,0.17418168101415143,25.52760736196319,,,,,,,,
"Feedforward NN (3 layers, [[16, 4, 1]] activations)",650,163,78.7350728864343,8.873278587220977,0.07185972823048137,81.56525503434415,9.03134846157229,0.12684945606763665,25.52760736196319,,,,,,,,
