model_type,n_train,n_test,mse_train,rmse_train,r2_train,mse_test,rmse_test,r2_test,y_test_mean,bias,Game of season_weight,Game for player_weight,Age (days)_weight,Home?_weight,Game Started?_weight,Year_weight,Month of Season_weight
Linreg,438,110,38.77800662935802,6.227198939279042,0.0442073599852405,45.22300277208154,6.724805035990378,0.0239076749021379,19.154545454545456,14.703351173905292,2.609642626623476,2.609642626623476,-1.325890405630219,0.7343382846326733,1.3683548958300624,5.421863053889262,-4.045595884576961
Lasso (lambda=0.05),438,110,39.22960603399272,6.263354215912806,0.0330764271523467,44.7780002110249,6.691636586891499,0.033512600667139,19.154545454545456,16.752716634221116,1.027963482724962,0.0,2.876409385292149,0.5360257183318047,0.0,0.0,-0.0
"Random Forest (500 estimators, 5 depth)",438,110,27.602817919050665,5.253838398642526,0.3196512017014704,45.18982039999612,6.722337420867545,0.0246238825118884,19.154545454545456,,0.128713621943114,0.1311421921544393,0.6695861606930341,0.037675456143065,0.0027873404098293,0.0080561462413814,0.0220390824151367
"Random Forest (100 estimators, 5 depth)",438,110,27.68221227990604,5.261388816643952,0.3176943051933659,44.038835674970976,6.636176284199432,0.0494667122121639,19.154545454545456,,0.1310817253686146,0.1148913049906127,0.6860484411354539,0.033071247617523,0.0059335374826739,0.0100615866552231,0.0189121567498987
Ridge (lambda=2.0),438,110,38.814180879664114,6.230102798482872,0.0433157442162535,44.919390433135206,6.702192957020501,0.0304608371356172,19.154545454545456,15.488146043574236,2.1356515325400838,2.135651532540087,1.6360141916038866,0.7092713776759549,0.6988664100542861,2.0327806957873835,-2.873277691759459
SVM (linear kernel),438,110,38.9347633450312,6.239772699788928,0.040343651452066975,45.76309233855727,6.764842373518933,0.012250393244851776,19.154545454545456,,,,,,,,
"Feedforward NN (3 layers, [[16, 4, 1]] activations)",438,110,39.90145945153311,6.3167602021553035,0.01651671695910273,45.605755214005974,6.753203329828443,0.015646354377762073,19.154545454545456,,,,,,,,
