model_type,n_train,n_test,mse_train,rmse_train,r2_train,mse_test,rmse_test,r2_test,y_test_mean,bias,Game of season_weight,Game for player_weight,Age (days)_weight,Home?_weight,Game Started?_weight,Year_weight,Month of Season_weight
Linreg,486,122,39.88359134520651,6.31534570274712,0.1712661260587942,48.41916473471108,6.958388084514335,0.08255219440007044,10.811475409836065,7.669718489838768,-8.999323742157344,13.70694359274397,-4.1267358420153295,-0.7639488902484645,4.345063939037064,3.417373973223269,0.9391068585587803
Lasso (lambda=0.05),486,122,40.16304995742537,6.337432442040339,0.16545930649969742,48.17260832477657,6.94064898440892,0.08722395275216888,10.811475409836065,7.839285080282758,0.0,4.894507067670032,-0.5666166641435192,-0.5736285827101386,4.329268685939738,-0.0,0.0
"Random Forest (500 estimators, 5 depth)",486,122,26.462594578228433,5.144180651787846,0.4501385712852424,44.20252673026461,6.648498080789722,0.1624491795171097,10.811475409836065,,0.15314116936729402,0.16966536817905056,0.3775155789647796,0.02179126020912198,0.22696394740747786,0.0174078898974875,0.033514785974788505
"Random Forest (100 estimators, 5 depth)",486,122,26.518912067602226,5.149651645267108,0.44896836043999966,44.13645673952105,6.643527431983784,0.16370107571060666,10.811475409836065,,0.1597196037107764,0.16466256402345808,0.3743173257945462,0.023854519761775057,0.224658280367842,0.017163589351238562,0.03562411699036377
Ridge (lambda=2.0),486,122,40.07429592474232,6.330426204035738,0.16730351036530977,48.858851350778714,6.989910682603799,0.07422099902995039,10.811475409836065,7.885541783955762,-0.3440240450434407,4.850744441965371,-0.9795788065622353,-0.7547230927485286,4.4265352623366665,-0.5530664394874257,1.0606167454766886
