model_type,n_train,n_test,mse_train,rmse_train,r2_train,mse_test,rmse_test,r2_test,y_test_mean,bias,Game of season_weight,Game for player_weight,Age (days)_weight,Home?_weight,Game Started?_weight,Year_weight,Month of Season_weight
Linreg,546,137,22.322870639087217,4.7247085242464655,0.2344499452547073,29.817274610140053,5.460519628216719,0.19616839147948517,6.678832116788321,3.487806545202818,-5.7477119814850655,5.099401881776065,12.497686505737892,-0.49611636025187045,4.065812640451932,-14.061053683221102,6.102768298043925
Lasso (lambda=0.05),546,137,22.76709705424936,4.771487928754443,0.21921545494452255,29.498458557392926,5.43124834245249,0.2047632219545259,6.678832116788321,3.8610435949603397,-0.0,0.0,-1.0805414263844328,-0.18004604587033568,4.136410288224115,-0.0,3.1851840874383526
"Random Forest (500 estimators, 5 depth)",546,137,14.496936621094124,3.807484290327949,0.5028358671538918,24.775404957407854,4.9774898249426744,0.3320900760028668,6.678832116788321,,0.13597737278773378,0.1179538352307629,0.27793373719690856,0.012102705159040408,0.3673300232080056,0.039863779456269365,0.048838546961279455
"Random Forest (100 estimators, 5 depth)",546,137,14.61024073051999,3.822334460839343,0.4989501676586864,24.684599142906265,4.96835980409091,0.33453807250449896,6.678832116788321,,0.13986255259032562,0.10643211513045484,0.2901943341391829,0.01180796367598846,0.3702434785630856,0.040126605194296006,0.041332950706666566
Ridge (lambda=2.0),546,137,22.440438257882974,4.737133970860754,0.23041803114919046,29.52500079534707,5.43369126794549,0.2040476807084738,6.678832116788321,3.865863523744408,-3.1065622291181194,2.925018803372808,-0.34063674297177265,-0.4321423205720343,4.070166576676495,-1.0938604635382554,4.316695478123942
