model_type,n_train,n_test,mse_train,rmse_train,r2_train,mse_test,rmse_test,r2_test,y_test_mean,bias,Game of season_weight,Game for player_weight,Age (days)_weight,Home?_weight,Game Started?_weight,Year_weight,Month of Season_weight
Linreg,598,150,21.29292883536844,4.614426165339352,0.165889381271632,20.240219921474026,4.498913193369486,0.0567908699152579,6.566666666666666,6.691575274270902,-6.289608671014473,13.945730081137032,5.520104517015009,0.9019743572027304,3.4793398706187157,-8.714062662644503,-5.584678389371662
Lasso (lambda=0.05),598,150,21.78729985190344,4.667686777398783,0.146523322347956,19.896757867714875,4.460578198811772,0.0727964541529856,6.566666666666666,6.6525083199936335,0.0,0.9118847637790028,-0.388947117539977,0.7151122860795481,3.327974880157966,-3.1361046223894267,-0.0
"Random Forest (500 estimators, 5 depth)",598,150,16.349848072144955,4.043494537172637,0.3595253148585622,18.190837743108982,4.265071833288273,0.1522935862477041,6.566666666666666,,0.0839577324625629,0.095850718512542,0.5967750686881669,0.0261613857509587,0.1609772224710164,0.0213037174124275,0.0149741547023255
"Random Forest (100 estimators, 5 depth)",598,150,16.33955147697218,4.042221106888165,0.3599286646953443,18.08240593740256,4.252341230122832,0.1573465881187641,6.566666666666666,,0.0877959034644817,0.0832647113920407,0.5947767218987731,0.0352117092682854,0.1512606467519035,0.0268946895428825,0.0207956176816329
Ridge (lambda=2.0),598,150,21.462559490288047,4.632770174559498,0.1592444179777488,20.191627576820142,4.493509494462001,0.059055308903944,6.566666666666666,6.7962821947591685,0.3996406502649116,4.299012441458084,-1.452416984808688,0.9078174619841356,3.530893017761014,-2.306557846907901,-3.3759437668856886
SVM (linear kernel),598,150,21.502469917674105,4.637075578171452,0.15768100171227928,20.158630346319352,4.489836338478202,0.060593004106694104,6.566666666666666,,,,,,,,
"Feedforward NN (3 layers, [[16, 4, 1]] activations)",598,150,21.734637099255806,4.662042159746714,0.14858628707838317,20.81683050453083,4.562546493410323,0.029920392788393757,6.566666666666666,,,,,,,,
