model_type,n_train,n_test,mse_train,rmse_train,r2_train,mse_test,rmse_test,r2_test,y_test_mean,bias,Game of season_weight,Game for player_weight,Age (days)_weight,Home?_weight,Game Started?_weight,Year_weight,Month of Season_weight
Linreg,717,180,25.02498353487783,5.002497729622457,0.1032075539242416,24.692183676115977,4.969123028877025,0.0831689764999339,6.888888888888889,6.523669773512872,-7.81635173253959,8.541379421138194,-15.354650344140488,-0.009278027073246,2.425827354174885,15.283979806683302,1.835901393164061
Lasso (lambda=0.05),717,180,25.506565358518213,5.050402494704577,0.0859496428048931,25.189117459704317,5.018876115197934,0.0647176189612427,6.888888888888889,6.384777063481643,-0.0,1.6685198343824972,-0.4725574928479868,0.0,2.6093535362014704,-0.0,0.0
"Random Forest (500 estimators, 5 depth)",717,180,16.311246545339834,4.03871842857853,0.4154720354739492,25.132656873206887,5.013248136009915,0.0668140239606887,6.888888888888889,,0.1047450506833159,0.2152641444353001,0.4551417291576241,0.0160928163769942,0.1632022176999193,0.0288881871943825,0.0166658544524637
"Random Forest (100 estimators, 5 depth)",717,180,16.31984200752399,4.039782420814763,0.4151640094747897,25.21091699837627,5.021047400530717,0.0639081930467669,6.888888888888889,,0.1039936359965226,0.21616414586457,0.4527928594216247,0.0157336886340076,0.1648189431025793,0.0266209769313982,0.0198757500492972
Ridge (lambda=2.0),717,180,25.17619450877072,5.017588515290061,0.0977887747685268,24.751775693355487,4.97511564622929,0.0809563001779536,6.888888888888889,6.453922602520166,-3.7420898968813625,5.173331456915279,-1.17140322042354,0.0259394888830391,2.586143025714668,0.3141737307424765,1.371481593938424
SVM (linear kernel),717,180,25.491708882127085,5.0489314594404116,0.08648203779265784,24.389577452487547,4.938580509871996,0.09440487112010487,6.888888888888889,,,,,,,,
"Feedforward NN (3 layers, [[16, 4, 1]] activations)",717,180,25.315837356855642,5.031484607633779,0.0927845496454004,25.96979322287702,5.096056634582961,0.03573080400960882,6.888888888888889,,,,,,,,
