model_type,n_train,n_test,mse_train,rmse_train,r2_train,mse_test,rmse_test,r2_test,y_test_mean,bias,Game of season_weight,Game for player_weight,Age (days)_weight,Home?_weight,Game Started?_weight,Year_weight,Month of Season_weight
Linreg,717,180,25.02498353487783,5.002497729622457,0.10320755392424164,24.692183676115977,4.969123028877025,0.08316897649993393,6.888888888888889,6.523669773512872,-7.81635173253959,8.541379421138194,-15.354650344140488,-0.00927802707324607,2.425827354174885,15.283979806683302,1.835901393164061
Lasso (lambda=0.05),717,180,25.506565358518213,5.050402494704577,0.08594964280489314,25.189117459704313,5.018876115197934,0.06471761896124273,6.888888888888889,6.384777063481643,-0.0,1.6685198343824972,-0.4725574928479868,0.0,2.6093535362014704,-0.0,0.0
"Random Forest (500 estimators, 5 depth)",717,180,16.311246545339834,4.03871842857853,0.4154720354739492,25.132656873206887,5.013248136009915,0.0668140239606887,6.888888888888889,,0.10474505068331595,0.21526414443530012,0.4551417291576241,0.016092816376994255,0.16320221769991933,0.028888187194382572,0.016665854452463744
"Random Forest (100 estimators, 5 depth)",717,180,16.31984200752399,4.039782420814763,0.4151640094747897,25.21091699837627,5.021047400530717,0.06390819304676698,6.888888888888889,,0.10399363599652266,0.21616414586457006,0.4527928594216247,0.015733688634007696,0.1648189431025793,0.02662097693139821,0.01987575004929725
Ridge (lambda=2.0),717,180,25.17619450877072,5.017588515290061,0.09778877476852688,24.751775693355487,4.97511564622929,0.08095630017795363,6.888888888888889,6.453922602520166,-3.7420898968813625,5.173331456915279,-1.17140322042354,0.02593948888303915,2.586143025714668,0.3141737307424765,1.371481593938424
