model_type,n_train,n_test,mse_train,rmse_train,r2_train,mse_test,rmse_test,r2_test,y_test_mean,bias,Game of season_weight,Game for player_weight,Age (days)_weight,Home?_weight,Game Started?_weight,Year_weight,Month of Season_weight
Linreg,763,191,48.51207377322104,6.965060931048704,0.1604586282451091,54.36804102779656,7.37346872427059,0.1573308439031427,14.38219895287958,11.04752687333252,-14.807114158570188,18.984175351926456,-16.65977587978965,0.7374246204190721,6.608634385500244,13.207687643003243,-5.244945340103957
Lasso (lambda=0.05),763,191,49.68282244511178,7.048604290574963,0.140197858718453,55.823359942871456,7.4715031916523635,0.1347743504405409,14.38219895287958,9.46826611621243,-0.0,0.0,-4.944778402970658,0.4306042669313634,8.131950722545456,-0.0,-0.0
"Random Forest (500 estimators, 5 depth)",763,191,34.50065760056236,5.873726040645951,0.4029377193021455,44.558233098947,6.675195360358152,0.3093764650549067,14.38219895287958,,0.0671763552777456,0.0888533175635001,0.7780212693140455,0.0091479935277444,0.0356762073583405,0.0065838597803419,0.0145409971782817
"Random Forest (100 estimators, 5 depth)",763,191,34.449849858458386,5.869399446149358,0.4038169891041568,44.64356096323522,6.681583716697353,0.3080539388422271,14.38219895287958,,0.0718931852409602,0.0913987107653012,0.775854492417052,0.0083282367943019,0.0351061929861898,0.0016567354955483,0.0157624463006465
Ridge (lambda=2.0),763,191,48.89710217534105,6.992646292737897,0.1537953947912785,54.79756644658667,7.402537838240793,0.1506734802142623,14.38219895287958,10.303529750159448,-3.9431500023546966,7.6930111231887714,-3.404857637488056,0.7052677275592837,7.632839347373086,-1.6865716685263157,-4.003153990651392
SVM (linear kernel),763,191,48.62539451139002,6.973191128270472,0.15849751958553304,54.23230284382992,7.364258472095471,0.15943469717375824,14.38219895287958,,,,,,,,
"Feedforward NN (3 layers, [[16, 4, 1]] activations)",763,191,46.53438711889018,6.8216117684085615,0.19468412382874245,52.94206025121097,7.276129482850822,0.1794326153648249,14.38219895287958,,,,,,,,
