model_type,n_train,n_test,mse_train,rmse_train,r2_train,mse_test,rmse_test,r2_test,y_test_mean,bias,Game of season_weight,Game for player_weight,Age (days)_weight,Home?_weight,Game Started?_weight,Year_weight,Month of Season_weight
Linreg,402,101,21.56963436942922,4.64431204479514,0.043077580579324426,19.345393260976778,4.398339830092347,0.07915617549100773,5.96039603960396,7.2231955636506875,3.092540523859536,4.437994463014011,-15.472897627875982,0.23196016068543057,0.6201344005172791,16.38837350058786,-8.822286274798863
Lasso (lambda=0.05),402,101,22.175191805396025,4.70905423682888,0.016212429469260936,20.904129498136058,4.572103399764277,0.004960080396788191,5.96039603960396,6.466298927442571,-0.0,1.0089214285710788,-0.0,0.12826014321885865,0.6518525948281967,-0.0,-0.741022534732731
"Random Forest (500 estimators, 5 depth)",402,101,14.395774438755968,3.794176384771268,0.3613410839780864,18.294529011756413,4.277210424068053,0.12917748243666916,5.96039603960396,,0.20235094617091162,0.2122792655766256,0.39603322150797576,0.0387897667879321,0.08228289455572223,0.02003098697922482,0.048232918421607894
"Random Forest (100 estimators, 5 depth)",402,101,14.376090599382419,3.79158154328539,0.3622143443623014,18.272326632900985,4.274614208662693,0.13023431923407225,5.96039603960396,,0.19774990565757436,0.21222888435799417,0.4065939470002179,0.03420574480534731,0.0767898661664871,0.020610616819109195,0.05182103519327004
Ridge (lambda=2.0),402,101,21.80910979704569,4.670022462156439,0.03245341321229023,19.73612044129939,4.442535361851315,0.0605574989888521,5.96039603960396,6.590191894865882,-0.2622190065844728,3.6425080101914658,-0.8871673737746356,0.3183780450267477,0.7585306843620311,1.0294719321075234,-3.0109440141966415
