model_type,n_train,n_test,mse_train,rmse_train,r2_train,mse_test,rmse_test,r2_test,y_test_mean,bias,Game of season_weight,Game for player_weight,Age (days)_weight,Home?_weight,Game Started?_weight,Year_weight,Month of Season_weight
Linreg,90,23,9.747148660567056,3.122042386093926,0.1588422864598381,18.75775324078195,4.331022193522212,-0.5675910686214296,3.347826086956522,1.967554158433196,-5.881738823701502,13.47122937413346,0.0404527611955362,1.322472598272017,1.1041882747052765,-0.6105018885994578,-5.211983833160852
Lasso (lambda=0.05),90,23,10.477832869665956,3.2369480795443653,0.0957858296385695,15.49552362983352,3.9364353963749386,-0.2949655608502259,3.347826086956522,2.547948305237421,-0.0,1.7524577162610373,-0.0,0.9682530929113858,0.8096102921089935,-0.0,-0.0
"Random Forest (500 estimators, 5 depth)",90,23,3.666587967355635,1.914833665715024,0.6835814391964645,11.834315309360422,3.440103967812662,0.0110027174325967,3.347826086956522,,0.1850468776866325,0.2477386484480058,0.4397205720274534,0.0577166780211835,0.0190422521413983,0.0082307297798303,0.0425042418954959
"Random Forest (100 estimators, 5 depth)",90,23,3.736735609056832,1.9330637881500008,0.677527850402613,11.889567308157565,3.4481251874254166,0.0063852913087915,3.347826086956522,,0.1834217530334544,0.2431451611869999,0.4390921030940095,0.0627413533501148,0.0224598908358938,0.004978991061989,0.0441607474375384
Ridge (lambda=2.0),90,23,10.375504551519397,3.2211030023144858,0.1046165407644592,15.700696955547595,3.962410498111925,-0.3121119572645621,3.347826086956522,2.6701564951116605,-0.1006790203802793,2.2705168009873096,0.018644043393283,1.06818838380867,0.919436702806372,-0.5488748367965814,-0.3689538624995724
SVM (linear kernel),90,23,10.302684486623326,3.209779507477628,0.11090075386317078,18.253560110154254,4.272418531716463,-0.5254554973572827,3.347826086956522,,,,,,,,
"Feedforward NN (3 layers, [[16, 4, 1]] activations)",90,23,13.512864366828447,3.67598481591375,-0.16613078244755974,14.968353024703276,3.8688955820367235,-0.2509097551450288,3.347826086956522,,,,,,,,
