model_type,n_train,n_test,mse_train,rmse_train,r2_train,mse_test,rmse_test,r2_test,y_test_mean,bias,Game of season_weight,Game for player_weight,Age (days)_weight,Home?_weight,Game Started?_weight,Year_weight,Month of Season_weight
Linreg,90,23,9.747148660567055,3.122042386093926,0.1588422864598381,18.75775324078195,4.3310221935222115,-0.5675910686214296,3.347826086956522,1.9675541584331961,-5.881738823701502,13.471229374133461,0.0404527611955362,1.3224725982720167,1.1041882747052765,-0.6105018885994578,-5.2119838331608515
Lasso (lambda=0.05),90,23,10.477832869665955,3.2369480795443653,0.09578582963856952,15.495523629833519,3.9364353963749386,-0.29496556085022596,3.347826086956522,2.547948305237421,-0.0,1.7524577162610373,-0.0,0.9682530929113858,0.8096102921089935,-0.0,-0.0
"Random Forest (500 estimators, 5 depth)",90,23,3.666587967355635,1.9148336657150236,0.6835814391964645,11.834315309360422,3.440103967812662,0.011002717432596731,3.347826086956522,,0.18504687768663253,0.2477386484480058,0.43972057202745346,0.0577166780211835,0.019042252141398368,0.008230729779830368,0.042504241895495946
"Random Forest (100 estimators, 5 depth)",90,23,3.7367356090568324,1.9330637881500012,0.677527850402613,11.889567308157563,3.4481251874254166,0.0063852913087915075,3.347826086956522,,0.18342175303345448,0.2431451611869999,0.43909210309400953,0.06274135335011481,0.022459890835893833,0.004978991061989056,0.044160747437538485
Ridge (lambda=2.0),90,23,10.375504551519395,3.2211030023144858,0.10461654076445925,15.700696955547597,3.9624104981119252,-0.3121119572645621,3.347826086956522,2.6701564951116605,-0.10067902038027939,2.2705168009873096,0.018644043393283,1.0681883838086699,0.9194367028063719,-0.5488748367965814,-0.3689538624995724
