model_type,n_train,n_test,mse_train,rmse_train,r2_train,mse_test,rmse_test,r2_test,y_test_mean,bias,Game of season_weight,Game for player_weight,Age (days)_weight,Home?_weight,Game Started?_weight,Year_weight,Month of Season_weight
Linreg,820,206,49.01976667736541,7.001411763163584,0.30186978164978107,46.264551684293195,6.801805031334932,0.34054658058124776,17.310679611650485,15.680317675447672,-2.688728788134366,0.1291080748630311,-8.805243363850417,1.0166832757506803,7.05892130428523,-2.7842408714346507,1.1569528137242382
Lasso (lambda=0.05),820,206,49.127284373734746,7.009085844369061,0.3003385350133605,46.11183449860717,6.790569526822266,0.34272340639362997,17.310679611650485,16.290384464263298,-1.0959051511178717,-0.0,-7.836166639983883,0.8298700213871382,6.295819251430584,-3.5740861112800264,-0.0
"Random Forest (500 estimators, 5 depth)",820,206,36.53390714091157,6.044328510340216,0.47969102469742675,40.856595614320064,6.391916427357296,0.417631411030841,17.310679611650485,,0.05614562875932905,0.05829320895447055,0.7126446559101334,0.012986747947005876,0.05901110242948998,0.08970766973562701,0.011210986263944189
"Random Forest (100 estimators, 5 depth)",820,206,36.486752140953364,6.040426486677357,0.48036259726189456,40.762229121877496,6.384530454299478,0.41897650795395525,17.310679611650485,,0.05959323321320868,0.0645301816731735,0.7216321699170731,0.010983126868621795,0.05320701556751299,0.07894109030801066,0.011113182452399195
Ridge (lambda=2.0),820,206,49.02993997664889,7.002138243183213,0.30172489545118153,46.31977328683432,6.8058631551651345,0.3397594536493793,17.310679611650485,15.952874778862908,-2.2845720334188124,0.12521886391587828,-5.996218879929383,1.009789850394836,6.760927330324676,-5.612430121985712,0.8605793784385749
