model_type,n_train,n_test,mse_train,rmse_train,r2_train,mse_test,rmse_test,r2_test,y_test_mean,bias,Game of season_weight,Game for player_weight,Age (days)_weight,Home?_weight,Game Started?_weight,Year_weight,Month of Season_weight
Linreg,820,206,49.01976667736541,7.001411763163584,0.301869781649781,46.2645516842932,6.801805031334932,0.3405465805812477,17.310679611650485,15.680317675447672,-2.688728788134366,0.1291080748630311,-8.805243363850417,1.0166832757506803,7.05892130428523,-2.7842408714346507,1.1569528137242382
Lasso (lambda=0.05),820,206,49.127284373734746,7.009085844369061,0.3003385350133605,46.11183449860717,6.790569526822266,0.3427234063936299,17.310679611650485,16.290384464263298,-1.0959051511178717,-0.0,-7.836166639983883,0.8298700213871382,6.295819251430584,-3.5740861112800264,-0.0
"Random Forest (500 estimators, 5 depth)",820,206,36.53390714091157,6.044328510340216,0.4796910246974267,40.856595614320064,6.391916427357296,0.417631411030841,17.310679611650485,,0.056145628759329,0.0582932089544705,0.7126446559101334,0.0129867479470058,0.0590111024294899,0.089707669735627,0.0112109862639441
"Random Forest (100 estimators, 5 depth)",820,206,36.48675214095336,6.040426486677357,0.4803625972618945,40.762229121877496,6.384530454299478,0.4189765079539552,17.310679611650485,,0.0595932332132086,0.0645301816731735,0.7216321699170731,0.0109831268686217,0.0532070155675129,0.0789410903080106,0.0111131824523991
Ridge (lambda=2.0),820,206,49.02993997664889,7.002138243183213,0.3017248954511815,46.31977328683432,6.805863155165135,0.3397594536493793,17.310679611650485,15.952874778862908,-2.2845720334188124,0.1252188639158782,-5.996218879929383,1.009789850394836,6.760927330324676,-5.612430121985712,0.8605793784385749
SVM (linear kernel),820,206,49.07265665690095,7.005187838802108,0.3011165325940539,46.977677109108804,6.854026342895744,0.33038171390150084,17.310679611650485,,,,,,,,
"Feedforward NN (3 layers, [[16, 4, 1]] activations)",820,206,50.668492502634265,7.118180420770063,0.27838894119677926,47.13870727729287,6.865763415476306,0.328086395106169,17.310679611650485,,,,,,,,
