model_type,n_train,n_test,mse_train,rmse_train,r2_train,mse_test,rmse_test,r2_test,y_test_mean,bias,Game of season_weight,Game for player_weight,Age (days)_weight,Home?_weight,Game Started?_weight,Year_weight,Month of Season_weight
Linreg,304,77,45.35462561598603,6.734584294222326,0.14713426651351114,47.4099034945585,6.885484986154461,-0.012722627085974603,12.87012987012987,6.086576379807202,2.856949698796983,-7.3327902727343535,19.23518515985732,1.3494807835766496,4.9743463844485225,-18.02826370736368,13.55906927722765
Lasso (lambda=0.05),304,77,46.56370504658304,6.823760330388446,0.12439827428748151,45.11760154198067,6.716963714505288,0.036243219380162506,12.87012987012987,7.354510057200754,-0.0,-1.5942075590844462,3.424019940147078,1.1498125902515304,3.686751453685921,0.0,7.367577115611785
"Random Forest (500 estimators, 5 depth)",304,77,27.920134032022407,5.2839506084011045,0.4749791169730465,42.03302915043816,6.483288451892154,0.10213274932106042,12.87012987012987,,0.1619394595056977,0.1540481899607047,0.5437413387213679,0.03572816393804611,0.02541271008243819,0.011100237658526935,0.06802990013321839
"Random Forest (100 estimators, 5 depth)",304,77,27.767147893772265,5.269454231110871,0.4778559268516399,42.25455180402805,6.500350129341346,0.09740080541975393,12.87012987012987,,0.1646479875287782,0.15047748091502325,0.5348611231906751,0.03605152341598153,0.02156761841958989,0.01919274555942987,0.07320152097052228
Ridge (lambda=2.0),304,77,46.25771759366803,6.801302639470474,0.13015217942777746,45.57950257848268,6.751259332782491,0.02637655447134768,12.87012987012987,6.852672059809885,1.1231172928811963,-3.5298653311871697,4.025609652075333,1.3159797463050182,4.291470052087048,-0.7650214687569763,7.992965432658208
