model_type,n_train,n_test,mse_train,rmse_train,r2_train,mse_test,rmse_test,r2_test,y_test_mean,bias,Game of season_weight,Game for player_weight,Age (days)_weight,Home?_weight,Game Started?_weight,Year_weight,Month of Season_weight
Linreg,178,45,19.848733669814933,4.455191765773381,0.3492231937505781,20.892990748768757,4.570885116557706,0.03193514858464375,5.8,4.375904056238081,-11.406179709882396,2.6441058379757685,-0.5348368064015956,1.9670409221855176,5.312728873704989,-0.17748430124462766,4.534262330265548
Lasso (lambda=0.05),178,45,20.021167464677838,4.47450192364221,0.3435696384065916,20.007188510252753,4.4729395826741,0.0729782918437254,5.8,4.524732280139412,-3.9464828641269487,-0.0,-0.0,1.813385742697684,5.004010911767324,-0.0,-0.0
"Random Forest (500 estimators, 5 depth)",178,45,9.830552999241661,3.1353712697608334,0.6776874539738931,19.122026814439614,4.372873976510141,0.11399175592073463,5.8,,0.13746807786717755,0.1576674872676212,0.3719544531372969,0.05706228755848447,0.25910081010785907,0.004872878330360265,0.01187400573120039
"Random Forest (100 estimators, 5 depth)",178,45,9.752258963889512,3.12286070196695,0.6802544662136883,19.16992868620685,4.378347711889366,0.11177224991834,5.8,,0.12828322966626657,0.15054287107472072,0.3885380600739083,0.05476069996132517,0.2605330395604965,0.001995203178262532,0.015346896485020235
Ridge (lambda=2.0),178,45,20.048545065531737,4.477560168834333,0.3426720140068261,20.096670280785933,4.482930992195389,0.0688322048647374,5.8,4.638824186510203,-2.627945092858931,-1.090470047563171,0.14868342652430816,1.9458946131193189,4.947750378278419,-0.020284867895589385,-0.5791781224321622
