model_type,n_train,n_test,mse_train,rmse_train,r2_train,mse_test,rmse_test,r2_test,y_test_mean,bias,Game of season_weight,Game for player_weight,Age (days)_weight,Home?_weight,Game Started?_weight,Year_weight,Month of Season_weight
Linreg,930,233,39.57926456003562,6.291205334435971,0.2665047665798816,46.99067870165917,6.854974741139399,0.2358608703571562,15.892703862660944,14.63335986973658,-10.416812006985497,24.835961354513387,-22.203224089635675,0.4156528684204192,4.723884483928464,13.748217423974111,-11.749991855483657
Lasso (lambda=0.05),930,233,40.72797848062935,6.381847575790991,0.2452164431437353,48.39702366969312,6.9567969403809045,0.2129915854363341,15.892703862660944,14.585437159877758,0.0,5.850205116299328,-9.124088060555716,0.1242333976849052,4.261873457245952,-0.0,-2.978349810325866
"Random Forest (500 estimators, 5 depth)",930,233,28.646577261638523,5.35224973834728,0.4691127258481304,38.90358185450359,6.237273591442305,0.3673692315229349,15.892703862660944,,0.0659877435161084,0.0617297465012263,0.8378247156790086,0.0110285044518633,0.0074549115706023,0.0088970170494251,0.0070773612317658
"Random Forest (100 estimators, 5 depth)",930,233,28.67455931650747,5.354863146384552,0.4685941537095163,38.35725605869671,6.1933235067043535,0.3762533108689641,15.892703862660944,,0.0638114269285805,0.0629355062875745,0.8297985857847844,0.0127875303012205,0.0090071886652473,0.0156173530298405,0.0060424090027521
Ridge (lambda=2.0),930,233,39.98631850804655,6.3234736109235525,0.2589611162890084,47.326764467815885,6.879445069757871,0.2303956101836045,15.892703862660944,14.83422489396783,1.7236498929487551,9.837547304624652,-6.001813975302535,0.3445992135731223,4.563207624722339,-3.636667045882645,-8.44981500493613
SVM (linear kernel),930,233,39.710063787236,6.3015921628772515,0.2640807546445162,46.6689161949163,6.8314651572643115,0.24109321278436868,15.892703862660944,,,,,,,,
"Feedforward NN (3 layers, [[16, 4, 1]] activations)",930,233,37.52272295740329,6.125579397689927,0.30461723480356173,45.26904613176064,6.728227562423899,0.2638572060108608,15.892703862660944,,,,,,,,
