model_type,n_train,n_test,mse_train,rmse_train,r2_train,mse_test,rmse_test,r2_test,y_test_mean,bias,Game of season_weight,Game for player_weight,Age (days)_weight,Home?_weight,Game Started?_weight,Year_weight,Month of Season_weight
Linreg,524,132,13.350266366387533,3.6538016320522293,0.09902234246317343,10.324583227416037,3.21318894984656,0.04616820435254487,3.628787878787879,4.608615553076491,0.02900800691353727,0.9225815631918448,0.3377981022056853,0.2773264368863261,2.985923742781102,-3.104336951604839,-0.5574929614413725
Lasso (lambda=0.05),524,132,13.449131920136013,3.667305812191835,0.09235014188059498,10.147104172256594,3.1854519572984605,0.06256452390789735,3.628787878787879,4.375980473403709,0.0,0.0,-1.730838631061235,0.05466939766494786,2.5858642037496757,-0.0,0.0
"Random Forest (500 estimators, 5 depth)",524,132,9.749831149836538,3.122471961417194,0.3420071338144929,11.070124655757429,3.3271796849219655,-0.0227082920309718,3.628787878787879,,0.1861566450621701,0.15331645656088846,0.39426431357985925,0.025418958517175592,0.18097786084032688,0.023604362700900706,0.036261402738679144
"Random Forest (100 estimators, 5 depth)",524,132,9.774611434141384,3.126437498838156,0.34033477148902724,11.11285557286285,3.33359499232628,-0.02665596783488189,3.628787878787879,,0.1945884717311016,0.15904449772197526,0.3899702598697988,0.018338369458381243,0.1844314697728076,0.01579786729608129,0.03782906414985439
Ridge (lambda=2.0),524,132,13.353483979287489,3.6542419158133863,0.0988051934375358,10.311043812560262,3.2110814085850055,0.047419036865532505,3.628787878787879,4.590620060359881,0.24291823716583505,0.5667856650848179,-1.2255408347695589,0.27020859339275644,2.906174763355694,-1.3646584488463465,-0.5547924452432711
