model_type,n_train,n_test,mse_train,rmse_train,r2_train,mse_test,rmse_test,r2_test,y_test_mean,bias,Game of season_weight,Game for player_weight,Age (days)_weight,Home?_weight,Game Started?_weight,Year_weight,Month of Season_weight
Linreg,122,31,21.176632789468847,4.601807556761674,0.2037142239743568,17.092137956899574,4.1342638954110775,0.2765352106862013,5.290322580645161,3.6874320645440446,10.60556382569056,-10.24667905242978,10.868306785639591,0.5503310783906573,5.819881655650799,-10.815128374773044,-0.4324148670810839
Lasso (lambda=0.05),122,31,21.75181147488324,4.663883732993699,0.1820862999119262,17.992865546018574,4.241799800322803,0.2384098048923606,5.290322580645161,5.235980400672862,0.0,0.0,-0.0,0.1233385554993148,6.170781549863012,-0.8963276786801383,-0.411948929225711
"Random Forest (500 estimators, 5 depth)",122,31,9.592909233887683,3.0972421981316995,0.6392865074636161,11.73881085252872,3.4261948065643786,0.5031273242917506,5.290322580645161,,0.1542490988654172,0.1568548531025168,0.3054288703621517,0.0476398868216252,0.2445010882216029,0.0258256227480518,0.0655005798786343
"Random Forest (100 estimators, 5 depth)",122,31,9.68703994077804,3.112400992927814,0.6357469956002709,12.041837020962287,3.470135014803068,0.4903010316620527,5.290322580645161,,0.1555866666586513,0.1594212472106703,0.3232688759673369,0.0421062417051198,0.2364087743015092,0.0324150585986114,0.0507931355581007
Ridge (lambda=2.0),122,31,21.66617425200065,4.654693787135804,0.1853064389754725,17.88128442013409,4.228626777115012,0.2431327375022526,5.290322580645161,5.495483836161205,0.6210670863092214,0.0769489703058862,0.5908650371516637,0.3899135470676242,5.365427319101021,-1.95648267935856,-1.439573584516663
SVM (linear kernel),122,31,22.449223610653284,4.738061165777968,0.1558621419325935,17.33796590670483,4.163888315829908,0.26612996668678046,5.290322580645161,,,,,,,,
"Feedforward NN (3 layers, [[16, 4, 1]] activations)",122,31,27.83917308217981,5.2762840221295715,-0.046811254746782716,26.65191824726828,5.162549587874995,-0.12810489057544094,5.290322580645161,,,,,,,,
