model_type,n_train,n_test,mse_train,rmse_train,r2_train,mse_test,rmse_test,r2_test,y_test_mean,bias,Game of season_weight,Game for player_weight,Age (days)_weight,Home?_weight,Game Started?_weight,Year_weight,Month of Season_weight
Linreg,420,106,25.97626901029187,5.096691967373727,0.2765636746741712,21.553676103353947,4.64259368277625,0.11331037181772097,5.632075471698113,3.8363925335100664,5.225299071034706,5.225299071034703,2.982403296816441,-1.4037458290753597,2.9610140872588904,-5.50961049537876,-2.356464812690701
Lasso (lambda=0.05),420,106,26.14092842805763,5.112820007398816,0.2719779274264984,20.935511829706083,4.575534048579038,0.13874082958873213,5.632075471698113,3.7345954254164564,7.139067275718944,6.381525443836778e-15,-2.213717492384552,-1.2658633654602442,2.8473290636587394,-0.03467911733184807,0.0
"Random Forest (500 estimators, 5 depth)",420,106,14.569037774622862,3.816940892209737,0.5942538496567591,24.195441194156324,4.918886174141085,0.0046316622149548126,5.632075471698113,,0.2654964898885847,0.2870847592244534,0.2630523302282769,0.0383128657507637,0.0886810033477106,0.017866725405581513,0.03950582615462935
"Random Forest (100 estimators, 5 depth)",420,106,14.345120983835407,3.7874953443978527,0.6004899084318607,24.23827001604506,4.923237757415851,0.002869741326197439,5.632075471698113,,0.25366104602022754,0.28806705611942107,0.2845871076080769,0.03750535415199996,0.07710461355472134,0.02150620236810357,0.03756862017744977
Ridge (lambda=2.0),420,106,26.034960670556583,5.102446537746043,0.2749291181867728,21.349755619770185,4.620579576175502,0.12169938986274487,5.632075471698113,3.868024883260362,4.059247632840736,4.059247632840737,-1.1359560600184708,-1.4137465207676845,2.869634527853067,-1.6383857208848271,-0.5134484954735711
