model_type,n_train,n_test,mse_train,rmse_train,r2_train,mse_test,rmse_test,r2_test,y_test_mean,bias,Game of season_weight,Game for player_weight,Age (days)_weight,Home?_weight,Game Started?_weight,Year_weight,Month of Season_weight
Linreg,835,209,33.504330884016866,5.788292570699659,0.2902604804326673,35.81391732681812,5.984473019975788,0.2454855029479818,10.5933014354067,3.4883306568596293,-17.452756749641143,18.35582527396071,16.639139019848507,0.2098151945566502,6.698449023363971,-14.757134740558904,3.3110890960764987
Lasso (lambda=0.05),835,209,34.3075689502674,5.857266337658499,0.2732450742389919,36.65275312572925,6.054151726355167,0.2278132174744596,10.5933014354067,5.022717726045902,0.0,1.4211492776953507,0.0,0.0,7.134623203900951,0.0,0.0
"Random Forest (500 estimators, 5 depth)",835,209,25.66193336928624,5.065760887496196,0.4563900313742809,32.77053866998799,5.724555761802656,0.3096022901634798,10.5933014354067,,0.0493639221494695,0.0509554834259882,0.2954770684650695,0.0072738816058311,0.5793479555132216,0.0052670477147919,0.0123146411256278
"Random Forest (100 estimators, 5 depth)",835,209,25.708807024969296,5.070385293542227,0.4553970825528278,32.96251170696378,5.741298782241156,0.3055578725109916,10.5933014354067,,0.0465399122579428,0.0552749775463771,0.2916985676900214,0.0087039315795771,0.5802300789173825,0.0048686003946534,0.0126839316140455
Ridge (lambda=2.0),835,209,33.8979725510882,5.822196540060134,0.2819217659949414,36.3234690747236,6.026895475675981,0.2347504532943941,10.5933014354067,4.220877953443252,-5.275240293864016,6.644224313419485,1.2248666506105383,0.1772034085452573,7.098263359772318,-0.2820546193492919,0.8938071044217716
SVM (linear kernel),835,209,33.837234911651336,5.816978159805256,0.2832084027340187,36.61332847275067,6.050894848925296,0.22864380162815967,10.5933014354067,,,,,,,,
"Feedforward NN (3 layers, [[16, 4, 1]] activations)",835,209,33.37442348888461,5.777060107778403,0.29301237577803574,36.583301422460124,6.048413132587764,0.22927640052934073,10.5933014354067,,,,,,,,
