model_type,n_train,n_test,mse_train,rmse_train,r2_train,mse_test,rmse_test,r2_test,y_test_mean,bias,Game of season_weight,Game for player_weight,Age (days)_weight,Home?_weight,Game Started?_weight,Year_weight,Month of Season_weight
Linreg,304,77,37.95839983236372,6.161038859832303,0.18087154519223447,31.428804008456762,5.6061398491704395,0.25889730682657297,8.142857142857142,5.6102121568645344,-9.182633483018847,17.411499373820888,8.867602258161824,0.4697513062562263,2.5933975943259617,-6.490836075607912,-2.8006891176064315
Lasso (lambda=0.05),304,77,38.68156330938004,6.219450402517897,0.1652659405271839,33.11064269297395,5.7541847982988825,0.21923893553622553,8.142857142857142,6.1837216308914424,-2.2811741993837535,10.955769047622512,2.0651108587227327,0.06306016603897145,2.7489626757089516,0.0,-4.6224163849641435
"Random Forest (500 estimators, 5 depth)",304,77,24.134916427510007,4.91273003812646,0.4791772865165652,29.868421750663018,5.465200979896624,0.2956916911537595,8.142857142857142,,0.1562123347780303,0.10058179938525416,0.6843881541521356,0.018749656095066156,0.014909388462778745,0.010772285618297923,0.014386381508437001
"Random Forest (100 estimators, 5 depth)",304,77,24.285012836401823,4.9279826335328965,0.4759382606347913,29.771879113145232,5.45636134371114,0.2979682018555744,8.142857142857142,,0.1535193423587189,0.0952984076962652,0.6882952150157617,0.017712335803234492,0.01596262429625684,0.010866721760891688,0.018345353068871098
Ridge (lambda=2.0),304,77,38.61044244200554,6.213730155229268,0.16680070296328076,32.611057815893346,5.710609233338712,0.231019329654103,8.142857142857142,5.891703301675823,-3.5726071988024675,10.962131441161201,2.2795721400557265,0.2628084989480023,2.8498764749291667,0.3922307481996238,-3.6879896715298606
