model_type,n_train,n_test,mse_train,rmse_train,r2_train,mse_test,rmse_test,r2_test,y_test_mean,bias,Game of season_weight,Game for player_weight,Age (days)_weight,Home?_weight,Game Started?_weight,Year_weight,Month of Season_weight
Linreg,469,118,14.196711447962645,3.767852365467979,0.11497632449176454,12.64623099403581,3.5561539609577943,0.11985104586055162,4.932203389830509,3.0056720131697867,-8.327119330997087,9.716267645840002,5.965622004099315,0.6788157408737526,1.5691039430627303,-7.886078900306029,2.392837931801373
Lasso (lambda=0.05),469,118,14.508348731401998,3.8089826373195765,0.09554884123088025,12.793261863460682,3.5767669568285663,0.10961803129585268,4.932203389830509,3.9380537104249314,0.0,0.9598156564593554,-0.0,0.45349454726982374,1.524740125573506,-1.8603568579747505,0.7731032421125319
"Random Forest (500 estimators, 5 depth)",469,118,8.152105959641938,2.8551893036437948,0.49179732179664126,10.551889086170906,3.248367141529865,0.2656124858253174,4.932203389830509,,0.11308094857210764,0.1684705040675726,0.5443980744873312,0.028526068012531013,0.10312669192341957,0.013402833592255643,0.028994879344782332
"Random Forest (100 estimators, 5 depth)",469,118,8.192869548794462,2.8623189110919247,0.48925611768532906,10.567015325223636,3.250694591194878,0.26455973394306864,4.932203389830509,,0.10815091815403717,0.17015420812652993,0.5537240649086334,0.03131500118097269,0.10340217615973638,0.007760121276625414,0.025493510193464953
Ridge (lambda=2.0),469,118,14.354656115164783,3.7887539000527313,0.10513004633033707,12.590925048972093,3.5483693506978797,0.12370021402207587,4.932203389830509,3.7396888664869197,-1.4830978654353604,2.6623823110239506,-0.6215794419225352,0.6648203303855119,1.6816300920836682,-1.8032815665777633,1.3324021656534573
