model_type,n_train,n_test,mse_train,rmse_train,r2_train,mse_test,rmse_test,r2_test,y_test_mean,bias,Game of season_weight,Game for player_weight,Age (days)_weight,Home?_weight,Game Started?_weight,Year_weight,Month of Season_weight
Linreg,194,49,19.40294751533771,4.404877695843292,0.21346631695397644,12.888744092315807,3.5900897053299112,0.12349531055202367,3.7755102040816326,9.996997334624057,5.811644657683717,-2.1080343259086476,-16.140136658586346,-0.3006208643915267,4.2768524028416,8.841549868741877,-9.223730147138284
Lasso (lambda=0.05),194,49,19.971244000539908,4.468919780051988,0.1904293877856189,13.551770282832045,3.6812729161028046,0.07840592394834467,3.7755102040816326,6.556001618951612,0.0,0.0,-4.643737120007217,-0.03963731932030895,3.784272668381311,-0.0,-1.9863999964062014
"Random Forest (500 estimators, 5 depth)",194,49,11.41325700762812,3.3783512262090394,0.5373429185094438,14.428282543584366,3.7984579165214356,0.018798323595251132,3.7755102040816326,,0.14154307934624283,0.12328600738553039,0.5202025823320612,0.016569920946585815,0.14962126728413985,0.013462265858608722,0.03531487684683118
"Random Forest (100 estimators, 5 depth)",194,49,11.323321751953118,3.365014376188179,0.5409886072804839,14.810196848533678,3.848401856424778,-0.007173926055893176,3.7755102040816326,,0.1397227114325742,0.1274851002989148,0.5151148131002321,0.015326960196539133,0.14718015898902587,0.0218146085061366,0.033355647476577294
Ridge (lambda=2.0),194,49,19.82558274026392,4.452592810965754,0.19633403126473137,13.048698688970065,3.6122982558158268,0.1126175281193812,3.7755102040816326,6.696259101172889,-0.24899277974290035,1.2609982712203354,-3.382797149881431,-0.2030320872656752,3.941867200074593,-1.5646488372161083,-2.95959110804383
