model_type,n_train,n_test,mse_train,rmse_train,r2_train,mse_test,rmse_test,r2_test,y_test_mean,bias,Game of season_weight,Game for player_weight,Age (days)_weight,Home?_weight,Game Started?_weight,Year_weight,Month of Season_weight
Linreg,116,29,28.792877554048182,5.365899510245061,0.2553527984699625,31.906118021709855,5.648550081366887,-0.0312469352904685,6.482758620689655,6.040921904633409,-51.44327360764826,39.14080072157049,-5.878741753653489,0.022852586346663,5.168379129050337,6.278050477022753,7.167230318294045
Lasso (lambda=0.05),116,29,29.404025560191045,5.4225478845457,0.2395471655789575,31.329676443684065,5.597291884803227,-0.0126155991213796,6.482758620689655,5.548594797891489,-8.89645614664454,-0.0,-0.3522860985559152,-0.0,5.387323030265226,-0.0,4.866017628357361
"Random Forest (500 estimators, 5 depth)",116,29,10.072266129825865,3.173683369497636,0.7395090236270568,36.20217506661816,6.016824334033541,-0.1701010465421164,6.482758620689655,,0.1840126143880896,0.2039029967674583,0.3991405622913877,0.0366490533399304,0.1114827434518124,0.0142651900668024,0.050546839694519
"Random Forest (100 estimators, 5 depth)",116,29,9.923861225428617,3.1502160601185145,0.7433471011705501,36.96092789763071,6.079549974926657,-0.1946249178288788,6.482758620689655,,0.1873190350849669,0.2014895497798164,0.4097371919226274,0.0385325777357614,0.1014893105706299,0.0141355324154345,0.0472968024907632
Ridge (lambda=2.0),116,29,29.61058717424405,5.441561097170926,0.2342050274908361,31.14442018607132,5.580718608393664,-0.0066278776512673,6.482758620689655,5.981947914467522,-3.974723332817931,-3.852791974046311,-1.6411563291769404,-0.0848269605853274,5.114163937569226,0.7982565834736579,3.7862923820871504
SVM (linear kernel),116,29,29.478565250690636,5.429416658416504,0.23761940508231227,33.53347036500589,5.790809128697465,-0.08384506444926787,6.482758620689655,,,,,,,,
"Feedforward NN (3 layers, [[16, 4, 1]] activations)",116,29,49.42193039803672,7.030073285395873,-0.27815992326672156,52.362755151806205,7.2362113810892925,-0.692431863284743,6.482758620689655,,,,,,,,
