model_type,n_train,n_test,mse_train,rmse_train,r2_train,mse_test,rmse_test,r2_test,y_test_mean,bias,Game of season_weight,Game for player_weight,Age (days)_weight,Home?_weight,Game Started?_weight,Year_weight,Month of Season_weight
Linreg,332,84,29.284897732590068,5.411552247977475,0.178500424078887,32.886501885335335,5.734675394940444,0.3213010900762616,9.261904761904763,6.334855827425213,36.93905588233663,-38.9468931064056,4.316225417745692,0.11860952186994256,2.8371816571299666,-3.096667300093423,6.0439769616299515
Lasso (lambda=0.05),332,84,31.994496887089444,5.6563678175211916,0.10249078331923067,38.61027588958616,6.2137167532473,0.2031760553468266,9.261904761904763,7.060885946975364,0.7566731953167771,-0.0,0.18862111715622804,0.0,3.3531501053837576,0.0,2.4099465884371734
"Random Forest (500 estimators, 5 depth)",332,84,19.447887294625538,4.4099758836784515,0.454448114827565,33.37594944806257,5.777192176833187,0.3112000605278459,9.261904761904763,,0.2648191902000327,0.11092899788376799,0.40843033284713354,0.013313173635565086,0.15337468278606214,0.020126175013325285,0.029007447634113257
"Random Forest (100 estimators, 5 depth)",332,84,19.49280953386818,4.415066198129783,0.45318795674798973,33.93550993236246,5.825419292408269,0.29965206761406993,9.261904761904763,,0.25631063467906545,0.10306420811411728,0.42573586355359067,0.016521369035918883,0.1481137149339646,0.020723658976028084,0.02953055070731501
Ridge (lambda=2.0),332,84,31.28412089234813,5.593220976534731,0.12241824162054793,37.02641439548322,6.0849333928551115,0.2358631764418554,9.261904761904763,6.518802226132315,4.855193092311092,-4.822298199765782,1.226234178451077,0.17118967461711007,3.4135398329084983,-0.5755138125649655,3.9478827465277955
