model_type,n_train,n_test,mse_train,rmse_train,r2_train,mse_test,rmse_test,r2_test,y_test_mean,bias,Game of season_weight,Game for player_weight,Age (days)_weight,Home?_weight,Game Started?_weight,Year_weight,Month of Season_weight
Linreg,310,78,38.97116523699154,6.242688942834773,0.4262435028680882,37.93775958262035,6.159363569608499,0.4270176618788609,12.384615384615383,7.644550521460961,3.2320544003059264,3.23205440030592,6.166319208880387,-0.9988927992865424,10.461887252417684,-6.1271528597469445,-6.781037396803329
Lasso (lambda=0.05),310,78,39.47159528841924,6.282642381070184,0.4188758762749228,37.69838093269464,6.139900726615589,0.4306330503477559,12.384615384615383,7.055095469757564,1.2584299425705856,0.0,-0.0,-0.8844270388138048,11.0079378967247,-0.1548036593975435,-2.304549999199901
"Random Forest (500 estimators, 5 depth)",310,78,25.15922812834775,5.015897539658057,0.6295909934003854,36.53403870731078,6.044339393789099,0.448218367404255,12.384615384615383,,0.0805596853717912,0.0749607896344984,0.1736460000900284,0.018614383169304,0.6251588976236568,0.0099025943008323,0.0171576498098886
"Random Forest (100 estimators, 5 depth)",310,78,25.140814423882706,5.014061669333825,0.6298620908261061,35.67150333688429,5.972562543572423,0.461245429062518,12.384615384615383,,0.091323673457899,0.0732132211487524,0.1638183386494068,0.0198449418047067,0.6244741840384141,0.0121425117132957,0.0151831291875249
Ridge (lambda=2.0),310,78,39.10506871293178,6.253404569746929,0.424272096859516,37.95632037485687,6.160870098846175,0.4267373341460146,12.384615384615383,7.688806031362532,2.1207991141966693,2.1207991141966693,0.4491540275868341,-1.0046904214197463,10.455328113919377,-0.814296606475238,-4.943244830510672
SVM (linear kernel),310,78,39.33424605857623,6.271702006519142,0.42089801270628857,38.76446763859096,6.226111759243562,0.41453170804118045,12.384615384615385,,,,,,,,
"Feedforward NN (3 layers, [[16, 4, 1]] activations)",310,78,45.122905688191686,6.717358535033818,0.3356739489150292,48.33468315614427,6.952314949435495,0.26999063540274826,12.384615384615385,,,,,,,,
