model_type,n_train,n_test,mse_train,rmse_train,r2_train,mse_test,rmse_test,r2_test,y_test_mean,bias,Game of season_weight,Game for player_weight,Age (days)_weight,Home?_weight,Game Started?_weight,Year_weight,Month of Season_weight
Linreg,244,61,27.645814919191423,5.257928767032834,0.17547938848853,29.817199442595125,5.460512745392609,0.1123163893662073,8.98360655737705,9.653425764414983,-4.14619043136396,-4.146190431363961,-7.043880813331246,0.516165647472303,1.0587542152219187,-0.2312453588059622,10.711608896492404
Lasso (lambda=0.05),244,61,28.070289189875005,5.298140163290794,0.162819686242171,29.326336896103214,5.415379663154119,0.1269297885364988,8.98360655737705,9.686189678786745,0.0,0.0,-5.677613289949144,0.3226953214589282,1.1460906633640575,-0.0,1.551043064765177
"Random Forest (500 estimators, 5 depth)",244,61,16.65903552540993,4.081548177519155,0.5031537974643998,31.92431210887956,5.650160361341929,0.0495858373832619,8.98360655737705,,0.1391770240061963,0.1303913377041281,0.6307433971800931,0.0292813285087677,0.0397602199094641,0.0019536437349026,0.0286930489564476
"Random Forest (100 estimators, 5 depth)",244,61,16.751515331672106,4.092861508977808,0.5003956401579637,31.99583414537104,5.656486024500638,0.0474565649908339,8.98360655737705,,0.124004366229981,0.114290440212066,0.656739867962303,0.0304110956511049,0.0418633463752791,0.0028649077447528,0.0298259758245127
Ridge (lambda=2.0),244,61,27.945515823362683,5.286351844454045,0.1665409805052556,29.372684475783537,5.4196572286246605,0.1255499813230826,8.98360655737705,9.372035202622808,-0.5242826923456645,-0.5242826923456655,-4.071315244761051,0.4993913577106015,1.3004349559987265,-2.0670872850642947,3.3757966389947605
SVM (linear kernel),244,61,27.976218504998005,5.289255004724012,0.16562529059302145,29.778215903464144,5.456941991946052,0.11347696277410557,8.98360655737705,,,,,,,,
"Feedforward NN (3 layers, [[16, 4, 1]] activations)",244,61,33.40922498939228,5.780071365423811,0.003588980867572089,34.350849496943795,5.860959776089902,-0.02265426263423609,8.98360655737705,,,,,,,,
