model_type,n_train,n_test,mse_train,rmse_train,r2_train,mse_test,rmse_test,r2_test,y_test_mean,bias,Game of season_weight,Game for player_weight,Age (days)_weight,Home?_weight,Game Started?_weight,Year_weight,Month of Season_weight
Linreg,460,116,23.877871741038494,4.886498924694294,0.4055492814430257,27.803677499809467,5.272919257850386,0.36411579989422016,9.706896551724139,9.184042466887414,3.728641160059833,2.397577631908322,0.42747781742832847,-0.284137197805896,6.86185732434653,-5.2063391507016386,-7.275053529765894
Lasso (lambda=0.05),460,116,24.346574617880755,4.934224824415762,0.39388070540952014,28.296271019407364,5.319423936800616,0.3528499363699096,9.706896551724139,7.0195279476721115,0.0,2.439407564059545,-0.0,-0.13361207095182528,7.057547311825304,-2.198247966732468,-2.922080738015182
"Random Forest (500 estimators, 5 depth)",460,116,16.31078275560237,4.038661010236235,0.5939354799100349,24.910447102952112,4.991036676177817,0.43028544585705997,9.706896551724139,,0.04837135126625989,0.06327618909177819,0.2523369655913646,0.007311690522397868,0.596087215085732,0.008419915859879723,0.024196672582587633
"Random Forest (100 estimators, 5 depth)",460,116,16.3041830105053,4.037843856627607,0.5940997836326529,25.21992931531282,5.021944774219727,0.42320743076156386,9.706896551724139,,0.050592832254746624,0.06579485242714148,0.24337125887689903,0.009603642889412732,0.5961799665176607,0.009210446481152329,0.025247000552987186
Ridge (lambda=2.0),460,116,23.940827743013998,4.892936515326354,0.40398196250364593,27.809193088378183,5.273442242821873,0.3639896555874048,9.706896551724139,8.552034776578115,2.01827830223897,2.8137520875342603,-1.642690476095845,-0.2918787370123717,6.828415537487052,-2.260658061949053,-5.7629264450165065
