model_type,n_train,n_test,mse_train,rmse_train,r2_train,mse_test,rmse_test,r2_test,y_test_mean,bias,Game of season_weight,Game for player_weight,Age (days)_weight,Home?_weight,Game Started?_weight,Year_weight,Month of Season_weight
Linreg,412,103,51.398663291944054,7.169286107552415,0.20576554093462607,44.623571108183135,6.680087657223005,0.1601265529712157,12.067961165048544,5.858073629608376,0.7652565441750034,0.765256544175023,14.642609279424082,0.9854470057211868,7.246641995151442,-12.021533964953354,-1.3894557460957089
Lasso (lambda=0.05),412,103,51.66569245366874,7.187885116894171,0.20163929040136896,44.892977611175525,6.700222206104476,0.15505597339407617,12.067961165048544,6.080458017066386,-0.0,-0.0,3.031046079104646,0.7792289307404039,7.129461727977026,0.0,-0.7201914141620438
"Random Forest (500 estimators, 5 depth)",412,103,33.06218075945234,5.749972239885366,0.48910882950683754,39.02622092306906,6.247096999652643,0.2654759384518608,12.067961165048544,,0.09179905725966904,0.09478267425619058,0.4204043985474162,0.026322050324174808,0.3509480130242567,0.007714693346259129,0.008029113242033642
"Random Forest (100 estimators, 5 depth)",412,103,32.77524295855055,5.724966633837314,0.4935427169756651,38.78912986354182,6.228091992218951,0.26993829949737425,12.067961165048544,,0.09325712097479653,0.08930157053539127,0.42152214987297026,0.030236880025322325,0.34560491081481587,0.00962019177360457,0.010457176003099155
Ridge (lambda=2.0),412,103,51.57981791018339,7.18190907142268,0.20296626112831517,44.75789213981451,6.690133940349364,0.15759845705591558,12.067961165048544,6.164379559118869,0.3289417262077648,0.3289417262077647,3.3894062687101045,0.9842233475383102,7.097552593514832,0.08952639929935091,-1.9471779450049995
