model_type,n_train,n_test,mse_train,rmse_train,r2_train,mse_test,rmse_test,r2_test,y_test_mean,bias,Game of season_weight,Game for player_weight,Age (days)_weight,Home?_weight,Game Started?_weight,Year_weight,Month of Season_weight
Linreg,450,113,58.917510785512356,7.675774279218505,0.25423804658243143,55.71097956505245,7.463978802559159,0.15711244204054786,16.95575221238938,12.971534625350397,12.214382982491186,-10.615929621305616,-22.274665044761157,1.9551776499910558,8.482862616011007,17.347575860710464,-6.120699155312808
Lasso (lambda=0.05),450,113,59.44900374552243,7.710318005473083,0.2475105521109192,55.45912711306432,7.447088499075616,0.160922881201369,16.95575221238938,12.03352595205405,-0.0,-0.0,-3.916110597953587,1.7597297226626663,8.501164699265182,-0.0,-1.9805384594823163
"Random Forest (500 estimators, 5 depth)",450,113,42.14451519992971,6.4918807136244965,0.4665460987353105,56.174832273887276,7.494987143010138,0.1500945134373337,16.95575221238938,,0.07165339420089076,0.08791793904201829,0.5268766106057002,0.030513612646052426,0.2290286163099962,0.006998240120542386,0.04701158707479967
"Random Forest (100 estimators, 5 depth)",450,113,42.479244305093,6.517610321666447,0.4623091880443436,57.104326558267715,7.556740471808444,0.13603159130572995,16.95575221238938,,0.07220420173137128,0.08908415363412743,0.542267096006981,0.03268523734159914,0.20566377607632488,0.007563900564764114,0.05053163464483225
Ridge (lambda=2.0),450,113,59.31592142912718,7.701683025750097,0.24919507216136005,55.75695328481789,7.467057873407564,0.15641687580412666,16.95575221238938,12.34974117320886,1.0801589372164546,-0.016039444950916047,-3.992523098238588,1.9353491049826577,8.558924549490142,-0.2301583966797415,-3.56400657452338
