model_type,n_train,n_test,mse_train,rmse_train,r2_train,mse_test,rmse_test,r2_test,y_test_mean,bias,Game of season_weight,Game for player_weight,Age (days)_weight,Home?_weight,Game Started?_weight,Year_weight,Month of Season_weight
Linreg,564,141,86.97373188626058,9.325970828083292,0.1124492778746995,67.1433167773849,8.194102560829032,0.044161483046658456,23.900709219858157,16.936584994605905,-17.72950434457418,28.538576979039856,28.790306791397565,0.19367526316268685,3.0825715633213173,-21.833854997585476,-9.967178324138631
Lasso (lambda=0.05),564,141,88.85088846146803,9.426074923395635,0.09329324492389512,66.62876934809648,8.162644752045534,0.051486474949335115,23.900709219858157,20.539803061169728,-6.446874503181487,13.531684729387191,7.156855000498134,0.05905115508707715,0.35994199572641267,0.0,-9.606916029864847
"Random Forest (500 estimators, 5 depth)",564,141,64.51322600611655,8.032012575072113,0.3416545537767508,66.27797985676719,8.141128905549106,0.05648024235982352,23.900709219858157,,0.11874792500170042,0.11791738805978903,0.6960846922676394,0.017332670203522138,0.0005297104434836167,0.01246064033386008,0.0369269736900053
"Random Forest (100 estimators, 5 depth)",564,141,65.29595088439628,8.080590998460217,0.33366699229265684,65.78088683241357,8.110541710170386,0.06355675692584295,23.900709219858157,,0.10834332690364064,0.11350496164361801,0.6945193769929789,0.018472277814169838,0.0004996025231784433,0.028364147650936936,0.036296306471477094
Ridge (lambda=2.0),564,141,88.3324465683298,9.398534277658927,0.09858384780657481,66.49629251785144,8.154525891666017,0.05337238799369559,23.900709219858157,17.185324246772836,-8.077379295873005,15.211956647008696,6.103165477205259,0.22235328024342302,3.596762976240554,1.490844352128131,-9.902994251217013
