model_type,n_train,n_test,mse_train,rmse_train,r2_train,mse_test,rmse_test,r2_test,y_test_mean,bias,Game of season_weight,Game for player_weight,Age (days)_weight,Home?_weight,Game Started?_weight,Year_weight,Month of Season_weight
Linreg,160,41,19.405983619770446,4.40522231218476,0.37283011685602363,29.023006887724893,5.387300519529693,0.07208957019541351,8.878048780487806,0.5161754571488721,2.7197558176613383,-0.26219588216446255,14.106789915525416,-0.8968894815821786,8.362908289448903,-9.248516032321685,1.678758468529514
Lasso (lambda=0.05),160,41,20.19400803902121,4.493774364498201,0.3473624470579003,28.045711938551264,5.29582023283941,0.1033352016298702,8.878048780487806,3.8766618474037946,0.7205539691800429,0.0,3.742198987821489,-0.5054274066572996,8.015208075033392,-0.0,0.0
"Random Forest (500 estimators, 5 depth)",160,41,9.204250046546699,3.0338506961527787,0.7025335824647616,30.38938801399411,5.512657073861398,0.028404251749322817,8.878048780487806,,0.13643039067036836,0.10605895535273244,0.29565390049705,0.012320158901378518,0.39205635582881965,0.006653458695383883,0.050826780054267225
"Random Forest (100 estimators, 5 depth)",160,41,9.10788860848003,3.0179278666793925,0.7056478276911817,31.443762985346396,5.607473850616372,-0.005305747239668479,8.878048780487806,,0.13663260346584208,0.09714298751521465,0.3118543226154147,0.00825063381464917,0.3930745963049668,0.0069402756391975275,0.046104580644715155
Ridge (lambda=2.0),160,41,20.110396387787844,4.484461660867204,0.3500646398743511,27.62447239635746,5.255898819075331,0.11680288146607143,8.878048780487806,3.624431344786196,0.7515541750625363,0.6473826343919966,4.360745281116269,-0.6553818681055288,7.639074303575991,-0.8124048860479974,0.3072530658685464
