model_type,n_train,n_test,mse_train,rmse_train,r2_train,mse_test,rmse_test,r2_test,y_test_mean,bias,Game of season_weight,Game for player_weight,Age (days)_weight,Home?_weight,Game Started?_weight,Year_weight,Month of Season_weight
Linreg,82,21,17.75943503023,4.214194469911184,0.257945109845228,26.88508068079408,5.185082514366968,0.2986085790209305,6.619047619047619,1.795008550990015,1.815192626344557,1.8151926263445601,-11.197709507919932,-0.5729248824716787,4.834406945906538,15.190874490396617,-3.226836074779171
Lasso (lambda=0.05),82,21,18.1889264313908,4.264847761807073,0.23999937035698993,29.475299471568366,5.429115901467601,0.23103365671073994,6.619047619047619,2.195706350683776,1.6044927647054468,1.2036569945194907e-15,0.0,-0.31419384373688486,4.425844415088651,3.8191293103104775,0.0
"Random Forest (500 estimators, 5 depth)",82,21,6.914119139313846,2.629471266112989,0.7111025260822108,21.26976249677927,4.611915274241198,0.4451038061358461,6.619047619047619,,0.17445087941919468,0.18015004728567927,0.3859516428966259,0.04408508620495431,0.14537996235138384,0.035711454800008244,0.03427092704215363
"Random Forest (100 estimators, 5 depth)",82,21,6.5965411813700126,2.5683732558508727,0.7243721079296316,20.739930224409306,4.554111353975582,0.45892633524819537,6.619047619047619,,0.17948127714257922,0.18415747506760372,0.389886143717447,0.052861253254716994,0.12863777149119282,0.041923695469161026,0.023052383857299175
Ridge (lambda=2.0),82,21,18.307367855714,4.278711003995713,0.23505044951765486,30.153866555805042,5.491253641547169,0.21333085949420105,6.619047619047619,2.2919339791118105,0.9062989200629754,0.9062989200629744,1.0865226611294616,-0.515548974387021,3.92108877633049,2.563119922075251,0.487882769454749
