model_type,n_train,n_test,mse_train,rmse_train,r2_train,mse_test,rmse_test,r2_test,y_test_mean,bias,Game of season_weight,Game for player_weight,Age (days)_weight,Home?_weight,Game Started?_weight,Year_weight,Month of Season_weight
Linreg,82,21,17.75943503023,4.214194469911184,0.257945109845228,26.88508068079408,5.185082514366968,0.2986085790209305,6.619047619047619,1.795008550990015,1.815192626344557,1.81519262634456,-11.197709507919932,-0.5729248824716787,4.834406945906538,15.190874490396617,-3.226836074779171
Lasso (lambda=0.05),82,21,18.1889264313908,4.264847761807073,0.2399993703569899,29.475299471568366,5.429115901467601,0.2310336567107399,6.619047619047619,2.195706350683776,1.6044927647054468,1.2036569945194909e-15,0.0,-0.3141938437368848,4.425844415088651,3.8191293103104775,0.0
"Random Forest (500 estimators, 5 depth)",82,21,6.914119139313846,2.629471266112989,0.7111025260822108,21.26976249677927,4.611915274241198,0.4451038061358461,6.619047619047619,,0.1744508794191946,0.1801500472856792,0.3859516428966259,0.0440850862049543,0.1453799623513838,0.0357114548000082,0.0342709270421536
"Random Forest (100 estimators, 5 depth)",82,21,6.5965411813700126,2.5683732558508727,0.7243721079296316,20.739930224409303,4.554111353975582,0.4589263352481953,6.619047619047619,,0.1794812771425792,0.1841574750676037,0.389886143717447,0.0528612532547169,0.1286377714911928,0.041923695469161,0.0230523838572991
Ridge (lambda=2.0),82,21,18.307367855714,4.278711003995713,0.2350504495176548,30.15386655580504,5.491253641547169,0.213330859494201,6.619047619047619,2.2919339791118105,0.9062989200629754,0.9062989200629744,1.0865226611294616,-0.515548974387021,3.92108877633049,2.563119922075251,0.487882769454749
SVM (linear kernel),82,21,18.47559938576591,4.298325183808911,0.2280211138805276,30.00894550903605,5.478042123700406,0.21711163218854124,6.619047619047619,,,,,,,,
"Feedforward NN (3 layers, [[16, 4, 1]] activations)",82,21,18.30210260819156,4.27809567543686,0.23527045103601663,29.021353664635235,5.387147080286117,0.24287642178749758,6.619047619047619,,,,,,,,
