model_type,n_train,n_test,mse_train,rmse_train,r2_train,mse_test,rmse_test,r2_test,y_test_mean,bias,Game of season_weight,Game for player_weight,Age (days)_weight,Home?_weight,Game Started?_weight,Year_weight,Month of Season_weight
Linreg,1128,282,49.59661174419969,7.042486190557969,0.2538115882905909,50.69166095857267,7.119807648986921,0.24105033514293484,13.28368794326241,13.47027881207429,-28.387592851706227,24.41910915078779,-13.272930692052334,1.1076276926001418,3.6184877082203832,7.893138210646013,5.346421288671909
Lasso (lambda=0.05),1128,282,51.81357221710978,7.198164503337623,0.22045708773245987,52.67095695981753,7.257475935875884,0.2114165451192589,13.28368794326241,14.900672757728287,-0.0,0.43090432608179086,-7.915299909634532,0.9232168193776564,3.421952914642898,-0.0,0.0
"Random Forest (500 estimators, 5 depth)",1128,282,33.725849126878416,5.807396071121585,0.4925895760111133,37.68202749045559,6.138568847089327,0.43582905759611856,13.28368794326241,,0.027736023274100848,0.033422526910947103,0.8630466266771676,0.01707866963468436,0.015200755791258309,0.04084421713697222,0.0026711805748696285
"Random Forest (100 estimators, 5 depth)",1128,282,33.91762917978775,5.823884372116925,0.48970421654712326,38.17542323381777,6.178626322558904,0.4284419937874845,13.28368794326241,,0.029660949030048758,0.03342125762544141,0.8762859659042027,0.014650126848747159,0.013994276711228786,0.02905061573319629,0.0029368081471349643
Ridge (lambda=2.0),1128,282,50.241864749628014,7.088149599834079,0.2441036607056467,50.88002133321786,7.133023295434963,0.23823022547388795,13.28368794326241,14.232174934377593,-13.084441985750702,11.663761984030252,-4.253278942061053,1.1033768283503442,3.511707138077185,-2.8761903951964594,2.669906318969002
