model_type,n_train,n_test,mse_train,rmse_train,r2_train,mse_test,rmse_test,r2_test,y_test_mean,bias,Game of season_weight,Game for player_weight,Age (days)_weight,Home?_weight,Game Started?_weight,Year_weight,Month of Season_weight
Linreg,228,58,6.011864271206643,2.451910330988196,0.323517406041387,8.02627644130525,2.833068379214531,0.0187384086149564,2.310344827586207,2.849290410421803,-3.551227956896707,5.47915059953243,-8.8108612194531,0.1149396186317124,2.251432446157007,7.847021386523408,-2.112928480746063
Lasso (lambda=0.05),228,58,6.346782146647065,2.519282069687129,0.2858309076574887,7.517923670622593,2.7418832343158948,0.0808876570731791,2.310344827586207,2.5814835856064358,-0.0,0.0,-2.3731280010759863,0.0,2.751134647284109,-0.0,-0.0
"Random Forest (500 estimators, 5 depth)",228,58,2.7164087202661067,1.6481531240349323,0.6943372081538051,8.930220715483445,2.98834748907878,-0.0917743308215695,2.310344827586207,,0.1448511034691247,0.1523187542766727,0.6281556138083966,0.0210575055836934,0.0264254988304066,0.0113271335256213,0.0158643905060845
"Random Forest (100 estimators, 5 depth)",228,58,2.7966086629110323,1.6723063902619737,0.685312742066702,9.232349464951348,3.0384781494938133,-0.128711426082873,2.310344827586207,,0.1451902996420555,0.1534666214473951,0.6299184497868721,0.0220386084212833,0.0242536946766428,0.0105878602262663,0.0145444657994847
Ridge (lambda=2.0),228,58,6.145472830656036,2.4790064200513955,0.308483156964227,7.742043583361231,2.7824527998442723,0.0534876212230271,2.310344827586207,2.827440627806637,-1.2147929483166615,2.324603503208918,-1.4603791535525148,0.0803763402459351,2.6003502462237043,-0.6875672769746632,-0.9224739781086492
SVM (linear kernel),228,58,6.496192701719874,2.548762974801673,0.2690185454182854,7.784527042635273,2.7900765298886108,0.04829375739842057,2.310344827586207,,,,,,,,
"Feedforward NN (3 layers, [[16, 4, 1]] activations)",228,58,6.461447595111729,2.5419377638155756,0.2729282244771123,8.288128052452015,2.878910914295893,-0.01327455910919384,2.310344827586207,,,,,,,,
