model_type,n_train,n_test,mse_train,rmse_train,r2_train,mse_test,rmse_test,r2_test,y_test_mean,bias,Game of season_weight,Game for player_weight,Age (days)_weight,Home?_weight,Game Started?_weight,Year_weight,Month of Season_weight
Linreg,82,21,8.921579354077071,2.986901296339916,0.0829659475233242,13.154673257126918,3.626937173032767,0.1558191346925244,3.4761904761904763,1.915317793673,-1.9394432438163467,1.0689525937598805,2.669159785396676,-0.2096981947181529,2.36555827626633,-3.2764615287924195,2.434970274390136
Lasso (lambda=0.05),82,21,9.096341541954692,3.016014181325196,0.0650024378117992,13.333544534975218,3.651512636562445,0.144340346343994,3.4761904761904763,2.0913502758190035,-0.0,0.0,-0.2269345242225044,-0.0,1.4811299318626372,-0.0,1.280475010625135
"Random Forest (500 estimators, 5 depth)",82,21,3.3282481852102186,1.8243487016495008,0.6578949982060427,10.907532525953108,3.3026553749904197,0.3000259249206457,3.4761904761904763,,0.1683132342564856,0.3568346222475783,0.2888742454569973,0.0248698287895641,0.0471597183811174,0.0102991299901878,0.1036492208780694
"Random Forest (100 estimators, 5 depth)",82,21,3.3762557725899325,1.8374590533097417,0.6529603794959229,10.3752078731976,3.2210569496979717,0.3341870384051014,3.4761904761904763,,0.1737523981442442,0.358787960228547,0.2596489609455327,0.0267506350818842,0.0536431082314921,0.0120539008299492,0.1153630365383505
Ridge (lambda=2.0),82,21,9.015676644664865,3.0026116373358818,0.0732938461733131,13.461133091432847,3.668941685477278,0.13615254753756,3.4761904761904763,2.257671454708022,-0.5155939662852685,0.6216697525299084,-0.2435241950052047,-0.1786062867198116,1.6582600044968636,-0.3009153543648074,1.186058870493148
SVM (linear kernel),82,21,9.500734153963528,3.0823260946829634,0.02343560518449994,14.283761895792699,3.77938644435743,0.0833616129155148,3.4761904761904763,,,,,,,,
"Feedforward NN (3 layers, [[16, 4, 1]] activations)",82,21,9.64958622144197,3.1063783126724873,0.008135352926259554,15.471536826821048,3.933387449364866,0.007137988849231114,3.4761904761904763,,,,,,,,
