model_type,n_train,n_test,mse_train,rmse_train,r2_train,mse_test,rmse_test,r2_test,y_test_mean,bias,Game of season_weight,Game for player_weight,Age (days)_weight,Home?_weight,Game Started?_weight,Year_weight,Month of Season_weight
Linreg,568,143,44.56816878734029,6.675939543415614,0.1741720268164012,41.70743528079126,6.458129394862824,0.1185370495335725,10.342657342657343,7.516522778403312,-16.76686779010535,11.671677924966255,8.113484380290334,1.056584464187073,4.224306184872814,-10.495399049213194,8.394936052056325
Lasso (lambda=0.05),568,143,45.75451223633375,6.764208175118042,0.1521896202549676,40.87484266475647,6.393343621670626,0.1361334214736277,10.342657342657343,9.067302104000293,-0.0,1.8765523494697869,-0.0,0.7853595751444471,4.333883490820139,-4.864205359182483,-0.0
"Random Forest (500 estimators, 5 depth)",568,143,29.8692369965547,5.465275564557994,0.4465365726129626,36.442021872763846,6.036722775874659,0.2298185706057374,10.342657342657343,,0.0799542578200607,0.0784600896670746,0.5781586828771844,0.0291988130976181,0.1838613244567281,0.0333729136688611,0.0169939184124728
"Random Forest (100 estimators, 5 depth)",568,143,29.986967544062704,5.476035750802098,0.444355078912958,36.83958240629048,6.069561961648507,0.2214163545856892,10.342657342657343,,0.0789128324738382,0.0891855958390088,0.574827698807382,0.0288381391262943,0.1797424227498177,0.0347046610702984,0.0137886499333603
Ridge (lambda=2.0),568,143,44.99255630519091,6.707649089300283,0.166308318406408,40.51344896507881,6.365017593461844,0.1437712720068291,10.342657342657343,8.61570363338021,-6.44431385753706,6.68203895686368,-1.3043581965442317,1.0014682469360183,4.296529938903068,-2.752710790795367,1.803841267706764
SVM (linear kernel),568,143,44.98875814000679,6.707365961389522,0.16637869668626937,40.46305743778951,6.3610578866875205,0.1448362683084211,10.342657342657343,,,,,,,,
"Feedforward NN (3 layers, [[16, 4, 1]] activations)",568,143,44.16784115854648,6.645889041997803,0.18158991638403565,41.135180678156644,6.413671388382526,0.13063132545968337,10.342657342657343,,,,,,,,
