model_type,n_train,n_test,mse_train,rmse_train,r2_train,mse_test,rmse_test,r2_test,y_test_mean,bias,Game of season_weight,Game for player_weight,Age (days)_weight,Home?_weight,Game Started?_weight,Year_weight,Month of Season_weight
Linreg,568,143,44.568168787340284,6.675939543415614,0.1741720268164012,41.70743528079126,6.458129394862824,0.11853704953357258,10.342657342657343,7.516522778403312,-16.76686779010535,11.671677924966257,8.113484380290334,1.056584464187073,4.224306184872814,-10.495399049213194,8.394936052056325
Lasso (lambda=0.05),568,143,45.754512236333746,6.764208175118042,0.15218962025496763,40.87484266475647,6.393343621670626,0.13613342147362772,10.342657342657343,9.067302104000293,-0.0,1.8765523494697869,-0.0,0.7853595751444471,4.333883490820139,-4.864205359182483,-0.0
"Random Forest (500 estimators, 5 depth)",568,143,29.8692369965547,5.465275564557994,0.44653657261296265,36.442021872763846,6.036722775874659,0.2298185706057374,10.342657342657343,,0.07995425782006078,0.07846008966707464,0.5781586828771844,0.02919881309761812,0.1838613244567281,0.033372913668861116,0.01699391841247285
"Random Forest (100 estimators, 5 depth)",568,143,29.986967544062704,5.476035750802098,0.444355078912958,36.839582406290475,6.069561961648507,0.2214163545856892,10.342657342657343,,0.0789128324738382,0.08918559583900883,0.574827698807382,0.028838139126294304,0.17974242274981778,0.03470466107029842,0.013788649933360344
Ridge (lambda=2.0),568,143,44.99255630519091,6.707649089300283,0.16630831840640803,40.51344896507881,6.365017593461844,0.14377127200682915,10.342657342657343,8.61570363338021,-6.44431385753706,6.68203895686368,-1.3043581965442317,1.0014682469360185,4.296529938903068,-2.752710790795367,1.803841267706764
