model_type,n_train,n_test,mse_train,rmse_train,r2_train,mse_test,rmse_test,r2_test,y_test_mean,bias,Game of season_weight,Game for player_weight,Age (days)_weight,Home?_weight,Game Started?_weight,Year_weight,Month of Season_weight
Linreg,218,55,21.354929812056234,4.621139449535821,0.30688058577145727,24.08089248164791,4.90722859480256,0.36560796546962426,6.3090909090909095,3.34297526162666,-3.9711971095031937,0.13358755883028373,9.265716239564798,0.05964962484837419,6.52195397608135,-10.919869197083306,9.481016400951436
Lasso (lambda=0.05),218,55,22.005555341654496,4.691007923853305,0.28576315808959785,24.149726731039795,4.914237146398187,0.36379458170279055,6.3090909090909095,3.5789340212076626,-0.0,0.0,-0.0,-0.0,6.141548512368431,-0.0,3.5980980824599516
"Random Forest (500 estimators, 5 depth)",218,55,11.659189464139745,3.4145555295147485,0.6215763459357393,16.493028742393705,4.061161009168893,0.565504224254603,6.3090909090909095,,0.10153162673453045,0.17193121633928654,0.2747778023243685,0.015533866059909127,0.3871439091466209,0.012187899181434609,0.03689368021384993
"Random Forest (100 estimators, 5 depth)",218,55,11.834494672355008,3.440130037128685,0.6158864446202699,15.886505574185893,3.9857879489739405,0.5814825966078038,6.3090909090909095,,0.10455852122568716,0.17560744019180058,0.27250618845293745,0.013419760351598491,0.3829700298690891,0.010903349578894847,0.040034710329992416
Ridge (lambda=2.0),218,55,21.769012327077267,4.665727416714061,0.2934406619328116,23.991272033846545,4.898088610248547,0.36796894516585277,6.3090909090909095,3.6338761175491743,-1.6093612036618619,0.8241851479564903,0.7375722582001656,0.013246638936425574,6.081532820661539,-1.0615746812334126,4.679031948569166
