model_type,n_train,n_test,mse_train,rmse_train,r2_train,mse_test,rmse_test,r2_test,y_test_mean,bias,Game of season_weight,Game for player_weight,Age (days)_weight,Home?_weight,Game Started?_weight,Year_weight,Month of Season_weight
Linreg,124,31,9.493123230747763,3.0810912402504025,0.09863984935175019,7.695742849164501,2.774120193712684,0.021744857401179263,2.935483870967742,4.878558602496182,-0.5471133863863994,-0.5471133863864,-1.126044548058104,-0.44883338498376174,1.5439560280489752,0.9048845551623307,-2.6792091384898793
Lasso (lambda=0.05),124,31,9.581887611498606,3.0954624228858933,0.09021178267010899,7.22025783351885,2.6870537459304473,0.08218680185031557,2.935483870967742,4.383489622678943,-0.3258490128056188,-0.0,-0.0,-0.24263552303007682,0.0,-0.0,-2.5241409093104443
"Random Forest (500 estimators, 5 depth)",124,31,4.527708301482836,2.1278412303277787,0.5700997724861057,8.925128413698035,2.9874953412010594,-0.13453021237616558,2.935483870967742,,0.21337911392056227,0.20431727717688772,0.4274808496091079,0.06003971836082941,0.002351584176905086,0.029805211656785815,0.06262624509892176
"Random Forest (100 estimators, 5 depth)",124,31,4.635728425751409,2.153074180271411,0.5598433970955067,8.630353711691248,2.937746366126805,-0.0970595128221281,2.935483870967742,,0.1869159927828519,0.2108240756712978,0.44327303038464383,0.05822348545229224,0.0021474606838284543,0.026837165022865605,0.07177879000222016
Ridge (lambda=2.0),124,31,9.519207002537481,3.0853212154551235,0.09616322791764675,7.592694050107943,2.755484358530809,0.03484404997966495,2.935483870967742,4.677015217170093,-0.883786247923101,-0.8837862479230985,-0.11704028407090242,-0.43073996725085295,0.7420242093288671,-0.23854283451625535,-1.5140665358763823
