model_type,n_train,n_test,mse_train,rmse_train,r2_train,mse_test,rmse_test,r2_test,y_test_mean,bias,Game of season_weight,Game for player_weight,Age (days)_weight,Home?_weight,Game Started?_weight,Year_weight,Month of Season_weight
Linreg,444,112,56.202911959196506,7.496860140031726,0.0490496002146954,67.1462356440632,8.194280666663987,0.07168510926733018,22.660714285714285,18.80624188916841,-6.400544993023968,5.736699940264794,2.440020382239477,0.7061306881770977,1.4432899320127035e-15,0.3769586182083646,7.635428701311218
Lasso (lambda=0.05),444,112,56.43398555534551,7.512255690226838,0.04513984676994065,67.66712731632897,8.226003119153857,0.06448364084270808,22.660714285714285,19.850354791392977,0.0,1.390700795100701,0.13922279918330097,0.4962306940509241,0.0,1.761964456633093,3.6800135816193587
"Random Forest (500 estimators, 5 depth)",444,112,38.2980051393224,6.18853820698575,0.3519997091136673,70.96808814211148,8.424255939969505,0.018846963538221795,22.660714285714285,,0.15247046001893264,0.14078994760217745,0.5971453497975119,0.03867764430949481,0.0,0.021719889556646773,0.04919670871523654
"Random Forest (100 estimators, 5 depth)",444,112,38.85026400746979,6.2329979951440535,0.3426555172712408,69.16764765541824,8.316708943772063,0.04373854081941353,22.660714285714285,,0.17142223342210858,0.13812492693913894,0.5808149179537091,0.04501233916182199,0.0,0.027044322007744606,0.03758126051547672
Ridge (lambda=2.0),444,112,56.32123682273386,7.504747618856603,0.04704754956708712,66.86176585256499,8.176904417477617,0.07561798116816565,22.660714285714285,19.133701703409585,-0.5429804970851351,2.610115625542812,1.2932368511901018,0.7037518026194771,0.0,1.2693385605933216,3.806869527945319
