model_type,n_train,n_test,mse_train,rmse_train,r2_train,mse_test,rmse_test,r2_test,y_test_mean,bias,Game of season_weight,Game for player_weight,Age (days)_weight,Home?_weight,Game Started?_weight,Year_weight,Month of Season_weight
Linreg,325,82,39.50708233047983,6.285465959694622,0.18381077043019256,41.04501713598199,6.40663852078311,0.271966194330182,16.01219512195122,11.716602717455604,13.708201271951523,-25.982844122712745,-0.8424959513146497,0.09474530974692286,4.415116844541551,0.0020204230333231155,11.524580731975249
Lasso (lambda=0.05),325,82,40.834038437254755,6.390151675606359,0.15639676720409246,42.97939970311391,6.555867578216778,0.23765518655779583,16.01219512195122,12.263423814729176,3.5882839666033313,-12.14634142020959,-1.7148530282285426,0.0,5.014947270159398,-0.0,7.499733482509494
"Random Forest (500 estimators, 5 depth)",325,82,27.656401726981652,5.258935417646964,0.4286377052753597,35.49036885464808,5.957379361317196,0.3704914724173899,16.01219512195122,,0.14587944537521697,0.14122205376232685,0.6509305726134742,0.019324662150650533,0.0025881838515690457,0.0193377415028813,0.020717340743881256
"Random Forest (100 estimators, 5 depth)",325,82,27.637213550837092,5.257110760754151,0.42903411983650774,36.05145238814517,6.0042861680757,0.36053928312149486,16.01219512195122,,0.1364183908101093,0.12712243882848726,0.6689623887407551,0.019248161029241626,0.0015908904862661347,0.024886468020136384,0.02177126208500414
Ridge (lambda=2.0),325,82,40.90840727632799,6.395968048413625,0.15486035798613418,42.56026357573517,6.523822773170281,0.2450895912968244,16.01219512195122,12.092289410567505,3.923671432883224,-11.411164151157642,-2.3667312063090176,0.05146341117970509,5.518088611908132,0.04658729990026169,6.445078019724521
