model_type,n_train,n_test,mse_train,rmse_train,r2_train,mse_test,rmse_test,r2_test,y_test_mean,bias,Game of season_weight,Game for player_weight,Age (days)_weight,Home?_weight,Game Started?_weight,Year_weight,Month of Season_weight
Linreg,163,41,16.575926469546012,4.071354377789535,0.1615534467060981,19.172156995870395,4.3786021737388285,0.2645277062971671,6.073170731707317,4.443930837614209,1.3121361570315249,-2.409111236206355,1.3063535732261649,0.0722179916455269,4.153196819915593,-1.7552282494347036,2.082079859535553
Lasso (lambda=0.05),163,41,16.67435864992887,4.08342486767283,0.1565745321020284,19.39274600457232,4.403719564705764,0.2560655857214499,6.073170731707317,5.185293556182478,0.0,0.0,-0.1092290407810491,0.0,3.7357263158597176,-0.0,0.1223938205733585
"Random Forest (500 estimators, 5 depth)",163,41,8.763496770442615,2.9603203830738685,0.5567231988221355,15.773507850760616,3.9715875730947454,0.3949049133471338,6.073170731707317,,0.1933064123592267,0.1925600593820044,0.2941931577999089,0.0245783223561424,0.2477760553671038,0.0125735885070466,0.0350124042285671
"Random Forest (100 estimators, 5 depth)",163,41,8.61870782267341,2.935763584261071,0.5640469399376126,15.62463252375616,3.9528005924605103,0.4006159910444065,6.073170731707317,,0.1694783513835625,0.1963352165046073,0.3127659342304791,0.0250995149807727,0.2475910259503298,0.0100324994038994,0.0386974575463488
Ridge (lambda=2.0),163,41,16.615186972930005,4.07617307936378,0.1595675647221638,19.103952749150498,4.370806876212961,0.2671441220602011,6.073170731707317,4.959127086573632,0.0060214862516176,-0.1825240834856596,-0.0603352146677633,0.0836380142016065,3.797576582528259,-0.3553270015958267,0.790427021581264
SVM (linear kernel),163,41,17.039068267381257,4.127840630085088,0.1381267233314054,18.701714894529434,4.324547941060364,0.28257456098347833,6.073170731707317,,,,,,,,
"Feedforward NN (3 layers, [[16, 4, 1]] activations)",163,41,18.28139571530155,4.2756748841909795,0.07528708847389709,21.74596160181407,4.663256544713583,0.16579275553059214,6.073170731707317,,,,,,,,
