model_type,n_train,n_test,mse_train,rmse_train,r2_train,mse_test,rmse_test,r2_test,y_test_mean,bias,Game of season_weight,Game for player_weight,Age (days)_weight,Home?_weight,Game Started?_weight,Year_weight,Month of Season_weight
Linreg,549,138,50.32211861087861,7.093808470129329,0.2540416554766175,46.10332451517965,6.7899428948393705,0.13955196296012473,15.079710144927537,5.698194074078426,0.5274894881598606,7.77684867116476,12.535299874763556,0.6825812252260584,3.606296185495494,-0.4528519236852411,-5.5774962599256845
Lasso (lambda=0.05),549,138,50.73790934019932,7.123054775880874,0.2478781120354001,45.36290850778042,6.7351992181212,0.15337069527193026,15.079710144927537,6.425400064291946,0.0,2.926037610183572,10.945932016914934,0.42841104875906766,3.5287471722680674,0.0,-0.0
"Random Forest (500 estimators, 5 depth)",549,138,36.170033438982195,6.0141527615269466,0.46382745777985324,49.42794948383588,7.030501367885215,0.07750292293412542,15.079710144927537,,0.09879491449456523,0.1044593987962292,0.7414670469717167,0.021254285779051123,0.017447973769193225,0.00304185276527767,0.01353452742396691
"Random Forest (100 estimators, 5 depth)",549,138,36.356563651864306,6.029640424757044,0.46106239596119103,50.29456995653987,7.09186646493995,0.06132877730713937,15.079710144927537,,0.10472322086580774,0.10039545693722235,0.7388368218425277,0.020560660092108246,0.01853244951867014,0.0024034656835432025,0.01454792506012055
Ridge (lambda=2.0),549,138,50.43043399977134,7.101438868269679,0.2524360241873308,46.03018225359401,6.784554683514167,0.14091705140152966,15.079710144927537,5.923233596600047,2.4579335017177715,3.6560305114597864,6.817028788274237,0.6488730232563176,3.7509184279984127,4.878192059275225,-3.6946422132371337
