model_type,n_train,n_test,mse_train,rmse_train,r2_train,mse_test,rmse_test,r2_test,y_test_mean,bias,Game of season_weight,Game for player_weight,Age (days)_weight,Home?_weight,Game Started?_weight,Year_weight,Month of Season_weight
Linreg,164,41,21.127052510056263,4.596417355947593,0.3404570285501195,35.305165166831074,5.941814972450007,0.0022530741158157,11.073170731707316,3.788264753332864,13.37500227560708,-4.560663827118338,-6.928347449030221,0.0264061890893165,4.70821952071501,12.632920082041458,-11.04957263149755
Lasso (lambda=0.05),164,41,22.1835643743962,4.709943139189283,0.307474908869812,31.0303464896478,5.570488891439224,0.1230622297653414,11.073170731707316,4.11181392274999,0.6549962917497554,0.1549757709295705,0.0,0.0,4.535242529662247,4.35372298850097,-0.0
"Random Forest (500 estimators, 5 depth)",164,41,9.156783940674694,3.0260178354852263,0.714144105701328,34.44983271722435,5.869397985928741,0.0264253253479347,11.073170731707316,,0.2194017905619347,0.1600304438146949,0.4392865038031255,0.0168866728456357,0.1327501149996126,0.0093718629172262,0.0222726110577702
"Random Forest (100 estimators, 5 depth)",164,41,9.33486475124691,3.0553010901132,0.7085847903681979,34.77923801476324,5.897392475896719,0.0171161174335594,11.073170731707316,,0.227596432788405,0.1709216010339284,0.4415412960254364,0.0165723175373937,0.1140175240779211,0.0064483791356492,0.022902449401266
Ridge (lambda=2.0),164,41,21.91249062123185,4.681077933684917,0.3159372719258506,31.906337070924412,5.648569471195731,0.0983061662986457,11.073170731707316,4.365500707548823,2.426440000129777,1.1270508752423345,1.2498526175003577,0.0278736484447279,3.9089930704788474,3.2105440358037787,-2.4545155548848525
SVM (linear kernel),164,41,21.646894638388705,4.652622339970084,0.32422863029901405,34.891612713256144,5.9069122825090385,0.01394033537904582,11.073170731707316,,,,,,,,
"Feedforward NN (3 layers, [[16, 4, 1]] activations)",164,41,23.242149498670027,4.821011252701037,0.2744280662937417,33.74785065316954,5.80929003004408,0.04626379496355171,11.073170731707316,,,,,,,,
