model_type,n_train,n_test,mse_train,rmse_train,r2_train,mse_test,rmse_test,r2_test,y_test_mean,bias,Game of season_weight,Game for player_weight,Age (days)_weight,Home?_weight,Game Started?_weight,Year_weight,Month of Season_weight
Linreg,653,164,40.39544816946967,6.355741354827906,0.2894475341352063,48.09301390783683,6.934912682062898,0.2237452931081105,12.774390243902438,8.581057618530977,5.559606526604596,4.65319302692383,21.102551229918955,0.6518939272444199,7.149201555655456,-22.99443086919188,-12.758225593642251
Lasso (lambda=0.05),653,164,41.2928187337088,6.42594885862849,0.2736628629381057,48.07382888504588,6.93352932387582,0.2240549527246161,12.774390243902438,7.884983376334785,0.0,3.6982482117738593,0.0,0.4929578873590823,7.3631553549357,-0.0,-5.017395637024279
"Random Forest (500 estimators, 5 depth)",653,164,28.609744544941663,5.348807768553817,0.4967570492376836,43.07099353199799,6.562849497893273,0.3048041962228647,12.774390243902438,,0.0635352043947476,0.0996573395654262,0.3225830369315047,0.0113882093210983,0.4782471019855266,0.0054325401349422,0.0191565676667542
"Random Forest (100 estimators, 5 depth)",653,164,28.848236804580967,5.371055464671815,0.4925619908621597,43.1385518309819,6.567994506010332,0.3037137582711828,12.774390243902438,,0.0713380745135108,0.097166542460966,0.3235069127748906,0.011161815474648,0.4773676385312849,0.0034149926746022,0.0160440235700975
Ridge (lambda=2.0),653,164,40.752124851743744,6.383739096465624,0.2831736219101683,48.22494122949232,6.944417990695284,0.2216158943434798,12.774390243902438,7.995541068867018,2.3537635610033885,4.457144287467309,1.7842559148102797,0.6828582683948697,7.321916881979506,-2.0786794140798754,-9.431641310327
SVM (linear kernel),653,164,40.61652098708771,6.373109208784022,0.2855588822495986,49.076037783671694,7.005429164845769,0.20787860377842438,12.774390243902438,,,,,,,,
"Feedforward NN (3 layers, [[16, 4, 1]] activations)",653,164,40.57669623185788,6.369984005620256,0.2862593962756418,45.09960611986565,6.715624030562286,0.27206097757555514,12.774390243902438,,,,,,,,
