model_type,n_train,n_test,mse_train,rmse_train,r2_train,mse_test,rmse_test,r2_test,y_test_mean,bias,Game of season_weight,Game for player_weight,Age (days)_weight,Home?_weight,Game Started?_weight,Year_weight,Month of Season_weight
Linreg,653,164,40.39544816946967,6.355741354827906,0.2894475341352063,48.09301390783683,6.934912682062898,0.22374529310811053,12.774390243902438,8.581057618530977,5.559606526604596,4.65319302692383,21.102551229918955,0.6518939272444199,7.149201555655456,-22.994430869191877,-12.758225593642253
Lasso (lambda=0.05),653,164,41.2928187337088,6.42594885862849,0.2736628629381057,48.07382888504588,6.9335293238758195,0.22405495272461617,12.774390243902438,7.884983376334785,0.0,3.6982482117738593,0.0,0.49295788735908236,7.3631553549357,-0.0,-5.017395637024279
"Random Forest (500 estimators, 5 depth)",653,164,28.609744544941663,5.348807768553817,0.4967570492376836,43.07099353199799,6.562849497893273,0.3048041962228647,12.774390243902438,,0.06353520439474765,0.09965733956542622,0.3225830369315047,0.011388209321098382,0.4782471019855266,0.005432540134942252,0.019156567666754276
"Random Forest (100 estimators, 5 depth)",653,164,28.848236804580967,5.371055464671815,0.4925619908621597,43.1385518309819,6.567994506010332,0.30371375827118285,12.774390243902438,,0.0713380745135108,0.09716654246096605,0.32350691277489063,0.011161815474648002,0.4773676385312849,0.0034149926746022165,0.016044023570097536
Ridge (lambda=2.0),653,164,40.752124851743744,6.383739096465624,0.28317362191016837,48.22494122949232,6.944417990695284,0.22161589434347984,12.774390243902438,7.995541068867018,2.3537635610033885,4.457144287467309,1.7842559148102795,0.6828582683948697,7.321916881979506,-2.0786794140798754,-9.431641310326999
