model_type,n_train,n_test,mse_train,rmse_train,r2_train,mse_test,rmse_test,r2_test,y_test_mean,bias,Game of season_weight,Game for player_weight,Age (days)_weight,Home?_weight,Game Started?_weight,Year_weight,Month of Season_weight
Linreg,604,152,14.215259285501382,3.770312889602318,0.13665091978465804,11.73244557850633,3.425265767572836,0.008415709848627495,4.309210526315789,4.420513689536788,-4.309113311751939,8.427708188754213,8.561286671335056,0.020936707882376324,2.650985556597516,-11.05114023555752,-2.2872490253653144
Lasso (lambda=0.05),604,152,14.564738243137674,3.816377633717302,0.11542567650417523,11.470694285026903,3.3868413433503055,0.030537991925647323,4.309210526315789,4.123739804005538,0.0,0.5551694286403356,-0.0,0.0,2.370557469912618,-1.234301890872962,-0.0
"Random Forest (500 estimators, 5 depth)",604,152,10.116515708585197,3.1806470581605244,0.3855838745833309,11.183766854822247,3.3442139367603634,0.054788070930971156,4.309210526315789,,0.09812995136384202,0.15795251576642105,0.4733524144432082,0.02211426499428481,0.19859020989415016,0.022506403273527084,0.02735424026456663
"Random Forest (100 estimators, 5 depth)",604,152,10.18579056968224,3.191518536634597,0.38137653749513734,11.254510580064348,3.354774296441468,0.04880906458421563,4.309210526315789,,0.08899268758944888,0.17259239114064584,0.47407805648777246,0.021732884290014035,0.19646169005738012,0.022120534168919934,0.024021756265818803
Ridge (lambda=2.0),604,152,14.314345153497738,3.7834303420966715,0.13063304200424752,11.504059724790498,3.391763512509458,0.027718064427821765,4.309210526315789,4.508923451775814,0.26695657318484833,2.965534424283933,-0.24868143637081835,0.014882000537040531,2.624531814375845,-1.9135584272227624,-2.456840881194596
