model_type,n_train,n_test,mse_train,rmse_train,r2_train,mse_test,rmse_test,r2_test,y_test_mean,bias,Game of season_weight,Game for player_weight,Age (days)_weight,Home?_weight,Game Started?_weight,Year_weight,Month of Season_weight
Linreg,136,35,11.824558116786184,3.4386855216472156,0.11780023101807802,19.812605145843285,4.4511352648333755,-0.019338147990677124,4.142857142857143,2.850614125936313,7.30737850352356,-1.2900523969455984,-5.062403792833631,0.9457438757589613,1.9922306702606492,4.308247243980483,-6.874796307977312
Lasso (lambda=0.05),136,35,12.441122804756159,3.527197585159663,0.07179993063329215,21.022407679822305,4.58501992142044,-0.08158124350198759,4.142857142857143,2.1318049711923486,0.04856819069778591,1.1020882690488238,-0.0,0.7661277914132265,1.7986088079534615,-0.0,-0.0
"Random Forest (500 estimators, 5 depth)",136,35,4.932849042587518,2.2210018105772718,0.6319728616652801,21.933096246044116,4.683278365210007,-0.1284352331543066,4.142857142857143,,0.18400851250414907,0.24508225344472653,0.4130558205569164,0.06234456746358833,0.0386918034711399,0.009968744523668081,0.04684829803581185
"Random Forest (100 estimators, 5 depth)",136,35,5.256141947935674,2.2926277386299927,0.6078528122228612,21.872732514853105,4.676829322826856,-0.1253295812975661,4.142857142857143,,0.18439978244579694,0.2708009805111458,0.3905017282884344,0.06705293672143321,0.03041473893156953,0.0076032276460934614,0.04922660545552669
Ridge (lambda=2.0),136,35,12.117489553832606,3.4810184650232188,0.09594537238086298,20.5157588681847,4.529432510611533,-0.055514683474433335,4.142857142857143,2.1757586328244893,1.888381529268013,1.1925922052014168,-0.3669921328135302,0.9103425126849882,1.8286264640456973,0.14786336164733516,-2.0814979454606246
