model_type,n_train,n_test,mse_train,rmse_train,r2_train,mse_test,rmse_test,r2_test,y_test_mean,bias,Game of season_weight,Game for player_weight,Age (days)_weight,Home?_weight,Game Started?_weight,Year_weight,Month of Season_weight
Linreg,775,194,35.86679585596617,5.988889367484273,0.3200362169469121,39.246994694924744,6.264742189023004,0.21800722733846734,11.195876288659793,10.563311299004484,1.3761194962069607,1.8544566269666118,1.0400948892833464,0.9777687612992725,5.968734284842366,-9.188835963564298,-5.762238398806346
Lasso (lambda=0.05),775,194,36.12915763027919,6.010753499377527,0.3150623546229172,38.76778421982749,6.2263780980460455,0.22755545213944084,11.195876288659793,9.95858900824217,-0.0,-0.0,-0.0,0.7535584772815191,6.151756537363425,-7.7631468783167294,-0.10613018785143231
"Random Forest (500 estimators, 5 depth)",775,194,26.68055203060208,5.165322064557261,0.49418930072463707,40.10065789825269,6.33250802591301,0.20099806624272942,11.195876288659793,,0.042166298115698,0.03831028757413018,0.8304545313619006,0.017231063158396148,0.04742212213186813,0.01135534351689062,0.013060354141116276
"Random Forest (100 estimators, 5 depth)",775,194,26.806718937521957,5.177520539555778,0.49179742474915666,40.10365781979287,6.332744888260767,0.20093829308095712,11.195876288659793,,0.0443218191300371,0.036814850948339195,0.8312627734540372,0.019426601754046063,0.04818583896661033,0.005400548652091288,0.01458756709483873
Ridge (lambda=2.0),775,194,35.89734400269871,5.99143922632106,0.3194570842721971,38.957127413305024,6.241564500452192,0.22378280636100534,11.195876288659793,10.440058450354352,0.676155527318749,1.3549537290535625,-3.5496230799314157,0.95124904421904,6.030365688545586,-4.290861746914269,-4.29245088472278
