model_type,n_train,n_test,mse_train,rmse_train,r2_train,mse_test,rmse_test,r2_test,y_test_mean,bias,Game of season_weight,Game for player_weight,Age (days)_weight,Home?_weight,Game Started?_weight,Year_weight,Month of Season_weight
Linreg,871,218,22.058701986910926,4.696669243933505,0.09818445603403492,24.299466342479644,4.929448888311922,0.11952118497858855,9.284403669724771,4.538806676230651,-40.9637315614523,40.744133844220705,22.095535054776963,0.028027327628894927,3.6807873333517493,-20.90137952302166,2.889851840781912
Lasso (lambda=0.05),871,218,22.958325218671845,4.791484657042308,0.0614055823452615,25.432143576297292,5.043029206369649,0.0784792009869465,9.284403669724771,5.639873417721518,-0.0,0.0,0.0,0.0,3.7041291075310068,-0.0,0.0
"Random Forest (500 estimators, 5 depth)",871,218,18.660367757696033,4.319764780366638,0.2371169568364886,23.447561747970404,4.842268244115603,0.15038951506094578,9.284403669724771,,0.11061854155379444,0.11976427782113626,0.5153915527957907,0.015101592347490603,0.20385870776885331,0.015247750280069184,0.02001757743286537
"Random Forest (100 estimators, 5 depth)",871,218,18.659226528462117,4.319632684437662,0.23716361317478907,23.850535391844634,4.883700993288249,0.13578796984828512,9.284403669724771,,0.09959012418139522,0.12192020782199925,0.5157380111102822,0.018265982923432778,0.20680777698956876,0.014746229053976555,0.02293166791934522
Ridge (lambda=2.0),871,218,22.78641149813804,4.77351144317661,0.06843385016856318,25.147530380496047,5.014731336821151,0.08879201550915083,9.284403669724771,5.076961548433784,-3.73969697468318,3.3609394939134805,1.3841366204811927,0.0445491685947983,4.190042239305492,-1.2334000646631378,0.5444043074033592
