model_type,n_train,n_test,mse_train,rmse_train,r2_train,mse_test,rmse_test,r2_test,y_test_mean,bias,Game of season_weight,Game for player_weight,Age (days)_weight,Home?_weight,Game Started?_weight,Year_weight,Month of Season_weight
Linreg,871,218,22.05870198691093,4.696669243933505,0.0981844560340349,24.299466342479644,4.929448888311922,0.1195211849785885,9.284403669724773,4.538806676230651,-40.9637315614523,40.74413384422071,22.095535054776963,0.0280273276288949,3.680787333351749,-20.90137952302166,2.889851840781912
Lasso (lambda=0.05),871,218,22.958325218671845,4.791484657042308,0.0614055823452615,25.43214357629729,5.043029206369649,0.0784792009869465,9.284403669724773,5.639873417721518,-0.0,0.0,0.0,0.0,3.704129107531007,-0.0,0.0
"Random Forest (500 estimators, 5 depth)",871,218,18.660367757696037,4.319764780366638,0.2371169568364886,23.447561747970404,4.842268244115603,0.1503895150609457,9.284403669724773,,0.1106185415537944,0.1197642778211362,0.5153915527957907,0.0151015923474906,0.2038587077688533,0.0152477502800691,0.0200175774328653
"Random Forest (100 estimators, 5 depth)",871,218,18.65922652846212,4.319632684437662,0.237163613174789,23.850535391844637,4.883700993288249,0.1357879698482851,9.284403669724773,,0.0995901241813952,0.1219202078219992,0.5157380111102822,0.0182659829234327,0.2068077769895687,0.0147462290539765,0.0229316679193452
Ridge (lambda=2.0),871,218,22.78641149813804,4.77351144317661,0.0684338501685631,25.147530380496047,5.014731336821151,0.0887920155091508,9.284403669724773,5.076961548433784,-3.73969697468318,3.3609394939134805,1.384136620481193,0.0445491685947983,4.190042239305492,-1.2334000646631378,0.5444043074033592
SVM (linear kernel),871,218,22.499623463820033,4.743376799688175,0.08015847056213332,24.940491800218147,4.994045634575054,0.09629395325780499,9.284403669724771,,,,,,,,
"Feedforward NN (3 layers, [[16, 4, 1]] activations)",871,218,22.537200788710592,4.7473361781856775,0.07862221445299888,25.30939333599127,5.0308441971493485,0.08292699356827171,9.284403669724771,,,,,,,,
