model_type,n_train,n_test,mse_train,rmse_train,r2_train,mse_test,rmse_test,r2_test,y_test_mean,bias,Game of season_weight,Game for player_weight,Age (days)_weight,Home?_weight,Game Started?_weight,Year_weight,Month of Season_weight
Linreg,384,97,23.19905842391202,4.816540088477622,0.3145751331729117,24.97610745996487,4.997610174870072,0.3335936708726529,6.329896907216495,6.1618676675249935,-13.085680186199149,6.826991955114128,5.832574091011257,0.0400374377500949,4.42300027425869,-11.540424826262576,10.311501270620058
Lasso (lambda=0.05),384,97,24.45222489113138,4.944919098542602,0.2775498607152739,27.24070184873069,5.2192625771013565,0.2731703228389819,6.329896907216495,7.412437490617152,-1.7837534840085474,0.5781142589545298,-5.277650041451251,0.0,3.777241305218724,-0.9516703571827556,2.9403939734021933
"Random Forest (500 estimators, 5 depth)",384,97,13.414845754154443,3.6626282577070857,0.6036533596954181,22.829631995246256,4.778036416274603,0.3908653989550983,6.329896907216495,,0.0910100280903267,0.1501228432484557,0.5324811796536809,0.020025244535445,0.1278009705112162,0.0664079988691385,0.0121517350917366
"Random Forest (100 estimators, 5 depth)",384,97,13.588490288828742,3.686256948291687,0.5985229669062131,23.13590906710781,4.8099801524650605,0.3826933897866441,6.329896907216495,,0.0916076235749715,0.1491782909503386,0.5203045240230889,0.0208405426677827,0.1322291549261778,0.0707240600489759,0.0151158038086644
Ridge (lambda=2.0),384,97,23.6480657927424,4.862927697667568,0.3013090423531342,25.999387991370973,5.098959500856128,0.3062907525257927,6.329896907216495,6.943194538362016,-6.468560999306472,3.65313128670268,-2.6995754812332167,0.0346384011210394,4.051887969157652,-3.2263531781241297,5.410624724797437
SVM (linear kernel),384,97,23.601641547041563,4.858152071214071,0.3026806640735332,25.176073464876705,5.017576453316551,0.32825822732937193,6.329896907216495,,,,,,,,
"Feedforward NN (3 layers, [[16, 4, 1]] activations)",384,97,39.721400087117615,6.3024915777109625,-0.17358363720638437,41.172513307200084,6.416581122934556,-0.09855482876900856,6.329896907216495,,,,,,,,
