model_type,n_train,n_test,mse_train,rmse_train,r2_train,mse_test,rmse_test,r2_test,y_test_mean,bias,Game of season_weight,Game for player_weight,Age (days)_weight,Home?_weight,Game Started?_weight,Year_weight,Month of Season_weight
Linreg,463,116,23.494661317472225,4.847129183080664,0.2991805818244607,23.942518447869034,4.893109282232417,0.20028960943028296,6.025862068965517,2.750357190014911,-19.081224699949804,20.456568091196605,-20.355294174597546,-0.23336551539878903,5.042939379860591,25.584988800426224,-1.5114106412960862
Lasso (lambda=0.05),463,116,24.158309938979414,4.915110368951995,0.2793846871523469,23.719551696024887,4.870272240442508,0.20773698087491954,6.025862068965517,3.298543042466777,0.0,1.7143754537211995,0.0,-0.0,5.478206881914483,2.007563581911238,0.0
"Random Forest (500 estimators, 5 depth)",463,116,14.25804846276231,3.7759831120864815,0.5746983924147585,24.395558171841202,4.939185982714277,0.18515750979798118,6.025862068965517,,0.0832302957476344,0.13557290349352155,0.2743172004609257,0.015035918089378878,0.4372130239471969,0.04277782068017312,0.011852837581169486
"Random Forest (100 estimators, 5 depth)",463,116,14.478609855127445,3.805076852722878,0.5681192932491805,23.890123345631352,4.88775238178361,0.20203967209665075,6.025862068965517,,0.09863742287367659,0.11569375020632806,0.27394927104214917,0.01405796297494794,0.4383870867662212,0.04609584774555688,0.013178658391120255
Ridge (lambda=2.0),463,116,24.052869400521747,4.904372477751027,0.2825298602542493,24.19261368266501,4.91859875194806,0.1919361123521126,6.025862068965517,2.981763815057845,-0.372723544783048,3.0212099287342458,-0.1883924948341643,-0.030835655691368966,5.285569735659322,2.93532796060579,-0.8023585374714669
