model_type,n_train,n_test,mse_train,rmse_train,r2_train,mse_test,rmse_test,r2_test,y_test_mean,bias,Game of season_weight,Game for player_weight,Age (days)_weight,Home?_weight,Game Started?_weight,Year_weight,Month of Season_weight
Linreg,732,183,35.602691460944634,5.96679909674732,0.1743039197339216,34.1125157770842,5.840592074189414,0.2391171735967667,10.825136612021858,10.108489446759954,5.526608902149716,-6.829229793034289,-8.521648383427229,0.675015405720206,4.847331896711869,4.52128870981356,-2.239463360638286
Lasso (lambda=0.05),732,183,36.01743127555979,6.001452430500453,0.1646852918941228,35.6844807460862,5.973648863641569,0.2040543492528462,10.825136612021858,9.477141187924682,0.0,-1.3602248735494424,-2.826276006317708,0.5357678111538136,4.661279140480185,-0.0,-0.0
"Random Forest (500 estimators, 5 depth)",732,183,26.130793849194536,5.111828816499486,0.393975759411634,30.352721307563503,5.509330386495577,0.3229797377464894,10.825136612021858,,0.1151724395152325,0.1373498312725244,0.3876567137457865,0.0127033862001641,0.3175631355124141,0.0176635675767756,0.0118909261771025
"Random Forest (100 estimators, 5 depth)",732,183,26.16307314014761,5.1149851554181085,0.3932271394921832,30.23041868029484,5.498219591858335,0.3257077091843287,10.825136612021858,,0.1127767971105743,0.1269997817372775,0.4050857038677418,0.0149792369213945,0.3123283898709135,0.0152861489824876,0.0125439415096108
Ridge (lambda=2.0),732,183,35.6676292723598,5.972238212961686,0.1727978848206518,34.71699469418515,5.8921129227285824,0.2256342153197957,10.825136612021858,9.897391775569393,3.201138783790589,-4.900548239824103,-2.410023528907437,0.6898953452975021,4.816150751929716,-1.4818517235936983,-0.5233988629948005
SVM (linear kernel),732,183,35.79201176426042,5.982642540237585,0.16991321144901272,34.671744447855886,5.888271770889646,0.22664352625855633,10.825136612021858,,,,,,,,
"Feedforward NN (3 layers, [[16, 4, 1]] activations)",732,183,35.429889576327334,5.952301200067696,0.17831153356692686,35.851817470600565,5.987638722451495,0.20032188810159102,10.825136612021858,,,,,,,,
