model_type,n_train,n_test,mse_train,rmse_train,r2_train,mse_test,rmse_test,r2_test,y_test_mean,bias,Game of season_weight,Game for player_weight,Age (days)_weight,Home?_weight,Game Started?_weight,Year_weight,Month of Season_weight
Linreg,647,162,12.253997478221894,3.5005710217365813,0.0503608275000733,15.484498488746944,3.935034750640322,0.0795016267389516,4.154320987654321,3.247395658352524,3.751730217181295,-0.4385287062548482,12.713113562426177,0.1209205369090924,1.3550518384311665,-12.80070765343272,-2.4435295499940013
Lasso (lambda=0.05),647,162,12.45805297534836,3.52959671568132,0.0345472863450644,15.873055821716324,3.984100377966941,0.0564032749791647,4.154320987654321,3.5053623188405805,0.0,0.0,0.0,0.0,1.1524191381130624,0.0,-0.0
"Random Forest (500 estimators, 5 depth)",647,162,8.712587190573796,2.9517091981721024,0.3248069371081244,14.17619582957684,3.76512892602323,0.1572755675853007,4.154320987654321,,0.1886943116519199,0.1821060578334111,0.4665774771919313,0.0129228174334724,0.1059673518154225,0.0201557952960339,0.0235761887778086
"Random Forest (100 estimators, 5 depth)",647,162,8.60947759998669,2.934191132149828,0.3327975464138605,14.087154720792826,3.753285856525296,0.1625687448779722,4.154320987654321,,0.1941528720712494,0.1976780390335933,0.4446976694603117,0.014921646139246,0.095599352369104,0.0264003217725292,0.0265500991539661
Ridge (lambda=2.0),647,162,12.328924743248296,3.511256860904411,0.0445542434785073,15.60849851530852,3.950759232768876,0.0721302660960993,4.154320987654321,3.2849458261948428,2.269504659084071,-0.2180153376641564,1.0225030995431337,0.1076838190046383,1.370522587577514,-0.6574374586211714,-1.9853618775787625
SVM (linear kernel),647,162,12.714874925562643,3.5657923278792674,0.014644541570165148,16.249903967232072,4.031116962732795,0.03400099277636803,4.154320987654321,,,,,,,,
"Feedforward NN (3 layers, [[16, 4, 1]] activations)",647,162,12.481547397225246,3.532923350035385,0.03272655613933495,15.916951154799092,3.9896053883559826,0.05379385351641586,4.154320987654321,,,,,,,,
