model_type,n_train,n_test,mse_train,rmse_train,r2_train,mse_test,rmse_test,r2_test,y_test_mean,bias,Game of season_weight,Game for player_weight,Age (days)_weight,Home?_weight,Game Started?_weight,Year_weight,Month of Season_weight
Linreg,201,51,29.554698119439788,5.436423283689359,0.22523737923218834,48.63518301786928,6.973892960023783,0.051467329793062566,7.686274509803922,4.925334655423697,-7.705827535370595,8.120288575933698,22.29852173020992,-0.39237073599405425,1.7637467254062917,-28.302054496699416,11.143871731282504
Lasso (lambda=0.05),201,51,30.833125045859823,5.552758327701632,0.19172401387922489,49.42504531211149,7.030294823982241,0.036062634168126384,7.686274509803922,6.301751601530755,0.0,3.414890773974632,-0.0,-0.37054658197591145,1.8110381478708975,-4.799019154065284,2.898048312135514
"Random Forest (500 estimators, 5 depth)",201,51,14.964120059522923,3.8683484925123954,0.6077225750049406,38.12300282154798,6.174382788712405,0.25648653055662474,7.686274509803922,,0.2629412602035797,0.17878270144976563,0.40620873225231935,0.043104229063842675,0.029737347085021928,0.03299742820801482,0.046228301737455894
"Random Forest (100 estimators, 5 depth)",201,51,14.80336681723376,3.8475143686845095,0.6119366462429396,38.05590996466797,6.168947233091556,0.25779504350423355,7.686274509803922,,0.24532418685805624,0.19794757408486607,0.40654404799695093,0.044638155988779654,0.02921531989140619,0.03711487962547946,0.039215835554461606
Ridge (lambda=2.0),201,51,30.82945567801338,5.552427908403078,0.19182020464516614,49.55681608609655,7.039660225188184,0.03349270687788963,7.686274509803922,6.306633929140487,-0.11754408961873668,3.3126870235725088,-0.6669336849764455,-0.5707785598248832,1.9791811201695133,-4.217936231525882,3.2284350696294015
