model_type,n_train,n_test,mse_train,rmse_train,r2_train,mse_test,rmse_test,r2_test,y_test_mean,bias,Game of season_weight,Game for player_weight,Age (days)_weight,Home?_weight,Game Started?_weight,Year_weight,Month of Season_weight
Linreg,410,103,52.30782941252651,7.23241518529782,0.43187981259183117,40.4862720424583,6.362882369057148,0.5595997300311699,17.825242718446603,5.9394843472069745,6.812758504931291,-11.59165396082963,9.829093210718364,0.2761393293507368,4.802679715396689,5.921608885934042,9.321952738643583
Lasso (lambda=0.05),410,103,52.83661988968679,7.268880236300966,0.4261365701679348,40.46543278708105,6.361244594187607,0.5598264146141434,17.825242718446603,5.806157021649486,0.0,-0.0,11.223908571352274,0.05446432793440332,5.0878588144983725,4.614118671826883,2.888563677556084
"Random Forest (500 estimators, 5 depth)",410,103,36.985028837035095,6.081531783772498,0.5983021710099667,44.853787547195196,6.6972970329227,0.5120909101190271,17.825242718446603,,0.05821909236784002,0.058774889118106834,0.841400379817144,0.006176578981516332,0.0082772277991861,0.01346478790887681,0.01368704400732997
"Random Forest (100 estimators, 5 depth)",410,103,37.032105436937535,6.085401008720587,0.5977908676915249,45.22270471405708,6.724782874863476,0.5080779148076354,17.825242718446603,,0.061904043225292416,0.06381585073984716,0.8424275049161564,0.005919660037622053,0.006719713846318555,0.00761539759434485,0.011597829640418724
Ridge (lambda=2.0),410,103,52.53751062676593,7.248276390064463,0.4293852236183765,40.437860473658546,6.359077014288988,0.5601263398397162,17.825242718446603,5.716324646448733,0.6154261817260547,-2.696157524993384,8.43216729431342,0.271557516533428,5.115230386579857,7.492801786793421,5.5811196211824425
