model_type,n_train,n_test,mse_train,rmse_train,r2_train,mse_test,rmse_test,r2_test,y_test_mean,bias,Game of season_weight,Game for player_weight,Age (days)_weight,Home?_weight,Game Started?_weight,Year_weight,Month of Season_weight
Linreg,290,73,45.73992951677944,6.763130156723249,0.09609215568683271,56.07315969673259,7.488201365931113,0.012662093588258427,12.424657534246576,14.128254217077188,-54.85794069898936,56.08099538657478,-14.656229282588166,-0.5292763274193266,3.36755509378862,10.40751731622544,-0.7791190073605065
Lasso (lambda=0.05),290,73,46.452002007465246,6.81557055626785,0.08202025140428681,57.71868661571521,7.597281528001658,-0.016312394596810442,12.424657534246576,14.246275443249559,0.0,0.0,-4.528958961277073,-0.28530252432364067,2.737752844766322,-0.0,1.3303371765260035
"Random Forest (500 estimators, 5 depth)",290,73,24.50586962946168,4.950340354911133,0.515717491832596,41.780920921180325,6.4638162815151485,0.2643202699227152,12.424657534246576,,0.11396369710614376,0.11197625261129318,0.6622457596691418,0.024985422322561353,0.04304555480041955,0.025473396204089793,0.018309917286350737
"Random Forest (100 estimators, 5 depth)",290,73,24.611452372672172,4.960993083312269,0.5136309763783679,40.896112585336674,6.395006847950725,0.27990000209069643,12.424657534246576,,0.11812593391860518,0.11862836917128543,0.6441067007986977,0.02517594748048607,0.04727538889731413,0.02814742826158954,0.01854023147202204
Ridge (lambda=2.0),290,73,46.40802361355577,6.8123434744260924,0.08288934796073177,58.21258679432535,7.629717346948401,-0.02500900400784989,12.424657534246576,14.194368251557623,-0.4875121484525996,0.776618162920402,-3.7340327949107053,-0.4475326763415695,3.147167904153544,-0.9207041636533735,1.5646202446984123
