model_type,n_train,n_test,mse_train,rmse_train,r2_train,mse_test,rmse_test,r2_test,y_test_mean,bias,Game of season_weight,Game for player_weight,Age (days)_weight,Home?_weight,Game Started?_weight,Year_weight,Month of Season_weight
Linreg,260,65,26.410785826496003,5.139142518601328,0.0852817047689084,30.39991302269737,5.513611613334527,0.1243309572057025,5.661538461538462,6.554740319553288,-2.232597462538786,6.2949394350562935,-7.304363561898248,-0.2107594078032509,4.299249906641224,6.643072019453406,-3.091377164770198
Lasso (lambda=0.05),260,65,26.87346825160483,5.183962601293033,0.0692570365932139,30.742246416401063,5.544569092039621,0.1144700488880628,5.661538461538462,5.305677990352539,-0.0,1.7334498723548768,-0.0469470839437122,-0.0,3.682901783917944,-0.4699986810490597,-0.3296187722703829
"Random Forest (500 estimators, 5 depth)",260,65,16.973849145331336,4.119933148162884,0.4121231206172285,29.871231843113563,5.465458063430143,0.1395596107259893,5.661538461538462,,0.1274737682842448,0.1446205992438589,0.5496245450411007,0.0211973999954912,0.1162795557131877,0.0113062978489344,0.0294978338731821
"Random Forest (100 estimators, 5 depth)",260,65,17.248027238714467,4.153074432118268,0.4026271624198195,29.72186736558518,5.451776532983096,0.1438620522812362,5.661538461538462,,0.1096687088481236,0.14553039873541,0.570550549760677,0.0221354601818228,0.1136363419140792,0.0114997130584791,0.0269788275014081
Ridge (lambda=2.0),260,65,26.549884275637268,5.152657981628246,0.0804641314826134,30.199486652080964,5.495405958806043,0.1301042358324329,5.661538461538462,5.998153896323886,-0.3605565838795064,3.7316351873890143,-0.8614413272384233,-0.1903093962810754,3.827912426307137,-0.2535403068832977,-1.941173725935741
SVM (linear kernel),260,65,26.85257741644128,5.181947261063285,0.06998057542512492,29.93149999274743,5.470968834927451,0.13782358757153268,5.661538461538462,,,,,,,,
"Feedforward NN (3 layers, [[16, 4, 1]] activations)",260,65,28.23906409810838,5.3140440436741185,0.021960620920673857,33.608632083880615,5.797295238633325,0.03190385233851756,5.661538461538462,,,,,,,,
