model_type,n_train,n_test,mse_train,rmse_train,r2_train,mse_test,rmse_test,r2_test,y_test_mean,bias,Game of season_weight,Game for player_weight,Age (days)_weight,Home?_weight,Game Started?_weight,Year_weight,Month of Season_weight
Linreg,232,59,22.72387617516713,4.766956699527187,0.1148978507621989,17.87792992216709,4.228230116983593,0.1390715483072291,5.254237288135593,4.507824452591832,6.269268455571325,6.26926845557133,0.4987223546594639,0.2449338977606563,7.169592442364507,-0.3440364187940589,-9.275658256836827
Lasso (lambda=0.05),232,59,23.52803919728828,4.85057101765228,0.0835754472369227,19.31219055016565,4.394563749698671,0.0700033850935643,5.254237288135593,4.406655912499295,5.940904796432087,2.3424165576564368e-15,-0.0,0.0302691020184701,3.744743917720657,-0.0,-3.4693830842661977
"Random Forest (500 estimators, 5 depth)",232,59,12.115156015872463,3.480683268536864,0.5281108493401159,12.727235003310062,3.5675250529337648,0.3871080839094385,5.254237288135593,,0.1651875589917889,0.1666804978178208,0.4805891496892127,0.0449248013270814,0.0286392758429182,0.0584249375342105,0.0555537787969673
"Random Forest (100 estimators, 5 depth)",232,59,12.403791120378363,3.521901634114497,0.5168684209192626,12.567729481385856,3.5450993612853585,0.3947892216376039,5.254237288135593,,0.1607878559374163,0.1439152319800535,0.5115514180854915,0.0507573569713702,0.037186086508804,0.0478964215216665,0.0479056289951977
Ridge (lambda=2.0),232,59,23.174056972173148,4.813944014233355,0.0973631666306664,18.743819531395054,4.3294133010599785,0.0973738235787539,5.254237288135593,4.35909895099219,3.829796675093718,3.829796675093714,0.3322678125438305,0.2319931039909979,4.477790559087549,-0.4084072575777035,-4.881126483668119
SVM (linear kernel),232,59,23.203887038280868,4.817041315816263,0.09620127614066709,19.318288895696703,4.3952575460030445,0.06970971355559552,5.254237288135593,,,,,,,,
"Feedforward NN (3 layers, [[16, 4, 1]] activations)",232,59,24.529842439831516,4.952761092545401,0.04455489474608454,19.81589164057984,4.451504424414272,0.04574718754864815,5.254237288135593,,,,,,,,
