model_type,n_train,n_test,mse_train,rmse_train,r2_train,mse_test,rmse_test,r2_test,y_test_mean,bias,Game of season_weight,Game for player_weight,Age (days)_weight,Home?_weight,Game Started?_weight,Year_weight,Month of Season_weight
Linreg,80,21,16.23602327574643,4.029394901935826,0.37236544697191243,18.695107638601808,4.323783949112375,-0.47066401509514755,3.9523809523809526,2.9927587907918496,-1.9567539560122205,-1.9567539560122225,-2.144805313543826,-1.0916084607787606,14.904503903765738,-0.8565636180773368,9.003965273280112
Lasso (lambda=0.05),80,21,16.737560040101773,4.091156320663117,0.3529775834798994,18.835267328835315,4.339961673659724,-0.48168977738429763,3.9523809523809526,3.0088619348960886,-1.692674345475964,-0.0,-0.7641963787667583,-0.8571235784044785,12.203253654471402,-0.0,6.340762233681009
"Random Forest (500 estimators, 5 depth)",80,21,8.029908712989307,2.8337093557719197,0.6895885106630775,21.66803697232919,4.654893873369101,-0.7045316276841191,3.9523809523809526,,0.11835110866245489,0.12102970231965536,0.29874508046440773,0.02678143102050979,0.21957585073688776,0.021830135063178224,0.19368669173290612
"Random Forest (100 estimators, 5 depth)",80,21,8.235100119864137,2.8696864149004395,0.6816564441248711,21.369978143537917,4.622767368529149,-0.6810846167142741,3.9523809523809526,,0.11477038323000788,0.1237773029402978,0.27608729479073807,0.020819645969023363,0.23100029255711163,0.017398777525638894,0.21614630298718232
Ridge (lambda=2.0),80,21,18.164516830076764,4.261985080930805,0.29781583778295784,19.223691000887687,4.384482979883454,-0.5122454033877042,3.9523809523809526,3.5435330154814424,-0.6734139000730435,-0.6734139000730431,-0.0640280214861531,-0.9322043370627487,7.016096278418129,-0.0118687287782392,5.204991639285634
