model_type,n_train,n_test,mse_train,rmse_train,r2_train,mse_test,rmse_test,r2_test,y_test_mean,bias,Game of season_weight,Game for player_weight,Age (days)_weight,Home?_weight,Game Started?_weight,Year_weight,Month of Season_weight
Linreg,80,21,16.23602327574643,4.029394901935826,0.3723654469719124,18.695107638601808,4.323783949112375,-0.4706640150951475,3.952380952380953,2.9927587907918496,-1.9567539560122205,-1.9567539560122225,-2.144805313543826,-1.0916084607787606,14.904503903765738,-0.8565636180773368,9.003965273280112
Lasso (lambda=0.05),80,21,16.737560040101773,4.091156320663117,0.3529775834798994,18.835267328835315,4.339961673659724,-0.4816897773842976,3.952380952380953,3.008861934896089,-1.692674345475964,-0.0,-0.7641963787667583,-0.8571235784044785,12.203253654471402,-0.0,6.340762233681009
"Random Forest (500 estimators, 5 depth)",80,21,8.029908712989307,2.83370935577192,0.6895885106630775,21.66803697232919,4.654893873369101,-0.7045316276841191,3.952380952380953,,0.1183511086624548,0.1210297023196553,0.2987450804644077,0.0267814310205097,0.2195758507368877,0.0218301350631782,0.1936866917329061
"Random Forest (100 estimators, 5 depth)",80,21,8.235100119864137,2.8696864149004395,0.6816564441248711,21.36997814353792,4.622767368529149,-0.6810846167142741,3.952380952380953,,0.1147703832300078,0.1237773029402978,0.276087294790738,0.0208196459690233,0.2310002925571116,0.0173987775256388,0.2161463029871823
Ridge (lambda=2.0),80,21,18.164516830076764,4.261985080930805,0.2978158377829578,19.223691000887687,4.384482979883454,-0.5122454033877042,3.952380952380953,3.5435330154814424,-0.6734139000730435,-0.6734139000730431,-0.0640280214861531,-0.9322043370627487,7.016096278418129,-0.0118687287782392,5.204991639285634
SVM (linear kernel),80,21,16.481353201548806,4.059723291253827,0.36288174916547966,18.0145629947251,4.244356605508672,-0.41712848388757906,3.9523809523809526,,,,,,,,
"Feedforward NN (3 layers, [[16, 4, 1]] activations)",80,21,22.461032722391383,4.739307198567253,0.1317257930809872,20.252682997803895,4.500298100993299,-0.5931917948682695,3.9523809523809526,,,,,,,,
