model_type,n_train,n_test,mse_train,rmse_train,r2_train,mse_test,rmse_test,r2_test,y_test_mean,bias,Game of season_weight,Game for player_weight,Age (days)_weight,Home?_weight,Game Started?_weight,Year_weight,Month of Season_weight
Linreg,225,57,12.858648801723637,3.585895815793264,0.21762847776774452,16.75068334956219,4.092759869521078,0.017954992913357337,4.824561403508772,5.053062561185944,-6.714540114142254,7.891487178830488,3.266899992260558,-0.35888533973804604,1.310423537990729,-6.327455333589811,6.273951159428043
Lasso (lambda=0.05),225,57,13.80474532067652,3.715473767997363,0.16006418892795726,16.66275903468535,4.0820042913604775,0.023109745864291265,4.824561403508772,3.1761094997316666,-0.3689804563080131,2.639781045831529,-0.0,-0.11645109978623071,1.3201851452852262,-0.6437142177251295,2.7753894214104995
"Random Forest (500 estimators, 5 depth)",225,57,6.634271299727258,2.575707922053131,0.5963444514501692,12.67155677940553,3.5597130192482553,0.25710260247052275,4.824561403508772,,0.17013044079987666,0.397015499781035,0.209741792925149,0.015785930465726107,0.012522989285067584,0.03967625784676578,0.15512708889638005
"Random Forest (100 estimators, 5 depth)",225,57,6.598826356310407,2.568818085484141,0.5985010632967236,12.385720203861332,3.519335193450793,0.2738603893618414,4.824561403508772,,0.1693706437166526,0.40150328539823094,0.21348462399815116,0.014732127356035319,0.009777315587966746,0.029760949149664227,0.16137105479329888
Ridge (lambda=2.0),225,57,13.234587852163065,3.637937307343691,0.1947548452660608,16.582788259952952,4.07219698196845,0.027798205337847826,4.824561403508772,4.0774329619407155,-2.943688911341407,4.400515484439913,-0.16011831384557643,-0.29937838978348263,1.5031650345970373,-1.7044698043927526,4.170834441750132
