model_type,n_train,n_test,mse_train,rmse_train,r2_train,mse_test,rmse_test,r2_test,y_test_mean,bias,Game of season_weight,Game for player_weight,Age (days)_weight,Home?_weight,Game Started?_weight,Year_weight,Month of Season_weight
Linreg,208,53,20.519434179547037,4.5298382067737295,0.1777074432233926,24.19788760789172,4.919134843434536,-0.0056199889124133,5.886792452830188,7.137358647620487,-0.6065083060233281,11.81972499324186,-23.216822192065365,-0.0702907376811329,3.2813625162180764,22.44474321007353,-11.056321550884537
Lasso (lambda=0.05),208,53,21.879546517725675,4.6775577514046445,0.1232025167094289,24.00833423329666,4.899830020857526,0.0022575029392483,5.886792452830188,5.401832955394203,0.0,3.1927327436421744,-2.692186921378717,-0.0,3.4414493453051227,-0.0,-0.0797478434117984
"Random Forest (500 estimators, 5 depth)",208,53,11.658770097781677,3.414494120331982,0.5327882928598773,19.45426684906353,4.410699133818077,0.1915162211649389,5.886792452830188,,0.2341234299389227,0.2259159357273797,0.4039699057184895,0.0211522649409382,0.0537441385756383,0.0232336693641058,0.0378606557345254
"Random Forest (100 estimators, 5 depth)",208,53,11.767116154537312,3.4303230393852577,0.5284464501342597,19.935650374262348,4.464935651749345,0.1715108015548742,5.886792452830188,,0.2203054405958661,0.2248013005805047,0.4244621004913302,0.021024764361444,0.0432943741932495,0.0252990983463015,0.0408129214313038
Ridge (lambda=2.0),208,53,21.48687665997632,4.635393905589504,0.1389383064233416,23.547871366747053,4.852614899901604,0.0213934982069997,5.886792452830188,5.9273493986420265,1.984879317163339,3.827017097561927,-2.7346320465510146,-0.1296380258271827,3.499481848464385,-0.1421073536387731,-2.803884842900806
SVM (linear kernel),208,53,21.58840619646632,4.646332553365753,0.13486962785169154,23.674241671540475,4.865618323660465,0.016141779273328383,5.886792452830188,,,,,,,,
"Feedforward NN (3 layers, [[16, 4, 1]] activations)",208,53,20.63727319048871,4.542826563989507,0.17298518135460084,23.722617246711664,4.870586950944585,0.014131378772442527,5.886792452830188,,,,,,,,
