model_type,n_train,n_test,mse_train,rmse_train,r2_train,mse_test,rmse_test,r2_test,y_test_mean,bias,Game of season_weight,Game for player_weight,Age (days)_weight,Home?_weight,Game Started?_weight,Year_weight,Month of Season_weight
Linreg,92,24,12.013162816753423,3.466000983374561,0.2538660056429941,7.609167479675421,2.758471946508686,0.2947899487863166,3.0416666666666665,3.3860675388026076,-0.023916780727792523,-0.023916780727791576,-8.972238060592042,0.1871096688136381,3.6427346338365654,6.789542268735389,-1.0028833310743175
Lasso (lambda=0.05),92,24,12.180074528834831,3.4899963508340277,0.24349916850443576,7.968421557562999,2.8228392723573545,0.2614946392347085,3.0416666666666665,3.397782379282462,0.0,0.0,-1.5998562244785592,0.008577590885133664,3.7809811350003883,-0.0,0.0
"Random Forest (500 estimators, 5 depth)",92,24,3.163023158170473,1.7784890098537223,0.8035455658722812,10.468135430999666,3.2354498035048644,0.029823651125372996,3.0416666666666665,,0.24376529797614746,0.230146779391921,0.4028256218973991,0.024844068246936246,0.06307555241004982,0.009772633202422701,0.02557004687512369
"Random Forest (100 estimators, 5 depth)",92,24,3.0264183999075507,1.7396604266084663,0.8120300470605943,11.465559118885954,3.3860831529786677,-0.06261658125153802,3.0416666666666665,,0.2562537601488182,0.21261655967356674,0.4009979549026818,0.02561643425885301,0.06546986663710207,0.008228658444132873,0.030816765934845235
Ridge (lambda=2.0),92,24,12.19866364312522,3.4926585351455732,0.24234460410631542,7.845430492298085,2.8009695629010474,0.2728933284692363,3.0416666666666665,3.2716739242206714,0.3546690111988826,0.3546690111988826,-1.3631466592807193,0.18004696185332483,3.3710268598757196,-0.3591695704381158,-0.08698537077507017
