model_type,n_train,n_test,mse_train,rmse_train,r2_train,mse_test,rmse_test,r2_test,y_test_mean,bias,Game of season_weight,Game for player_weight,Age (days)_weight,Home?_weight,Game Started?_weight,Year_weight,Month of Season_weight
Linreg,776,194,58.43654910269948,7.644380230123269,0.37034306577610643,52.38248991960869,7.237574864525319,0.3878168125659416,16.896907216494846,14.176453300459746,-3.9133594151337614,13.426928637991558,-24.12059133246768,0.7009048046470974,7.216352494093142,18.804715620269782,-6.936885988461797
Lasso (lambda=0.05),776,194,58.99040008830118,7.68052082142228,0.36437529185780126,52.26973750826494,7.229781290486244,0.3891345263797221,16.896907216494846,13.598569444784271,0.0,6.043567524549942,-6.401835078768663,0.5519659099131342,7.672440762084591,-0.0,-2.452791062276474
"Random Forest (500 estimators, 5 depth)",776,194,37.60548292964881,6.132330954021383,0.5947989151467913,47.31384780851591,6.878506219268535,0.44705297121921184,16.896907216494846,,0.039573041485335816,0.05135705197538728,0.5948583190752702,0.005463179009230566,0.29325919480872964,0.004914319980966334,0.010574893665080111
"Random Forest (100 estimators, 5 depth)",776,194,37.84492852442767,6.151823187025752,0.5922188760884117,47.84442426550439,6.916966406272651,0.4408522353031612,16.896907216494846,,0.035943403614275456,0.05028551355670018,0.5306834982367644,0.004392710274855518,0.3623486813050668,0.006820434787319693,0.00952575822501791
Ridge (lambda=2.0),776,194,58.63440145192708,7.657310327518866,0.3682111961575788,51.92586637802703,7.205960475746938,0.393153276250121,16.896907216494846,14.156720494695456,-0.7921946331457337,9.096575304964416,-4.026294681169644,0.7124026478968629,7.330027630851161,-2.586955175532131,-4.829388895980836
