model_type,n_train,n_test,mse_train,rmse_train,r2_train,mse_test,rmse_test,r2_test,y_test_mean,bias,Game of season_weight,Game for player_weight,Age (days)_weight,Home?_weight,Game Started?_weight,Year_weight,Month of Season_weight
Linreg,427,107,34.284235425583766,5.855274154604869,0.2649562677441728,36.976612466486145,6.080839782997588,0.24182223297586558,11.299065420560748,11.646799822012596,-6.079697363381806,6.283939309166133,-16.491132021678656,0.6470212546178102,3.6227222559694305,9.66527266831635,1.9989215095711033
Lasso (lambda=0.05),427,107,34.53191393943833,5.876386129198654,0.25964611463842846,37.628709267477234,6.134224422653383,0.22845147607088656,11.299065420560748,11.813873234944896,0.0,0.7671317430340266,-7.266763818762394,0.4041072549228203,3.5723708785690143,-0.0,1.537922335147967
"Random Forest (500 estimators, 5 depth)",427,107,21.57727175839664,4.645134202409726,0.5373897603866409,37.71211557475335,6.141019099038314,0.2267412921576456,11.299065420560748,,0.09182516820965761,0.11261310241976456,0.6568750570540358,0.028792240183395136,0.06212290036739413,0.02898568243849232,0.018785849327260445
"Random Forest (100 estimators, 5 depth)",427,107,21.73039395044926,4.661587063484845,0.5341068664810191,37.148651117948575,6.094969328712703,0.2382947091734663,11.299065420560748,,0.09236637052460729,0.11933990114143563,0.6442971026250559,0.026333748914829484,0.0660623541886682,0.036416306393163816,0.015184216212239617
Ridge (lambda=2.0),427,107,34.46031359778702,5.870290759220281,0.26118120450421844,37.34427327320231,6.110996095007942,0.23428362327463892,11.299065420560748,11.45376444234754,-1.0473041351608992,2.0546841315637687,-5.01040918080283,0.6023145441313238,3.6675541515416397,-2.681676761048241,2.2806936146572805
