model_type,n_train,n_test,mse_train,rmse_train,r2_train,mse_test,rmse_test,r2_test,y_test_mean,bias,Game of season_weight,Game for player_weight,Age (days)_weight,Home?_weight,Game Started?_weight,Year_weight,Month of Season_weight
Linreg,416,104,10.38926527609171,3.2232383213302285,0.1816779710501556,18.333866924242663,4.28180650242893,0.17987392147512238,2.7211538461538463,3.3507180445883287,0.43604804087631577,1.0950998523545659,0.053113522667531554,-0.24106482725242603,3.9462778975037733,-2.420369642610747,-0.3077086222598816
Lasso (lambda=0.05),416,104,10.490084452744972,3.238839985665388,0.17373683652298078,18.830782505241658,4.339444953590454,0.15764547242579818,2.7211538461538463,3.3554886209833534,0.0,0.4572370563150362,-1.7634000343199425,-0.0398544346234321,3.5479528591450546,-0.0,0.0
"Random Forest (500 estimators, 5 depth)",416,104,7.113326124448372,2.667081949331211,0.4397109601064785,18.297511949790724,4.277559111197731,0.18150018301369153,2.7211538461538463,,0.12236902429505944,0.13367518878198528,0.3784353400912228,0.017346203000270732,0.28911137393326103,0.018942882934689906,0.04011998696351074
"Random Forest (100 estimators, 5 depth)",416,104,7.063501272508864,2.6577248300960097,0.4436354699584978,18.044219024595083,4.247848752556414,0.19283069688276044,2.7211538461538463,,0.1273438821097491,0.1331222827744196,0.3736942217332389,0.015553491103979257,0.2846808275999273,0.021832198433635708,0.043773096245050123
Ridge (lambda=2.0),416,104,10.39472910504792,3.2240857781777335,0.18124760648842175,18.424988391955445,4.292433854115337,0.17579779872952195,2.7211538461538463,3.4076611933249086,0.5187912026533159,0.8348087435466073,-1.0641923867985246,-0.2364257312218127,3.7678481626160494,-1.2649802914740285,-0.24028845521529396
