model_type,n_train,n_test,mse_train,rmse_train,r2_train,mse_test,rmse_test,r2_test,y_test_mean,bias,Game of season_weight,Game for player_weight,Age (days)_weight,Home?_weight,Game Started?_weight,Year_weight,Month of Season_weight
Linreg,197,50,15.509458868899587,3.938205031343542,0.4120352313510791,11.535559156664304,3.3964038565318324,0.5444091960243166,5.6,2.7458728639275773,-11.934840278379427,5.786270815968525,-2.3077531152874537,-0.07815693732491463,6.1946588427526645,4.0450102008645175,5.380358311914801
Lasso (lambda=0.05),197,50,15.964312836427794,3.995536614327016,0.39479168274971266,11.507236587348368,3.392231800356274,0.545527780910412,5.6,2.8131323434563007,-0.6389635168697464,0.0,0.0,0.0,6.356506877035428,1.6736389659737159,-0.0
"Random Forest (500 estimators, 5 depth)",197,50,9.110499915362938,3.0183604680957075,0.65462025333754,10.254766215137288,3.202306389953542,0.5949934354211182,5.6,,0.08862716368179513,0.08850720761199557,0.24121933412269575,0.015475272268904224,0.5476641814651164,0.007896116508701314,0.010610724340791463
"Random Forest (100 estimators, 5 depth)",197,50,9.141198117560387,3.0234414361056157,0.6534564821508383,10.166740628521213,3.188532676407945,0.598469959379099,5.6,,0.08784663759811895,0.08747714917866524,0.24790919285884888,0.014622223573794217,0.5463550045794549,0.008437927367923809,0.007351864843194093
Ridge (lambda=2.0),197,50,15.77100793525306,3.9712728356602573,0.4021198862968921,11.230125735355546,3.351137976173996,0.5564721273556261,5.6,2.885746781321095,-2.009955195798855,1.9502550374282082,0.4623617729806006,-0.01755406605039358,6.173627304133618,1.5775260743160424,-0.7225754960628307
