model_type,n_train,n_test,mse_train,rmse_train,r2_train,mse_test,rmse_test,r2_test,y_test_mean,bias,Game of season_weight,Game for player_weight,Age (days)_weight,Home?_weight,Game Started?_weight,Year_weight,Month of Season_weight
Linreg,258,65,37.00848288863162,6.083459779486638,0.1740542839041374,29.376221548792845,5.419983537686516,0.3511911590224061,13.723076923076922,16.61357202659239,-19.4131078112804,15.225619385384512,-28.92589355565626,-0.5265367943125617,1.6387400556072174,20.980111286520437,2.6771616941270717
Lasso (lambda=0.05),258,65,38.75055033918011,6.224994003144108,0.1351752746710258,31.308126065131876,5.595366481753619,0.3085227468154997,13.723076923076922,16.962211316597514,-0.0,0.0,-8.087748599398264,-0.3019997429867812,0.8708060728274013,0.0,0.0
"Random Forest (500 estimators, 5 depth)",258,65,22.429143710269347,4.735941692025921,0.4994321918317254,28.88726627459595,5.374687551346213,0.3619903186152983,13.723076923076922,,0.1197757367632251,0.1358108536609555,0.6551958504819779,0.0212555787019788,0.0009974745263198,0.0289308207054565,0.038033685160086
"Random Forest (100 estimators, 5 depth)",258,65,22.29882211440188,4.7221628640276565,0.5023406753852239,29.363038592467017,5.418767257639602,0.3514823203142085,13.723076923076922,,0.1238853774616748,0.1368972749006243,0.6523422180084482,0.0188718842081244,0.0013957163354295,0.0251300611101048,0.0414774679755939
Ridge (lambda=2.0),258,65,38.59389713184263,6.212398661696031,0.1386714202953256,30.69543305064139,5.54034593239821,0.3220548017786054,13.723076923076922,15.505912642871118,-1.924789970808519,1.3267161165295187,-7.409547371716532,-0.4551348277934087,2.260952617091028,-0.3479660086773047,1.26616638802985
SVM (linear kernel),258,65,37.57321262882473,6.129699228251312,0.16145079212988522,28.77558642902831,5.3642880635764065,0.3644569010191294,13.723076923076922,,,,,,,,
"Feedforward NN (3 layers, [[16, 4, 1]] activations)",258,65,45.148194406090695,6.719240612308112,-0.007605685198963874,37.489460363261735,6.122863738746905,0.17200061666328192,13.723076923076922,,,,,,,,
