model_type,n_train,n_test,mse_train,rmse_train,r2_train,mse_test,rmse_test,r2_test,y_test_mean,bias,Game of season_weight,Game for player_weight,Age (days)_weight,Home?_weight,Game Started?_weight,Year_weight,Month of Season_weight
Linreg,180,45,32.476128722353685,5.6987830913585125,0.12086683699329392,21.378584584724646,4.623698150260746,0.08482086537993838,5.133333333333334,4.6772433256443255,-6.202571261669281,-2.6348441944289434,23.666985869090254,-0.17304570766668298,5.957291489024771,-31.24487367864092,14.441385879360066
Lasso (lambda=0.05),180,45,33.793854685141106,5.8132482043295814,0.08519581833385692,21.239118333983594,4.608591795113079,0.09079116720960667,5.133333333333334,5.512587930836199,0.0,0.0,-0.0,-0.4616239828092909,4.811545011028564,-1.510725563291889,1.7880119062037105
"Random Forest (500 estimators, 5 depth)",180,45,16.111750961875376,4.013944563876708,0.5638527391677587,20.41841308768774,4.518673819572258,0.1259240972736415,5.133333333333334,,0.30955806668674224,0.23794442977942862,0.31118353970063284,0.01403220327461117,0.06393971741943436,0.049024383266800406,0.01431765987235036
"Random Forest (100 estimators, 5 depth)",180,45,16.566579487877984,4.070206320062655,0.5515404699281333,20.710512668126526,4.550880427799276,0.11341983441239212,5.133333333333334,,0.2889807416954219,0.23723792955100134,0.3098920064784208,0.011387184844790992,0.08233006921159745,0.05646341672090223,0.013708651497865211
Ridge (lambda=2.0),180,45,33.70604792503565,5.805690994622057,0.08757275911410911,21.379122772817045,4.6237563487728295,0.08479782650611989,5.133333333333334,5.498514307441389,0.176295833474992,-0.07614234257343983,0.4662562500012157,-0.6137842160509598,4.711932583383895,-2.3936432916731265,2.1226046433707904
