model_type,n_train,n_test,mse_train,rmse_train,r2_train,mse_test,rmse_test,r2_test,y_test_mean,bias,Game of season_weight,Game for player_weight,Age (days)_weight,Home?_weight,Game Started?_weight,Year_weight,Month of Season_weight
Linreg,306,77,24.609052322612314,4.96075118531582,0.2388975515106897,28.576160564868186,5.3456674573778145,0.16230059237837857,7.064935064935065,4.480079680086939,31.431357066241382,-31.64823826593447,1.976396926901832,0.76786648686771,6.183575971134245,-3.043313699627064,0.7684589920573082
Lasso (lambda=0.05),306,77,24.95984962218731,4.995983348870101,0.22804818274468341,27.55230440419594,5.249028901063124,0.19231455094842287,7.064935064935065,4.865852033355745,0.0,0.0,0.0,0.5733797157399307,5.560167891557827,0.0,0.0
"Random Forest (500 estimators, 5 depth)",306,77,14.267634175400863,3.777252199072874,0.5587342753922581,28.289102682897983,5.318750105325309,0.1707155863078006,7.064935064935065,,0.14662474237618703,0.13601608810683763,0.2403002153164794,0.02888523635146845,0.3806969520343988,0.017373200022386133,0.050103565792242455
"Random Forest (100 estimators, 5 depth)",306,77,14.275365699037899,3.778275492739763,0.5584951568153393,28.273649785296485,5.317297225592762,0.17116858219356457,7.064935064935065,,0.15050963095166905,0.13212428232129536,0.24431612819732865,0.03047057427756515,0.37895166097357597,0.013258655002514332,0.050369068276051525
Ridge (lambda=2.0),306,77,24.869767973216405,4.986959792620791,0.23083420484325523,27.3030787339325,5.225234801799102,0.19962050780955753,7.064935064935065,4.271849603315752,0.8580696992054562,-0.3440021508298508,0.6742355475562981,0.7720308751171108,5.83636236848579,-0.04164041846850003,-0.15156673556481395
