model_type,n_train,n_test,mse_train,rmse_train,r2_train,mse_test,rmse_test,r2_test,y_test_mean,bias,Game of season_weight,Game for player_weight,Age (days)_weight,Home?_weight,Game Started?_weight,Year_weight,Month of Season_weight
Linreg,362,91,6.751637351818117,2.5983913007509316,0.12657289836624774,5.036436420932681,2.2442006195821,0.11492020708493855,1.956043956043956,2.561676710864057,-0.6317362013003062,1.1015740005153765,-15.13745158789374,0.23883274147077815,1.6245863777510532,13.8628281154683,-1.2165946877754754
Lasso (lambda=0.05),362,91,6.994988498513827,2.6448040567334714,0.095091721925329,5.313644793877712,2.305134441605893,0.06620490348242158,1.956043956043956,2.746060376223299,0.0,0.0,-1.8057393412787845,0.0,1.157951181713703,-0.0,0.0
"Random Forest (500 estimators, 5 depth)",362,91,4.356466286199875,2.087214959269858,0.4364247480359609,4.242914335869089,2.059833569944205,0.2543700688567566,1.956043956043956,,0.14062672470252502,0.1449280775964483,0.615471673059009,0.016488505795688564,0.04616682070326347,0.007279024290206815,0.029039173852858917
"Random Forest (100 estimators, 5 depth)",362,91,4.365869959950885,2.0894664294864573,0.4352082396423572,4.2618140205206805,2.064416145189889,0.2510487266259549,1.956043956043956,,0.13953654973966695,0.1584827928307494,0.6064338805033342,0.016348752395315778,0.048160124305659836,0.006987520596698295,0.024050379628575636
Ridge (lambda=2.0),362,91,6.912072554616898,2.629082074530367,0.10581816186624482,5.152294450611637,2.269866615158617,0.09455985854770677,1.956043956043956,2.4999634124375234,-0.43594564506515715,0.7441164471212233,-2.193456720411348,0.2038001381021373,1.4623308829158401,0.029571512567923394,0.24503246335428372
