model_type,n_train,n_test,mse_train,rmse_train,r2_train,mse_test,rmse_test,r2_test,y_test_mean,bias,Game of season_weight,Game for player_weight,Age (days)_weight,Home?_weight,Game Started?_weight,Year_weight,Month of Season_weight
Linreg,80,21,19.465250604240936,4.411944084441793,0.2388767817692147,18.764629954224773,4.331816011123369,0.2010811150981728,4.476190476190476,2.57995787949279,3.354219125701228,-12.167650896520474,16.697863536495603,-0.7256875556245341,3.1383520465849064,-13.499293587653431,10.822812584429306
Lasso (lambda=0.05),80,21,21.01433475218977,4.584139477828939,0.178305051357471,20.09119787664184,4.482320590569335,0.1446014420159249,4.476190476190476,2.816711992973268,0.0,0.0,3.776168902551257,-0.6170299045717454,3.5658810632150817,-0.0,0.0
"Random Forest (500 estimators, 5 depth)",80,21,7.485623206296731,2.7359866970248103,0.7072998575215725,24.0985197711195,4.909024319670814,-0.0260134407282968,4.476190476190476,,0.2606985660597564,0.2409946899829411,0.3016743368588835,0.0379539209771799,0.0798326094456824,0.0279971208236519,0.0508487558519045
"Random Forest (100 estimators, 5 depth)",80,21,7.158542035177391,2.675545184663752,0.7200892676682269,25.34109028147019,5.033993472529557,-0.0789168579000147,4.476190476190476,,0.272808891785906,0.2477241224670902,0.3135552189979022,0.03403407007499,0.0631424177388349,0.0148447974511407,0.0538904814841358
Ridge (lambda=2.0),80,21,20.998854995202187,4.582450762987223,0.1789103352397786,20.76962127267775,4.557369995148271,0.1157170321248418,4.476190476190476,3.025297343518841,0.1883361147701233,-0.1496427966584769,3.719338425796752,-0.7318433945677898,3.28796274334496,-0.4508076925893687,0.5133182637181296
SVM (linear kernel),80,21,21.723009228989447,4.660794913852083,0.15059471721246565,17.830688556091047,4.222639998400414,0.2408444049781665,4.476190476190476,,,,,,,,
"Feedforward NN (3 layers, [[16, 4, 1]] activations)",80,21,22.29500020293625,4.721758168620694,0.12822893216603526,19.19276936932545,4.380955303278664,0.18285274262671136,4.476190476190476,,,,,,,,
