model_type,n_train,n_test,mse_train,rmse_train,r2_train,mse_test,rmse_test,r2_test,y_test_mean,bias,Game of season_weight,Game for player_weight,Age (days)_weight,Home?_weight,Game Started?_weight,Year_weight,Month of Season_weight
Linreg,311,78,44.98565946141866,6.707134966691714,0.5133359421764594,40.445859072897306,6.359705895157205,0.5588270294700723,14.038461538461538,2.9861610724557632,67.39389580331397,-67.15491847793635,18.61250621351605,-0.0571916754928967,6.277444487186962,-1.3013244114354945,-1.4487250533912928
Lasso (lambda=0.05),311,78,47.54273519570463,6.895124015977133,0.4856729742905047,39.10877387076268,6.253700813979085,0.573411609053712,14.038461538461538,4.009088913884483,0.4215404062709819,0.0,12.094327085203126,-0.0,6.614289159923801,2.8285603681271425,0.1428914838314666
"Random Forest (500 estimators, 5 depth)",311,78,26.636566322902787,5.161062518794244,0.7118401817737645,50.83093151305091,7.129581440242542,0.4455493451134757,14.038461538461538,,0.0730449808920182,0.0703735492083764,0.677920070259893,0.0161648558215177,0.1232589611928891,0.0254464519074237,0.0137911307178816
"Random Forest (100 estimators, 5 depth)",311,78,26.885345494241747,5.185108050392175,0.70914883785494,52.67385682963766,7.257675718137154,0.4254471923833782,14.038461538461538,,0.0723593304295525,0.073131428510061,0.6807956911461964,0.016472198874185,0.123385293095654,0.0240855983045495,0.0097704596398013
Ridge (lambda=2.0),311,78,47.354054277662165,6.88142821496106,0.48771416302282,39.01330312279696,6.24606300983243,0.5744529792815724,14.038461538461538,3.822472852139626,2.394751305916812,-2.811027661361421,8.928808976050886,-0.1210315629637877,6.750268151691015,6.415957136702748,0.8628590278244033
SVM (linear kernel),311,78,46.70054537597798,6.833779728377114,0.49478395587959,39.745225502424546,6.304381452801262,0.5664693592566978,14.038461538461538,,,,,,,,
"Feedforward NN (3 layers, [[16, 4, 1]] activations)",311,78,47.332512944635944,6.879862857981687,0.4879472015659241,46.02914807979971,6.784478467782156,0.4979259569508139,14.038461538461538,,,,,,,,
