model_type,n_train,n_test,mse_train,rmse_train,r2_train,mse_test,rmse_test,r2_test,y_test_mean,bias,Game of season_weight,Game for player_weight,Age (days)_weight,Home?_weight,Game Started?_weight,Year_weight,Month of Season_weight
Linreg,358,90,42.89384690748285,6.549339425276632,0.24283648993783946,28.30439885112312,5.3201878586308515,0.3864341456718863,9.811111111111112,12.327915654422291,-1.9487523978095735,11.65964088435525,-26.80221113166952,-0.013808249301718534,3.327690261651218,22.00202590572827,-12.030176101339887
Lasso (lambda=0.05),358,90,44.102401956164,6.640963932755847,0.2215030389014595,27.894658243976775,5.281539382034065,0.39531625784812463,9.811111111111112,11.1561100993526,0.0,2.950072381952257,-5.815410895258017,-0.0,3.9655415337135196,-0.0,-3.0135019209685945
"Random Forest (500 estimators, 5 depth)",358,90,28.142837500468175,5.304982328007151,0.5032217634635572,26.049249303704517,5.103846520390726,0.4353199307393423,9.811111111111112,,0.08819401274362274,0.07828157787438597,0.7416896199822436,0.009846575294062949,0.05274968001249294,0.014659082309975093,0.014579451783216846
"Random Forest (100 estimators, 5 depth)",358,90,28.372635574707893,5.326596997587474,0.4991653607615063,26.008765757724916,5.09987899441986,0.43619750887148556,9.811111111111112,,0.08193102721883641,0.07307582337219655,0.7584492408613319,0.008712845278662467,0.0476799827689991,0.01629825747758935,0.013852823022384162
Ridge (lambda=2.0),358,90,43.72330165685892,6.612359764627067,0.2281949290904315,27.37176219153845,5.2318029580192,0.40665128618865365,9.811111111111112,11.37642018013453,0.07520213931994058,5.6378904746470395,-4.853220403773484,-0.06132316313263769,3.8283299343273693,-1.1178668539380574,-5.499871655639983
