model_type,n_train,n_test,mse_train,rmse_train,r2_train,mse_test,rmse_test,r2_test,y_test_mean,bias,Game of season_weight,Game for player_weight,Age (days)_weight,Home?_weight,Game Started?_weight,Year_weight,Month of Season_weight
Linreg,358,90,42.89384690748285,6.549339425276632,0.2428364899378394,28.30439885112312,5.320187858630852,0.3864341456718863,9.811111111111112,12.327915654422291,-1.948752397809573,11.65964088435525,-26.80221113166952,-0.0138082493017185,3.327690261651218,22.00202590572827,-12.030176101339888
Lasso (lambda=0.05),358,90,44.102401956164,6.640963932755847,0.2215030389014595,27.89465824397677,5.281539382034065,0.3953162578481246,9.811111111111112,11.1561100993526,0.0,2.950072381952257,-5.815410895258017,-0.0,3.96554153371352,-0.0,-3.0135019209685945
"Random Forest (500 estimators, 5 depth)",358,90,28.142837500468172,5.304982328007151,0.5032217634635572,26.04924930370452,5.103846520390726,0.4353199307393423,9.811111111111112,,0.0881940127436227,0.0782815778743859,0.7416896199822436,0.0098465752940629,0.0527496800124929,0.014659082309975,0.0145794517832168
"Random Forest (100 estimators, 5 depth)",358,90,28.372635574707893,5.326596997587474,0.4991653607615063,26.00876575772492,5.09987899441986,0.4361975088714855,9.811111111111112,,0.0819310272188364,0.0730758233721965,0.7584492408613319,0.0087128452786624,0.0476799827689991,0.0162982574775893,0.0138528230223841
Ridge (lambda=2.0),358,90,43.72330165685892,6.612359764627067,0.2281949290904315,27.37176219153845,5.2318029580192,0.4066512861886536,9.811111111111112,11.37642018013453,0.0752021393199405,5.63789047464704,-4.853220403773484,-0.0613231631326376,3.828329934327369,-1.1178668539380574,-5.499871655639983
SVM (linear kernel),358,90,43.81902478590456,6.619594004612712,0.22650522146083474,26.63966769104185,5.161362968348753,0.4225211935485935,9.811111111111112,,,,,,,,
"Feedforward NN (3 layers, [[16, 4, 1]] activations)",358,90,47.574616084435974,6.897435471567383,0.16021140789619304,34.64970129719573,5.886399688875683,0.24888446879046666,9.811111111111112,,,,,,,,
