model_type,n_train,n_test,mse_train,rmse_train,r2_train,mse_test,rmse_test,r2_test,y_test_mean,bias,Game of season_weight,Game for player_weight,Age (days)_weight,Home?_weight,Game Started?_weight,Year_weight,Month of Season_weight
Linreg,708,178,26.77564294112031,5.174518619265014,0.10111779854252267,24.174203865950542,4.916726946450305,0.16291662309082777,7.48876404494382,4.318925510769117,-0.7722500989375924,3.6494775686709926,-16.786522268737336,0.3589663817181906,3.178051934701735,15.803821955207237,-1.1209077664414218
Lasso (lambda=0.05),708,178,26.962379119246833,5.192531089868103,0.0948488985853776,25.05583882178393,5.005580767681601,0.13238813205457656,7.48876404494382,4.3443420384599545,0.0,2.3255122712669105,-0.11388457538419937,0.1786048939243858,2.9750209734762927,-0.0,0.0
"Random Forest (500 estimators, 5 depth)",708,178,19.323515166287084,4.395852040991267,0.35129237080264375,23.410635929754815,4.838453878022897,0.1893567917133221,7.48876404494382,,0.17194612696194544,0.14501258556932672,0.4154197498697455,0.01352724449682179,0.18309029800686777,0.012860055765409597,0.058143939329883126
"Random Forest (100 estimators, 5 depth)",708,178,19.30236983636096,4.393446236880674,0.3520022383773024,23.4451275480419,4.84201688845071,0.1881624458531268,7.48876404494382,,0.1805557887440838,0.1318472346924894,0.41740868278311555,0.019226377165748463,0.17899011120641492,0.010130531741847956,0.06184127366629995
Ridge (lambda=2.0),708,178,26.873272460808533,5.18394371697924,0.09784028853921256,24.819300500218908,4.981897279171752,0.14057877601878022,7.48876404494382,4.151478409389534,0.3986049897149074,2.143871717895157,-1.4390647651361363,0.3543628806136302,3.2097872369913985,0.6704689603967249,0.24364326641962686
