model_type,n_train,n_test,mse_train,rmse_train,r2_train,mse_test,rmse_test,r2_test,y_test_mean,bias,Game of season_weight,Game for player_weight,Age (days)_weight,Home?_weight,Game Started?_weight,Year_weight,Month of Season_weight
Linreg,193,49,37.2684161445987,6.104786330789858,0.08992909805888272,39.74236721417852,6.304154758108221,-0.12887355292024694,11.244897959183673,12.20125589898266,0.2726596393612046,-1.4258736543231563,5.845133582978634,0.6135941481225243,3.027421791784507,-8.641073998477877,0.8527098029379414
Lasso (lambda=0.05),193,49,37.468088928617476,6.121118274352937,0.08505321629508533,40.26283098685071,6.345299913073511,-0.14365721653687014,11.244897959183673,11.998747377721363,-0.601577982244462,-0.0,-0.0,0.41415892407255944,2.7526537258165296,-1.719187439884974,-0.0
"Random Forest (500 estimators, 5 depth)",193,49,21.32350993787407,4.617738617318445,0.47929351635395634,41.18427787085464,6.417497788924796,-0.16983072080165162,11.244897959183673,,0.22012529687937787,0.23673598203786003,0.38667030290470916,0.025875541181123625,0.07547916006303504,0.011368046505308604,0.04374567042858562
"Random Forest (100 estimators, 5 depth)",193,49,21.070718975918545,4.590285282628798,0.4854665100721981,41.86161246999223,6.470055059270534,-0.1890702671357578,11.244897959183673,,0.2258177344741355,0.25102728550667425,0.3762605542105071,0.021085234672917823,0.08164423317802554,0.005075834815879052,0.03908912314186082
Ridge (lambda=2.0),193,49,37.407926008930474,6.116201926762267,0.08652235634038596,40.914758203491886,6.396464508108513,-0.16217507153350397,11.244897959183673,12.312437356774778,-0.6806579078584853,-0.45898664083645624,-0.04807009429721526,0.5681989651654259,2.780959187420839,-1.9943272743513052,-0.018256221036606818
