model_type,n_train,n_test,mse_train,rmse_train,r2_train,mse_test,rmse_test,r2_test,y_test_mean,bias,Game of season_weight,Game for player_weight,Age (days)_weight,Home?_weight,Game Started?_weight,Year_weight,Month of Season_weight
Linreg,502,126,21.639655808816798,4.651844344861165,0.2616387714877658,21.637414056604364,4.651603385565494,0.2506008325640049,7.666666666666667,5.522032956227358,-8.305788820464368,7.49400995791218,4.233046078705945,-0.9461596938696895,4.860543471121336,-5.107776138734398,6.262201729381482
Lasso (lambda=0.05),502,126,22.149005822571308,4.706273028902096,0.24425936835764417,21.61576956016957,4.64927624046685,0.25135047702546287,7.666666666666667,5.39044243926907,-0.0,1.5476110773207519,-0.11253455540758285,-0.6878304972256271,5.052662705793062,-0.0,0.0
"Random Forest (500 estimators, 5 depth)",502,126,14.466300851447912,3.8034590639900294,0.5063990036130481,22.88143871292426,4.783454683899938,0.20751476695204596,7.666666666666667,,0.09759755738926432,0.09740875651444832,0.31266980190108895,0.031173527543826778,0.44004226906452326,0.011944185536707138,0.009163902050141096
"Random Forest (100 estimators, 5 depth)",502,126,14.566540885933598,3.816613798373317,0.5029787387223836,23.39656910187689,4.837000010531,0.18967352753257616,7.666666666666667,,0.09206025641149097,0.10567483441942971,0.3046923692296454,0.029147148546809543,0.45217233409682545,0.008493181231845908,0.007759876063952995
Ridge (lambda=2.0),502,126,21.812080345217833,4.670340495640316,0.2557555174449335,21.644757988108466,4.652392716453381,0.25034647979613345,7.666666666666667,5.650204171518835,-3.3463262567153804,4.038217424023734,0.02917480915715636,-0.902707250206772,4.902441102077452,-0.8033960380673872,2.430352238067671
