model_type,n_train,n_test,mse_train,rmse_train,r2_train,mse_test,rmse_test,r2_test,y_test_mean,bias,Game of season_weight,Game for player_weight,Age (days)_weight,Home?_weight,Game Started?_weight,Year_weight,Month of Season_weight
Linreg,502,126,21.6396558088168,4.651844344861165,0.2616387714877658,21.637414056604364,4.651603385565494,0.2506008325640049,7.666666666666667,5.522032956227358,-8.305788820464368,7.49400995791218,4.233046078705945,-0.9461596938696896,4.860543471121336,-5.107776138734398,6.262201729381482
Lasso (lambda=0.05),502,126,22.149005822571308,4.706273028902096,0.2442593683576441,21.61576956016957,4.64927624046685,0.2513504770254628,7.666666666666667,5.39044243926907,-0.0,1.547611077320752,-0.1125345554075828,-0.6878304972256271,5.052662705793062,-0.0,0.0
"Random Forest (500 estimators, 5 depth)",502,126,14.466300851447912,3.803459063990029,0.5063990036130481,22.88143871292426,4.783454683899938,0.2075147669520459,7.666666666666667,,0.0975975573892643,0.0974087565144483,0.3126698019010889,0.0311735275438267,0.4400422690645232,0.0119441855367071,0.009163902050141
"Random Forest (100 estimators, 5 depth)",502,126,14.566540885933598,3.816613798373317,0.5029787387223836,23.39656910187689,4.837000010531,0.1896735275325761,7.666666666666667,,0.0920602564114909,0.1056748344194297,0.3046923692296454,0.0291471485468095,0.4521723340968254,0.0084931812318459,0.0077598760639529
Ridge (lambda=2.0),502,126,21.812080345217836,4.670340495640316,0.2557555174449335,21.644757988108463,4.652392716453381,0.2503464797961334,7.666666666666667,5.650204171518835,-3.3463262567153804,4.038217424023734,0.0291748091571563,-0.902707250206772,4.902441102077452,-0.8033960380673872,2.430352238067671
SVM (linear kernel),502,126,22.017996935536463,4.692333847408607,0.24872948949227225,22.158719279649496,4.707304884926139,0.2325457313810234,7.666666666666667,,,,,,,,
"Feedforward NN (3 layers, [[16, 4, 1]] activations)",502,126,21.80163482314033,4.669222079012769,0.25611192646463954,22.47360441728978,4.740633335039716,0.2216398689998592,7.666666666666667,,,,,,,,
