model_type,n_train,n_test,mse_train,rmse_train,r2_train,mse_test,rmse_test,r2_test,y_test_mean,bias,Game of season_weight,Game for player_weight,Age (days)_weight,Home?_weight,Game Started?_weight,Year_weight,Month of Season_weight
Linreg,289,73,25.186989187721377,5.018664083969097,0.20398042460039878,16.370825588881544,4.046087689222954,0.1486608353031038,4.684931506849315,5.239749486255855,2.307386127115809,-4.371196637929263,10.651272705525843,0.15492841145612607,6.755550085946623,-17.062232194721407,4.783364836351088
Lasso (lambda=0.05),289,73,25.516200561185155,5.051356309070382,0.19357589805027386,15.894651276123309,3.986809661386321,0.17342353523370702,4.684931506849315,5.340797786298011,0.0,0.0,-0.0,0.0,6.277211957055219,-3.8389980436862348,1.3174694103235745
"Random Forest (500 estimators, 5 depth)",289,73,12.845068175104416,3.5840016985353698,0.594039381264745,13.829683220417543,3.718828205284232,0.28080896733215177,4.684931506849315,,0.11747048343848478,0.13941055413732636,0.4511978413134231,0.014734062948132048,0.17606715843519016,0.00882857917316071,0.09229132055428287
"Random Forest (100 estimators, 5 depth)",289,73,12.946288268440279,3.5980950888546954,0.5908403813716414,13.988469597187242,3.740116254501622,0.27255153030611856,4.684931506849315,,0.12218399905910582,0.13634725868974035,0.44872774584884545,0.018932541722033368,0.1770599143802136,0.012591774840702216,0.08415676545935924
Ridge (lambda=2.0),289,73,25.387994375196985,5.038650054845741,0.19762777709676416,16.353975964969486,4.044004941264228,0.14953707362528668,4.684931506849315,5.223927167797479,0.08564821150125217,-1.0486725469020404,-1.8840416206411417,0.13356125580303943,6.2493030602244115,-2.8189000677042504,2.614041966759142
