model_type,n_train,n_test,mse_train,rmse_train,r2_train,mse_test,rmse_test,r2_test,y_test_mean,bias,Game of season_weight,Game for player_weight,Age (days)_weight,Home?_weight,Game Started?_weight,Year_weight,Month of Season_weight
Linreg,441,111,27.738353202997995,5.26672129535995,0.18829240988336793,23.77640076634627,4.876105081552926,0.26493339629202917,7.81981981981982,10.626738399088673,-8.9025819613284,6.59624273679424,6.3501941960966795,0.02358439245720645,1.3926407589583358,-17.647136040351942,3.5874456533884196
Lasso (lambda=0.05),441,111,28.039407122416865,5.2952249359604044,0.17948266729921747,23.776542503490177,4.876119615379649,0.26492901437392424,7.81981981981982,9.70051851971076,0.0,0.0,-6.201371301153765,0.0,1.6252791065648382,-1.7065722460478177,0.5702282316166128
"Random Forest (500 estimators, 5 depth)",441,111,18.703541269487257,4.324759099590087,0.45267816371803904,28.277601832063787,5.317668834373177,0.1257751354392399,7.81981981981982,,0.140965430677616,0.1396426026508354,0.6354432518479867,0.03700806740143573,0.019721543842263448,0.008978443310484863,0.018240660269377967
"Random Forest (100 estimators, 5 depth)",441,111,18.630837854920745,4.316345428127914,0.4548056841587499,28.995354704976688,5.384733485046097,0.10358522655528057,7.81981981981982,,0.14228569144014722,0.14392031116323156,0.6292511870519643,0.039042681484455846,0.021996713423485813,0.005995920011700433,0.01750749542501481
Ridge (lambda=2.0),441,111,27.831820195202617,5.2755871896124145,0.18555728475021238,23.507093304223098,4.848411420684418,0.27325925366133674,7.81981981981982,10.10221643020151,-0.7374048313847743,-0.696175718835689,-4.374124623047359,0.07199876405706426,1.5837862503767484,-5.069410624795478,2.10698736558162
