model_type,n_train,n_test,mse_train,rmse_train,r2_train,mse_test,rmse_test,r2_test,y_test_mean,bias,Game of season_weight,Game for player_weight,Age (days)_weight,Home?_weight,Game Started?_weight,Year_weight,Month of Season_weight
Linreg,118,30,13.1449846876508,3.625601286359381,0.179561669150654,8.9835474295408,2.997256650595808,0.1702388457936453,3.2,2.2773593290095766,-0.3990329930664915,-0.1602823800887085,6.226619724340539,0.6757820908685777,5.61420042955001,-7.786839675509624,3.863891465875924
Lasso (lambda=0.05),118,30,13.521850854658153,3.677206936610741,0.1560397361579455,9.578209159595083,3.09486819745124,0.1153131933871535,3.2,2.789741698514219,0.0,0.0,0.0,0.6754285048696721,5.033774743159364,-0.0,0.7010241908507753
"Random Forest (500 estimators, 5 depth)",118,30,5.998895399096318,2.449264256689408,0.6255816309319728,7.666752527367209,2.768890125549804,0.2918639906988415,3.2,,0.1587788145266886,0.237185790431269,0.2921974116686934,0.0557168114285215,0.1907915054240226,0.0221696810641803,0.0431599854566243
"Random Forest (100 estimators, 5 depth)",118,30,6.186828047650861,2.487333521595136,0.6138518988587937,7.731181376154358,2.7805002025093177,0.2859130502320482,3.2,,0.1723552783556173,0.2478550760058518,0.2822413017210787,0.0480695460287652,0.1885928313445057,0.0206406508514551,0.0402453156927259
Ridge (lambda=2.0),118,30,13.454326811074557,3.6680140145689952,0.1602542190901295,9.729163510196544,3.1191607060548425,0.1013703654375115,3.2,2.7017442837422827,-0.0686761039885733,0.7904703932898883,0.7738614971475757,0.8115537993061236,4.5991425640778365,-1.2067247375924253,0.7192414640706575
SVM (linear kernel),118,30,14.274105821898113,3.7781087625818968,0.10908807935797227,9.12372375562038,3.0205502405390283,0.15729152503506338,3.2,,,,,,,,
"Feedforward NN (3 layers, [[16, 4, 1]] activations)",118,30,16.286165206827928,4.035612122940946,-0.016493705829835115,11.87537606328983,3.4460667525876265,-0.09686355264376512,3.2,,,,,,,,
