model_type,n_train,n_test,mse_train,rmse_train,r2_train,mse_test,rmse_test,r2_test,y_test_mean,bias,Game of season_weight,Game for player_weight,Age (days)_weight,Home?_weight,Game Started?_weight,Year_weight,Month of Season_weight
Linreg,136,35,30.057406900338712,5.482463579481282,0.252668966211099,39.81192683404203,6.309669312574315,0.35306807136999585,6.6571428571428575,5.5683426357090395,7.08624411608972,0.3460161803380326,14.395892253720552,-0.5589304847717181,7.142612191368563,-21.95528808890764,-1.1097829701933044
Lasso (lambda=0.05),136,35,31.40644524781103,5.604145362837319,0.21912720972557875,42.239262418600866,6.49917397971472,0.31362459259297404,6.6571428571428575,6.1641352394855815,1.6727162069629482,0.15258341324432434,0.0,-0.3649592206377399,6.751989365124047,-4.607728977671522,0.0
"Random Forest (500 estimators, 5 depth)",136,35,12.008892113665532,3.465384843515296,0.7014174313931283,32.78470925524346,5.725793329770423,0.4672582596546674,6.6571428571428575,,0.2658459290666437,0.19628518562862085,0.2637708297973316,0.012765301378006095,0.16131348929477513,0.08218571651010889,0.017833548324513657
"Random Forest (100 estimators, 5 depth)",136,35,12.335131164685846,3.5121405388574423,0.693306000887173,33.297604342497024,5.770407640929454,0.45892386756746806,6.6571428571428575,,0.30062632764670566,0.17428094291018656,0.2667416272915936,0.010257810610266404,0.15584959860126849,0.06860448760688964,0.0236392053330897
Ridge (lambda=2.0),136,35,31.424208231895925,5.605729946393772,0.2186855605406256,42.484703989216,6.5180291491536,0.30963624032592785,6.6571428571428575,6.020698827671392,1.0471461812030245,0.9777084265818021,0.16866566706162234,-0.5502126509426125,6.335599261193751,-4.62744281398337,0.3240774968372472
