model_type,n_train,n_test,mse_train,rmse_train,r2_train,mse_test,rmse_test,r2_test,y_test_mean,bias,Game of season_weight,Game for player_weight,Age (days)_weight,Home?_weight,Game Started?_weight,Year_weight,Month of Season_weight
Linreg,572,143,19.643794261765244,4.4321320221497515,0.15907070019775227,22.00002890264874,4.690418840855125,0.10811990295655949,5.230769230769231,6.664097102139001,-2.336989830826617,9.743535544976739,-27.21945289989455,0.5187459036331755,3.16391541759533,26.115833482876617,-6.333816697181016
Lasso (lambda=0.05),572,143,20.22684349320251,4.497426318818632,0.1341110017093038,22.467859646329725,4.740027388774218,0.08915406746059495,5.230769230769231,5.945029955530852,-0.0,5.245521348438041,-1.7907035056891094,0.30995904210652475,2.668585517575068,-0.0,-2.6833693687096294
"Random Forest (500 estimators, 5 depth)",572,143,13.527615299042091,3.6779906605430757,0.4208976173427209,18.140036774965218,4.259112205021748,0.264603795257756,5.230769230769231,,0.10602120845368158,0.08512407527039062,0.6846515633908336,0.01532543991965393,0.08097383720490521,0.008928845830274751,0.018975029930260404
"Random Forest (100 estimators, 5 depth)",572,143,13.528732249306652,3.6781424998641166,0.4208498019262401,18.331996042114884,4.281588028070296,0.2568217759444441,5.230769230769231,,0.1065019582199145,0.09996048664028301,0.6598547703393297,0.014532590980042625,0.09064350499416951,0.011931956529958846,0.016574732296301797
Ridge (lambda=2.0),572,143,19.897887578961427,4.460704829840395,0.1481932438129584,22.31619663358695,4.724002183910053,0.0953024785886658,5.230769230769231,6.756285912718882,-0.027424058446763065,6.960207466802555,-2.3460731399626265,0.5056099946717765,3.025417115998369,-0.52647686237543,-4.411240814684825
