model_type,n_train,n_test,mse_train,rmse_train,r2_train,mse_test,rmse_test,r2_test,y_test_mean,bias,Game of season_weight,Game for player_weight,Age (days)_weight,Home?_weight,Game Started?_weight,Year_weight,Month of Season_weight
Linreg,321,81,27.320023620676174,5.226855997698442,0.1959539665303608,27.12415288874648,5.208085338082171,0.04731495126838514,6.469135802469136,5.336945636484369,13.992468140463439,6.705718463610932,25.755798461309123,0.478283217924535,3.3186535597935185,-20.209812584852205,-16.655198174850735
Lasso (lambda=0.05),321,81,29.30268080684044,5.41319506454741,0.13760307824419626,26.17756920848461,5.116401978782024,0.08056192946002394,6.469135802469136,5.964194888414401,4.227009727294825,3.184026265244214,1.6913757155005462,0.40161604342720825,2.920561641258827,0.0,-5.258185604697541
"Random Forest (500 estimators, 5 depth)",321,81,16.370207232943464,4.046011274445916,0.5182141723053744,24.891807969558823,4.989169066042844,0.12572188389574168,6.469135802469136,,0.13396832817720838,0.22506883789384952,0.527275187305252,0.031098238417807896,0.04772044262261761,0.014874906110843045,0.019994059472421444
"Random Forest (100 estimators, 5 depth)",321,81,16.63467943746245,4.078563403633987,0.5104305836101757,25.551387921656435,5.054838070765119,0.10255537390798775,6.469135802469136,,0.12779979354865753,0.22220706519419017,0.5344821092325488,0.028730497569700347,0.043687846068258304,0.020638784725552535,0.02245390366109231
Ridge (lambda=2.0),321,81,28.626445201896303,5.350368697753109,0.15750513116316855,25.78616224925253,5.078007704725597,0.09430936553883373,6.469135802469136,5.570501292341364,5.544272717194223,4.947674682645186,3.5809961246209103,0.5585987587276939,2.9545428225662396,-0.2216777159827396,-8.053203759156723
